cluster_id,row,col,easting_m,northing_m,median_depth_m,depth_mad_m,depth_min_m,depth_max_m,n_solutions,median_depth_se_m
0,53.268,694.334,312833.36,4503173.19,237.30,58.78,100.30,541.68,23,18.32
1,39.333,823.670,325766.97,4504566.71,296.60,45.88,164.51,520.99,18,22.87
2,39.738,865.515,329951.52,4504526.21,514.99,62.41,272.53,790.51,14,31.10
3,38.130,945.546,337954.55,4504686.96,161.09,12.66,127.12,368.53,5,13.85
4,51.044,1089.315,352331.47,4503395.63,223.41,47.62,132.26,413.25,12,16.65
5,43.893,1157.772,359177.18,4504110.71,334.70,79.03,120.44,643.98,12,14.45
6,43.488,1200.406,363440.58,4504151.18,176.50,15.76,110.93,370.30,15,17.60
7,41.057,1220.744,365474.38,4504394.26,224.46,59.16,112.61,454.03,8,20.17
8,35.092,1261.748,369574.84,4504990.77,340.18,83.79,214.50,424.40,4,19.28
9,37.142,1286.615,372061.53,4504785.76,286.41,48.64,213.40,384.32,13,21.74
10,49.043,1334.996,376899.61,4503595.65,309.66,43.45,120.84,430.54,14,23.19
11,42.833,1504.845,393884.48,4504216.71,588.96,42.67,329.21,784.37,18,15.96
12,43.978,1536.760,397076.03,4504102.24,450.98,122.15,295.82,788.62,12,23.94
13,35.336,1564.125,399812.53,4504966.45,414.21,38.92,264.29,464.12,4,21.20
14,43.854,1596.484,403048.44,4504114.62,597.59,107.28,341.29,948.19,28,19.89
15,45.852,1809.671,424367.09,4503914.81,386.10,62.75,112.02,664.76,27,20.55
16,41.525,1860.245,429424.45,4504347.46,248.80,25.75,204.17,302.70,8,19.90
17,37.025,1876.492,431049.17,4504797.49,400.31,74.95,207.55,788.74,10,19.58
18,50.589,1963.290,439729.00,4503441.13,431.09,98.71,187.48,698.02,41,28.45
19,59.378,1985.683,441968.28,4502562.25,551.89,109.28,214.00,740.04,22,35.61
20,37.347,1998.876,443287.64,4504765.29,371.40,40.64,296.83,467.10,13,19.90
21,42.006,2090.415,452441.49,4504299.40,230.92,61.78,165.08,405.80,9,22.69
22,34.145,2196.485,463048.49,4505085.55,345.37,3.77,341.60,426.35,5,11.22
23,35.366,2223.147,465714.72,4504963.39,498.05,79.64,345.32,605.30,7,18.88
24,46.336,2249.282,468328.22,4503866.41,262.53,59.69,101.77,333.03,15,23.41
25,59.522,2268.416,470241.61,4502547.83,219.26,56.20,109.46,538.32,51,17.38
26,47.853,2332.479,476647.89,4503714.75,247.79,39.05,106.64,445.54,11,17.41
27,41.644,2345.353,477935.31,4504335.62,218.70,48.61,153.95,320.37,9,21.10
28,42.536,2376.665,481066.51,4504246.36,213.60,53.75,120.12,424.51,13,18.66
29,40.062,2396.051,483005.05,4504493.77,224.06,47.18,129.47,300.15,5,17.92
30,38.981,2453.616,488761.63,4504601.93,372.07,80.40,214.26,542.88,11,15.34
31,47.189,2474.548,490854.76,4503781.15,438.57,86.13,156.11,906.38,14,22.91
32,43.940,2744.930,517893.00,4504105.96,308.79,67.43,133.99,448.21,15,20.15
33,34.720,3091.092,552509.23,4505027.97,143.23,5.95,132.25,153.89,4,14.45
34,40.197,3167.092,560109.18,4504480.31,185.84,21.21,149.72,208.96,6,12.85
35,39.918,3192.972,562697.18,4504508.19,428.69,117.46,199.62,674.49,4,29.05
36,44.812,875.619,330961.91,4504018.80,514.58,45.59,394.34,574.90,6,22.43
37,46.565,929.545,336354.50,4503843.49,253.37,43.13,128.86,403.35,10,20.24
38,44.126,1106.350,354034.97,4504087.44,203.50,77.74,125.75,317.26,7,16.68
39,45.251,1266.626,370062.62,4503974.86,193.55,16.55,175.19,212.47,5,11.87
40,60.377,1352.044,378604.38,4502462.35,321.04,65.17,151.76,464.67,27,20.00
41,44.358,1661.349,409534.93,4504064.19,298.20,47.88,110.57,714.62,14,19.27
42,55.132,1844.545,427854.46,4502986.77,259.31,46.87,120.57,386.30,26,18.42
43,47.715,1905.110,433911.01,4503728.48,319.54,116.61,194.39,563.30,12,15.87
44,56.909,2077.864,451186.41,4502809.11,279.64,74.65,133.78,607.84,24,15.82
45,43.737,2141.594,457559.40,4504126.32,301.99,9.42,159.65,667.63,8,21.66
46,44.486,2232.915,466691.53,4504051.43,429.34,124.76,179.79,567.57,8,20.79
47,45.869,2306.852,474085.24,4503913.09,319.70,72.62,231.50,447.54,8,28.12
48,43.702,2356.499,479049.88,4504129.79,223.79,12.56,209.58,257.67,5,22.94
49,42.381,2409.057,484305.65,4504261.88,172.61,4.52,126.30,208.21,5,16.46
50,42.751,2765.551,519955.10,4504224.94,451.84,42.44,341.79,541.63,8,26.48
51,41.235,2787.284,522128.40,4504376.48,893.27,63.69,666.17,1136.91,7,17.42
52,43.181,2932.310,536630.96,4504181.93,182.91,33.81,148.49,220.22,4,14.53
53,46.480,2994.640,542863.97,4503852.02,463.16,74.21,243.03,558.56,7,28.92
54,37.883,3103.510,553750.96,4504711.71,240.69,37.65,187.12,312.75,4,23.37
55,44.213,3126.625,556062.49,4504078.65,198.94,47.91,105.23,246.85,5,21.96
56,51.662,736.188,317018.78,4503333.77,305.49,123.90,159.59,957.36,8,18.34
57,51.093,969.317,340331.67,4503390.73,140.39,33.99,103.20,735.06,6,20.11
58,51.522,986.070,342006.99,4503347.84,305.84,69.34,159.54,539.20,7,21.92
59,46.185,1131.815,356581.53,4503881.54,240.24,112.21,114.53,400.77,7,26.97
60,54.269,1280.182,371418.23,4503073.13,302.06,45.33,187.44,411.78,17,21.89
61,45.666,1323.658,375765.80,4503933.45,182.23,38.67,111.03,260.26,4,17.54
62,41.652,1434.319,386831.95,4504334.83,873.10,49.84,774.35,1016.79,4,24.83
63,61.206,1684.423,411842.27,4502379.38,526.22,154.77,174.44,1029.19,24,23.43
64,48.359,1823.177,425717.68,4503664.13,287.60,50.33,235.91,457.11,8,27.65
65,46.210,2206.544,464054.36,4503878.97,522.47,148.90,373.57,1133.04,5,46.15
66,59.975,2835.745,526974.53,4502502.50,379.41,44.71,234.76,750.50,21,14.54
67,46.912,3064.806,549880.61,4503808.85,226.41,42.04,125.21,788.76,12,16.83
68,48.191,3142.309,557630.85,4503680.88,282.33,48.54,210.26,356.64,5,17.63
69,48.862,3218.045,565204.47,4503613.82,264.62,62.34,179.32,440.71,8,24.48
70,54.224,795.208,322920.76,4503077.61,385.65,140.24,120.95,595.17,6,21.78
71,56.500,903.408,333740.81,4502850.02,322.69,82.84,152.08,688.94,20,22.38
72,55.721,956.533,339053.26,4502927.89,254.07,79.92,123.59,467.41,14,17.36
73,52.960,1047.120,348112.04,4503204.04,242.70,65.02,149.93,399.18,6,23.81
74,48.637,1067.386,350138.62,4503636.30,214.83,29.06,156.71,336.68,4,18.70
75,49.717,1246.917,368091.73,4503528.29,131.67,10.44,113.55,154.20,4,15.89
76,47.196,1420.077,385407.74,4503780.40,549.28,23.46,511.80,637.23,4,11.14
77,61.622,1711.277,414527.68,4502337.76,496.58,56.42,197.42,733.20,15,23.16
78,49.778,1917.762,435176.18,4503522.18,261.33,56.17,184.03,545.92,5,17.95
79,50.848,2108.408,454240.75,4503415.19,351.92,23.47,243.98,396.21,4,17.57
80,50.119,2425.617,485961.71,4503488.07,622.53,126.99,306.21,935.29,7,28.78
81,55.557,2875.051,530905.10,4502944.26,423.49,65.78,336.65,566.57,10,11.80
82,55.198,777.021,321102.06,4502980.18,383.03,69.15,257.92,549.17,12,27.54
83,54.135,818.695,325269.51,4503086.49,395.83,124.62,223.49,1001.83,14,28.46
84,55.666,1020.568,345456.84,4502933.43,305.19,54.24,200.92,423.53,7,25.01
85,59.007,1383.028,381702.84,4502599.33,249.91,18.51,158.49,380.60,9,23.60
86,52.511,1405.314,383931.38,4503248.93,359.50,86.74,154.46,463.67,4,17.08
87,59.149,1558.438,399243.77,4502585.14,438.63,119.66,187.51,759.73,11,27.13
88,60.995,1652.035,408603.52,4502400.47,268.46,140.52,118.62,571.92,11,19.37
89,55.626,1666.405,410040.47,4502937.37,462.41,29.98,358.59,639.43,6,13.00
90,59.351,2014.584,444858.41,4502564.91,454.06,71.14,369.60,632.75,11,24.66
91,58.201,2218.402,465240.19,4502679.91,275.08,62.27,131.64,484.92,16,21.56
92,57.550,2233.517,466751.68,4502745.05,164.73,25.81,126.28,237.79,6,16.50
93,54.682,2409.803,484380.27,4503031.85,230.02,84.60,105.69,366.59,5,13.17
94,69.943,2498.184,493218.45,4501505.72,326.49,97.59,186.59,690.80,17,18.70
95,63.745,2900.810,533481.00,4502125.54,288.94,59.12,110.23,404.72,18,17.39
96,54.687,2919.316,535331.63,4503031.30,176.10,46.38,121.15,314.07,8,16.95
97,54.470,761.206,319520.55,4503052.97,338.25,15.87,312.19,502.21,4,36.61
98,63.622,930.517,336451.69,4502137.76,204.64,48.70,119.44,554.98,17,17.77
99,60.669,1009.726,344372.56,4502433.07,398.26,92.32,196.79,492.78,13,18.40
100,57.885,1310.696,374469.56,4502711.46,199.17,27.23,161.46,282.59,6,19.97
101,75.020,1331.784,376578.35,4500997.98,361.60,65.03,114.48,568.81,26,28.35
102,62.122,1626.236,406023.60,4502287.85,530.49,111.05,314.41,685.68,9,28.68
103,63.596,1729.973,416397.34,4502140.42,590.50,34.37,527.57,712.12,10,16.79
104,58.227,1770.301,420430.12,4502677.26,455.95,82.38,304.97,607.17,7,18.56
105,65.305,2304.417,473841.69,4501969.51,438.48,106.33,233.08,689.93,9,21.34
106,64.283,2354.131,478813.15,4502071.72,352.74,76.47,216.81,589.74,9,25.51
107,78.352,2485.549,491954.85,4500664.79,333.10,73.49,114.22,625.56,23,23.63
108,61.350,2518.434,495243.38,4502365.05,362.72,68.26,262.82,692.39,8,13.18
109,63.133,2802.200,523620.05,4502186.69,523.36,103.15,239.00,950.54,18,30.94
110,68.677,3069.631,550363.11,4501632.29,260.53,41.59,195.91,378.98,15,8.45
111,64.629,3173.643,560764.31,4502037.11,209.96,41.22,158.75,296.38,6,14.94
112,68.707,724.233,315823.32,4501629.29,420.17,102.76,225.77,722.34,16,29.16
113,64.044,847.204,328120.38,4502095.61,331.53,35.18,232.74,366.71,5,29.48
114,72.553,884.546,331854.57,4501244.73,413.28,77.81,212.66,658.65,21,22.84
115,59.501,1225.983,365998.33,4502549.93,446.49,139.82,277.10,774.77,4,38.05
116,69.769,1824.243,425824.30,4501523.12,210.71,26.18,138.65,269.13,11,18.48
117,72.370,1926.140,436013.96,4501263.01,329.13,41.41,150.95,490.77,27,18.88
118,65.820,2319.750,475375.03,4501917.96,421.01,52.58,347.31,557.16,8,26.00
119,64.515,2936.328,537032.79,4502048.54,188.96,56.95,113.25,245.90,5,17.50
120,56.129,2944.051,537805.10,4502887.11,165.24,50.31,110.69,227.52,4,20.81
121,61.698,2957.651,539165.12,4502330.18,378.39,59.67,313.91,478.26,6,33.21
122,66.858,3003.231,543723.06,4501814.17,275.34,58.45,153.28,500.12,13,23.37
123,67.365,805.141,323914.06,4501763.51,436.93,67.55,169.33,601.80,7,17.85
124,72.759,821.092,325509.18,4501224.11,395.25,46.14,336.14,483.60,4,30.04
125,70.448,834.439,326843.90,4501455.22,360.39,82.05,256.78,635.04,5,25.50
126,69.078,973.697,340769.70,4501592.16,245.27,30.03,162.45,302.45,6,18.81
127,64.219,1120.561,355456.06,4502078.10,167.00,21.20,130.61,235.09,6,18.14
128,70.540,1233.565,366756.47,4501445.98,194.82,6.98,169.69,263.56,5,17.17
129,79.282,1270.547,370454.66,4500571.76,342.17,104.10,197.79,1099.29,21,30.60
130,72.482,1298.980,373297.96,4501251.84,255.46,64.91,125.19,480.45,20,24.34
131,69.900,1425.517,385951.72,4501510.05,501.09,34.04,335.63,544.72,7,11.70
132,71.400,1572.952,400695.18,4501359.99,431.86,32.44,312.23,879.29,12,26.25
133,68.013,1596.992,403099.15,4501698.75,519.61,169.95,295.38,1227.59,10,41.08
134,73.738,2052.242,448624.23,4501126.23,306.66,94.39,158.71,423.85,8,17.16
135,82.569,2098.315,453231.45,4500243.07,214.54,45.59,110.08,390.23,32,19.44
136,78.617,2126.958,456095.76,4500638.29,212.09,55.05,133.34,436.90,20,16.67
137,70.776,2237.511,467151.14,4501422.39,446.69,170.70,145.64,711.60,12,28.50
138,74.475,2771.032,520503.23,4501052.51,444.61,28.00,379.68,549.79,7,12.93
139,66.716,2868.474,530247.38,4501828.39,313.51,32.32,273.10,372.13,7,12.65
140,73.255,860.140,329413.98,4501174.48,276.43,52.95,175.03,336.33,8,19.02
141,72.163,1027.922,346192.21,4501283.71,290.53,57.72,226.18,474.52,9,19.24
142,74.410,1053.673,348767.25,4501058.96,240.36,43.13,138.34,355.40,11,20.45
143,77.701,1396.138,383013.82,4500729.95,306.02,90.18,157.71,659.58,14,22.24
144,73.183,1797.631,423163.12,4501181.69,471.94,31.02,359.47,614.18,6,17.89
145,82.832,1847.668,428166.79,4500216.79,210.69,54.80,100.15,671.48,17,17.32
146,76.260,1949.445,438344.50,4500873.98,454.36,68.37,238.48,618.97,15,28.09
147,73.978,2014.397,444839.68,4501102.17,405.50,32.41,294.79,461.96,11,16.61
148,65.265,2398.444,483244.45,4501973.52,224.56,74.64,139.48,335.20,4,17.70
149,71.725,2465.952,489995.19,4501327.47,352.28,32.02,279.92,390.47,7,13.13
150,78.914,2894.655,532865.55,4500608.59,180.15,21.10,100.93,408.31,22,16.43
151,76.999,3095.691,552969.15,4500800.07,304.06,70.43,160.92,505.55,18,19.14
152,72.711,3108.527,554252.68,4501228.91,203.20,36.68,154.83,263.79,9,17.41
153,72.196,3195.422,562942.24,4501280.42,220.64,61.00,110.27,491.54,18,23.03
154,71.881,3220.404,565440.37,4501311.86,139.55,18.01,119.26,215.69,4,17.47
155,77.378,683.980,311798.01,4500762.18,234.02,68.51,143.65,325.27,10,19.36
156,78.519,773.072,320707.22,4500648.09,242.36,48.28,123.45,370.80,26,19.51
157,80.961,1969.329,440332.87,4500403.95,370.21,67.31,262.46,792.15,14,24.69
158,77.629,2039.690,447369.02,4500737.09,366.50,77.38,167.68,574.11,10,18.59
159,78.766,2158.345,459234.46,4500623.44,188.96,23.46,111.82,318.75,12,22.11
160,79.844,2340.722,477472.20,4500515.62,428.50,84.66,237.66,657.11,13,29.45
161,77.286,2365.368,479936.81,4500771.40,318.50,83.93,194.99,465.22,7,22.48
162,77.248,2735.183,516918.29,4500775.24,497.59,294.11,106.25,1031.61,18,31.24
163,76.137,2954.200,538820.00,4500886.32,219.21,19.78,199.11,365.33,6,18.09
164,79.197,840.824,327482.35,4500580.27,438.73,34.79,235.25,478.13,8,24.38
165,78.697,939.907,337390.72,4500630.28,176.42,5.18,148.44,211.55,5,13.03
166,75.857,960.782,339478.24,4500914.29,128.91,6.61,117.08,167.25,4,12.98
167,77.144,1068.859,350285.88,4500785.62,170.22,9.65,155.18,188.77,5,20.89
168,80.982,1409.153,384315.25,4500401.81,367.91,85.85,266.32,696.85,12,26.54
169,84.960,1557.490,399149.00,4500004.02,477.71,21.45,318.64,533.79,10,30.71
170,91.480,1583.070,401707.04,4499352.03,335.54,48.84,231.53,910.34,18,22.79
171,81.739,1630.100,406410.02,4500326.14,446.94,78.27,338.84,527.58,6,24.09
172,80.546,1649.922,408392.17,4500445.40,196.09,28.60,153.78,238.87,6,14.52
173,82.748,1902.167,433616.65,4500225.16,413.19,109.51,168.95,525.58,15,19.94
174,78.833,1985.609,441960.93,4500616.72,441.24,31.20,347.27,634.74,7,20.80
175,74.815,2079.669,451366.88,4501018.51,445.17,51.16,345.20,505.71,5,38.43
176,79.571,2432.189,486618.88,4500542.87,326.95,61.29,261.49,579.70,11,19.34
177,83.310,2469.578,490357.84,4500168.96,366.91,53.02,284.52,462.99,7,18.13
178,90.480,2761.578,519557.84,4499451.97,396.11,152.81,149.85,733.03,17,15.07
179,81.604,2836.218,527021.84,4500339.58,509.28,39.68,441.50,594.02,6,32.04
180,79.778,2846.237,528023.71,4500522.19,593.02,17.42,564.78,744.26,4,18.55
181,76.889,3048.296,548229.55,4500811.06,325.80,29.62,203.43,380.39,4,41.25
182,77.333,3143.257,557725.69,4500766.70,208.46,10.84,138.59,258.85,6,15.05
183,99.265,706.578,314057.78,4498573.52,227.40,63.00,119.92,393.11,26,15.94
184,85.322,717.431,315143.08,4499967.79,204.42,53.24,137.99,397.86,9,18.81
185,93.945,734.766,316876.60,4499105.54,275.24,36.10,113.30,385.95,19,17.50
186,86.231,800.428,323442.80,4499876.90,225.01,34.82,159.83,357.53,11,21.71
187,89.084,864.319,329831.86,4499591.63,336.09,65.19,155.04,744.63,22,24.44
188,87.079,1001.702,343570.20,4499792.15,488.62,83.84,401.18,796.48,6,26.55
189,83.673,1022.147,345614.68,4500132.65,308.47,56.89,230.43,389.49,4,24.90
190,82.157,1183.183,361718.26,4500284.28,182.62,34.59,135.78,354.52,6,15.95
191,87.172,1357.148,379114.81,4499782.79,286.22,62.36,145.82,415.75,18,19.57
192,85.355,1434.519,386851.90,4499964.51,546.34,67.25,458.54,882.22,6,40.62
193,83.523,1682.881,411688.07,4500147.73,365.61,103.61,101.30,526.88,5,15.63
194,89.338,1792.584,422658.38,4499566.15,633.96,301.68,163.14,1144.00,7,35.30
195,84.189,1817.470,425147.03,4500081.09,287.67,40.58,247.09,453.82,5,35.45
196,84.697,2003.367,443736.71,4500030.30,294.88,57.68,235.42,570.84,6,16.59
197,87.016,2025.640,445964.05,4499798.38,490.67,128.43,246.34,619.10,7,19.29
198,81.686,2784.593,521859.34,4500331.40,204.81,34.58,162.31,246.47,4,13.53
199,94.976,2838.042,527204.20,4499002.35,217.70,70.65,108.55,533.91,41,16.15
200,82.230,2944.839,537883.88,4500277.04,203.57,32.11,157.82,275.16,4,25.35
201,85.273,2991.022,542502.23,4499972.73,453.33,49.70,393.37,617.46,6,25.81
202,84.697,3011.958,544595.76,4500030.29,432.64,100.55,160.20,779.09,6,22.67
203,90.422,933.014,336701.39,4499457.81,297.62,45.22,201.86,464.08,10,21.99
204,88.096,983.386,341738.59,4499690.44,363.83,40.46,291.74,508.49,6,22.68
205,88.657,1150.555,358455.51,4499634.32,148.46,22.80,123.44,209.43,5,18.45
206,94.938,1314.699,374869.93,4499006.17,210.69,38.82,109.31,288.67,13,15.89
207,90.631,1666.748,410074.81,4499436.95,138.23,24.71,110.93,240.94,8,15.29
208,85.115,1725.886,415988.58,4499988.51,827.95,53.00,611.03,937.70,5,32.33
209,92.443,2240.377,467437.69,4499255.70,210.88,42.19,143.89,331.46,13,18.57
210,87.286,2408.457,484245.66,4499771.45,509.01,34.58,134.87,587.78,12,17.11
211,91.024,3069.148,550314.83,4499397.62,253.64,41.99,168.91,415.52,16,15.11
212,99.846,895.732,332973.18,4498515.36,288.59,51.59,142.91,425.65,19,19.79
213,93.182,922.474,335647.44,4499181.82,468.27,127.09,249.14,643.12,7,28.37
214,87.245,1601.167,403516.75,4499775.48,390.10,78.66,213.89,489.77,4,18.65
215,98.869,1612.504,404650.37,4498613.11,448.82,62.77,126.88,914.62,13,31.39
216,98.224,1647.455,408145.51,4498677.56,273.95,56.90,165.77,411.11,21,19.49
217,98.538,1681.226,411522.63,4498646.22,345.07,62.58,232.98,578.05,11,20.24
218,88.026,2012.304,444630.42,4499697.42,228.61,46.66,151.92,521.18,5,21.48
219,92.591,2062.263,449626.26,4499240.88,240.82,10.07,158.32,250.89,5,16.85
220,90.763,2287.631,472163.12,4499423.72,210.23,37.69,116.01,277.52,6,16.11
221,97.468,2389.980,482397.96,4498753.16,544.40,125.83,281.02,1006.24,14,37.49
222,95.082,2444.820,487882.03,4498991.82,238.71,22.13,201.11,346.28,4,17.98
223,92.130,2723.894,515789.43,4499286.97,396.96,69.93,228.50,668.68,8,18.17
224,94.074,2789.381,522338.13,4499092.58,231.23,41.62,139.26,382.17,5,14.49
225,101.726,2812.128,524612.82,4498327.42,227.30,66.48,114.25,535.81,21,18.61
226,91.635,2917.354,535135.36,4499336.48,213.87,33.58,111.68,297.89,10,16.77
227,94.673,3028.004,546200.37,4499032.66,300.93,7.96,290.44,332.41,4,18.71
228,96.468,964.480,339847.97,4498853.21,224.61,74.43,102.21,374.36,5,14.85
229,102.049,1002.568,343656.80,4498295.11,417.13,127.50,196.98,659.53,25,21.97
230,94.081,1055.587,348958.67,4499091.95,254.18,34.58,165.52,341.82,8,19.71
231,97.202,1113.497,354749.72,4498779.81,165.94,20.72,103.54,235.30,12,18.97
232,98.040,1261.828,369582.79,4498696.01,293.68,41.37,232.85,357.99,5,33.18
233,90.767,1528.411,396241.12,4499423.26,496.36,30.47,281.78,528.40,4,29.32
234,97.883,1834.909,426890.92,4498711.68,266.92,120.75,144.87,414.32,5,20.50
235,96.940,1994.379,442837.86,4498805.97,502.04,33.12,412.69,719.26,6,14.99
236,104.367,2122.656,455665.55,4498063.31,514.87,85.19,151.69,847.84,16,32.99
237,94.705,2200.991,463499.10,4499029.49,463.62,48.47,243.38,560.65,7,24.16
238,98.221,2315.468,474946.77,4498677.93,287.64,64.00,189.29,527.12,11,22.39
239,95.050,2962.080,539607.97,4498994.99,195.30,23.66,160.62,363.24,6,22.46
240,100.127,3082.652,551665.25,4498487.30,287.59,123.15,127.69,605.71,7,15.26
241,105.312,751.297,318529.74,4497968.83,290.39,50.34,135.63,391.81,10,18.22
242,101.495,769.264,320326.45,4498350.52,314.95,79.61,164.51,480.59,7,23.61
243,100.397,790.507,322450.67,4498460.32,292.25,21.61,114.31,339.33,7,30.01
244,100.694,810.553,324455.34,4498430.59,223.51,31.69,169.19,267.39,6,20.78
245,98.823,1023.042,345704.23,4498617.67,238.08,74.62,137.56,382.05,7,21.67
246,97.245,1068.418,350241.77,4498775.54,166.62,21.86,144.06,201.92,4,20.25
247,94.675,1221.746,365574.60,4499032.48,198.01,5.51,159.60,203.67,4,22.45
248,100.646,1798.639,423263.93,4498435.36,178.05,25.57,141.81,295.99,12,14.72
249,98.910,1817.618,425161.85,4498609.00,283.54,37.35,100.60,429.00,8,19.58
250,101.892,2041.105,447510.55,4498310.76,143.27,39.45,101.04,262.16,5,14.71
251,100.950,2297.034,473103.42,4498404.99,208.62,20.37,100.04,249.20,8,18.08
252,100.351,2347.925,478192.50,4498464.88,493.93,21.31,423.27,650.72,5,37.33
253,101.633,2510.531,494453.08,4498336.73,214.68,33.79,108.56,434.70,10,16.41
254,109.939,2734.818,516881.79,4497506.12,358.93,60.20,277.26,561.74,11,13.29
255,116.771,3100.295,553429.46,4496822.88,223.83,56.14,126.90,522.30,25,20.53
256,94.178,835.319,326931.87,4499082.18,527.03,179.09,144.29,805.42,4,38.93
257,107.129,1271.102,370510.20,4497787.07,424.77,57.97,118.89,521.11,9,26.68
258,113.029,1302.023,373602.28,4497197.07,197.85,50.72,134.58,297.28,8,16.28
259,105.744,1598.577,403257.74,4497925.56,386.46,21.83,274.46,491.99,5,18.10
260,102.789,1902.064,433606.36,4498221.08,196.74,11.50,175.16,306.90,7,12.30
261,102.285,1970.743,440474.32,4498271.47,707.19,43.64,639.55,1010.72,4,59.54
262,107.954,2079.459,451345.92,4497704.59,297.78,45.81,231.33,425.45,10,17.26
263,100.166,2412.264,484626.45,4498483.41,391.42,70.23,244.26,1024.69,6,22.80
264,112.138,2433.712,486771.24,4497286.19,459.05,73.11,234.27,863.93,24,20.10
265,104.509,2477.379,491137.87,4498049.15,427.51,29.55,149.30,457.06,5,18.65
266,116.258,3030.917,546491.75,4496874.21,293.90,80.91,145.18,790.16,24,20.75
267,110.531,3056.928,549092.82,4497446.90,280.74,66.58,180.21,371.22,16,11.93
268,109.220,682.521,311652.13,4497577.98,406.32,53.56,352.76,551.98,7,35.25
269,105.673,1076.845,351084.54,4497932.72,259.03,15.06,237.01,291.17,4,20.05
270,107.689,1225.734,365973.45,4497731.09,199.23,50.01,125.56,494.48,14,20.23
271,106.468,1351.252,378525.21,4497853.16,154.70,8.03,146.68,184.78,5,19.23
272,111.394,1414.815,384881.53,4497360.65,393.69,82.61,204.79,723.14,19,29.92
273,107.179,1742.495,417649.47,4497782.10,701.94,28.78,646.36,847.47,8,22.44
274,108.961,1784.349,421834.94,4497603.90,220.58,19.96,144.43,251.30,4,16.21
275,104.111,2105.969,453996.91,4498088.88,524.16,31.51,492.66,1595.84,3,56.91
276,137.864,2193.435,462743.47,4494713.63,506.05,72.26,250.95,983.44,43,23.44
277,107.736,2374.464,480846.37,4497726.41,523.36,25.21,460.30,566.11,6,11.49
278,108.494,2779.555,521355.53,4497650.65,244.73,93.00,109.74,338.70,7,17.60
279,109.339,2790.969,522496.87,4497566.07,225.60,14.97,149.79,258.00,7,15.64
280,117.190,2921.717,535571.70,4496781.02,168.63,38.48,100.96,313.31,17,14.54
281,107.880,3120.569,555456.95,4497711.97,192.84,49.74,139.25,399.42,11,17.49
282,111.929,806.165,324016.55,4497307.08,309.96,17.70,231.82,339.55,5,22.97
283,115.545,935.050,336904.99,4496945.46,326.61,81.90,176.76,564.27,20,22.58
284,112.797,1099.098,353309.83,4497220.33,203.64,36.68,166.96,365.67,9,23.46
285,114.435,1283.183,371718.32,4497056.48,275.09,87.58,176.37,517.94,6,26.27
286,109.750,1516.456,395045.64,4497525.02,645.97,46.14,554.19,850.61,4,45.43
287,116.278,1541.216,397521.57,4496872.20,716.71,64.51,290.08,797.19,8,45.55
288,117.191,1585.886,401988.62,4496780.87,237.23,38.00,125.01,484.73,11,14.37
289,108.459,1623.103,405710.32,4497654.14,143.36,17.86,116.98,313.14,5,13.47
290,111.285,1988.047,442204.70,4497371.49,1179.42,87.56,982.24,1310.72,4,59.48
291,121.662,2025.334,445933.38,4496333.75,246.53,72.98,120.03,537.22,15,13.84
292,120.172,2147.255,458125.51,4496482.75,423.67,128.44,175.63,802.25,16,27.88
293,113.165,2330.872,476487.21,4497183.46,333.17,92.02,222.41,470.45,7,24.94
294,113.334,2351.031,478503.11,4497166.58,397.64,76.20,204.25,473.84,5,13.12
295,119.502,2473.713,490771.26,4496549.80,301.41,82.94,139.93,635.26,24,20.97
296,116.291,2500.732,493473.21,4496870.90,386.39,79.69,176.45,621.85,21,17.15
297,115.118,2767.281,520128.08,4496988.16,283.90,59.70,175.11,448.31,10,22.32
298,109.472,2939.837,537383.69,4497552.79,169.49,30.78,105.28,229.93,5,20.03
299,109.183,3137.935,557193.49,4497581.73,252.07,35.02,132.44,360.21,7,21.60
300,113.340,881.372,331537.18,4497165.96,251.55,58.69,114.81,560.94,14,20.98
301,119.630,982.834,341683.41,4496536.96,683.04,55.84,325.25,795.79,13,27.80
302,133.397,1008.795,344279.51,4495160.31,294.18,98.67,104.48,904.26,77,20.40
303,117.487,1671.341,410534.06,4496751.34,327.57,53.15,142.98,513.98,10,23.58
304,117.536,1829.135,426313.49,4496746.43,225.72,63.60,100.41,580.09,10,22.11
305,117.932,1878.249,431224.90,4496706.80,517.15,15.77,450.54,532.93,5,9.27
306,113.814,1939.714,437371.43,4497118.63,527.65,39.81,477.70,568.90,4,19.55
307,118.287,2058.719,449271.86,4496671.35,240.33,33.31,156.27,366.39,14,17.36
308,115.465,2409.608,484360.76,4496953.54,283.16,98.54,116.94,561.55,12,18.40
309,119.691,2746.363,518036.26,4496530.88,345.34,22.08,236.17,370.82,4,10.08
310,116.357,2887.260,532125.97,4496864.35,138.69,25.14,112.08,251.72,6,16.93
311,117.567,2906.348,534034.78,4496743.29,234.59,69.73,147.41,449.04,6,26.28
312,113.822,3066.577,550057.69,4497117.80,215.23,7.84,200.17,326.86,4,17.56
313,119.386,726.388,316038.84,4496561.36,355.95,8.22,346.75,391.91,5,18.62
314,121.077,774.439,320843.94,4496392.34,452.08,53.83,204.47,528.22,8,23.44
315,132.025,826.653,326065.34,4495297.53,252.75,88.56,105.38,696.55,14,18.45
316,115.151,860.356,329435.64,4496984.89,209.66,35.73,163.74,267.54,6,20.65
317,118.827,919.205,335320.46,4496617.34,298.33,30.80,222.31,333.88,4,16.02
318,122.628,1213.402,364740.25,4496237.25,209.40,45.25,107.77,256.99,6,15.57
319,125.895,1319.227,375322.68,4495910.50,238.09,37.61,135.07,381.81,15,22.24
320,118.842,1385.709,381970.89,4496615.84,264.39,55.57,147.59,334.61,11,23.09
321,123.200,1406.001,384000.11,4496179.96,342.60,38.37,200.35,516.89,12,16.53
322,117.165,1469.485,390348.52,4496783.46,492.09,102.66,338.49,706.14,5,33.42
323,120.389,1523.133,395713.35,4496461.10,406.23,55.28,267.05,494.56,5,30.28
324,123.008,1556.645,399064.51,4496199.17,510.81,49.05,344.10,722.40,11,19.53
325,124.005,1764.680,419867.96,4496099.54,218.38,32.28,175.13,286.57,8,16.00
326,122.343,2103.215,453721.51,4496265.72,364.81,27.49,140.62,599.98,11,26.16
327,119.984,2173.058,460705.83,4496501.59,622.29,125.54,342.42,1132.68,7,29.97
328,118.720,2260.691,469469.06,4496628.00,167.20,19.58,146.14,311.80,8,17.92
329,124.863,2724.643,515864.29,4496013.66,587.60,57.48,376.46,866.01,6,20.97
330,122.004,2954.876,538887.63,4496299.63,179.07,51.31,102.38,374.91,12,18.86
331,128.022,677.379,311137.89,4495697.81,210.87,74.50,130.65,529.04,8,18.29
332,127.037,716.335,315033.54,4495796.26,362.56,24.55,251.09,403.45,4,26.37
333,129.865,752.431,318643.06,4495513.53,281.33,57.18,202.64,536.77,13,20.51
334,126.617,896.176,333017.61,4495838.35,240.08,52.57,138.66,311.79,8,22.15
335,127.298,943.969,337796.89,4495770.24,294.11,65.26,174.53,400.04,11,15.72
336,131.167,1133.760,356776.05,4495383.33,201.13,46.65,110.23,458.02,15,14.94
337,123.341,1261.345,369534.46,4496165.92,143.02,27.73,105.15,314.44,8,15.56
338,123.285,1421.645,385564.47,4496171.46,485.56,59.32,426.23,723.21,5,30.05
339,121.932,1605.625,403962.46,4496306.79,347.95,58.13,237.53,567.68,9,20.17
340,122.518,1792.016,422601.60,4496248.19,140.07,1.47,138.60,245.08,5,16.13
341,124.723,2010.667,444466.69,4496027.70,260.47,31.43,229.04,424.30,7,17.61
342,132.626,2086.509,452050.93,4495237.42,477.21,37.40,312.86,625.84,14,28.88
343,123.673,2129.692,456369.22,4496132.74,334.91,69.79,195.91,531.19,6,32.65
344,126.315,2211.122,464512.23,4495868.52,586.82,44.37,507.10,679.68,6,22.59
345,124.652,2244.090,467808.97,4496034.85,154.42,29.57,110.54,209.07,8,14.41
346,117.976,2307.765,474176.53,4496702.41,266.56,61.80,153.27,580.56,4,20.10
347,123.479,2318.654,475265.45,4496152.07,292.96,61.47,152.03,549.52,14,23.16
348,127.898,2345.470,477946.96,4495710.22,224.24,12.96,158.25,441.79,11,14.86
349,123.672,2980.689,541468.85,4496132.81,431.87,90.77,224.18,682.41,9,23.13
350,122.180,804.634,323863.38,4496281.96,320.59,14.55,292.45,381.79,4,21.29
351,126.496,1227.183,366118.31,4495850.35,232.76,15.81,216.94,297.43,4,24.67
352,130.120,1290.452,372445.17,4495487.98,194.91,44.07,150.84,294.57,7,16.75
353,122.668,1353.653,378765.27,4496233.15,139.08,9.99,123.49,151.62,4,17.71
354,130.057,1483.881,391788.06,4495494.31,436.54,49.81,261.28,563.85,11,26.48
355,131.737,1597.165,403116.51,4495326.26,313.93,52.22,261.71,394.58,5,35.40
356,129.831,1622.273,405627.33,4495516.86,204.32,52.89,126.13,548.92,14,12.23
357,127.142,1653.343,408734.34,4495785.80,140.35,12.26,121.86,219.29,4,13.15
358,128.146,1720.266,415426.62,4495685.36,509.68,57.21,437.09,608.29,4,23.25
359,129.114,1753.708,418770.78,4495588.65,307.23,82.73,195.63,649.58,5,28.18
360,125.968,1817.924,425192.38,4495903.19,170.21,23.10,122.07,209.60,4,13.25
361,128.792,1902.776,433677.59,4495620.78,162.13,15.30,146.83,263.17,7,17.19
362,121.934,2038.152,447215.17,4496306.59,186.82,24.60,147.64,312.32,5,18.45
363,139.057,2361.805,479580.53,4494594.34,289.40,40.59,211.46,360.42,11,19.59
364,126.639,2388.058,482205.85,4495836.07,321.20,22.77,168.84,551.05,5,29.31
365,132.318,2522.113,495611.32,4495268.22,467.46,87.18,271.10,587.00,4,28.06
366,125.064,2868.408,530240.81,4495993.62,198.35,35.18,157.62,309.20,5,16.79
367,126.429,3059.801,549380.08,4495857.13,262.18,5.44,220.29,269.06,4,21.29
368,130.731,701.926,313592.63,4495426.94,346.14,86.45,124.62,549.94,9,20.79
369,135.834,729.385,316338.48,4494916.63,156.62,20.28,113.09,648.39,9,15.50
370,127.919,872.778,330677.77,4495708.14,412.49,24.18,388.32,524.96,5,30.44
371,141.446,923.602,335760.16,4494355.36,333.40,63.97,196.85,570.15,22,25.25
372,132.653,1065.769,349976.94,4495234.72,158.04,26.49,119.60,246.95,8,12.60
373,131.907,1091.240,352524.01,4495309.33,201.81,16.03,167.46,247.59,5,23.04
374,134.904,1361.626,379562.57,4495009.61,224.65,52.66,140.50,345.34,8,21.40
375,138.068,1496.393,393039.28,4494693.22,326.21,81.17,172.69,463.45,11,22.16
376,132.317,1529.119,396311.95,4495268.35,476.60,118.58,267.04,681.09,4,39.17
377,133.698,1581.357,401535.75,4495130.16,212.14,41.96,132.45,262.31,4,18.19
378,129.241,1679.847,411384.73,4495575.95,585.87,32.06,519.31,706.06,5,24.03
379,137.804,1707.010,414101.00,4494719.61,696.32,99.75,345.64,879.54,10,17.02
380,134.291,1798.913,423291.34,4495070.94,252.33,38.77,159.28,530.86,12,21.04
381,140.285,1844.493,427849.25,4494471.47,209.84,65.44,100.16,657.60,34,16.65
382,131.872,1998.392,443239.17,4495312.80,1011.79,76.24,718.45,1088.03,5,61.13
383,141.024,2507.907,494190.71,4494397.60,262.48,48.52,156.19,377.98,11,15.92
384,136.482,2764.499,519849.86,4494851.75,347.08,84.98,155.61,506.84,15,21.72
385,130.099,2788.154,522215.38,4495490.09,195.88,16.05,153.02,263.00,7,14.95
386,140.977,2837.151,527115.07,4494402.32,179.33,38.97,116.44,446.16,26,18.36
387,148.700,2938.673,537267.25,4493630.02,196.86,61.00,103.51,473.65,35,16.59
388,134.812,3126.990,556098.95,4495018.77,217.36,23.03,171.51,315.75,10,17.60
389,139.709,773.016,320701.63,4494529.10,383.53,81.40,271.61,819.61,18,21.81
390,139.253,837.783,327178.33,4494574.75,436.14,132.38,130.89,682.97,13,16.73
391,136.741,874.796,330879.59,4494825.89,389.42,47.69,263.67,518.85,9,24.92
392,146.062,1398.222,383222.16,4493893.84,348.96,88.80,188.64,606.15,26,19.28
393,144.727,1467.434,390143.36,4494027.27,317.86,71.66,131.28,431.63,28,18.02
394,137.197,1507.115,394111.50,4494780.33,244.86,46.08,170.04,469.38,4,19.17
395,134.544,1780.013,421401.26,4495045.56,345.91,115.44,163.28,472.04,7,17.70
396,136.030,2039.979,447397.88,4494896.98,227.13,10.31,134.71,237.44,5,14.69
397,139.318,2056.753,449075.35,4494568.21,231.05,25.89,148.83,340.10,10,15.38
398,134.833,2310.592,474459.18,4495016.66,412.50,64.94,347.56,524.80,7,22.35
399,139.349,2496.528,493052.76,4494565.11,231.62,65.83,118.83,435.12,10,15.30
400,137.463,2894.982,532898.19,4494753.70,336.67,37.77,199.05,390.96,5,23.71
401,149.104,747.591,318159.10,4493589.64,418.21,68.65,266.74,677.59,14,17.36
402,142.900,791.070,322507.00,4494210.02,440.83,47.82,388.39,518.67,4,19.25
403,139.857,801.550,323555.01,4494514.30,304.54,41.35,163.88,417.55,7,18.29
404,136.537,1033.396,346739.60,4494846.32,288.90,46.66,240.01,339.84,5,29.27
405,138.194,1043.165,347716.54,4494680.61,229.68,92.86,126.96,396.22,4,24.45
406,137.173,1213.648,364764.78,4494782.66,203.73,37.82,150.53,290.68,10,16.50
407,150.746,1263.102,369710.16,4493425.43,309.32,83.46,145.68,671.18,35,19.88
408,148.928,1373.430,380742.96,4493607.24,253.01,58.72,144.40,389.43,24,17.13
409,143.647,1649.276,408327.60,4494135.30,321.93,92.91,166.53,701.02,17,20.47
410,139.168,1865.982,429998.19,4494583.15,184.57,49.57,125.48,361.43,6,18.04
411,139.364,1926.680,436067.99,4494563.60,383.62,64.88,287.49,716.43,7,37.63
412,140.269,1949.292,438329.22,4494473.15,548.12,29.17,341.33,585.24,6,33.10
413,140.918,2429.486,486348.61,4494408.19,763.42,29.29,632.14,795.93,4,28.77
414,140.336,2727.141,516114.07,4494466.43,679.11,89.76,486.78,884.97,10,20.94
415,147.233,2968.894,540289.41,4493776.65,372.90,103.25,121.56,531.06,17,21.69
416,146.874,2991.690,542568.96,4493812.59,433.29,192.69,211.63,923.37,12,30.67
417,146.011,3048.078,548207.78,4493898.88,238.18,23.85,154.11,404.44,12,24.21
418,144.098,3076.602,551060.20,4494090.22,282.61,76.12,157.42,404.45,24,15.77
419,146.959,692.772,312677.20,4493804.07,232.62,22.69,134.79,273.14,7,25.64
420,147.738,885.043,331904.35,4493726.18,205.87,12.75,183.92,243.24,5,19.06
421,144.392,1140.109,357410.87,4494060.79,181.44,45.79,115.52,526.81,7,17.76
422,142.230,1432.621,386662.09,4494276.98,542.47,65.68,429.18,608.15,5,30.37
423,149.615,1579.632,401363.21,4493538.53,245.59,92.41,101.67,444.97,32,18.64
424,148.045,1676.089,411008.92,4493695.46,545.14,54.19,238.48,743.98,14,18.35
425,152.635,1718.548,415254.76,4493236.54,423.19,107.92,266.34,948.97,18,28.51
426,148.718,1810.750,424475.04,4493628.24,249.82,35.46,171.04,451.31,11,22.74
427,149.413,1993.250,442725.00,4493558.70,823.94,177.31,532.38,1101.25,7,40.22
428,145.994,2024.239,445823.91,4493900.63,287.92,37.82,224.33,352.33,4,14.46
429,150.609,2117.264,455126.41,4493439.10,247.01,47.05,138.29,376.85,18,22.13
430,146.039,2321.219,475521.95,4493896.11,264.56,34.88,226.96,501.01,7,29.82
431,145.944,2374.912,480891.21,4493905.65,805.04,39.40,747.62,881.15,5,31.33
432,144.538,2395.263,482926.31,4494046.18,305.53,63.32,236.10,548.16,6,19.59
433,141.182,2410.959,484495.88,4494381.76,202.41,27.50,173.17,478.32,4,25.72
434,145.901,2794.538,522853.82,4493909.93,480.34,137.85,245.74,835.07,8,20.87
435,147.048,2817.837,525183.72,4493795.21,232.67,24.89,181.77,266.94,6,24.38
436,139.904,3191.430,562542.95,4494509.65,176.12,34.20,119.88,239.68,4,14.47
437,150.896,3214.698,564869.80,4493410.44,189.12,56.04,118.36,418.24,19,15.53
438,152.064,947.441,338144.06,4493293.64,897.89,115.12,665.28,1154.26,5,72.13
439,153.575,984.629,341862.85,4493142.48,356.27,60.34,254.04,432.11,11,25.74
440,147.164,1109.592,354359.24,4493783.62,256.53,60.39,168.93,443.27,4,21.30
441,150.823,1306.565,374056.46,4493417.73,178.58,42.49,123.29,445.24,15,18.76
442,146.309,1322.628,375662.78,4493869.06,328.78,72.69,210.38,557.60,4,34.58
443,150.176,1343.178,377717.85,4493482.42,240.03,55.09,113.46,412.14,14,17.75
444,149.425,1411.312,384531.23,4493557.50,310.10,25.45,243.44,345.76,4,28.94
445,149.577,1961.636,439563.63,4493542.34,406.22,231.69,124.31,756.61,12,24.35
446,156.336,2039.628,447362.79,4492866.36,314.05,75.57,179.22,461.31,19,18.78
447,155.804,2159.514,459351.41,4492919.61,321.08,60.83,175.43,547.94,21,16.69
448,147.571,2235.065,466906.49,4493742.93,215.34,53.75,161.59,529.06,7,18.10
449,151.723,2289.481,472348.08,4493327.73,235.88,44.03,107.96,462.43,12,18.69
450,158.767,2771.698,520569.80,4492623.34,207.73,29.31,137.22,492.13,20,14.44
451,145.630,2906.954,534095.39,4493936.98,287.19,29.99,237.88,338.64,6,20.01
452,154.640,673.279,310727.92,4493036.04,279.50,77.03,202.47,489.90,5,30.09
453,155.461,809.793,324379.28,4492953.91,327.25,55.12,124.29,513.75,21,20.52
454,158.708,853.911,328791.11,4492629.22,256.51,46.86,175.37,464.90,8,19.42
455,157.372,869.762,330376.20,4492762.80,285.50,74.61,181.61,483.73,13,17.91
456,145.898,905.502,333950.23,4493910.20,181.91,26.71,149.30,220.38,4,15.77
457,164.830,1421.182,385518.23,4492017.02,475.31,39.73,310.74,563.17,18,20.83
458,154.710,1790.200,422419.99,4493029.05,335.98,43.21,170.40,401.37,15,19.18
459,150.488,1909.376,434337.64,4493451.16,187.38,35.36,119.82,288.40,7,21.35
460,150.119,2014.159,444815.86,4493488.09,149.04,15.43,124.98,210.28,4,15.80
461,152.315,2063.109,449710.89,4493268.52,141.12,12.78,128.34,294.24,9,16.90
462,154.708,3112.385,554638.49,4493029.15,220.89,53.23,110.42,339.80,13,17.96
463,157.933,895.934,332993.36,4492706.71,302.06,81.51,144.11,388.62,11,21.06
464,154.800,919.424,335342.42,4493020.00,202.15,79.90,122.25,324.39,5,21.97
465,157.717,957.753,339175.28,4492728.26,337.13,25.66,241.64,452.66,11,18.92
466,155.458,1108.458,354245.76,4492954.18,275.89,61.90,157.45,340.74,6,22.22
467,156.718,1195.631,362963.10,4492828.15,395.18,70.02,254.41,492.52,7,43.75
468,155.901,1327.847,376184.69,4492909.85,213.89,21.33,182.62,333.55,7,12.82
469,157.271,1607.295,404129.52,4492772.90,382.53,60.49,301.26,467.84,6,26.65
470,163.246,1650.331,408433.06,4492175.44,265.81,55.37,141.43,415.77,24,15.64
471,160.133,1745.007,417900.66,4492486.67,200.88,54.61,124.12,734.84,16,12.00
472,158.751,2250.321,468432.05,4492624.93,292.93,85.56,207.36,484.90,7,13.84
473,162.362,2333.033,476703.35,4492263.81,329.62,89.23,181.07,620.62,9,31.98
474,165.396,2477.608,491160.76,4491960.42,265.99,35.68,205.51,856.20,14,20.24
475,159.545,2745.165,517916.46,4492545.46,378.52,112.17,209.01,864.92,12,19.78
476,158.162,3187.477,562147.66,4492683.77,139.36,31.70,107.66,255.24,7,17.06
477,166.252,694.218,312821.75,4491874.82,291.38,76.64,161.28,430.73,14,18.84
478,164.360,728.199,316219.85,4492063.99,452.42,101.16,119.57,634.28,12,23.34
479,165.652,1440.125,387412.48,4491934.80,343.11,64.39,222.80,476.11,16,23.23
480,165.218,1453.593,388759.33,4491978.17,267.66,20.98,231.88,366.56,8,19.15
481,163.075,1624.526,405852.64,4492192.48,290.90,80.58,172.99,454.59,15,17.37
482,161.623,1874.299,430829.86,4492337.66,349.24,35.82,181.71,406.23,5,37.30
483,162.348,1929.477,436347.68,4492265.20,184.95,17.21,115.88,294.94,7,20.69
484,162.771,2358.648,479264.83,4492222.93,449.40,29.23,338.81,499.73,4,29.73
485,161.243,2901.054,533505.42,4492375.75,235.10,29.49,148.78,293.26,5,18.52
486,159.920,759.754,319375.41,4492508.01,477.00,85.66,215.44,675.07,8,24.43
487,168.341,830.879,326487.95,4491665.93,317.72,86.31,160.71,488.98,16,18.05
488,169.733,1599.552,403355.17,4491526.69,477.58,112.86,226.00,719.02,15,29.88
489,171.806,1913.915,434791.51,4491319.35,210.76,43.30,150.54,332.38,13,15.61
490,159.907,2235.458,466945.80,4492509.27,354.35,158.35,196.00,659.16,3,42.63
491,163.344,2391.869,482586.92,4492165.58,169.62,40.93,113.15,326.40,4,17.50
492,161.726,2453.811,488781.12,4492327.42,417.92,9.42,346.33,428.61,4,20.95
493,167.388,2912.931,534693.09,4491761.18,245.09,39.67,203.90,299.68,4,21.03
494,164.997,3074.446,550844.64,4492000.34,339.20,29.73,264.06,537.77,10,25.87
495,169.695,3102.037,553603.74,4491530.52,133.56,26.46,107.10,244.70,7,15.45
496,167.446,572.300,300630.00,4491755.44,687.82,117.13,535.15,850.71,6,21.42
497,168.969,662.073,309607.28,4491603.11,242.62,58.95,131.91,393.60,7,15.32
498,166.772,744.773,317877.32,4491822.82,455.28,56.72,372.70,676.98,4,26.89
499,172.015,882.920,331691.97,4491298.48,243.07,34.02,103.16,406.46,11,25.42
500,165.393,932.956,336695.58,4491960.65,241.17,72.64,118.71,555.55,10,17.13
501,168.641,987.889,342188.86,4491635.93,284.85,25.82,259.03,348.88,5,22.87
502,171.243,1071.921,350592.10,4491375.71,249.67,73.30,102.36,486.51,9,17.06
503,178.927,1276.678,371067.77,4490607.26,210.07,65.26,116.79,455.76,15,19.76
504,167.123,1317.559,375155.88,4491787.72,453.00,43.38,225.50,535.91,4,24.74
505,166.370,1353.092,378709.20,4491862.96,237.59,28.69,146.29,276.22,4,20.87
506,177.960,1457.988,389198.78,4490703.98,256.33,79.06,130.57,569.65,32,14.64
507,164.458,1524.041,395804.07,4492054.18,1025.37,198.00,677.48,1806.68,6,48.49
508,172.353,1672.649,410664.89,4491264.68,531.08,57.66,453.87,911.93,8,13.82
509,174.752,1862.309,429630.93,4491024.76,277.37,34.45,175.38,395.52,12,22.05
510,182.321,1971.344,440534.45,4490267.93,246.48,67.02,117.31,450.19,16,19.84
511,178.839,2000.349,443434.93,4490616.10,432.01,79.37,285.44,601.83,22,23.26
512,168.979,2020.159,445415.89,4491602.07,257.05,5.07,251.97,340.57,5,16.76
513,168.632,2092.525,452652.47,4491636.80,271.42,88.76,118.70,540.73,9,21.56
514,165.925,2131.338,456533.78,4491907.53,364.76,3.85,320.76,368.61,3,27.22
515,168.835,2345.480,477948.02,4491616.55,252.79,48.13,132.73,308.32,7,21.55
516,174.187,2501.098,493509.77,4491081.31,572.55,23.26,375.74,595.80,7,22.07
517,174.625,2725.670,515967.04,4491037.53,576.16,56.68,438.81,645.58,7,7.19
518,163.744,2825.697,525969.75,4492125.58,194.47,7.40,150.53,216.09,5,24.72
519,192.055,782.881,321688.07,4489294.52,237.39,85.13,101.27,620.80,31,20.38
520,171.208,1011.639,344563.89,4491379.17,209.34,28.86,149.46,280.98,5,15.39
521,183.749,1339.283,377328.31,4490125.05,353.26,118.02,136.70,1081.57,31,24.64
522,172.434,1498.333,393233.34,4491256.63,381.14,62.78,303.94,513.94,7,37.97
523,173.926,1547.331,398133.13,4491107.43,213.22,96.49,103.05,711.44,10,15.89
524,186.721,1879.764,431376.43,4489827.94,421.24,152.47,202.36,786.38,13,24.43
525,170.361,1946.750,438074.99,4491463.89,321.39,89.52,229.01,540.17,8,30.61
526,168.673,2068.670,450267.01,4491632.65,517.45,93.16,110.20,610.61,5,26.38
527,171.625,2265.241,469924.15,4491337.45,225.59,59.40,121.43,424.30,9,15.29
528,176.012,2289.950,472394.99,4490898.79,324.90,21.45,297.39,445.20,13,26.44
529,172.300,2365.414,479941.41,4491269.98,417.71,56.13,288.23,498.49,5,28.59
530,173.525,2547.333,498133.34,4491147.53,611.84,117.48,199.33,746.72,6,22.69
531,169.933,2606.316,504031.59,4491506.66,212.93,47.85,165.08,406.36,9,15.75
532,176.798,2945.693,537969.32,4490820.17,203.84,20.73,113.95,256.46,9,17.50
533,178.026,2994.556,542855.58,4490697.43,263.65,39.67,141.74,483.02,10,25.63
534,179.470,685.074,311907.41,4490552.99,362.45,142.49,158.66,583.12,6,32.86
535,175.403,767.585,320158.52,4490959.67,503.86,117.02,242.95,646.42,7,30.76
536,176.434,858.679,329267.93,4490856.65,248.02,98.45,133.01,385.46,7,27.30
537,186.490,952.353,338635.29,4489851.02,284.84,39.12,206.09,691.25,13,28.04
538,177.878,1029.438,346343.75,4490712.20,307.96,120.22,150.28,524.40,16,23.09
539,185.051,1062.798,349679.82,4489994.90,253.42,53.15,124.05,599.61,29,20.72
540,169.045,1287.547,372154.74,4491595.45,473.15,44.21,342.88,517.35,3,31.96
541,179.068,1299.456,373345.60,4490593.16,177.96,41.69,117.41,398.33,11,14.39
542,177.225,1364.948,379894.83,4490777.50,401.53,69.99,135.16,733.92,11,19.59
543,176.621,1375.572,380957.19,4490837.94,490.74,98.18,217.92,718.87,8,19.66
544,169.592,1383.211,381721.11,4491540.85,315.02,25.15,240.38,389.29,5,13.36
545,180.710,1686.482,412048.24,4490429.03,459.47,85.28,281.78,595.44,4,22.79
546,194.564,1735.916,416991.59,4489043.55,256.94,55.22,152.73,540.75,27,13.34
547,170.790,2186.985,462098.52,4491421.02,283.04,26.86,183.39,318.98,5,25.19
548,175.686,2239.498,467349.77,4490931.44,384.03,131.33,202.79,670.25,9,19.48
549,177.536,2457.695,489169.55,4490746.37,446.12,7.57,163.95,453.69,5,26.50
550,183.122,2582.222,501622.16,4490187.82,364.64,42.02,240.06,482.43,10,13.30
551,176.907,2631.323,506532.34,4490809.33,308.14,96.17,163.28,546.35,11,14.49
552,186.582,2778.613,521261.33,4489841.77,430.15,79.70,120.15,614.93,24,26.02
553,181.048,2922.799,535679.86,4490395.17,276.73,43.78,165.54,556.37,14,25.68
554,178.928,3058.810,549280.97,4490607.24,223.54,59.31,108.23,361.20,14,18.01
555,179.770,823.239,325723.93,4490523.03,362.34,51.57,154.40,413.91,7,21.69
556,181.703,920.678,335467.82,4490329.66,247.58,60.90,168.66,467.02,8,14.28
557,179.877,939.185,337318.53,4490512.33,367.15,47.09,212.86,444.36,5,26.44
558,180.747,1567.089,400108.88,4490425.29,159.99,17.63,142.37,247.98,5,13.32
559,185.617,1792.948,422694.77,4489938.28,280.51,101.19,121.65,404.57,16,16.13
560,196.908,1967.192,440119.22,4488809.21,342.31,95.23,121.63,509.73,25,22.32
561,179.601,2110.363,454436.29,4490539.89,178.82,45.32,112.57,322.98,8,19.31
562,179.064,2160.835,459483.48,4490593.56,305.34,45.64,169.60,431.72,11,11.05
563,190.799,2310.673,474467.28,4489420.14,207.32,33.56,110.56,330.56,22,16.13
564,178.070,2374.409,480840.90,4490693.01,201.28,32.86,148.32,259.10,4,11.52
565,178.370,2477.984,491198.37,4490662.99,271.33,34.04,233.78,367.55,5,16.62
566,188.047,2555.344,498934.41,4489695.32,326.14,95.71,165.51,549.36,22,19.80
567,179.232,2570.598,500459.75,4490576.79,472.52,74.68,338.63,614.89,4,21.72
568,192.365,2601.165,503516.49,4489263.46,364.79,125.15,176.43,587.30,18,19.70
569,181.427,2845.617,527961.73,4490357.34,150.62,17.18,133.44,178.10,5,11.96
570,180.120,2906.330,534033.00,4490487.98,199.73,23.04,114.47,245.36,8,14.94
571,180.908,654.911,308891.13,4490409.18,201.18,31.53,168.23,330.63,6,15.08
572,184.332,733.593,316759.31,4490066.79,357.46,38.59,228.85,421.52,5,27.59
573,187.871,841.297,327529.66,4489712.90,232.82,50.80,104.81,419.79,17,18.57
574,207.227,1006.243,344024.34,4487777.26,228.07,57.40,109.63,601.06,48,17.70
575,187.668,1620.507,405450.66,4489733.18,247.58,43.24,137.66,451.94,11,24.22
576,190.163,1638.748,407274.85,4489483.72,404.27,73.58,216.60,804.73,12,32.67
577,186.304,1653.787,408778.66,4489869.61,528.81,44.57,466.82,716.54,9,12.82
578,182.122,2019.339,445333.90,4490287.79,462.63,35.40,275.44,713.15,7,32.34
579,186.722,2043.650,447765.04,4489827.77,309.26,109.16,181.07,567.31,12,25.16
580,180.810,2061.249,449524.86,4490418.97,179.06,51.15,118.66,230.21,5,13.06
581,187.992,2184.378,461837.76,4489700.80,309.94,99.29,121.58,453.65,8,22.99
582,183.972,2797.611,523161.12,4490102.83,518.57,84.52,292.17,666.26,4,20.85
583,188.868,3027.422,546142.23,4489613.20,224.63,61.53,107.05,496.18,18,21.07
584,181.616,494.235,292823.47,4490338.44,838.78,21.84,802.86,1070.56,4,78.69
585,188.989,716.609,315060.94,4489601.14,313.70,30.15,219.14,525.81,9,11.26
586,190.231,875.111,330911.11,4489476.90,241.59,90.35,107.75,383.92,6,19.14
587,194.273,890.570,332457.01,4489072.66,259.31,53.17,115.10,424.64,16,22.25
588,188.047,1390.394,382439.36,4489695.28,242.00,55.21,145.56,440.14,4,19.78
589,191.245,1478.809,391280.95,4489375.49,216.19,51.53,122.04,276.32,9,18.32
590,192.584,1539.063,397306.30,4489241.65,697.35,89.12,526.01,954.85,14,19.32
591,186.679,1807.617,424161.66,4489832.10,206.32,36.88,154.74,303.91,6,21.74
592,194.579,1820.301,425430.11,4489042.10,202.50,25.97,105.79,293.99,9,23.97
593,183.551,1941.675,437567.52,4490144.95,315.08,65.29,112.43,398.48,9,21.80
594,180.785,2144.310,457831.01,4490421.46,500.44,6.51,355.60,510.03,4,13.66
595,186.533,2237.071,467107.12,4489846.70,308.22,47.49,227.81,390.05,6,12.32
596,189.452,2326.784,476078.39,4489554.82,262.00,66.06,155.07,380.81,4,24.72
597,188.615,2380.173,481417.29,4489638.53,171.56,24.80,117.64,322.33,10,19.99
598,187.409,2482.391,491639.09,4489759.13,194.67,20.14,166.98,263.99,6,21.23
599,186.578,2875.189,530918.95,4489842.20,223.48,32.17,179.73,280.39,5,21.30
600,186.303,3132.967,556696.68,4489869.66,202.69,15.28,181.56,304.69,4,24.87
601,189.757,3174.432,560843.15,4489524.26,184.06,64.00,104.85,279.40,5,17.58
602,185.842,3186.655,562065.53,4489915.79,162.26,31.54,107.33,263.30,4,15.14
603,190.846,647.205,308120.50,4489415.38,118.42,15.72,102.70,392.56,5,15.87
604,191.048,977.840,341184.01,4489395.22,217.55,26.35,177.86,277.75,6,20.88
605,199.992,1101.795,353579.50,4488500.76,159.68,46.26,100.05,319.53,14,17.59
606,188.552,1221.332,365533.25,4489644.85,136.63,5.93,127.93,215.03,4,16.51
607,198.698,1320.127,375412.69,4488630.23,192.08,46.59,124.09,317.41,17,14.00
608,193.012,1425.287,385928.75,4489198.81,461.16,61.24,399.91,562.95,5,29.98
609,196.378,1668.710,410271.02,4488862.22,892.81,233.13,478.93,1243.44,5,37.56
610,189.857,2257.635,469163.46,4489514.27,436.39,97.48,325.26,556.69,5,13.42
611,192.469,2471.049,490504.90,4489253.12,229.76,66.97,128.97,429.98,18,17.29
612,199.122,2523.994,495799.39,4488587.81,315.28,31.09,142.21,487.25,11,16.06
613,192.720,2738.162,517216.18,4489228.04,741.80,38.25,378.03,815.27,9,24.10
614,190.576,2907.389,534138.91,4489442.39,168.82,6.68,150.76,225.12,5,14.87
615,190.571,2963.251,539725.15,4489442.87,169.00,8.32,146.44,268.99,7,20.07
616,191.819,3066.999,550099.88,4489318.11,301.75,52.46,183.63,356.96,8,16.69
617,188.890,3141.821,557582.09,4489611.02,342.09,42.51,175.93,388.92,4,26.23
618,187.957,3163.218,559721.85,4489704.29,212.38,27.69,116.73,306.17,5,17.23
619,191.810,531.824,296582.36,4489318.98,202.05,53.92,117.56,292.90,5,14.71
620,202.422,754.535,318853.46,4488257.77,201.48,57.92,119.01,324.43,13,18.86
621,193.900,800.895,323489.55,4489110.04,206.50,21.31,167.20,366.11,4,22.44
622,203.317,900.900,333489.97,4488168.28,351.96,42.99,254.70,543.98,12,13.01
623,196.403,909.653,334365.33,4488859.74,362.61,47.81,139.20,441.87,4,28.92
624,208.259,1033.283,346728.33,4487674.08,266.56,40.98,119.60,589.36,26,19.93
625,196.960,1766.729,420072.90,4488804.03,187.77,25.11,151.41,306.59,8,17.10
626,197.894,2125.489,455948.94,4488710.55,230.82,55.06,128.74,477.89,26,19.51
627,200.057,2451.761,488576.08,4488494.34,237.37,63.39,120.89,490.37,12,14.23
628,199.851,2762.646,519664.65,4488514.95,366.20,73.33,228.64,1178.99,15,22.38
629,196.218,2928.775,536277.46,4488878.22,216.69,40.33,162.55,306.34,4,19.36
630,194.187,741.299,317529.93,4489081.34,344.70,24.53,165.10,386.58,4,25.62
631,199.346,1243.455,367745.52,4488565.43,220.33,28.62,184.24,258.75,4,22.06
632,203.807,1280.205,371420.49,4488119.25,188.45,42.05,125.23,338.52,15,18.45
633,213.646,1556.635,399063.52,4487135.37,318.66,57.42,114.27,477.65,19,16.92
634,201.820,1570.544,400454.35,4488318.02,254.42,74.15,100.75,353.30,10,14.30
635,202.829,1920.965,435496.54,4488217.15,170.23,18.67,118.67,188.90,5,12.13
636,206.257,2004.000,443800.02,4487874.28,139.53,25.03,105.62,332.64,9,14.54
637,198.717,2233.776,466777.64,4488628.27,346.70,83.67,236.46,479.05,4,22.43
638,196.912,2330.493,476449.33,4488808.80,248.88,26.14,198.74,316.88,7,19.22
639,199.677,2635.843,506984.26,4488532.30,715.72,112.95,554.94,887.38,4,66.16
640,196.820,2872.262,530626.19,4488818.03,187.83,19.09,156.57,275.30,4,19.55
641,204.920,3003.697,543769.69,4488008.01,166.74,39.49,106.24,265.65,7,18.42
642,194.050,3098.040,553203.98,4489095.02,204.07,39.77,139.99,300.51,4,17.77
643,207.520,3159.693,559369.33,4487747.95,249.60,56.04,134.57,371.34,18,18.99
644,200.782,3185.832,561983.18,4488421.75,445.23,76.37,340.37,611.06,8,30.88
645,193.636,3196.921,563092.13,4489136.45,186.15,2.94,183.21,293.07,3,21.04
646,204.549,690.026,312402.59,4488045.06,147.90,3.73,144.17,192.35,5,17.56
647,199.308,713.887,314788.73,4488569.24,263.53,57.09,111.97,372.25,4,18.39
648,208.228,802.878,323687.79,4487677.16,322.73,9.81,304.09,411.42,5,15.88
649,203.810,851.685,328568.46,4488119.01,249.46,56.03,176.55,554.01,10,17.83
650,203.276,870.227,330422.67,4488172.42,407.36,74.51,310.85,529.54,7,18.75
651,205.633,932.176,336617.61,4487936.72,519.07,80.62,429.59,785.37,6,53.62
652,203.355,960.967,339496.73,4488164.47,454.42,33.34,401.61,713.56,4,55.57
653,207.761,1213.620,364761.98,4487723.87,231.53,38.76,167.37,312.32,4,17.93
654,200.391,1381.228,381522.84,4488460.86,319.31,22.14,183.74,353.43,4,19.68
655,210.251,1452.763,388676.26,4487474.93,319.94,38.98,171.21,442.21,26,25.73
656,204.876,1495.819,392981.93,4488012.43,314.47,8.31,256.89,323.35,4,17.85
657,207.704,1689.519,412351.92,4487729.58,399.86,92.72,298.64,602.46,11,34.39
658,198.268,1933.931,436793.07,4488673.20,264.95,57.72,113.97,322.73,4,26.86
659,211.008,1940.435,437443.52,4487399.24,262.43,71.48,107.53,435.55,15,21.21
660,206.126,2067.412,450141.16,4487887.36,298.27,32.93,243.79,365.40,9,21.88
661,210.137,2187.092,462109.17,4487486.29,283.84,67.61,119.04,499.35,18,25.10
662,200.223,2208.358,464235.79,4488477.74,331.10,58.63,194.47,389.73,5,26.56
663,199.389,2577.327,501132.69,4488561.13,427.34,55.34,354.18,544.60,4,27.10
664,207.637,2655.438,508943.80,4487736.29,342.35,35.07,277.86,383.53,4,22.15
665,206.373,2891.637,532563.69,4487862.65,145.62,24.01,120.27,177.47,5,15.98
666,205.934,2974.726,540872.58,4487906.65,166.09,31.15,112.33,204.00,5,17.26
667,206.479,3201.552,563555.19,4487852.12,198.23,55.90,112.47,420.21,13,16.94
668,207.857,659.384,309338.38,4487714.34,276.73,57.53,196.33,522.02,6,23.68
669,224.641,718.206,315220.63,4486035.92,358.13,119.68,118.99,679.09,55,23.38
670,207.324,823.470,325747.04,4487767.61,554.47,104.99,448.83,684.95,4,32.22
671,216.570,942.231,337623.08,4486842.97,610.38,108.03,424.22,913.37,13,20.31
672,214.438,986.143,342014.32,4487056.23,321.33,65.42,228.14,464.53,10,22.64
673,207.690,1395.335,382933.46,4487730.99,487.66,118.22,302.19,606.09,6,37.86
674,210.775,1421.169,385516.94,4487422.46,438.81,99.01,323.33,561.54,6,32.90
675,209.714,1813.521,424752.11,4487528.65,322.08,101.62,139.16,685.32,17,24.38
676,208.327,1843.933,427793.29,4487667.29,173.66,18.18,155.48,219.70,5,17.04
677,205.647,1872.813,430681.32,4487935.30,172.51,10.74,153.77,210.64,4,10.49
678,206.933,2275.826,470982.63,4487806.65,324.50,79.62,157.43,404.13,5,21.03
679,209.220,2363.290,479728.97,4487577.98,358.95,114.57,178.08,609.91,17,21.71
680,205.238,2402.937,483693.67,4487976.24,225.49,40.67,152.82,337.00,4,19.18
681,218.410,2435.990,486999.02,4486659.01,316.70,54.37,211.44,447.90,21,11.70
682,211.704,2517.236,495123.58,4487329.62,616.09,20.58,390.92,644.77,4,25.52
683,208.441,2555.787,498978.66,4487655.87,325.58,63.22,226.67,485.27,8,18.14
684,212.646,2570.985,500498.47,4487235.45,295.61,46.06,223.67,705.92,17,11.03
685,216.204,642.690,307669.05,4486879.57,269.81,36.70,196.40,350.80,10,25.25
686,218.060,1301.886,373588.62,4486694.02,266.97,72.71,115.70,368.51,12,16.96
687,213.257,1762.577,419657.67,4487174.33,201.80,18.34,155.76,301.90,7,16.39
688,213.081,1800.144,423414.39,4487191.87,389.76,80.19,289.87,723.63,4,30.42
689,208.889,2019.858,445385.84,4487611.10,263.14,40.14,184.73,344.27,7,19.78
690,221.172,2225.621,465962.07,4486382.83,487.15,33.69,365.74,875.31,19,15.52
691,214.334,2286.850,472084.97,4487066.60,167.84,34.78,122.62,207.04,4,15.88
692,216.363,2332.181,476618.09,4486863.72,349.86,74.17,185.87,474.22,6,19.35
693,231.952,2629.621,506362.14,4485304.77,450.31,89.16,162.91,705.16,38,21.85
694,224.034,2872.482,530648.18,4486096.57,188.18,46.27,120.82,377.22,21,16.55
695,208.945,2941.969,537596.89,4487605.46,161.45,15.01,103.20,277.12,9,15.75
696,215.467,590.196,302419.57,4486953.27,149.10,29.03,120.08,282.30,5,13.87
697,217.163,798.162,323216.22,4486783.74,513.88,174.30,320.00,895.92,7,47.90
698,208.495,1196.676,363067.59,4487650.54,178.64,14.78,155.24,209.16,4,21.06
699,218.473,1409.820,384381.98,4486652.70,294.91,58.95,207.72,373.41,7,22.97
700,231.919,1486.311,392031.07,4485308.09,268.17,58.80,167.43,794.46,21,19.46
701,215.761,1785.775,421977.53,4486923.90,164.89,25.73,124.53,299.71,8,16.03
702,223.421,1901.612,433561.18,4486157.92,284.65,106.89,101.11,674.29,28,19.12
703,213.559,2052.946,448694.62,4487144.05,228.84,7.34,220.48,254.41,6,19.66
704,224.968,2075.753,450975.34,4486003.20,320.62,94.68,145.51,600.59,26,18.24
705,215.509,2092.559,452655.92,4486949.14,210.22,28.73,150.30,313.85,7,19.37
706,215.154,2143.037,457703.66,4486984.58,331.90,102.73,164.27,725.53,8,23.39
707,216.386,2162.611,459661.13,4486861.41,222.98,36.53,121.39,294.69,4,20.84
708,213.232,2453.931,488793.09,4487176.80,169.90,58.80,111.10,293.66,5,12.90
709,218.791,2699.657,513365.67,4486620.92,179.40,27.34,141.21,275.29,6,17.80
710,214.695,2735.344,516934.36,4487030.48,205.90,19.71,170.79,334.06,8,17.96
711,214.283,2814.702,524870.22,4487071.70,120.65,9.77,103.45,155.85,5,12.25
712,216.809,2924.138,535813.80,4486819.08,600.70,129.81,340.78,768.90,6,34.82
713,215.411,3025.400,545939.97,4486958.93,173.29,38.39,117.12,345.95,8,18.07
714,219.677,684.678,311867.79,4486532.32,231.54,4.97,215.89,239.34,4,23.39
715,218.009,853.552,328755.23,4486699.08,399.18,66.49,313.81,521.39,10,15.81
716,217.836,957.886,339188.57,4486716.45,455.11,7.67,395.05,466.22,5,25.63
717,221.580,970.662,340466.22,4486342.02,577.16,77.49,390.41,693.48,7,35.92
718,216.722,1314.789,374878.92,4486827.78,221.84,6.34,197.28,267.85,5,22.01
719,237.858,1527.032,396103.15,4484714.23,596.10,85.45,225.75,784.90,23,26.89
720,218.504,1996.700,443070.01,4486649.55,185.37,19.48,127.33,262.30,9,18.41
721,222.003,2035.724,446972.38,4486299.74,406.45,66.01,133.69,517.55,8,13.44
722,228.047,2282.182,471618.16,4485695.26,237.22,73.22,117.68,567.98,24,15.03
723,237.603,2509.536,494353.62,4484739.70,363.93,76.83,207.63,704.43,20,19.83
724,218.377,2959.165,539316.50,4486662.26,166.87,20.09,137.10,267.13,6,17.63
725,217.459,3006.126,544012.59,4486754.13,261.59,13.18,240.09,411.93,4,21.12
726,225.660,3052.171,548617.10,4485934.01,260.02,38.48,159.47,509.72,24,17.07
727,220.992,3086.307,552030.71,4486400.75,188.45,39.66,111.32,347.37,14,15.36
728,223.086,504.448,293844.82,4486191.36,279.79,2.34,236.74,282.89,4,17.51
729,224.227,659.877,309387.72,4486077.26,298.35,26.23,195.51,506.83,7,29.42
730,226.888,905.242,333924.17,4485811.25,386.74,35.20,317.33,590.80,15,19.29
731,227.082,1038.346,347234.56,4485791.82,197.58,29.06,159.45,316.82,10,15.18
732,236.205,1100.722,353472.19,4484879.48,186.65,35.97,118.84,374.95,32,14.52
733,224.424,1215.571,364957.08,4486057.55,253.91,41.94,168.13,304.37,6,19.50
734,218.803,1772.370,420636.97,4486619.71,271.05,57.91,205.41,355.52,4,23.21
735,225.423,1862.868,429686.79,4485957.74,244.67,38.41,132.26,394.28,9,17.06
736,230.485,2367.864,480186.38,4485451.49,383.46,60.18,285.80,518.08,15,31.78
737,222.369,2393.673,482767.30,4486263.14,388.94,49.83,192.35,449.43,6,32.35
738,228.715,2576.661,501066.11,4485628.47,352.75,88.82,141.55,499.55,19,17.96
739,221.233,2690.361,512436.08,4486376.74,174.60,22.50,118.76,218.05,4,20.90
740,226.427,2934.335,536833.46,4485857.27,462.39,52.13,260.46,596.49,8,22.59
741,231.667,3178.828,561282.84,4485333.28,254.69,56.66,171.08,436.60,15,18.21
742,221.341,519.182,295318.17,4486365.88,191.05,19.26,162.62,301.57,4,15.70
743,222.671,883.946,331794.63,4486232.91,425.65,65.34,309.32,559.50,4,31.45
744,228.337,1001.204,343520.38,4485666.28,148.57,13.63,132.93,331.27,6,15.96
745,233.621,1060.426,349442.55,4485137.91,211.36,42.12,157.92,389.14,13,20.58
746,221.774,1166.839,360083.87,4486322.58,337.39,9.63,327.77,536.56,5,24.43
747,231.922,1317.987,375198.67,4485307.79,217.50,45.91,127.88,334.24,10,24.07
748,227.619,1424.003,385800.27,4485738.15,403.97,69.96,321.28,572.80,4,21.22
749,244.333,1448.495,388249.52,4484066.68,220.16,57.76,121.17,416.14,23,21.55
750,226.376,1739.320,417332.04,4485862.44,162.75,5.75,154.17,214.15,4,9.92
751,226.263,1916.610,435060.97,4485873.73,350.47,51.07,290.11,418.06,5,26.25
752,226.010,1930.077,436407.66,4485899.02,373.64,77.53,276.46,477.10,4,32.82
753,229.981,1951.811,438581.07,4485501.91,230.27,35.89,156.90,352.79,10,18.88
754,230.275,2017.614,445161.39,4485472.48,223.55,33.17,134.08,312.44,6,19.23
755,231.496,2046.522,448052.21,4485350.41,210.17,51.87,158.29,368.48,5,19.61
756,230.155,2130.697,456469.68,4485484.52,172.80,25.39,108.64,217.78,9,14.87
757,231.520,2247.996,468199.65,4485348.04,497.70,91.16,332.42,609.57,5,20.00
758,226.717,2338.598,477259.84,4485828.34,331.79,106.12,218.45,558.15,10,30.69
759,229.519,2544.542,497854.21,4485548.11,310.75,49.70,235.27,776.51,9,19.15
760,228.530,2773.146,520714.58,4485646.98,277.30,68.72,190.89,606.86,6,26.58
761,230.172,578.855,301285.50,4485482.77,321.13,51.06,202.45,516.57,12,21.63
762,237.102,954.216,338821.64,4484789.80,275.45,67.58,115.07,667.27,20,21.84
763,237.631,982.190,341619.00,4484736.89,305.11,34.04,164.47,531.10,11,17.99
764,240.937,1079.671,351367.09,4484406.34,187.13,47.16,115.87,323.30,20,13.41
765,234.106,1176.707,361070.72,4485089.35,225.78,61.36,130.90,287.15,5,11.66
766,232.440,1238.677,367267.73,4485255.98,235.79,27.04,208.75,404.36,5,27.18
767,240.151,1354.114,378811.39,4484484.87,601.19,121.00,182.11,1037.40,13,39.21
768,234.815,1552.869,398686.91,4485018.53,731.77,90.21,583.51,821.98,7,37.04
769,225.684,1676.856,411085.60,4485931.56,681.94,220.09,280.45,955.52,4,37.94
770,236.221,1815.274,424927.43,4484877.93,302.40,73.17,202.79,593.56,8,23.86
771,250.624,1832.458,426645.76,4483437.58,295.95,119.75,116.29,616.29,25,20.02
772,240.416,1976.401,441040.07,4484458.39,458.33,107.96,270.06,699.25,16,29.58
773,230.694,2156.313,459031.29,4485430.57,263.08,40.19,187.74,377.86,5,16.69
774,226.835,2238.987,467298.71,4485816.53,559.06,94.59,413.00,736.56,4,33.17
775,227.865,2311.680,474568.02,4485713.48,272.42,41.38,138.96,332.01,4,16.30
776,233.372,2526.580,496058.05,4485162.76,332.21,47.83,235.86,380.04,7,12.00
777,231.228,2853.198,528719.79,4485377.23,175.30,10.43,110.61,211.77,7,10.29
778,230.981,2881.676,531567.60,4485401.91,276.67,40.90,181.07,337.65,4,24.10
779,226.219,2917.086,535108.58,4485878.14,339.36,2.59,283.80,341.95,4,34.28
780,228.947,3166.807,560080.73,4485605.34,137.30,6.41,101.32,144.76,4,13.57
781,245.355,562.631,299663.13,4483964.53,254.78,62.40,108.34,430.47,25,16.65
782,246.715,626.547,306054.70,4483828.49,217.74,66.87,114.12,418.78,16,18.07
783,239.737,738.684,317268.42,4484526.34,369.32,79.43,193.83,474.08,9,31.28
784,241.889,1388.102,382210.15,4484311.05,387.12,150.16,128.83,634.62,11,18.81
785,235.777,1574.597,400859.72,4484922.29,277.74,9.41,259.01,470.05,4,24.26
786,238.650,1876.567,431056.65,4484635.05,205.94,60.57,114.02,399.27,9,13.06
787,242.249,2056.360,449036.01,4484275.06,215.36,62.07,129.00,381.45,12,18.01
788,239.961,2099.527,453352.72,4484503.88,210.11,46.33,125.40,400.83,14,14.97
789,236.656,2215.596,464959.57,4484834.35,349.86,79.15,256.44,522.18,7,28.48
790,236.137,2303.268,473726.81,4484886.31,325.54,65.11,198.90,430.42,5,24.57
791,233.449,2352.712,478671.16,4485155.12,293.75,38.46,214.00,339.13,5,26.49
792,235.841,2642.239,507623.86,4484915.93,361.62,86.61,222.51,531.84,4,26.34
793,239.587,2733.835,516783.50,4484541.32,286.68,9.41,246.91,428.10,7,26.97
794,236.865,2808.114,524211.37,4484813.45,118.29,8.36,103.08,195.57,6,9.90
795,240.963,2894.056,532805.59,4484403.73,218.95,84.24,110.20,364.38,11,27.61
796,236.298,2927.055,536105.50,4484870.19,464.96,30.70,406.40,750.43,4,49.09
797,242.120,3088.057,552205.71,4484287.97,204.36,34.46,143.98,320.81,10,15.65
798,238.274,3156.756,559075.64,4484672.65,223.91,57.85,162.92,345.15,6,14.16
799,241.460,511.679,294567.93,4484353.99,168.99,17.96,117.30,227.36,5,19.54
800,238.371,545.564,297956.39,4484662.89,204.51,33.39,108.67,244.69,6,18.37
801,236.662,655.041,308904.13,4484833.78,241.19,15.12,221.71,428.67,4,22.81
802,238.968,1132.513,356651.26,4484603.19,205.37,36.75,142.55,307.66,6,20.08
803,235.939,1259.912,369391.25,4484906.10,247.97,59.09,184.90,423.69,6,12.25
804,238.978,1371.799,380579.94,4484602.16,898.49,200.65,398.39,1243.10,6,34.83
805,240.651,1416.562,385056.22,4484434.85,266.67,21.46,145.32,597.33,19,13.15
806,239.651,1468.246,390224.59,4484534.90,183.42,55.57,108.30,278.61,11,12.83
807,240.789,1733.625,416762.52,4484421.13,226.04,41.16,164.38,529.48,6,13.81
808,243.353,2264.341,469834.10,4484164.74,427.40,110.07,134.16,756.44,12,17.41
809,242.559,2548.878,498287.77,4484244.07,270.91,68.53,197.06,376.11,9,17.68
810,240.228,2600.417,503441.74,4484477.20,411.56,37.40,251.70,570.75,11,21.14
811,239.071,2913.150,534714.96,4484592.87,126.54,12.01,107.55,176.22,4,14.05
812,241.837,3059.484,549348.45,4484316.35,284.59,27.33,132.54,355.98,8,21.35
813,244.566,3206.668,564066.77,4484043.38,190.77,38.74,100.67,392.65,15,18.91
814,249.203,529.104,296310.41,4483579.75,186.80,30.67,107.67,318.33,14,21.03
815,253.567,588.549,302254.87,4483143.34,244.88,54.68,131.44,340.43,12,17.95
816,250.780,611.817,304581.66,4483421.97,251.96,22.07,134.69,283.79,11,13.96
817,253.658,650.772,308477.21,4483134.23,249.85,47.37,157.24,407.60,21,25.71
818,255.530,723.888,315788.79,4482946.96,401.01,88.85,174.43,544.66,20,30.44
819,235.714,762.782,319678.21,4484928.58,205.71,62.91,136.81,589.23,4,27.06
820,243.379,799.287,323328.68,4484162.13,519.93,128.28,198.48,715.63,5,59.72
821,245.171,1016.038,345003.80,4483982.89,412.27,64.47,315.45,510.91,4,24.34
822,245.916,1172.308,360630.79,4483908.44,219.75,61.99,139.47,348.48,8,15.48
823,245.385,1219.455,365345.50,4483961.55,158.33,27.82,114.51,223.46,6,16.65
824,247.157,1570.377,400437.74,4483784.25,501.12,71.92,350.98,933.83,12,36.70
825,247.847,1608.399,404239.92,4483715.30,820.54,9.50,811.04,926.47,7,28.97
826,242.055,1694.659,412865.89,4484294.52,389.82,15.95,373.87,483.65,5,37.73
827,244.523,1769.406,420340.57,4484047.72,226.78,47.28,148.55,402.32,9,21.19
828,243.636,1797.362,423136.18,4484136.41,362.98,113.54,249.44,570.17,5,24.28
829,246.955,2317.510,475151.03,4483804.54,279.23,13.47,247.28,341.80,5,17.95
830,254.905,2685.427,511942.74,4483009.52,371.42,58.48,121.82,697.52,41,22.01
831,251.937,2945.409,537940.90,4483306.33,357.52,42.46,250.66,745.56,15,24.92
832,251.143,3145.400,557940.00,4483385.69,338.12,68.46,149.10,504.30,10,26.74
833,262.821,3173.502,560750.25,4482217.89,428.08,74.72,180.38,623.65,23,17.51
834,242.702,851.044,328504.44,4484229.83,929.96,70.75,440.24,1032.08,4,29.34
835,245.897,1186.745,362074.48,4483910.35,186.45,24.35,149.70,309.87,6,15.91
836,245.021,1663.827,409782.73,4483997.90,337.07,37.39,244.21,397.05,4,31.45
837,250.201,1716.505,415050.54,4483479.87,459.67,26.14,313.79,1006.63,6,19.26
838,247.961,1899.945,433394.51,4483703.94,134.28,12.28,120.50,254.59,6,13.67
839,253.854,1980.590,441459.04,4483114.58,415.88,71.84,125.15,487.72,9,27.49
840,246.913,2023.991,445799.06,4483808.72,201.94,32.40,107.26,234.34,5,17.10
841,254.146,2191.521,462552.09,4483085.41,421.26,111.32,148.14,738.47,17,27.34
842,247.219,2285.724,471972.43,4483778.12,332.71,30.05,212.84,416.31,8,22.86
843,258.856,2433.984,486798.37,4482614.42,215.00,44.73,118.84,730.55,32,17.98
844,246.184,2657.074,509107.40,4483881.62,498.28,33.04,446.91,614.43,4,22.62
845,249.587,2851.371,528537.12,4483541.30,214.49,38.06,108.56,364.60,18,21.20
846,248.176,3110.157,554415.74,4483682.36,283.79,98.94,129.32,518.93,12,20.43
847,254.254,3122.073,555607.30,4483074.56,217.70,61.34,140.32,655.17,8,19.77
848,246.097,422.557,285655.66,4483890.33,193.01,1.29,124.05,194.80,4,18.43
849,252.952,690.602,312460.20,4483204.78,231.38,58.51,130.51,308.54,6,20.39
850,250.947,766.346,320034.59,4483405.31,278.30,82.55,186.15,430.23,9,26.67
851,251.628,950.351,338435.09,4483337.16,664.54,248.38,345.60,1028.42,7,31.40
852,249.740,1133.438,356743.80,4483525.98,231.52,27.50,140.97,379.21,9,16.09
853,250.607,1257.429,369142.88,4483439.35,207.86,7.89,139.32,470.89,5,23.54
854,254.184,1731.080,416508.02,4483081.63,469.20,31.70,267.56,614.85,9,32.56
855,254.097,1754.793,418879.29,4483090.28,189.29,68.82,120.47,403.64,7,19.36
856,254.831,1959.907,439390.65,4483016.86,727.89,208.76,513.82,957.98,4,51.66
857,251.091,2299.427,473342.68,4483390.94,440.87,79.91,354.90,637.68,5,32.74
858,259.036,2538.602,497260.22,4482596.43,321.41,65.96,220.09,760.81,18,20.39
859,252.770,3016.197,545019.74,4483223.00,171.95,37.16,115.80,384.68,8,17.94
860,257.488,634.319,306831.94,4482751.21,281.45,57.98,157.87,370.91,6,26.76
861,257.429,849.316,328331.58,4482757.10,868.14,263.17,596.47,1209.32,6,74.61
862,251.852,1000.422,343442.18,4483314.80,847.41,53.62,307.97,914.61,4,28.51
863,254.926,1102.850,353685.01,4483007.38,261.13,14.69,144.34,275.82,5,12.32
864,260.555,1205.889,363988.91,4482444.50,217.07,22.23,168.25,320.56,15,20.13
865,253.551,1313.380,374738.03,4483144.94,146.93,32.84,112.63,242.25,4,16.65
866,253.504,1339.532,377353.24,4483149.59,674.07,66.80,474.61,740.87,5,22.87
867,259.101,1369.117,380311.72,4482589.85,487.54,64.86,173.40,562.92,9,16.68
868,252.769,1641.844,407584.39,4483223.09,806.81,117.49,522.97,968.55,6,30.58
869,265.179,1671.860,410586.00,4481982.15,650.57,133.32,349.25,905.01,20,33.85
870,258.175,1798.999,423299.91,4482682.46,328.44,111.92,136.19,539.96,11,20.10
871,252.644,1877.426,431142.60,4483235.60,220.99,46.85,170.37,274.01,4,20.32
872,265.785,2105.551,453955.13,4481921.49,316.84,141.64,112.53,715.77,22,16.26
873,250.823,2243.168,467716.79,4483417.73,640.70,47.49,560.21,700.99,4,24.70
874,259.845,2363.298,479729.85,4482515.45,324.85,65.72,259.13,480.03,5,22.67
875,259.185,2379.238,481323.84,4482581.50,166.41,24.46,130.36,310.31,9,15.00
876,260.461,2519.212,495321.20,4482453.87,269.32,91.86,141.04,539.64,18,17.73
877,256.810,2727.226,516122.60,4482819.02,333.23,43.02,261.45,445.83,4,34.54
878,255.680,2932.394,536639.44,4482932.03,434.78,10.27,423.71,567.50,4,37.48
879,256.358,3094.851,552885.14,4482864.19,155.19,12.53,124.45,197.58,6,16.61
880,257.138,3192.088,562608.82,4482786.20,280.42,41.62,228.99,517.94,10,18.49
881,259.005,805.864,323986.39,4482599.48,480.07,50.86,358.18,557.04,6,25.60
882,267.761,1019.235,345323.49,4481723.85,205.22,25.32,135.24,612.79,25,12.12
883,255.288,1090.172,352417.18,4482971.23,361.30,41.67,278.33,424.74,4,21.22
884,263.917,1168.789,360278.94,4482108.31,384.52,26.56,222.83,479.29,11,15.96
885,256.616,1231.633,366563.30,4482838.45,195.71,27.24,136.70,245.32,6,19.07
886,266.785,1402.309,383630.86,4481821.47,319.70,87.18,167.94,1113.45,35,16.85
887,259.730,1493.965,392796.47,4482526.99,320.15,16.43,273.94,388.01,6,19.22
888,259.301,1603.784,403778.40,4482569.87,1121.75,109.55,793.25,1270.21,4,49.44
889,266.629,1783.295,421729.52,4481837.10,161.04,40.37,118.45,443.39,10,17.34
890,265.965,1999.075,443307.50,4481903.51,239.04,46.32,118.39,422.97,13,19.10
891,254.028,2055.648,448964.77,4483097.19,187.18,43.21,127.42,251.22,4,22.12
892,264.173,2081.729,451572.85,4482082.74,244.21,51.08,154.86,472.04,9,19.55
893,257.220,2092.423,452642.29,4482778.03,376.31,27.37,255.53,412.76,4,16.58
894,268.769,2238.804,467280.39,4481623.06,410.70,82.74,284.17,588.88,21,16.54
895,259.573,2452.288,488628.75,4482542.70,190.75,10.35,151.61,207.28,4,13.48
896,263.601,2498.133,493213.29,4482139.92,241.88,30.03,201.47,323.49,12,19.11
897,266.084,2640.382,507438.20,4481891.63,298.30,82.13,197.09,536.32,9,13.87
898,259.864,2650.208,508420.81,4482513.58,517.06,31.53,284.67,563.53,4,27.82
899,269.246,2980.589,541458.89,4481575.40,197.62,50.06,100.21,347.47,18,13.42
900,263.343,3208.592,564259.16,4482165.69,234.34,20.83,104.07,340.29,13,17.34
901,264.984,558.331,299233.06,4482001.62,271.13,48.92,137.07,361.49,8,19.09
902,262.441,706.666,314066.62,4482255.86,295.77,73.44,177.38,450.23,8,24.15
903,255.569,858.979,329297.94,4482943.12,1242.79,28.70,1162.34,1291.05,4,67.33
904,268.598,1050.327,348432.66,4481640.21,270.68,113.87,104.59,614.94,16,19.17
905,264.177,1123.956,355795.64,4482082.27,505.81,42.46,242.80,586.76,4,30.03
906,257.394,1190.757,362475.72,4482760.59,196.76,47.72,146.39,306.58,4,19.05
907,262.768,1452.180,388618.01,4482223.18,199.53,30.92,156.58,249.96,6,18.08
908,266.726,1755.969,418996.88,4481827.36,286.24,80.22,169.98,456.27,16,15.07
909,261.756,1943.760,437776.03,4482324.36,129.00,15.14,104.70,176.44,6,13.55
910,265.303,2160.307,459430.72,4481969.72,236.74,64.44,101.20,330.58,8,18.33
911,263.399,2268.680,470268.01,4482160.06,341.05,126.17,169.53,552.05,8,23.42
912,265.253,2311.445,474544.52,4481974.65,348.88,77.84,218.76,629.26,14,27.38
913,267.838,2346.920,478091.95,4481716.15,307.82,52.88,140.01,497.86,10,20.05
914,263.586,2587.123,502112.28,4482141.42,421.43,70.20,290.89,641.60,10,24.43
915,260.148,2872.135,530613.46,4482485.17,229.11,65.85,133.38,325.66,4,17.05
916,264.653,2958.756,539275.60,4482034.69,406.06,23.87,346.71,476.74,6,37.01
917,263.875,2998.861,543286.14,4482112.46,183.62,24.43,121.74,323.40,5,16.20
918,263.197,3131.647,556564.71,4482180.30,177.28,64.61,102.49,461.55,6,19.20
919,268.950,602.023,303602.32,4481604.97,146.79,7.79,112.80,176.06,7,9.14
920,270.300,625.799,305979.91,4481469.99,235.85,78.98,101.57,391.13,8,12.58
921,268.355,692.058,312605.79,4481664.46,151.50,40.70,110.80,256.65,7,15.86
922,270.306,1141.723,357572.34,4481469.36,519.94,135.75,192.54,714.00,5,18.54
923,270.684,1218.457,365245.74,4481431.63,302.99,23.05,122.38,476.15,11,21.36
924,264.776,1275.642,370964.19,4482022.39,125.92,3.41,122.51,206.44,5,12.53
925,269.892,1919.423,435342.28,4481510.79,208.96,66.90,129.06,355.78,9,18.81
926,271.705,2130.624,456462.40,4481329.46,391.36,95.38,207.56,617.96,16,29.46
927,267.347,2562.312,499631.23,4481765.26,259.23,107.19,117.70,429.07,7,14.47
928,272.410,2616.660,505066.03,4481258.98,294.22,102.55,153.27,587.10,11,13.33
929,271.639,2731.089,516508.92,4481336.11,265.15,26.11,207.74,342.30,5,13.18
930,268.745,2925.499,535949.91,4481625.53,362.47,157.85,190.00,995.23,13,27.72
931,265.908,3030.594,546459.38,4481909.20,243.69,31.57,170.73,289.41,4,25.63
932,264.488,3044.720,547872.00,4482051.16,158.34,37.94,120.40,218.32,5,15.78
933,278.983,546.629,298062.92,4480601.73,184.19,49.61,101.51,292.72,12,18.09
934,282.927,811.496,324549.59,4480207.34,223.36,19.48,134.77,289.11,15,15.86
935,277.050,856.951,329095.05,4480795.03,418.49,60.64,325.30,569.64,6,37.19
936,275.292,1123.090,355709.01,4480970.80,600.00,2.78,342.38,602.79,5,16.05
937,268.536,1262.871,369687.07,4481646.35,138.84,24.85,113.99,268.24,5,16.80
938,271.052,1434.784,386878.39,4481394.79,393.86,56.12,146.65,484.69,4,20.16
939,271.823,1490.257,392425.73,4481317.73,399.80,15.65,360.98,587.35,7,17.94
940,268.829,1846.165,428016.51,4481617.12,227.14,16.01,162.10,257.07,4,16.02
941,277.648,2182.898,461689.78,4480735.17,233.14,32.46,170.35,466.96,15,16.37
942,274.102,2286.115,472011.55,4481089.83,355.55,50.62,240.89,474.75,11,15.22
943,275.531,2334.672,476867.23,4480946.89,309.03,87.56,188.01,465.25,10,19.21
944,269.853,2417.832,485183.20,4481514.67,206.93,32.65,171.52,319.42,5,17.86
945,279.034,2654.812,508881.19,4480596.58,235.45,70.61,126.49,653.97,16,19.10
946,270.339,2712.253,514625.28,4481466.08,165.19,46.35,107.54,312.99,4,16.94
947,271.325,2901.155,533515.48,4481367.53,184.70,26.00,131.29,232.77,7,15.30
948,267.272,3011.122,544512.18,4481772.84,157.86,30.98,110.87,192.68,4,15.34
949,270.612,3111.353,554535.30,4481438.83,277.06,102.41,156.93,470.30,9,23.61
950,275.487,3197.814,563181.38,4480951.31,233.03,32.03,145.71,439.96,9,19.08
951,277.019,461.632,289563.19,4480798.11,132.31,11.08,106.14,225.75,9,14.81
952,269.408,485.623,291962.34,4481559.23,198.77,14.96,117.73,216.98,4,13.21
953,274.567,879.003,331300.31,4481043.31,870.79,187.62,683.17,1368.93,5,53.45
954,273.744,1086.639,352063.92,4481125.58,305.70,136.52,134.50,460.33,8,31.85
955,280.094,1106.409,354040.93,4480490.65,637.83,65.46,455.94,812.50,13,14.11
956,278.068,1186.527,362052.65,4480693.18,322.14,51.97,215.97,411.23,6,24.98
957,279.936,1319.508,375350.75,4480506.35,343.19,89.27,187.77,557.30,21,25.28
958,278.731,1684.614,411861.45,4480626.87,550.13,194.32,184.15,963.52,9,30.06
959,273.437,1944.541,437854.08,4481156.34,233.64,37.11,119.38,314.84,8,21.37
960,274.996,2149.125,458312.53,4481000.39,269.22,20.62,173.57,335.63,7,16.60
961,282.365,2506.757,494075.73,4480263.49,196.09,47.37,126.71,382.15,16,15.63
962,276.500,2754.968,518896.82,4480849.99,381.22,94.76,279.09,478.45,5,28.65
963,304.010,2962.822,539682.18,4478099.02,403.14,55.77,282.38,685.83,29,18.65
964,275.997,570.092,300409.21,4480900.28,202.76,14.33,156.06,227.81,4,20.05
965,283.192,684.411,311841.14,4480180.80,158.79,18.61,118.52,378.18,7,14.68
966,279.414,725.323,315932.32,4480558.57,312.06,42.98,224.17,355.06,6,23.35
967,273.061,744.640,317864.03,4481193.88,341.57,47.39,288.64,471.22,4,30.00
968,284.021,787.529,322152.87,4480097.90,180.72,37.64,125.54,308.26,14,16.25
969,285.011,913.468,334746.77,4479998.89,307.53,117.03,167.04,572.05,10,24.64
970,280.895,934.803,336880.25,4480410.45,319.11,77.92,222.31,479.04,6,25.96
971,282.424,996.952,343095.20,4480257.64,358.62,52.41,159.13,411.97,6,17.93
972,285.559,1033.904,346790.39,4479944.13,261.27,47.43,123.04,518.16,15,21.36
973,286.736,1070.856,350485.57,4479826.42,205.54,29.56,132.25,292.70,11,19.68
974,287.170,1202.514,363651.38,4479783.03,330.12,50.61,157.37,495.83,16,15.33
975,271.492,1252.930,368692.98,4481350.78,239.67,61.04,102.10,306.80,6,22.86
976,296.065,1291.257,372525.71,4478893.51,245.43,59.29,152.66,552.31,20,21.64
977,279.392,1348.859,378285.92,4480560.81,158.44,20.55,103.31,228.06,9,18.49
978,293.048,1408.853,384285.33,4479195.20,237.42,78.17,142.94,772.60,28,20.72
979,292.921,1451.814,388581.41,4479207.94,257.17,48.48,123.13,375.29,22,19.55
980,279.153,1547.636,398163.65,4480584.66,742.48,70.34,597.19,850.46,4,46.09
981,286.505,1843.737,427773.69,4479849.49,196.41,46.17,114.39,362.12,18,15.43
982,281.813,1862.848,429684.82,4480318.73,193.90,44.61,121.40,311.76,11,18.57
983,283.958,2701.055,513505.46,4480104.24,169.39,50.66,110.90,389.60,15,13.54
984,279.386,2805.638,523963.78,4480561.40,164.07,22.61,124.33,248.58,10,15.45
985,296.867,2925.134,535913.38,4478813.27,255.09,80.22,123.05,512.19,28,18.05
986,283.693,3151.728,558572.80,4480130.74,363.93,29.10,214.98,541.61,9,21.40
987,287.361,447.752,288175.22,4479763.87,152.28,21.59,107.98,297.18,10,16.00
988,286.600,593.047,302704.71,4479840.04,213.19,29.59,158.07,392.84,11,13.07
989,287.654,627.875,306187.50,4479734.64,296.48,28.86,241.19,386.19,6,11.05
990,280.556,672.024,310602.44,4480444.36,195.16,29.65,158.91,247.29,4,25.45
991,292.694,1235.704,366970.40,4479230.58,345.51,33.81,217.25,435.00,19,27.59
992,281.083,1371.850,380584.96,4480391.69,702.53,47.81,617.41,950.62,5,13.47
993,281.079,1638.449,407244.85,4480392.12,180.48,68.53,101.92,362.79,6,14.72
994,292.033,1672.291,410629.09,4479296.69,555.64,221.11,238.41,1106.48,22,35.93
995,284.018,2457.784,489178.37,4480098.23,185.45,28.27,122.93,244.49,7,15.97
996,283.470,2641.651,507565.07,4480153.00,291.01,59.69,184.87,356.89,4,23.38
997,285.762,2903.276,533727.56,4479923.78,158.57,40.73,109.60,265.39,6,9.50
998,281.551,3129.822,556382.21,4480344.89,459.01,41.41,396.43,509.88,4,23.81
999,286.809,432.761,286676.10,4479819.10,188.19,34.73,153.46,300.39,7,18.38
1000,286.411,472.855,290685.53,4479858.85,148.77,12.57,120.31,213.23,7,10.87
1001,290.864,491.534,292553.38,4479413.63,615.07,35.51,364.74,650.59,5,25.01
1002,288.827,652.385,308638.53,4479617.29,343.13,32.15,217.65,472.30,6,27.49
1003,286.947,697.285,313128.50,4479805.28,195.67,51.86,137.37,493.63,11,20.82
1004,291.238,761.172,319517.22,4479376.24,359.82,70.53,281.59,562.55,10,29.28
1005,291.220,982.044,341604.41,4479378.04,222.39,65.29,102.66,364.40,11,16.37
1006,289.990,1053.520,348752.01,4479501.03,340.53,58.25,262.01,533.24,9,23.33
1007,297.348,1258.796,369279.55,4478765.21,279.90,81.39,121.23,417.45,21,21.68
1008,289.027,1486.219,392021.91,4479597.29,430.73,151.64,218.71,688.46,5,32.08
1009,290.597,1651.851,408585.07,4479440.35,528.35,154.82,212.66,952.35,7,47.61
1010,287.007,1730.425,416442.48,4479799.33,539.58,66.21,395.18,897.24,8,23.44
1011,286.986,2074.352,450835.23,4479801.44,304.51,37.38,195.23,646.79,12,24.44
1012,290.045,2156.793,459079.31,4479495.52,256.74,36.38,130.49,308.86,5,17.28
1013,298.185,2354.808,478880.78,4478681.52,283.27,73.90,119.98,468.39,23,17.04
1014,290.141,2436.148,487014.81,4479485.86,319.26,13.04,158.74,337.89,8,20.34
1015,288.000,2475.478,490947.76,4479699.99,281.56,72.18,129.53,518.23,10,24.56
1016,302.301,2517.125,495112.46,4478269.86,275.05,58.68,176.05,434.62,19,14.26
1017,297.462,2885.963,531996.28,4478753.79,197.10,33.14,112.45,305.25,24,16.20
1018,291.767,3196.964,563096.45,4479323.32,374.35,84.43,183.68,587.29,8,25.47
1019,295.890,507.065,294106.46,4478910.97,257.12,29.42,206.80,341.18,7,26.76
1020,289.867,541.078,297507.82,4479513.33,251.76,10.86,130.97,264.46,6,20.72
1021,292.207,570.729,300472.93,4479279.35,143.38,20.60,116.86,247.05,6,10.89
1022,296.829,735.243,316924.30,4478817.06,464.03,93.16,165.47,627.55,15,27.38
1023,291.137,1003.985,343798.53,4479386.35,281.02,25.31,204.30,336.18,9,25.10
1024,296.086,1165.815,359981.49,4478891.43,493.38,27.25,324.02,563.39,5,13.57
1025,293.547,1588.883,402288.30,4479145.31,224.91,62.93,161.98,384.22,5,24.87
1026,295.564,1875.840,430984.04,4478943.63,188.86,47.27,128.75,368.43,11,16.65
1027,293.814,1927.987,436198.70,4479118.56,181.03,42.53,138.50,300.59,5,19.90
1028,292.875,2130.232,456423.17,4479212.50,434.89,53.20,191.67,648.24,7,30.96
1029,303.430,2303.785,473778.49,4478156.96,531.05,207.83,184.85,998.85,25,18.94
1030,294.639,2407.107,484110.69,4479036.14,255.45,57.21,119.20,387.95,9,19.05
1031,297.345,2553.110,498710.98,4478765.48,435.18,114.10,160.69,727.81,12,19.89
1032,288.325,2632.683,506668.32,4479667.52,458.07,66.62,385.03,551.06,4,30.26
1033,294.375,2748.998,518299.75,4479062.52,237.97,18.65,148.23,277.61,6,16.48
1034,297.691,3096.270,553026.95,4478730.91,272.96,86.92,120.85,600.33,13,16.28
1035,295.237,3122.267,555626.75,4478976.34,376.63,142.28,169.65,580.63,10,27.47
1036,290.533,3215.010,564900.96,4479446.74,226.53,52.96,122.41,291.59,6,18.68
1037,296.471,365.535,279953.46,4478852.94,152.63,6.93,123.23,274.53,9,14.65
1038,294.009,402.616,283661.55,4479099.08,231.03,56.04,141.12,346.38,4,14.28
1039,293.180,613.250,304724.99,4479182.02,153.82,31.56,112.59,209.44,4,15.54
1040,295.696,673.841,310784.05,4478930.44,229.50,9.87,152.95,256.99,5,15.15
1041,298.570,715.849,314984.87,4478642.97,382.80,93.87,202.48,538.96,6,28.34
1042,294.503,816.334,325033.40,4479049.75,404.22,90.46,194.91,574.74,11,25.64
1043,314.109,1021.531,345553.11,4477089.13,277.78,75.50,112.96,648.76,40,16.59
1044,294.554,1082.310,351631.03,4479044.55,371.41,29.01,146.04,412.64,6,15.49
1045,301.476,1305.072,373907.22,4478352.40,250.94,56.45,128.22,362.03,9,15.50
1046,295.878,1327.480,376148.04,4478912.20,223.87,41.38,125.79,302.13,5,16.95
1047,298.221,1473.161,390716.09,4478677.89,186.47,30.89,155.58,283.45,9,16.87
1048,303.531,1522.622,395662.24,4478146.87,334.96,184.20,114.67,563.71,9,15.87
1049,292.639,1977.647,441164.71,4479236.11,165.27,25.36,106.05,239.90,7,17.64
1050,291.436,2391.885,482588.51,4479356.36,212.71,52.07,132.51,290.19,6,20.39
1051,297.735,2607.426,504142.63,4478726.47,447.48,83.71,213.17,680.30,5,18.60
1052,294.588,2645.178,507917.80,4479041.22,232.17,66.27,165.90,422.53,5,19.78
1053,294.533,2690.519,512451.90,4479046.71,772.93,61.21,655.17,1005.19,6,41.04
1054,296.481,2715.130,514912.99,4478851.89,186.52,20.72,161.91,241.75,4,14.77
1055,295.690,2726.874,516087.42,4478931.00,196.78,28.69,111.48,245.07,4,17.39
1056,294.159,2901.005,533500.51,4479084.05,252.41,19.30,185.51,280.32,4,27.07
1057,297.892,2943.067,537706.73,4478710.84,345.14,60.23,168.47,494.05,9,16.62
1058,305.622,3009.367,544336.75,4477937.77,181.68,32.55,127.82,388.91,16,19.65
1059,294.379,3070.764,550476.37,4479062.13,266.52,67.27,126.19,408.24,15,15.73
1060,298.193,3147.693,558169.33,4478680.73,424.92,80.74,298.84,559.74,10,15.06
1061,301.596,3170.791,560479.08,4478340.38,466.65,49.86,291.43,686.61,11,26.71
1062,304.045,417.367,285136.73,4478095.49,268.06,53.46,139.90,413.28,13,15.46
1063,303.785,472.020,290601.96,4478121.46,309.12,82.20,102.93,833.15,16,25.75
1064,303.810,948.212,338221.22,4478118.99,188.64,30.59,121.38,409.25,15,17.98
1065,314.126,1217.342,365134.19,4477087.36,284.90,39.03,160.69,540.29,19,16.80
1066,312.579,1452.574,388657.36,4477242.11,156.70,29.58,111.54,262.94,15,15.96
1067,301.490,1619.223,405322.35,4478351.00,764.61,27.57,722.81,1119.22,4,42.28
1068,300.030,1838.022,427202.17,4478497.04,244.11,41.90,139.58,345.55,5,26.52
1069,298.061,2057.765,449176.48,4478693.90,224.50,50.15,152.39,297.32,8,25.29
1070,302.143,2085.145,451914.52,4478285.67,374.36,76.39,257.19,533.11,9,22.02
1071,318.048,2150.633,458463.31,4476695.25,239.95,69.91,107.55,620.64,15,25.29
1072,302.956,2261.604,469560.38,4478204.43,174.44,35.07,139.37,246.03,7,14.83
1073,304.839,2427.087,486108.68,4478016.12,219.49,47.51,119.53,333.28,13,19.31
1074,302.127,2446.097,488009.74,4478287.33,215.71,43.34,128.32,361.06,6,23.45
1075,296.070,2463.958,489795.77,4478892.98,290.66,80.54,192.82,517.49,4,38.80
1076,305.997,2504.648,493864.80,4477900.34,465.84,44.05,329.16,619.09,14,25.62
1077,302.246,2566.795,500079.55,4478275.39,645.59,103.48,505.60,870.26,7,27.97
1078,295.826,3048.725,548272.50,4478917.40,179.63,44.66,104.29,349.22,4,13.19
1079,320.129,3106.821,554082.09,4476487.06,218.59,81.60,107.91,612.26,26,15.82
1080,303.562,581.255,301525.54,4478143.82,228.25,22.16,132.54,250.42,5,13.62
1081,307.955,624.775,305877.48,4477704.45,493.67,80.51,306.11,1105.94,12,31.39
1082,303.725,639.267,307326.65,4478127.47,218.73,63.01,124.12,287.39,7,17.65
1083,303.636,861.098,329509.75,4478136.45,218.28,25.01,136.00,289.32,7,15.37
1084,302.537,921.416,335541.55,4478246.30,155.27,34.52,120.75,259.25,7,16.86
1085,306.481,1182.282,361628.17,4477851.92,188.59,63.63,120.79,361.28,10,15.07
1086,305.475,1535.590,396958.98,4477952.52,566.17,86.86,409.01,784.66,4,34.36
1087,306.124,1607.597,404159.69,4477887.65,707.71,313.15,188.77,1182.21,11,40.70
1088,312.418,1788.735,422273.46,4477258.17,560.54,129.71,299.48,1037.29,19,25.42
1089,303.326,1988.857,442285.66,4478167.44,261.92,45.02,123.51,420.94,9,20.78
1090,303.468,2163.566,459756.60,4478153.24,203.71,35.57,153.88,245.42,8,17.51
1091,304.734,2193.985,462798.47,4478026.62,461.48,46.38,375.16,507.86,5,31.29
1092,304.707,2282.723,471672.31,4478029.30,478.60,186.80,262.01,906.20,5,28.94
1093,295.582,2379.297,481329.73,4478941.84,258.54,43.32,198.93,347.32,4,23.01
1094,302.703,2471.091,490509.06,4478229.69,387.21,92.97,142.22,560.31,8,24.57
1095,311.697,2535.571,496957.06,4477330.35,370.93,87.44,242.43,522.25,16,11.61
1096,303.099,2738.103,517210.30,4478190.13,223.21,69.96,137.88,311.76,5,13.01
1097,308.279,2754.906,518890.64,4477672.06,382.14,22.73,202.96,611.14,5,18.45
1098,305.168,2974.288,540828.78,4477983.24,326.44,47.97,243.95,408.06,8,22.70
1099,304.817,2986.777,542077.71,4478018.25,311.75,76.39,205.88,555.36,10,19.45
1100,316.190,3190.849,562484.94,4476880.98,284.25,112.52,103.18,580.76,24,18.65
1101,307.144,666.582,310058.20,4477785.57,128.09,10.02,118.07,164.99,3,11.36
1102,307.782,768.350,320235.01,4477721.77,464.76,91.39,219.74,589.73,7,28.33
1103,312.388,1065.364,349936.42,4477261.16,215.22,31.78,165.96,369.34,10,20.98
1104,310.873,1142.821,357682.06,4477412.66,347.27,49.79,294.36,496.20,8,19.69
1105,309.859,1415.815,384981.54,4477514.07,245.36,120.81,117.52,409.83,5,17.84
1106,313.627,1854.168,428816.80,4477137.30,227.97,104.48,108.35,427.88,17,19.00
1107,330.063,2038.035,447203.49,4475493.67,481.81,111.66,213.86,835.39,31,27.21
1108,316.792,2120.515,455451.53,4476820.81,330.06,60.04,141.25,576.28,20,14.35
1109,312.782,2218.355,465235.47,4477221.77,643.35,16.98,626.37,673.62,5,18.15
1110,304.200,2241.638,467563.85,4478080.00,368.87,94.10,195.13,504.46,6,23.47
1111,305.613,2689.725,512372.53,4477938.71,559.35,62.95,458.28,665.75,4,36.09
1112,309.277,2768.079,520207.95,4477572.30,769.16,183.07,586.10,1103.07,5,38.75
1113,303.356,2862.643,529664.33,4478164.36,169.90,22.15,138.94,286.06,8,19.77
1114,312.062,449.844,288384.35,4477293.84,460.29,131.07,120.13,591.36,5,21.54
1115,314.657,502.868,293686.76,4477034.25,351.37,80.35,206.95,628.13,6,22.06
1116,315.647,699.087,313308.66,4476935.29,238.96,59.91,108.68,430.43,14,18.07
1117,311.376,718.777,315277.67,4477362.38,373.41,99.21,208.00,523.30,6,23.27
1118,305.388,802.074,323607.43,4477961.24,339.13,54.71,276.15,572.91,4,38.34
1119,317.113,816.323,325032.33,4476788.71,452.38,58.60,352.59,705.67,7,27.05
1120,314.431,834.326,326832.59,4477056.86,288.46,65.19,219.67,443.54,8,26.52
1121,310.787,935.127,336912.71,4477421.26,223.93,3.38,220.54,278.68,3,29.29
1122,310.030,979.420,341341.99,4477497.02,233.63,44.52,158.15,284.95,5,18.21
1123,316.035,1124.938,355893.78,4476896.50,445.37,50.04,194.07,636.68,9,19.40
1124,312.507,1269.216,370321.61,4477249.32,198.83,41.45,150.29,309.86,6,18.40
1125,313.836,1376.522,381052.16,4477116.41,168.49,40.92,114.45,297.50,4,17.54
1126,319.316,1721.209,415520.94,4476568.42,470.33,25.05,380.66,581.52,12,35.52
1127,309.768,2020.707,445470.75,4477523.22,298.53,66.66,158.73,365.19,5,24.26
1128,311.720,2873.303,530730.26,4477328.04,172.33,47.69,101.40,254.92,5,18.11
1129,314.216,3123.665,555766.50,4477078.39,152.14,39.71,112.44,238.74,5,19.47
1130,333.655,3161.824,559582.40,4475134.48,388.65,87.62,210.54,719.30,38,17.20
1131,326.846,399.298,283329.77,4475815.44,439.61,49.17,347.58,824.87,20,24.24
1132,324.138,652.370,308636.96,4476086.20,170.55,11.29,132.43,323.87,15,17.18
1133,327.664,683.720,311772.04,4475733.56,320.12,67.09,154.74,522.43,17,17.57
1134,318.625,733.931,316793.11,4476637.47,356.02,11.20,229.92,372.14,6,29.68
1135,324.075,750.102,318410.17,4476092.53,258.79,51.36,157.47,478.79,10,20.22
1136,316.966,999.826,343382.58,4476803.44,434.64,105.29,101.96,557.43,7,15.18
1137,320.484,1096.621,353062.09,4476451.61,471.39,101.88,128.72,625.41,13,19.10
1138,317.896,1160.805,359480.50,4476710.45,299.78,57.51,230.78,463.51,4,15.19
1139,315.064,1202.970,363696.98,4476993.64,401.51,17.90,347.01,435.71,4,25.07
1140,322.048,1231.652,366565.24,4476295.17,289.67,51.38,200.21,403.31,15,14.76
1141,309.457,1338.076,377207.61,4477554.27,148.04,19.03,119.32,226.09,4,17.64
1142,315.088,2258.899,469289.86,4476991.24,153.88,6.13,131.50,247.32,5,9.69
1143,316.385,2276.899,471089.85,4476861.46,835.52,217.63,338.18,1107.49,7,57.01
1144,316.467,2451.472,488547.22,4476853.33,190.69,73.00,117.69,507.83,13,17.11
1145,320.709,2471.292,490529.23,4476429.15,307.94,73.09,158.81,543.40,15,18.45
1146,317.448,2716.694,515069.36,4476755.22,319.32,112.59,133.54,499.94,10,22.61
1147,314.758,2747.415,518141.47,4477024.22,494.99,80.18,333.14,666.29,7,23.94
1148,313.657,2933.853,536785.29,4477134.28,302.55,38.40,174.03,401.45,10,13.97
1149,314.950,3144.095,557809.53,4477005.01,261.26,33.14,215.89,354.22,9,23.42
1150,332.892,431.250,286524.99,4475210.78,296.78,88.96,118.97,559.49,52,19.99
1151,319.027,561.435,299543.54,4476597.28,156.88,13.80,134.80,190.19,4,14.23
1152,320.552,584.957,301895.73,4476444.78,131.51,24.95,106.56,211.27,5,15.96
1153,313.613,592.756,302675.57,4477138.65,185.72,11.34,174.12,239.12,4,16.25
1154,321.987,608.422,304242.17,4476301.26,212.11,18.34,159.24,506.81,13,13.13
1155,323.551,1430.771,386477.09,4476144.93,201.51,62.64,136.17,449.56,6,21.38
1156,321.240,1520.858,395485.80,4476376.00,243.90,22.17,204.79,284.95,7,18.02
1157,324.504,2029.181,446318.09,4476049.58,361.36,46.04,309.58,461.54,6,33.03
1158,326.347,2073.288,450728.84,4475865.32,369.39,37.98,255.21,548.57,15,24.04
1159,321.728,2094.850,452884.95,4476327.21,198.72,15.10,128.11,218.88,4,11.81
1160,322.252,2171.695,460569.55,4476274.78,228.06,54.94,141.66,478.42,12,18.68
1161,325.136,2315.253,474925.33,4475986.42,347.61,77.32,207.38,448.77,10,15.23
1162,325.744,2516.561,495056.08,4475925.61,430.43,61.03,233.69,616.40,21,25.73
1163,320.363,2583.097,501709.75,4476463.66,401.60,62.16,292.71,1079.25,6,16.12
1164,320.485,2607.099,504109.92,4476451.50,1095.26,304.14,513.91,1470.70,6,43.15
1165,337.838,2647.286,508128.63,4474716.18,265.34,73.15,115.70,652.17,34,20.49
1166,325.864,2762.695,519669.51,4475913.65,443.27,59.42,129.05,943.48,14,33.10
1167,324.926,2790.089,522408.92,4476007.39,557.21,83.51,305.44,1414.67,10,54.47
1168,321.376,2816.014,525001.38,4476362.42,195.46,27.08,100.28,235.95,8,18.46
1169,320.446,2891.263,532526.30,4476455.36,243.98,74.29,127.93,408.77,4,20.86
1170,321.903,2901.868,533586.77,4476309.67,226.02,22.17,197.19,312.61,4,17.08
1171,322.552,2942.886,537688.61,4476244.84,262.25,39.03,189.34,312.55,8,22.48
1172,317.156,3063.322,549732.18,4476784.38,227.30,38.39,139.15,432.53,9,14.96
1173,325.115,3078.572,551257.18,4475988.54,285.73,92.70,110.99,437.89,13,18.48
1174,323.874,837.340,327134.05,4476112.55,247.76,29.67,211.31,340.05,7,18.10
1175,325.092,861.155,329515.47,4475990.76,160.63,41.36,110.06,244.64,7,15.04
1176,340.297,1121.509,355550.91,4474470.30,308.70,86.07,146.52,463.68,31,12.87
1177,331.058,1250.726,368472.65,4475394.25,370.35,51.89,156.42,493.12,15,23.34
1178,319.654,1300.172,373417.23,4476534.58,267.07,98.58,115.22,560.55,4,16.88
1179,325.290,1483.020,391702.03,4475970.96,310.96,77.27,113.96,507.67,11,24.41
1180,326.394,1593.153,402715.29,4475860.61,549.32,201.95,242.19,1053.09,24,23.00
1181,328.889,1682.868,411686.80,4475611.07,718.18,64.63,460.65,846.61,12,19.62
1182,327.435,1743.782,417778.22,4475756.53,686.23,52.40,630.81,833.64,5,51.15
1183,331.638,1762.383,419638.30,4475336.24,420.93,42.66,369.04,502.59,12,16.11
1184,327.891,1844.919,427891.92,4475710.91,162.82,54.93,107.88,608.91,5,24.04
1185,321.305,1921.189,435518.90,4476369.52,163.80,18.24,124.67,182.04,5,19.11
1186,330.264,2221.429,465542.88,4475473.64,507.89,72.61,266.41,745.09,18,25.03
1187,327.267,2880.843,531484.29,4475773.33,222.90,72.96,123.94,392.10,9,19.13
1188,332.288,498.215,293221.52,4475271.20,500.18,109.91,307.56,731.56,15,37.09
1189,332.594,718.471,315247.07,4475240.61,310.85,49.95,171.60,416.21,6,26.68
1190,326.293,799.179,323317.91,4475870.71,467.14,49.82,393.19,578.82,5,41.35
1191,330.551,1046.953,348095.33,4475444.94,277.77,22.66,237.46,463.07,6,16.15
1192,333.853,1064.261,349826.09,4475114.74,261.96,72.07,169.10,647.28,12,22.16
1193,330.935,1078.704,351270.44,4475406.54,723.76,57.10,347.68,907.18,10,26.05
1194,327.232,1284.455,371845.50,4475776.79,200.98,18.45,136.67,291.96,6,19.94
1195,326.590,1862.742,429674.21,4475841.01,190.36,36.73,118.24,315.78,8,17.83
1196,335.411,2141.157,457515.70,4474958.93,307.94,53.75,175.81,653.14,17,21.31
1197,329.749,2186.012,462001.25,4475525.15,410.25,75.29,267.24,573.08,5,31.28
1198,329.975,2338.691,477269.14,4475502.53,230.29,65.87,122.41,379.92,13,17.38
1199,328.820,2619.889,505388.91,4475618.03,187.01,54.07,102.11,703.84,9,14.29
1200,324.092,2992.975,542697.50,4476090.76,148.34,16.18,117.40,263.12,4,12.85
1201,329.612,3030.748,546474.84,4475538.78,348.95,97.17,212.55,467.71,8,15.65
1202,334.848,3118.935,555293.54,4475015.17,214.86,48.05,150.28,326.93,9,19.84
1203,328.610,3135.211,556921.14,4475639.00,294.33,104.88,138.11,860.17,10,24.12
1204,348.045,630.702,306470.22,4473695.49,367.57,155.77,110.57,723.14,32,17.91
1205,332.766,643.299,307729.92,4475223.38,155.97,42.02,103.94,246.28,5,19.96
1206,334.523,763.392,319739.15,4475047.65,283.86,79.13,200.53,439.81,4,27.36
1207,330.057,823.067,325706.68,4475494.34,250.94,11.58,232.22,451.88,4,27.40
1208,337.066,967.953,340195.34,4474793.36,219.93,63.33,156.60,377.68,9,20.59
1209,339.505,995.419,342941.87,4474549.51,307.70,87.29,160.01,739.77,34,21.07
1210,347.749,1150.484,358448.38,4473725.06,284.06,58.19,130.05,506.68,35,15.00
1211,337.938,1169.875,360387.52,4474706.16,292.92,88.34,141.84,703.58,17,17.11
1212,333.839,1341.696,377569.63,4475116.06,148.53,29.81,116.35,216.64,11,19.98
1213,339.203,1544.930,397892.97,4474579.67,310.13,65.40,199.51,607.94,12,17.06
1214,332.177,2277.470,471147.03,4475282.34,655.01,125.12,470.83,881.71,4,33.13
1215,334.398,2909.808,534380.84,4475060.24,241.92,60.22,175.62,634.73,11,14.65
1216,338.750,2988.517,542251.68,4474625.00,207.17,65.54,103.17,409.13,15,19.40
1217,333.007,3012.997,544699.66,4475199.28,158.70,15.69,113.03,296.03,5,14.13
1218,328.517,3051.566,548556.61,4475648.29,173.03,55.64,117.39,263.74,3,14.92
1219,335.303,3183.556,561755.63,4474969.74,205.13,17.45,168.75,445.86,11,15.70
1220,339.336,480.801,291480.12,4474566.44,360.76,107.72,253.04,635.14,5,24.98
1221,336.200,602.491,303649.14,4474880.01,297.89,3.80,294.09,344.70,3,18.81
1222,342.442,729.939,316393.89,4474255.80,362.07,75.39,243.47,528.24,19,27.05
1223,332.552,1239.382,367338.22,4475244.84,379.96,61.72,301.83,455.83,4,16.56
1224,340.391,1303.060,373705.97,4474460.88,252.45,71.37,168.62,380.84,11,25.18
1225,335.134,1370.532,380453.21,4474986.64,184.35,32.86,116.54,217.21,5,13.38
1226,336.665,1411.668,384566.77,4474833.51,160.28,1.89,150.46,203.68,5,17.92
1227,347.895,1500.863,393486.25,4473710.52,304.25,77.12,106.31,648.47,31,18.48
1228,339.554,1524.941,395894.07,4474544.57,323.88,27.02,202.41,351.46,7,19.46
1229,339.186,1621.461,405546.09,4474581.35,913.95,172.40,598.25,1126.53,4,46.64
1230,336.883,1671.362,410536.23,4474811.70,680.76,55.53,625.21,807.58,4,27.23
1231,341.459,1726.112,416011.17,4474354.09,592.03,87.52,446.10,1255.94,16,40.43
1232,344.247,1741.213,417521.26,4474075.30,561.53,56.49,439.52,699.85,13,19.54
1233,336.391,1870.674,430467.38,4474860.85,165.95,23.39,134.10,286.83,4,14.54
1234,332.226,2016.103,445010.30,4475277.38,249.05,74.95,165.29,332.55,5,19.26
1235,339.176,2102.138,453613.80,4474582.37,418.96,75.02,276.76,600.93,9,18.90
1236,342.053,2164.608,459860.75,4474294.68,187.81,53.87,111.76,306.77,12,16.86
1237,332.168,2393.400,482740.04,4475283.20,116.20,6.06,103.57,174.69,5,15.10
1238,330.667,2420.607,485460.67,4475433.28,180.38,21.50,139.57,245.16,6,18.69
1239,337.829,2476.524,491052.44,4474717.14,491.52,116.22,194.83,628.59,6,19.51
1240,337.215,2537.229,497122.87,4474778.45,404.09,45.19,211.24,468.96,5,12.29
1241,339.152,2744.880,517887.97,4474584.81,243.89,54.80,110.67,601.17,10,25.41
1242,338.051,2935.875,536987.52,4474694.91,303.82,58.28,183.01,541.16,15,15.71
1243,335.936,2967.958,540195.81,4474906.42,430.44,64.75,241.57,503.74,7,22.79
1244,339.362,590.622,302462.24,4474563.80,258.77,3.56,253.42,312.94,4,13.11
1245,345.773,1187.859,362185.87,4473922.70,250.62,49.90,146.42,340.35,11,22.63
1246,340.712,1443.411,387741.10,4474428.79,302.53,42.58,178.68,358.08,8,19.36
1247,339.823,1789.871,422387.12,4474517.70,445.47,27.75,401.74,998.25,4,24.20
1248,341.736,2281.120,471512.02,4474326.38,536.69,106.87,236.02,753.09,14,28.78
1249,342.588,3068.678,550267.83,4474241.25,422.82,89.48,122.58,512.30,5,39.46
1250,343.494,3082.023,551602.33,4474150.58,278.90,20.02,258.88,404.69,9,19.23
1251,343.779,3222.908,565690.79,4474122.06,178.29,24.51,121.17,215.86,6,16.25
1252,340.463,513.726,294772.57,4474453.71,352.86,194.57,135.38,943.15,7,17.40
1253,341.766,554.506,298850.62,4474323.35,281.99,157.92,118.41,545.14,7,18.36
1254,333.869,562.807,299680.68,4475113.15,136.31,2.23,114.18,138.54,3,12.47
1255,344.697,570.870,300486.95,4474030.34,220.78,5.55,153.58,226.33,5,17.99
1256,345.365,684.954,311895.38,4473963.51,310.38,34.58,151.93,551.35,14,25.13
1257,343.420,750.169,318416.87,4474158.04,360.61,76.05,158.10,486.15,8,21.51
1258,343.943,769.907,320390.74,4474105.70,275.24,37.11,234.75,512.76,6,21.47
1259,344.244,1032.419,346641.94,4474075.59,334.66,66.14,239.98,584.55,9,16.36
1260,340.177,1245.034,367903.37,4474482.31,272.15,17.52,235.12,294.59,4,7.75
1261,358.517,1418.019,385201.88,4472648.33,220.10,58.78,110.95,352.17,18,18.24
1262,351.111,1469.159,390315.88,4473388.93,315.64,47.00,182.70,449.40,15,27.28
1263,350.201,1803.992,423799.25,4473479.92,385.92,110.86,142.43,708.44,21,21.03
1264,346.994,1833.657,426765.75,4473800.62,336.70,51.67,283.41,862.82,8,37.23
1265,339.465,1841.463,427546.26,4474553.50,537.79,110.08,329.68,1216.30,4,47.33
1266,346.042,1878.630,431262.98,4473895.77,196.90,34.39,127.33,285.05,12,11.60
1267,338.561,1901.027,433502.73,4474643.87,145.74,7.66,100.62,153.99,4,17.40
1268,343.204,2000.740,443473.99,4474179.62,185.73,5.23,131.95,274.61,5,17.94
1269,345.187,2086.515,452051.49,4473981.33,330.76,82.10,237.19,613.72,6,22.77
1270,338.906,2124.256,455825.63,4474609.40,298.46,26.81,232.69,380.53,6,12.65
1271,357.338,2311.112,474511.22,4472766.17,230.92,59.58,146.17,410.13,32,19.93
1272,353.574,2771.553,520555.27,4473142.61,264.48,63.10,115.09,539.33,26,16.04
1273,345.350,3014.487,544848.73,4473965.05,132.08,18.72,104.77,184.27,6,15.10
1274,343.879,3036.924,547092.37,4474112.05,231.65,22.50,182.17,377.33,11,19.82
1275,345.851,1074.239,350823.93,4473914.85,255.58,67.00,186.52,452.89,4,8.58
1276,346.108,1289.647,372364.69,4473889.20,252.68,20.53,229.33,296.58,4,17.24
1277,348.754,1343.487,377748.67,4473624.61,174.84,33.09,115.39,210.57,4,14.41
1278,349.970,1431.782,386578.23,4473502.98,193.76,23.65,159.44,286.15,4,24.86
1279,350.762,1553.347,398734.68,4473423.75,264.46,75.33,158.75,416.75,10,21.17
1280,346.493,1569.653,400365.26,4473850.65,183.20,34.80,140.10,261.84,7,20.04
1281,344.830,2212.350,464635.04,4474017.03,343.84,83.11,218.16,428.42,4,32.20
1282,354.465,2255.484,468948.43,4473053.54,288.03,76.91,105.59,530.05,28,20.72
1283,349.793,2723.717,515771.67,4473520.67,353.89,55.91,189.71,450.53,6,36.92
1284,348.586,2790.642,522464.19,4473641.39,268.67,31.97,211.59,467.09,8,16.51
1285,345.222,2801.358,523535.75,4473977.78,255.90,60.80,176.39,401.87,4,13.68
1286,351.019,2917.078,535107.84,4473398.11,189.47,31.39,151.31,375.59,11,12.02
1287,349.734,2976.557,541055.74,4473526.59,263.15,42.87,200.82,399.04,4,25.30
1288,351.031,3131.849,556584.91,4473396.88,227.19,52.66,147.85,525.22,11,21.50
1289,352.997,3195.245,562924.51,4473200.27,197.02,48.62,119.68,482.57,16,13.47
1290,351.873,407.722,284172.21,4473312.72,208.48,51.13,132.13,433.39,6,20.06
1291,352.733,470.055,290405.47,4473226.68,189.52,39.11,136.61,343.68,11,17.55
1292,352.976,817.699,325169.89,4473202.39,469.45,73.82,245.35,770.50,13,20.01
1293,353.076,1064.230,349823.01,4473192.36,168.25,30.17,128.02,602.12,6,14.31
1294,348.939,1254.116,368811.65,4473606.11,290.35,20.91,228.42,311.26,5,14.56
1295,346.266,1322.459,375645.89,4473873.36,160.65,11.76,143.50,182.40,4,19.58
1296,354.249,1583.980,401797.96,4473075.07,314.61,41.65,123.44,380.78,8,19.88
1297,359.071,1855.703,428970.31,4472592.90,251.92,58.55,142.17,518.03,17,19.80
1298,351.358,2064.643,449864.29,4473364.25,457.58,36.36,382.83,512.83,4,21.04
1299,365.432,2116.487,455048.65,4471956.76,266.50,39.66,154.07,619.87,25,14.27
1300,353.151,2154.870,458887.02,4473184.93,302.13,37.27,182.37,514.14,9,19.94
1301,355.931,2228.724,466272.36,4472906.93,273.72,115.42,158.30,593.62,7,30.38
1302,354.300,2327.491,476149.06,4473069.96,141.40,9.27,127.54,167.13,4,15.24
1303,354.859,2533.757,496775.72,4473014.11,478.16,95.69,115.93,594.32,11,19.94
1304,352.140,2827.735,526173.46,4473285.97,251.13,26.75,150.74,328.21,9,15.91
1305,358.399,3048.161,548216.06,4472660.07,293.49,52.07,174.76,399.15,13,13.97
1306,347.850,3108.956,554295.60,4473714.99,338.96,60.35,223.84,408.01,5,20.23
1307,358.675,370.619,280461.91,4472632.46,157.91,22.16,125.33,231.94,12,15.45
1308,360.938,490.359,292435.93,4472406.23,287.18,45.76,184.00,494.93,16,18.21
1309,360.323,585.844,301984.37,4472467.68,286.51,48.99,168.87,383.32,15,19.25
1310,361.552,833.376,326737.62,4472344.76,249.25,53.09,146.49,312.80,11,21.32
1311,351.507,938.226,337222.63,4473349.29,275.27,73.39,150.85,475.62,6,31.44
1312,351.175,950.144,338414.37,4473382.54,225.27,13.84,177.06,279.85,5,16.54
1313,356.098,1043.321,347732.06,4472890.18,151.36,29.15,109.23,685.76,10,15.05
1314,358.596,1269.657,370365.71,4472640.39,265.39,76.18,148.52,488.84,24,23.02
1315,353.783,1313.184,374718.40,4473121.68,276.26,6.79,245.71,313.04,5,15.99
1316,362.326,1629.830,406382.96,4472267.35,507.74,147.56,150.09,708.09,13,27.57
1317,355.012,1777.917,421191.70,4472998.81,542.61,71.51,297.33,647.75,6,14.59
1318,354.567,2006.856,444085.65,4473043.26,252.28,13.82,215.20,581.36,5,14.50
1319,357.702,2039.752,447375.24,4472729.83,719.32,75.10,550.64,928.92,7,31.09
1320,378.979,2083.766,451776.62,4470602.07,302.11,80.83,115.76,914.10,51,16.90
1321,355.349,2366.291,480029.07,4472965.09,188.23,35.39,123.56,225.39,4,14.45
1322,359.471,2800.567,523456.71,4472552.87,250.37,24.90,117.35,510.52,11,15.42
1323,376.116,2862.274,529627.39,4470888.45,284.16,54.15,171.80,1134.87,48,16.95
1324,355.252,2879.602,531360.22,4472974.78,233.05,22.78,210.27,258.61,5,11.76
1325,356.820,2899.526,533352.65,4472818.04,273.33,40.47,140.89,321.54,7,14.62
1326,356.485,426.468,286046.79,4472851.50,185.75,13.72,118.68,279.23,6,14.59
1327,364.098,617.151,305115.10,4472090.16,458.75,25.31,341.95,606.44,9,23.68
1328,364.945,711.036,314503.58,4472005.49,283.10,122.63,160.47,940.38,11,28.31
1329,359.333,762.884,319688.43,4472566.65,196.86,40.88,130.19,275.60,6,13.36
1330,361.632,798.480,323248.03,4472336.81,595.26,226.21,339.98,1066.89,6,49.11
1331,362.375,1084.562,351856.20,4472262.49,372.72,99.73,212.27,547.54,20,23.63
1332,365.367,1179.665,361366.49,4471963.35,350.69,56.30,151.00,468.66,8,27.58
1333,371.112,1607.541,404154.14,4471388.77,254.90,53.11,157.29,560.58,18,18.83
1334,360.514,1657.052,409105.24,4472448.60,507.31,66.71,377.54,676.67,4,19.71
1335,358.853,1726.366,416036.56,4472614.72,857.37,27.48,545.67,892.02,4,37.77
1336,362.650,1870.242,430424.25,4472235.05,175.24,34.90,117.52,332.40,6,14.22
1337,360.646,1930.655,436465.46,4472435.41,223.85,22.55,152.59,268.52,4,17.76
1338,364.657,2174.162,460816.18,4472034.27,660.85,98.65,172.67,926.22,15,24.61
1339,362.489,2473.337,490733.66,4472251.06,351.39,57.87,126.38,584.88,10,16.79
1340,361.197,2578.831,501283.10,4472380.29,412.79,22.01,390.78,476.06,5,15.52
1341,365.783,2620.179,505417.93,4471921.67,309.43,62.84,145.81,678.25,20,18.87
1342,363.480,2748.989,518298.89,4472151.99,274.39,82.76,160.97,541.34,10,32.23
1343,361.982,3015.268,544926.83,4472301.80,266.47,39.93,104.10,361.31,20,15.60
1344,360.307,3112.843,554684.25,4472469.26,293.47,27.24,266.23,565.12,5,22.76
1345,361.180,3145.232,557923.15,4472382.03,508.97,40.60,336.20,894.94,10,39.59
1346,362.798,959.054,339305.44,4472220.21,162.32,47.67,114.28,279.28,7,21.58
1347,370.308,1012.878,344687.76,4471469.18,267.32,76.92,127.59,693.61,11,19.05
1348,360.113,1370.045,380404.50,4472488.74,199.35,13.11,178.52,227.56,4,16.38
1349,364.968,1747.362,418136.24,4472003.19,531.74,84.77,444.54,690.66,8,32.85
1350,365.052,1945.819,437981.86,4471994.80,209.45,28.30,172.84,246.20,4,12.75
1351,381.640,2201.048,463504.83,4470335.99,411.93,80.87,159.63,634.13,21,20.68
1352,362.444,2390.652,482465.21,4472255.63,195.71,33.43,102.76,293.93,9,20.67
1353,361.673,2453.742,488774.20,4472332.70,294.19,48.83,132.70,367.06,4,22.71
1354,366.059,2571.950,500594.99,4471894.13,1012.95,137.80,598.46,1166.30,5,73.48
1355,364.762,2938.804,537280.37,4472023.78,480.34,59.13,372.64,614.07,4,36.21
1356,364.344,3220.404,565440.41,4472065.56,210.54,55.57,125.27,371.66,8,14.37
1357,369.742,417.016,285101.56,4471525.78,312.38,90.31,205.46,491.22,4,24.37
1358,373.083,632.531,306653.07,4471191.66,149.00,43.86,105.14,407.16,13,16.72
1359,373.714,686.187,312018.73,4471128.64,454.44,66.63,387.25,619.47,8,27.20
1360,367.104,729.336,316333.59,4471789.55,336.70,58.28,233.25,538.36,6,43.53
1361,366.920,748.034,318203.40,4471807.95,242.11,57.52,175.06,324.44,7,27.90
1362,365.403,905.239,333923.92,4471959.73,231.17,35.11,196.06,370.60,5,26.10
1363,366.527,916.509,335050.92,4471847.27,377.59,44.84,289.32,466.33,4,25.77
1364,367.641,975.810,340981.02,4471735.91,142.44,26.46,105.85,241.50,6,13.60
1365,371.694,1031.115,346511.45,4471330.56,421.43,73.63,304.72,694.72,8,26.91
1366,363.088,1066.299,350029.92,4472191.21,352.35,112.63,128.19,662.71,4,13.74
1367,362.717,1356.587,379058.65,4472228.35,182.85,19.16,150.10,303.41,6,16.91
1368,367.036,1549.834,398383.39,4471796.37,332.26,105.89,130.95,438.15,5,25.06
1369,372.627,1646.609,408060.93,4471237.26,333.40,34.19,240.82,450.33,9,38.68
1370,370.063,1665.876,409987.59,4471493.67,378.20,30.77,322.89,516.50,9,15.41
1371,368.350,1776.663,421066.30,4471665.00,598.48,66.78,345.21,711.15,14,16.22
1372,368.618,1812.036,424603.63,4471638.20,341.31,26.78,295.71,384.31,6,26.40
1373,367.079,1887.071,432107.14,4471792.07,224.50,39.72,184.78,326.93,9,19.16
1374,365.238,2491.811,492581.10,4471976.23,147.10,22.65,112.18,196.06,4,8.33
1375,370.434,2596.952,503095.18,4471456.59,636.31,143.47,417.21,887.20,8,30.92
1376,364.393,2989.010,542301.00,4472060.72,237.57,23.45,148.49,340.27,6,23.22
1377,371.549,3039.371,547337.09,4471345.05,466.83,21.56,318.27,497.19,5,25.83
1378,366.907,3061.680,549568.02,4471809.30,349.45,92.84,125.51,558.72,10,22.27
1379,369.399,3131.648,556564.81,4471560.10,965.04,144.71,625.08,1184.22,6,48.74
1380,373.727,510.319,294431.94,4471127.31,323.37,40.51,247.60,469.74,7,22.57
1381,371.680,923.872,335787.20,4471332.05,228.71,48.93,143.72,293.49,4,18.55
1382,374.767,934.470,336847.04,4471023.32,341.81,45.30,262.09,393.77,6,34.11
1383,379.602,1058.444,349244.45,4470539.78,181.81,44.10,121.54,313.86,13,17.10
1384,376.877,1127.161,356116.12,4470812.29,171.87,9.46,132.65,325.39,8,13.97
1385,375.270,1317.208,375120.79,4470972.96,423.55,54.51,262.34,498.48,9,20.62
1386,371.764,1341.383,377538.30,4471323.64,228.96,55.69,105.85,419.92,9,15.71
1387,376.765,1412.763,384676.30,4470823.48,252.04,51.24,153.94,484.19,19,18.70
1388,370.020,1494.287,392828.73,4471498.03,937.58,46.37,881.09,1024.71,6,44.45
1389,373.238,1530.621,396462.15,4471176.24,226.15,21.13,175.68,300.11,8,20.26
1390,373.099,1581.709,401570.88,4471190.10,353.80,69.31,217.69,668.48,7,22.29
1391,378.137,1684.356,411835.56,4470686.26,674.51,71.99,543.80,855.02,6,16.70
1392,377.260,1712.621,414662.07,4470773.99,767.23,201.01,496.53,1288.01,13,48.62
1393,371.750,2230.070,466406.95,4471325.00,196.22,32.18,154.70,343.88,6,22.53
1394,367.175,2507.857,494185.68,4471782.53,317.29,10.83,189.01,374.63,6,24.52
1395,371.658,2807.208,524120.79,4471334.22,286.30,22.70,255.76,316.15,4,28.94
1396,365.508,2824.075,525807.49,4471949.22,205.03,14.28,165.73,223.91,4,15.33
1397,374.883,2888.485,532248.53,4471011.71,437.29,75.70,182.75,577.12,10,22.15
1398,373.817,2956.311,539031.14,4471118.28,408.84,156.28,176.61,1450.31,7,54.53
1399,375.383,3109.874,554387.39,4470961.70,424.14,73.30,331.55,652.87,12,16.88
1400,367.429,3207.630,564163.00,4471757.12,278.76,14.60,257.03,316.54,4,9.36
1401,374.637,391.237,282523.68,4471036.32,255.05,15.91,219.17,297.62,6,30.58
1402,375.717,583.160,301715.98,4470928.27,211.84,16.25,145.50,246.34,8,22.92
1403,379.075,785.305,321930.51,4470592.47,604.63,81.48,358.78,881.20,16,38.73
1404,379.052,868.243,330224.32,4470594.75,194.04,44.89,102.35,401.50,11,24.38
1405,377.812,893.123,332712.33,4470718.76,182.37,43.53,114.96,684.92,9,18.30
1406,374.729,1045.106,347910.65,4471027.14,225.03,26.79,198.24,394.68,5,18.80
1407,375.479,1187.068,362106.82,4470952.11,331.27,56.19,261.70,444.91,7,25.79
1408,375.102,1290.612,372461.20,4470989.79,148.72,13.60,126.46,291.50,4,14.05
1409,377.688,1329.385,376338.54,4470731.22,319.49,71.24,225.48,408.10,5,31.14
1410,376.026,1516.558,395055.77,4470897.39,252.26,64.32,155.36,588.17,6,24.45
1411,379.519,1799.803,423380.33,4470548.06,323.56,19.47,183.97,418.84,10,23.65
1412,378.112,1836.625,427062.54,4470688.79,584.65,110.96,296.46,798.71,11,18.87
1413,369.354,2013.554,444755.42,4471564.57,685.48,68.92,480.47,754.40,5,53.75
1414,376.740,2446.329,488032.90,4470825.97,233.11,63.43,143.02,408.93,18,17.14
1415,369.485,2477.787,491178.71,4471551.55,464.23,3.36,439.72,467.59,3,13.35
1416,373.880,2537.443,497144.33,4471112.00,618.54,117.39,454.76,932.68,5,28.25
1417,373.099,2695.298,512929.80,4471190.07,216.64,81.78,100.50,914.03,7,21.14
1418,382.470,3028.424,546242.38,4470252.97,340.49,100.08,196.47,475.05,11,18.86
1419,378.947,416.529,285052.91,4470605.30,250.38,33.10,203.13,287.00,6,16.50
1420,379.169,523.395,295739.48,4470583.15,153.02,7.38,116.18,192.58,6,12.31
1421,382.543,652.418,308641.79,4470245.73,314.55,73.52,156.56,740.23,12,19.63
1422,386.470,810.310,324431.00,4469853.02,489.15,167.82,172.78,1050.00,32,25.28
1423,383.019,835.977,326997.72,4470198.12,555.74,151.01,134.49,887.38,8,43.45
1424,381.536,953.893,338789.30,4470346.42,395.45,45.13,170.27,518.78,6,21.74
1425,381.993,1078.256,351225.56,4470300.68,340.02,36.03,275.03,380.31,5,15.01
1426,389.400,1265.689,369968.95,4469560.01,304.77,89.49,156.15,596.16,26,12.24
1427,379.638,1438.624,387262.39,4470536.22,209.69,19.95,112.43,229.64,5,14.99
1428,379.928,1472.751,390675.08,4470507.22,520.44,36.56,375.17,574.46,4,20.66
1429,382.722,1592.861,402686.06,4470227.76,350.79,96.00,237.81,474.42,8,18.80
1430,379.267,1731.833,416583.27,4470573.34,674.34,50.22,582.69,807.21,4,47.71
1431,386.505,1866.032,430003.20,4469849.52,294.97,92.93,109.78,542.32,11,19.32
1432,376.750,1876.559,431055.86,4470824.97,188.84,30.33,147.68,245.75,4,23.39
1433,379.771,1945.624,437962.42,4470522.88,178.89,19.42,152.47,276.29,7,23.67
1434,388.350,1988.386,442238.64,4469665.00,222.05,55.66,110.07,515.77,29,17.42
1435,376.121,2247.539,468153.86,4470887.93,205.92,41.47,129.09,317.95,6,22.75
1436,377.741,2423.515,485751.49,4470725.88,178.51,20.08,158.43,253.65,5,22.13
1437,390.580,2484.930,491893.04,4469441.97,431.34,62.74,256.64,612.07,25,15.83
1438,393.418,2725.618,515961.83,4469158.19,317.82,130.28,123.70,699.58,19,16.64
1439,376.327,2756.969,519096.92,4470867.31,536.37,57.34,388.56,615.98,4,36.08
1440,384.473,2777.295,521129.54,4470052.71,304.75,134.97,139.10,716.79,22,18.73
1441,385.290,3078.777,551277.72,4469971.01,234.04,18.62,199.10,280.09,6,20.78
1442,381.385,3147.870,558187.02,4470361.49,143.61,30.50,106.89,246.63,8,13.92
1443,392.312,3218.007,565200.65,4469268.76,305.05,70.04,160.45,454.07,15,18.18
1444,382.347,372.074,280607.40,4470265.26,276.74,100.35,176.17,442.87,4,17.29
1445,393.285,505.703,293970.28,4469171.50,186.90,26.67,146.22,262.36,12,19.47
1446,383.951,662.330,309632.97,4470104.90,361.44,67.05,180.95,441.56,4,21.71
1447,390.548,851.094,328509.41,4469445.20,178.43,28.07,132.77,374.70,8,14.12
1448,386.402,921.667,335566.70,4469859.84,193.93,42.16,137.64,456.25,14,19.15
1449,381.559,1095.317,352931.69,4470344.10,258.14,45.72,146.65,425.15,7,24.23
1450,381.983,1277.332,371133.16,4470301.69,298.30,25.68,252.40,355.97,4,13.47
1451,384.464,1564.431,399843.08,4470053.64,416.70,81.06,206.52,592.28,8,18.05
1452,383.527,2039.857,447385.72,4470147.28,587.64,66.31,434.87,1089.09,9,24.80
1453,394.328,2136.548,457054.77,4469067.18,376.44,141.06,154.77,946.85,15,25.26
1454,391.001,2151.910,458590.98,4469399.91,500.20,62.29,379.35,936.08,10,31.56
1455,392.479,2254.236,468823.64,4469252.06,208.47,66.67,133.52,364.72,11,19.24
1456,381.473,2349.530,478353.01,4470352.74,175.14,41.50,101.15,299.73,5,23.20
1457,392.263,2505.870,493987.02,4469273.68,311.83,33.62,227.07,460.85,10,32.43
1458,386.879,2636.853,507085.32,4469812.09,407.08,115.10,163.06,580.72,7,35.73
1459,386.254,2904.853,533885.27,4469874.60,694.63,102.64,421.37,1106.89,6,22.41
1460,383.743,2979.370,541337.04,4470125.69,697.60,82.25,491.80,929.09,8,29.00
1461,383.238,3053.464,548746.42,4470176.16,362.79,81.87,159.96,620.87,11,15.49
1462,385.460,3204.506,563850.55,4469954.01,225.54,12.09,203.22,315.16,6,24.22
1463,385.030,465.210,289920.99,4469996.98,255.43,79.74,148.95,389.28,8,20.63
1464,385.713,493.690,292769.04,4469928.71,244.91,32.80,113.58,291.66,4,18.25
1465,391.306,716.145,315014.50,4469369.39,196.05,11.98,161.75,213.30,6,19.38
1466,393.046,757.530,319152.95,4469195.43,540.50,70.23,168.60,747.96,15,26.46
1467,386.998,967.016,340101.57,4469800.23,213.99,51.28,152.19,434.15,7,19.44
1468,392.625,1036.902,347090.20,4469237.51,572.96,170.56,242.76,1014.25,24,36.26
1469,388.409,1111.751,354575.09,4469659.05,224.47,49.69,174.78,368.32,5,28.30
1470,386.214,1144.918,357891.76,4469878.56,330.85,30.64,284.43,580.18,5,18.75
1471,392.715,1307.193,374119.27,4469228.47,326.02,91.19,176.08,549.59,21,12.72
1472,388.216,1652.164,408616.43,4469678.41,296.42,66.14,157.71,579.15,7,31.64
1473,388.193,1749.500,418349.97,4469680.72,781.72,57.54,340.09,1064.36,7,28.61
1474,389.231,1814.420,424841.98,4469576.87,463.31,150.50,258.70,704.71,8,33.15
1475,390.952,2018.283,445228.28,4469404.80,726.51,115.01,554.36,931.24,9,40.48
1476,385.255,2274.295,470829.46,4469974.55,190.86,58.21,104.56,307.35,4,20.59
1477,389.078,2603.919,503791.90,4469592.24,318.10,24.84,266.89,437.58,8,13.16
1478,388.752,3110.633,554463.34,4469624.81,476.83,89.68,299.96,627.47,8,19.52
1479,395.876,400.481,283448.06,4468912.35,272.27,20.28,232.94,326.96,8,20.37
1480,397.608,420.428,285442.77,4468739.23,225.82,32.95,171.07,293.43,9,9.79
1481,395.123,600.284,303428.38,4468987.68,337.84,66.41,225.84,466.47,5,33.93
1482,397.524,628.222,306222.24,4468747.63,156.34,50.62,100.31,687.74,15,13.75
1483,391.711,675.972,310997.25,4469328.94,309.27,78.92,123.80,497.62,6,18.54
1484,386.536,738.407,317240.65,4469846.41,241.65,10.65,223.83,318.25,4,20.55
1485,393.529,769.299,320329.89,4469147.11,338.59,37.38,301.21,539.10,7,36.73
1486,395.272,889.661,332366.14,4468972.78,427.95,159.34,128.48,662.25,13,24.91
1487,387.654,1003.891,343789.14,4469734.61,226.27,20.61,183.21,316.23,6,18.87
1488,394.949,1139.623,357362.26,4469005.07,282.60,44.42,238.18,328.21,3,21.06
1489,395.190,1278.005,371200.54,4468980.99,283.45,56.27,180.09,433.94,7,11.20
1490,394.195,1478.486,391248.62,4469080.49,396.27,17.65,334.61,485.41,7,12.50
1491,397.505,1509.624,394362.45,4468749.52,791.46,172.94,566.72,1137.45,5,22.41
1492,394.413,1525.003,395900.32,4469058.67,266.47,95.63,148.85,528.53,6,24.52
1493,395.964,1785.530,421953.02,4468903.61,379.03,44.90,190.84,458.67,12,22.32
1494,391.792,2369.609,480360.87,4469320.84,148.57,6.19,142.38,214.19,5,14.70
1495,392.980,2555.769,498976.93,4469202.00,632.92,71.61,561.31,827.90,5,52.84
1496,394.324,2792.222,522622.20,4469067.58,389.18,79.35,263.71,602.76,12,21.46
1497,386.513,2828.376,526237.62,4469848.65,214.70,13.96,130.85,234.74,4,20.56
1498,394.448,384.151,281815.14,4469055.18,207.33,52.78,148.86,319.55,6,14.88
1499,394.056,538.808,297280.83,4469094.44,152.39,25.09,115.61,255.20,4,19.96
1500,395.201,1056.826,349082.62,4468979.92,164.05,39.07,108.65,246.47,7,14.27
1501,391.621,1090.928,352492.84,4469337.86,163.85,23.71,128.93,251.69,4,14.87
1502,392.969,1337.146,377114.56,4469203.06,185.33,13.42,118.80,204.50,4,25.06
1503,420.051,1605.638,403963.78,4466494.94,237.13,74.13,113.53,660.25,39,19.43
1504,400.380,1662.799,409679.86,4468461.99,288.99,32.79,181.61,459.62,10,21.29
1505,399.119,1762.356,419635.63,4468588.10,468.54,32.47,377.09,565.68,9,14.82
1506,398.985,1839.837,427383.71,4468601.55,517.00,115.64,339.60,813.01,11,23.62
1507,398.841,1958.883,439288.29,4468615.95,152.37,25.11,104.82,202.70,7,15.79
1508,397.566,2058.883,449288.26,4468743.37,261.15,54.67,182.41,615.07,10,20.12
1509,395.164,2435.600,486960.03,4468983.64,142.58,4.80,133.94,188.06,4,14.80
1510,401.906,2742.426,517642.59,4468309.38,378.34,79.42,250.18,785.08,12,18.09
1511,396.079,3016.898,545089.76,4468892.14,560.09,46.38,508.88,925.89,5,40.51
1512,397.493,3166.627,560062.67,4468750.68,466.15,19.19,380.75,532.63,6,33.25
1513,399.536,546.379,298037.88,4468546.41,143.84,15.86,119.36,204.06,6,17.30
1514,406.196,981.925,341592.50,4467880.37,271.43,78.22,110.26,358.09,9,15.87
1515,401.023,1078.501,351250.07,4468397.66,265.54,48.26,132.40,320.25,10,17.80
1516,402.242,1864.250,429824.97,4468275.80,401.93,51.52,316.94,509.06,5,34.45
1517,401.264,2176.124,461012.40,4468373.61,755.04,49.91,491.09,869.22,6,41.40
1518,402.227,2265.935,469993.49,4468277.32,206.42,42.93,125.80,252.62,6,17.25
1519,406.140,2311.977,474597.70,4467885.96,239.30,42.68,111.51,333.05,15,17.98
1520,401.878,2582.704,501670.35,4468312.24,1221.11,100.16,1024.84,1338.94,6,28.99
1521,398.856,2628.497,506249.71,4468614.38,241.40,72.78,119.81,378.52,6,27.11
1522,399.712,2816.900,525090.04,4468528.81,229.19,6.18,223.01,300.84,5,17.83
1523,401.201,2840.155,527415.48,4468379.87,263.00,50.95,119.07,352.46,10,18.62
1524,401.622,2902.992,533699.20,4468337.76,430.59,85.69,321.60,866.50,9,17.07
1525,405.795,483.583,291758.32,4467920.45,352.44,55.81,258.51,433.40,7,21.96
1526,409.099,597.462,303146.20,4467590.08,160.05,40.06,117.00,292.24,4,16.62
1527,407.215,647.376,308137.60,4467778.45,299.40,61.09,206.64,447.49,14,22.03
1528,412.964,705.291,313929.09,4467203.57,221.72,76.94,105.86,826.46,27,19.17
1529,408.541,730.530,316453.02,4467645.88,877.68,183.89,576.71,1267.58,6,76.28
1530,400.347,815.102,324910.15,4468465.34,232.94,30.97,171.06,296.77,4,21.66
1531,407.984,913.776,334777.62,4467701.58,412.17,87.46,263.40,531.12,6,37.16
1532,395.221,1375.733,380973.27,4468977.94,164.16,36.85,112.99,247.85,4,16.49
1533,407.619,1444.246,387824.64,4467738.10,210.70,25.16,105.30,284.74,10,20.79
1534,405.778,1564.088,399808.80,4467922.22,247.89,54.71,155.15,387.27,8,20.20
1535,410.294,1588.925,402292.50,4467470.62,193.46,55.47,120.47,539.91,8,19.55
1536,409.626,1683.369,411736.93,4467537.40,662.65,102.60,302.51,829.42,11,32.68
1537,412.188,1725.350,415934.96,4467281.19,577.03,77.32,265.66,759.91,22,32.35
1538,410.675,1803.582,423758.20,4467432.53,622.17,133.32,388.27,1436.48,14,29.64
1539,409.038,2046.580,448058.02,4467596.21,261.69,94.56,110.48,434.50,11,16.31
1540,405.959,2108.779,454277.88,4467904.08,248.48,104.89,104.69,489.17,14,14.77
1541,413.060,2156.733,459073.28,4467194.03,396.52,77.58,144.19,539.43,15,17.45
1542,404.212,2288.151,472215.12,4468078.75,194.93,41.64,131.74,336.22,14,18.83
1543,411.185,2353.771,478777.06,4467381.51,200.02,54.29,135.79,443.49,10,18.33
1544,403.588,2461.393,489539.34,4468141.16,129.57,13.89,114.44,469.21,7,9.84
1545,403.975,2645.190,507919.03,4468102.53,338.30,54.46,275.50,397.39,4,29.59
1546,417.079,3103.518,553751.77,4466792.05,502.91,116.33,256.26,890.44,23,22.42
1547,409.717,3131.484,556548.45,4467528.33,268.51,88.33,121.43,550.92,27,20.26
1548,418.114,787.869,322186.89,4466688.61,219.09,46.54,130.60,546.69,19,15.23
1549,407.224,1100.480,353447.99,4467777.55,213.37,48.88,163.98,273.96,5,22.89
1550,408.440,1153.894,358789.37,4467655.98,144.50,4.27,117.74,150.94,4,18.15
1551,406.758,1482.533,391653.27,4467824.24,439.05,10.08,409.45,449.13,5,31.89
1552,411.081,1550.751,398475.07,4467391.89,317.84,117.35,137.76,598.19,13,24.98
1553,413.084,1640.304,407430.41,4467191.61,470.47,132.85,221.64,746.87,13,29.62
1554,409.935,2212.544,464654.44,4467506.50,246.06,64.85,156.88,601.68,6,19.65
1555,416.280,2494.319,492831.93,4466872.02,510.39,72.85,295.37,1076.04,18,29.74
1556,406.724,2709.725,514372.48,4467827.61,186.68,39.52,144.57,587.31,6,16.20
1557,408.829,2988.476,542247.59,4467617.06,778.76,45.12,679.60,823.88,5,13.36
1558,412.544,3215.555,564955.52,4467245.57,247.60,65.99,131.53,482.35,17,23.62
1559,412.642,362.200,279620.03,4467235.81,187.99,27.48,127.90,240.20,5,16.50
1560,414.852,686.227,312022.72,4467014.82,371.87,69.72,173.32,515.29,9,17.31
1561,413.224,962.710,339670.96,4467177.56,483.96,57.73,398.93,586.38,6,19.30
1562,411.683,1041.974,347597.43,4467331.68,617.33,100.74,391.72,928.40,6,28.49
1563,417.180,1073.236,350723.62,4466781.97,219.90,35.28,124.31,340.50,15,22.21
1564,418.298,1410.381,384438.12,4466670.24,277.61,89.09,115.94,418.09,18,22.18
1565,414.733,1878.353,431235.30,4467026.67,431.90,83.24,163.68,910.75,16,32.41
1566,409.518,1959.697,439369.68,4467548.18,306.29,15.57,172.79,321.86,5,22.08
1567,413.594,2255.482,468948.24,4467140.60,124.19,5.06,118.22,133.19,4,15.68
1568,417.184,3068.749,550274.92,4466781.56,657.44,190.37,134.17,1400.23,28,21.63
1569,412.207,397.097,283109.69,4467279.31,189.47,9.17,133.61,198.67,4,15.42
1570,418.021,445.924,287992.37,4466697.87,183.26,41.23,117.14,292.68,12,17.15
1571,413.416,498.932,293293.15,4467158.38,120.04,4.36,113.35,156.75,4,16.01
1572,413.662,626.076,306007.65,4467133.79,196.38,33.18,139.62,310.58,4,13.21
1573,416.754,842.338,327633.84,4466824.56,153.65,20.01,118.13,275.97,6,15.95
1574,419.220,946.239,338023.86,4466577.98,1001.94,290.09,572.64,1406.07,6,54.75
1575,415.479,1180.905,361490.54,4466952.09,196.09,29.70,130.35,324.00,7,23.04
1576,419.659,1531.010,396501.02,4466534.06,212.29,37.31,129.28,301.48,7,18.05
1577,401.943,1743.850,417784.98,4468305.72,532.39,18.91,473.13,551.31,3,37.75
1578,417.108,1988.793,442279.28,4466789.22,377.60,111.82,108.26,588.44,22,18.48
1579,431.587,2129.545,456354.51,4465341.30,258.61,54.38,151.76,380.04,24,20.84
1580,420.875,2198.126,463212.64,4466412.50,180.86,35.79,111.80,319.96,14,16.56
1581,417.752,2361.814,479581.36,4466724.84,181.14,43.96,118.33,261.40,7,10.82
1582,415.000,2400.818,483481.82,4466999.99,256.33,4.72,107.59,261.05,5,17.31
1583,419.942,2698.300,513230.01,4466505.79,626.21,150.66,234.45,776.86,11,26.41
1584,411.616,3182.222,561622.24,4467338.39,284.72,32.40,231.22,459.67,9,23.18
1585,419.664,419.855,285385.48,4466533.58,215.94,28.16,145.66,303.46,6,20.23
1586,420.779,658.101,309210.11,4466422.13,333.64,64.32,189.64,748.33,11,17.65
1587,423.244,672.069,310606.91,4466175.57,402.45,43.82,206.96,541.97,7,16.90
1588,423.496,805.067,323906.74,4466150.39,268.58,33.83,121.41,385.54,11,15.12
1589,424.871,858.541,329254.07,4466012.89,173.15,50.84,109.15,341.01,13,14.99
1590,425.434,957.348,339134.82,4465956.64,526.72,122.55,328.09,649.26,3,25.90
1591,421.531,1054.294,348829.39,4466346.87,254.16,65.22,152.25,339.18,8,16.08
1592,420.077,1263.388,369738.85,4466492.33,226.82,23.02,203.80,353.99,5,13.51
1593,441.923,1349.759,378375.91,4464307.74,245.10,51.05,109.63,545.60,45,21.25
1594,420.008,1668.472,410247.18,4466499.19,472.29,24.67,287.80,508.09,6,14.44
1595,418.507,1769.136,420313.64,4466649.31,563.14,124.52,306.27,881.80,9,31.52
1596,417.239,2068.171,450217.07,4466776.05,163.69,50.58,113.12,278.45,5,15.15
1597,418.816,2142.598,457659.80,4466618.37,180.47,51.34,129.13,346.98,5,13.32
1598,418.552,2507.977,494197.69,4466644.84,171.58,40.89,124.81,234.58,4,13.74
1599,420.310,2534.813,496881.26,4466469.02,254.48,89.05,161.19,383.99,5,22.35
1600,422.654,2624.336,505833.57,4466234.61,530.70,100.31,169.60,719.12,7,35.06
1601,423.114,2745.565,517956.47,4466188.58,649.04,53.97,419.08,908.70,6,33.90
1602,422.973,2786.406,522040.56,4466202.75,326.60,113.74,206.42,566.73,4,17.73
1603,423.980,2831.659,526565.88,4466101.98,497.67,164.13,223.99,729.60,6,29.27
1604,416.744,905.655,333965.53,4466825.61,273.81,85.78,172.69,509.28,5,22.49
1605,427.082,1017.895,345189.49,4465791.83,292.55,68.54,224.01,898.23,5,23.86
1606,425.053,1038.029,347202.92,4465994.70,475.87,150.53,194.99,792.19,11,33.82
1607,421.499,1285.557,371955.75,4466350.09,252.69,94.91,151.63,363.03,6,17.68
1608,436.591,1298.096,373209.63,4464840.87,247.77,47.09,124.94,579.01,30,18.75
1609,422.975,1458.053,389205.28,4466202.48,179.40,12.36,135.51,197.80,4,20.87
1610,444.510,1471.801,390580.09,4464049.03,242.56,71.76,100.25,580.49,28,20.02
1611,424.412,1845.429,427942.87,4466058.84,386.99,55.50,219.05,749.91,5,27.86
1612,425.413,1922.401,435640.10,4465958.68,246.86,13.25,151.95,373.31,5,22.63
1613,421.028,2058.399,449239.86,4466397.21,133.65,29.25,104.40,175.73,5,15.75
1614,432.996,2455.493,488949.31,4465200.36,351.49,81.27,135.93,671.61,22,23.40
1615,428.051,2476.403,491040.28,4465694.86,414.81,87.57,276.25,641.15,7,19.47
1616,427.337,2599.718,503371.81,4465766.29,524.74,70.39,280.98,890.54,12,28.04
1617,423.831,2653.031,508703.14,4466116.86,262.83,99.51,118.87,451.25,4,26.71
1618,424.214,2682.569,511656.86,4466078.56,421.51,31.23,265.88,460.28,4,27.17
1619,418.051,2728.210,516221.00,4466694.86,491.20,168.33,225.98,869.02,5,30.19
1620,432.173,2805.518,523951.78,4465282.75,393.88,31.81,253.40,761.57,21,25.34
1621,417.688,2993.853,542785.31,4466731.23,682.44,63.39,617.16,750.55,4,26.32
1622,422.535,3149.712,558371.23,4466246.55,142.47,12.79,118.36,165.31,4,11.94
1623,424.142,3201.078,563507.78,4466085.76,271.01,58.22,139.77,360.44,9,20.33
1624,422.533,3224.418,565841.83,4466246.71,431.35,70.73,225.72,502.08,5,25.39
1625,428.802,402.570,283657.01,4465619.84,220.13,16.10,174.96,295.46,6,17.29
1626,438.173,815.704,324970.39,4464682.70,261.79,35.13,104.26,363.93,23,17.98
1627,445.417,1260.426,369442.64,4463958.30,224.80,72.43,129.72,411.53,23,11.15
1628,428.865,1575.160,400916.03,4465613.53,256.38,25.88,227.86,301.44,4,25.95
1629,431.312,1947.647,438164.66,4465368.82,355.92,96.43,244.54,777.21,9,19.40
1630,424.857,2043.740,447773.99,4466014.32,264.23,22.94,225.49,318.63,4,11.78
1631,429.421,2103.209,453720.86,4465557.94,275.61,60.28,146.24,399.95,6,17.17
1632,429.587,2142.948,457694.79,4465541.30,223.13,77.55,126.78,361.49,5,15.85
1633,429.905,2430.847,486484.67,4465509.54,289.69,20.70,192.15,372.38,9,22.60
1634,428.425,2861.538,529553.78,4465657.51,572.43,38.00,397.06,1215.21,5,34.96
1635,430.149,3123.061,555706.14,4465485.11,187.60,68.04,108.05,507.67,8,17.54
1636,436.691,384.787,281878.74,4464830.91,223.01,47.04,128.43,423.34,35,18.52
1637,437.539,409.203,284320.27,4464746.14,202.81,66.75,112.82,329.48,15,19.40
1638,432.007,499.063,293306.25,4465299.27,229.72,15.03,212.15,310.38,5,26.32
1639,431.764,937.347,337134.69,4465323.63,1020.07,145.79,479.42,1165.86,7,40.60
1640,432.368,1427.585,386158.50,4465263.23,208.53,54.90,142.62,293.29,6,21.63
1641,430.050,1622.737,405673.71,4465495.05,301.81,53.04,247.82,954.50,5,24.92
1642,427.761,1653.310,408730.98,4465723.92,403.56,50.94,209.74,470.56,4,37.90
1643,434.952,1932.833,436683.27,4465004.81,305.82,88.48,166.82,413.97,5,14.50
1644,440.411,2044.374,447837.38,4464458.85,229.19,83.33,129.06,476.42,11,12.17
1645,434.339,2163.944,459794.42,4465066.13,566.21,92.75,411.69,817.97,7,28.80
1646,428.792,2341.379,477537.94,4465620.75,230.12,55.72,105.05,295.85,8,17.62
1647,433.051,2741.177,517517.68,4465194.88,734.99,166.58,340.77,1138.31,14,41.25
1648,431.791,2766.436,520043.63,4465320.85,650.42,24.31,407.42,686.41,4,32.82
1649,431.730,2795.477,522947.67,4465327.01,504.76,125.79,378.97,737.53,5,34.69
1650,431.460,2932.859,536685.91,4465353.97,1220.16,45.31,1133.12,1930.03,6,34.81
1651,431.179,435.032,286903.19,4465382.11,193.21,68.13,110.86,308.48,4,12.43
1652,434.355,444.030,287803.03,4465064.52,251.83,3.40,246.67,262.72,5,14.86
1653,435.206,579.919,301391.88,4464979.42,227.12,44.78,164.67,511.39,10,15.81
1654,431.077,602.013,303601.31,4465392.32,411.41,53.98,306.01,572.97,4,31.25
1655,436.806,614.427,304842.66,4464819.42,232.75,101.71,114.02,862.24,8,23.20
1656,438.650,649.804,308380.36,4464634.97,387.42,54.19,164.25,547.20,8,24.31
1657,435.080,701.696,313569.60,4464992.02,316.46,51.85,189.67,381.40,8,20.91
1658,442.770,889.103,332310.31,4464223.01,354.44,66.48,145.91,767.17,23,20.85
1659,435.005,1279.984,371398.40,4464999.50,230.30,51.37,115.10,320.71,8,15.97
1660,444.105,1372.114,380611.44,4464089.49,273.91,37.45,176.56,397.67,28,20.75
1661,435.505,1385.640,381963.96,4464949.46,251.09,50.70,144.72,362.30,9,16.60
1662,439.608,1492.242,392624.17,4464539.25,276.46,27.06,202.85,450.06,12,23.28
1663,435.894,1686.926,412092.64,4464910.63,170.40,39.37,112.37,319.64,4,14.51
1664,441.624,1752.295,418629.54,4464337.58,415.91,93.71,243.57,650.08,10,25.58
1665,440.837,1767.137,420113.66,4464416.31,314.38,96.62,202.92,516.87,8,31.64
1666,434.402,1803.832,423783.21,4465059.77,286.73,29.08,254.75,369.89,5,17.62
1667,434.407,1815.414,424941.40,4465059.28,614.68,81.65,388.08,730.81,4,14.16
1668,441.379,1852.177,428617.68,4464362.08,309.59,51.25,204.95,423.87,14,11.18
1669,429.762,1867.093,430109.33,4465523.84,533.68,53.03,464.43,604.48,4,32.06
1670,445.455,2092.855,452685.52,4463954.53,335.88,147.25,113.99,580.78,15,24.25
1671,435.677,2219.622,465362.18,4464932.32,253.95,42.71,134.96,300.48,6,14.23
1672,434.317,2417.176,485117.63,4465068.27,194.88,17.12,160.62,293.77,6,18.33
1673,435.230,2886.808,532080.78,4464977.04,892.99,91.21,672.61,1007.01,4,47.04
1674,449.090,3087.428,552142.83,4463591.00,310.83,72.14,105.39,523.69,25,16.80
1675,434.823,3157.668,559166.77,4465017.71,292.20,99.88,151.97,603.05,9,29.03
1676,443.974,673.308,310730.81,4464102.64,292.17,89.78,118.12,435.55,13,24.65
1677,442.813,724.653,315865.35,4464218.66,648.03,101.70,288.74,825.50,15,32.42
1678,437.200,923.947,335794.75,4464780.02,426.13,114.22,310.52,661.40,4,20.53
1679,439.401,979.406,341340.56,4464559.86,409.74,82.03,164.78,780.69,9,35.06
1680,435.976,1513.591,394759.07,4464902.43,466.61,62.16,343.05,531.14,4,39.09
1681,441.314,1538.122,397212.16,4464368.59,170.97,62.56,101.37,251.42,6,15.11
1682,441.753,1570.882,400488.19,4464324.75,433.96,21.73,405.81,524.75,6,25.74
1683,443.756,1678.888,411288.80,4464124.37,300.07,71.42,187.05,439.05,6,18.67
1684,438.693,1705.677,413967.69,4464630.70,474.50,61.76,330.47,567.44,15,17.97
1685,442.268,1726.903,416090.34,4464273.22,556.79,62.78,459.34,703.57,8,34.30
1686,446.324,2202.687,463668.71,4463867.58,300.13,48.27,156.54,391.77,12,17.37
1687,437.583,2818.345,525234.50,4464741.68,330.10,19.96,297.95,554.31,4,19.35
1688,437.262,2843.592,527759.16,4464773.75,210.24,83.10,118.60,465.17,5,11.49
1689,447.468,360.373,279437.31,4463753.23,429.60,89.73,211.52,553.37,8,25.47
1690,443.867,589.575,302357.46,4464113.27,668.28,174.19,467.77,892.55,4,32.15
1691,445.146,946.076,338007.58,4463985.38,598.46,23.66,510.71,642.71,4,44.84
1692,452.838,1030.192,346419.22,4463216.19,201.10,37.33,117.79,357.21,18,10.52
1693,444.251,1079.025,351302.54,4464074.89,210.91,20.26,190.66,315.07,5,21.13
1694,447.826,1453.111,388711.11,4463717.36,280.39,27.21,129.26,323.37,8,16.52
1695,442.553,1645.275,407927.48,4464244.72,198.50,22.53,101.54,223.05,4,17.17
1696,445.498,1896.521,433052.15,4463950.18,538.11,32.81,492.83,613.58,5,17.59
1697,448.862,1908.890,434289.01,4463613.77,320.51,45.62,201.62,597.77,6,25.08
1698,434.685,2023.082,445708.25,4465031.54,480.46,112.95,366.57,949.40,6,18.83
1699,446.520,2105.440,453944.01,4463847.99,316.74,65.58,225.30,442.34,6,17.69
1700,446.548,2237.114,467111.43,4463845.21,318.08,51.03,107.46,410.99,9,23.05
1701,436.538,2321.762,475576.16,4464846.23,209.23,34.07,162.18,325.51,4,15.54
1702,450.769,2490.972,492497.17,4463423.15,380.19,80.29,137.22,595.32,19,18.12
1703,444.793,2693.813,512781.30,4464020.71,621.55,114.93,418.84,1069.38,4,34.62
1704,446.723,2780.118,521411.84,4463827.74,531.35,176.05,241.31,869.46,12,39.50
1705,455.344,2816.232,525023.24,4462965.56,354.17,67.46,204.50,812.57,26,18.84
1706,450.367,3004.069,543806.91,4463463.25,1361.15,166.64,1174.91,1717.08,6,35.75
1707,444.926,3113.247,554724.66,4464007.41,234.88,60.32,132.29,376.00,4,22.53
1708,447.597,602.403,303640.27,4463740.30,482.20,73.81,339.79,1022.64,10,30.81
1709,444.692,641.420,307541.99,4464030.83,195.09,18.10,177.00,244.80,3,20.39
1710,447.787,696.290,313029.00,4463721.34,197.63,27.86,143.61,240.37,4,16.74
1711,448.515,837.965,327196.46,4463648.51,192.04,50.00,116.92,248.04,6,15.71
1712,454.722,864.378,329837.82,4463027.78,319.14,76.47,183.32,485.76,29,17.33
1713,458.358,1049.518,348351.81,4462664.19,299.56,55.53,153.25,391.41,13,16.87
1714,448.538,1320.144,375414.40,4463646.18,121.74,8.26,103.63,132.77,4,14.31
1715,447.670,1633.605,406760.54,4463732.95,331.39,91.04,200.71,484.40,4,23.34
1716,446.336,1808.297,424229.71,4463866.40,481.77,102.73,319.18,592.94,11,16.99
1717,465.299,1868.524,430252.42,4461970.10,328.54,80.40,145.16,624.30,60,22.48
1718,451.514,1935.926,436992.62,4463348.60,125.96,16.96,106.50,193.48,4,14.32
1719,452.215,2151.290,458529.04,4463278.48,308.31,84.58,182.94,404.15,7,19.62
1720,445.516,2754.179,518817.86,4463948.36,591.63,22.46,569.17,1335.56,7,64.89
1721,457.511,2894.122,532812.22,4462748.91,849.27,91.58,687.27,1068.10,19,16.50
1722,449.951,2912.939,534693.87,4463504.95,769.97,63.77,546.13,838.66,4,25.27
1723,451.331,3147.638,558163.79,4463366.95,257.62,66.95,140.44,811.54,23,18.31
1724,446.323,3170.170,560416.99,4463867.68,294.86,18.32,186.03,313.18,5,15.84
1725,448.919,3185.422,561942.15,4463608.14,237.82,67.35,170.48,425.15,7,16.27
1726,456.615,469.397,290339.72,4462838.52,256.23,67.00,163.81,364.85,10,22.58
1727,451.173,580.641,301464.06,4463382.72,209.44,65.17,139.46,457.54,6,15.02
1728,453.903,650.524,308452.41,4463109.73,179.42,19.10,160.33,668.22,5,17.06
1729,448.696,957.071,339107.11,4463630.35,339.93,35.59,228.57,515.78,5,38.26
1730,451.508,1422.280,385627.98,4463349.17,294.75,40.72,154.21,361.65,7,22.16
1731,455.674,1495.548,392954.77,4462932.56,152.34,21.73,102.73,270.09,11,12.76
1732,455.900,1607.009,404100.86,4462909.99,425.54,112.31,120.38,585.54,17,24.50
1733,454.343,1772.427,420642.67,4463065.72,456.96,60.41,256.58,634.90,7,24.90
1734,452.726,1992.210,442621.05,4463227.42,287.23,61.44,204.54,600.34,8,28.09
1735,449.057,2033.007,446700.73,4463594.34,266.33,77.45,185.31,456.08,5,17.05
1736,458.364,2075.954,450995.41,4462663.64,223.10,99.01,101.71,417.16,13,20.51
1737,454.066,2307.423,474142.32,4463093.43,200.57,52.12,133.30,414.67,10,20.41
1738,454.578,2357.094,479109.43,4463042.23,185.37,34.95,110.95,260.45,7,18.23
1739,449.429,2674.430,510843.03,4463557.05,485.85,119.07,279.32,684.60,6,28.10
1740,458.558,3127.183,556118.28,4462644.23,266.04,53.07,188.35,468.24,10,24.93
1741,457.315,437.025,287102.49,4462768.55,141.87,17.28,104.47,196.38,11,11.33
1742,454.466,480.273,291427.34,4463053.38,147.72,16.60,117.57,197.27,5,12.46
1743,459.729,709.127,314312.73,4462527.10,269.02,38.42,216.54,752.57,12,20.54
1744,467.018,821.381,325538.08,4461798.24,230.98,35.20,111.65,491.92,37,18.91
1745,452.801,1167.605,360160.47,4463219.88,160.41,29.90,123.65,255.40,4,19.91
1746,454.792,1279.966,371396.56,4463020.84,317.25,33.35,169.81,425.98,13,14.38
1747,457.018,1309.403,374340.34,4462798.21,203.91,21.19,111.16,225.10,5,14.95
1748,457.255,1526.677,396067.73,4462774.49,392.01,58.21,288.92,549.27,7,23.40
1749,457.177,1568.259,400225.86,4462782.33,296.48,24.69,271.79,717.30,7,20.07
1750,456.542,1950.896,438489.61,4462845.81,206.98,27.45,148.62,257.58,4,15.74
1751,461.105,2019.679,445367.95,4462389.45,274.67,50.14,125.96,476.80,20,16.28
1752,453.161,2342.297,477629.71,4463183.91,157.45,6.03,145.89,261.52,4,14.82
1753,473.720,2450.002,488400.17,4461128.03,266.19,89.61,117.77,516.46,26,15.67
1754,458.416,2639.792,507379.17,4462658.41,230.06,53.77,100.24,411.13,11,17.88
1755,457.848,554.612,298861.22,4462715.22,227.80,78.26,118.10,566.73,6,21.59
1756,462.851,569.997,300399.73,4462214.93,187.91,54.71,124.92,385.77,9,13.96
1757,456.284,807.120,324112.03,4462871.60,255.66,5.99,248.51,278.75,4,19.85
1758,459.597,925.799,335979.92,4462540.27,523.35,44.98,459.24,848.40,9,16.94
1759,463.195,1159.321,359332.09,4462180.53,242.98,80.05,113.25,456.62,9,19.57
1760,462.046,1384.343,381834.28,4462295.39,390.05,16.63,248.88,463.18,7,17.27
1761,473.274,1636.580,407058.00,4461172.59,544.48,192.67,135.91,958.95,20,27.19
1762,460.076,1665.749,409974.88,4462492.39,183.20,43.77,100.31,230.49,6,19.10
1763,461.116,1696.932,413093.23,4462388.39,211.48,76.34,128.45,500.60,7,15.53
1764,458.949,1793.002,422700.25,4462605.10,482.33,111.11,320.97,632.09,7,26.96
1765,467.487,1918.793,435279.30,4461751.32,253.23,45.25,105.57,482.97,21,20.21
1766,456.522,2061.611,449561.08,4462847.82,205.46,30.75,174.71,301.88,5,18.24
1767,466.028,2198.328,463232.79,4461897.18,215.27,16.70,141.46,280.04,11,16.28
1768,476.082,2292.562,472656.19,4460891.84,248.05,51.03,112.23,578.91,53,17.74
1769,458.368,2376.014,481001.40,4462663.20,217.73,17.95,176.59,348.92,5,10.88
1770,459.875,2516.497,495049.74,4462512.48,204.45,28.53,134.24,281.22,8,20.03
1771,462.832,2694.033,512803.26,4462216.77,481.54,110.36,273.95,747.41,5,46.18
1772,460.541,3021.071,545507.11,4462445.87,981.30,148.93,749.01,1264.57,7,57.86
1773,462.809,3196.337,563033.74,4462219.13,158.72,21.35,135.74,241.70,6,14.24
1774,464.107,454.740,288873.99,4462089.26,162.95,12.64,124.21,175.59,5,15.94
1775,459.295,534.112,296811.25,4462570.54,356.07,156.21,195.65,734.35,4,30.56
1776,462.154,680.399,311439.88,4462284.55,189.86,46.03,129.99,314.79,7,17.03
1777,466.978,736.065,317006.47,4461802.18,270.40,97.67,124.34,565.30,13,19.05
1778,473.712,789.396,322339.58,4461128.83,171.69,43.75,123.02,437.51,21,17.95
1779,465.934,949.048,338304.85,4461906.59,375.00,91.55,241.71,486.54,7,19.09
1780,461.250,976.091,341009.12,4462375.01,257.98,38.68,201.49,330.20,6,22.32
1781,462.848,1067.590,350159.04,4462215.24,231.22,11.30,168.38,298.18,7,19.24
1782,467.213,1422.109,385610.90,4461778.72,260.16,50.83,165.40,357.43,10,13.43
1783,468.656,1502.221,393622.11,4461634.37,145.87,33.46,104.77,262.79,9,16.10
1784,466.619,1555.727,398972.70,4461838.09,518.66,48.61,458.15,798.27,7,34.09
1785,461.718,1618.625,405262.48,4462328.21,376.15,81.90,294.25,490.98,5,34.37
1786,467.172,1714.596,414859.62,4461782.82,429.04,77.65,351.40,526.34,5,10.77
1787,470.390,1770.748,420474.77,4461461.02,426.77,54.48,244.21,541.60,25,18.61
1788,464.455,1997.353,443135.27,4462054.50,362.07,45.58,316.49,588.62,3,29.04
1789,457.964,2109.758,454375.85,4462703.63,202.86,41.57,148.92,260.04,4,18.38
1790,462.337,2221.062,465506.23,4462266.28,199.75,51.62,144.29,406.04,6,20.06
1791,466.022,2280.619,471461.91,4461897.81,245.21,63.62,122.31,373.35,5,17.26
1792,468.753,2385.447,481944.66,4461624.66,183.91,46.78,112.71,581.42,27,15.70
1793,462.727,2573.649,500764.95,4462227.27,523.97,268.37,119.35,1004.38,7,37.71
1794,463.292,2670.400,510439.99,4462170.85,282.86,35.07,228.48,325.56,4,26.81
1795,465.463,2991.795,542579.49,4461953.66,953.84,88.59,570.19,1066.63,10,37.12
1796,469.079,3056.157,549015.70,4461592.12,306.26,138.98,131.16,484.56,7,27.45
1797,465.874,355.668,278966.80,4461912.62,176.97,25.05,144.51,387.28,4,22.32
1798,468.333,546.983,298098.28,4461666.67,289.85,60.17,192.74,455.49,13,27.31
1799,475.107,588.778,302277.80,4460989.32,364.56,52.71,202.52,528.41,17,15.83
1800,478.652,842.719,327671.90,4460634.83,262.17,53.84,162.99,663.90,20,22.96
1801,476.194,961.637,339563.66,4460880.61,236.60,66.05,125.23,379.88,18,17.99
1802,472.113,1140.374,357437.35,4461288.68,173.46,33.87,107.06,469.87,13,15.20
1803,468.330,1671.354,410535.43,4461666.99,266.61,38.73,152.34,408.07,9,22.48
1804,479.296,1945.947,437994.75,4460570.35,304.94,70.44,116.77,614.20,37,19.98
1805,468.449,2157.756,459175.56,4461655.13,324.34,85.00,202.48,452.09,8,22.33
1806,463.111,2485.450,491945.05,4462188.94,281.75,4.35,277.40,430.40,5,19.79
1807,467.675,2622.299,505629.87,4461732.48,196.78,30.14,156.17,457.58,4,24.22
1808,465.818,2661.719,509571.92,4461918.23,555.16,73.98,336.83,806.99,5,41.33
1809,478.186,2710.135,514413.46,4460681.41,448.00,116.29,301.95,732.10,10,19.30
1810,459.386,2734.491,516849.11,4462561.39,394.50,23.87,323.69,440.15,4,40.67
1811,462.128,2748.108,518210.75,4462287.23,469.54,101.68,365.22,708.99,5,41.30
1812,469.812,2792.273,522627.27,4461518.76,332.79,55.01,241.57,571.76,10,17.57
1813,464.930,3071.120,550511.95,4462007.04,292.77,62.69,212.58,579.56,4,25.86
1814,463.509,3104.859,553885.94,4462149.07,352.18,8.12,289.86,362.57,4,22.31
1815,465.716,3141.384,557538.39,4461928.42,255.05,53.01,176.26,308.06,5,14.73
1816,466.295,3186.116,562011.63,4461870.51,247.06,42.88,196.81,360.79,4,14.17
1817,467.437,3220.734,565473.40,4461756.32,371.85,41.93,280.67,429.79,6,20.73
1818,468.704,371.161,280516.11,4461629.60,301.17,5.63,213.65,460.37,5,20.50
1819,471.944,666.650,310065.02,4461305.60,213.93,34.84,168.10,248.78,5,16.40
1820,472.052,895.688,332968.78,4461294.77,492.14,91.23,370.81,871.04,8,47.46
1821,474.054,1528.141,396214.06,4461094.62,511.61,41.47,380.82,587.76,5,18.58
1822,471.990,1574.146,400814.65,4461301.00,427.53,47.76,334.39,620.36,6,26.19
1823,476.982,1607.283,404128.26,4460801.84,455.74,102.58,140.53,698.25,13,21.42
1824,476.241,2142.278,457627.78,4460875.89,237.67,64.59,105.56,321.02,7,13.38
1825,471.030,2175.150,460915.03,4461397.04,258.34,51.90,178.47,361.50,5,15.62
1826,476.865,2335.980,476997.99,4460813.47,257.11,54.63,109.95,380.08,23,18.17
1827,471.778,2832.785,526678.47,4461322.15,367.73,57.68,245.56,446.11,8,21.23
1828,471.632,3032.615,546661.47,4461336.82,614.63,96.80,299.38,715.40,6,33.71
1829,476.401,3085.708,551970.82,4460859.94,340.97,49.85,191.87,483.61,9,13.96
1830,475.529,3110.315,554431.49,4460947.13,226.93,64.48,148.99,336.32,12,17.29
1831,475.884,434.847,286884.75,4460911.64,161.06,6.04,152.85,222.69,4,14.67
1832,479.089,463.007,289700.71,4460591.12,237.33,40.61,194.53,697.23,10,22.63
1833,481.660,499.059,293305.91,4460333.96,221.97,33.01,154.12,326.71,12,16.33
1834,482.304,729.219,316321.94,4460269.63,319.92,88.13,164.64,540.97,13,19.86
1835,477.020,1234.865,366886.46,4460797.99,132.51,8.91,109.07,187.58,5,15.68
1836,480.388,1356.279,379027.86,4460461.15,545.53,40.79,293.33,690.00,13,21.32
1837,476.669,1410.019,384401.93,4460833.12,243.63,25.27,181.92,311.20,5,21.26
1838,475.841,1740.886,417488.57,4460915.94,951.35,107.58,799.21,1676.94,4,55.17
1839,480.031,1793.448,422744.82,4460496.92,360.99,37.25,264.57,423.36,9,18.64
1840,479.461,1989.204,442320.37,4460553.88,360.17,48.97,148.97,508.79,7,16.29
1841,487.071,2000.957,443495.72,4459792.86,183.17,37.30,130.62,366.50,19,12.76
1842,481.606,2493.427,492742.66,4460339.42,256.43,89.09,163.95,579.13,21,16.01
1843,479.748,2596.515,503051.55,4460525.16,314.45,87.70,145.79,582.64,22,19.03
1844,476.997,3214.796,564879.61,4460800.32,216.08,53.64,145.99,320.24,6,18.37
1845,487.822,391.668,282566.76,4459717.81,271.77,57.51,161.10,503.38,13,17.67
1846,481.109,473.479,290747.94,4460389.10,135.12,27.03,102.64,233.88,9,12.22
1847,501.672,565.142,299914.20,4458332.81,366.46,70.13,139.73,790.96,49,17.98
1848,477.714,653.138,308713.77,4460728.57,174.25,28.84,132.65,337.35,7,16.67
1849,487.590,694.456,312845.59,4459741.04,227.75,48.93,135.77,408.51,19,21.72
1850,478.173,877.385,331138.49,4460682.67,384.94,74.57,179.11,630.32,14,34.43
1851,487.794,941.887,337588.73,4459720.57,423.72,44.14,193.35,607.89,12,11.86
1852,475.166,1244.638,367863.79,4460983.37,157.01,15.94,132.00,215.07,4,13.38
1853,477.808,1272.860,370685.96,4460719.17,174.79,11.26,146.22,189.10,5,20.17
1854,475.815,1323.624,375762.40,4460918.49,297.54,22.53,267.56,329.40,4,20.95
1855,479.805,1367.023,380102.27,4460519.54,416.67,72.65,344.02,626.58,5,32.64
1856,482.147,1826.265,426026.54,4460285.30,746.66,76.67,408.89,823.33,7,29.82
1857,479.386,2045.720,447972.04,4460561.41,221.12,66.26,129.57,389.73,6,19.68
1858,481.986,2125.551,455955.10,4460301.43,187.83,72.50,108.04,416.04,7,17.70
1859,485.578,2354.019,478801.90,4459942.23,155.39,31.79,104.52,272.23,11,14.90
1860,476.783,3146.805,558080.48,4460821.66,514.48,68.71,328.32,607.44,4,24.98
1861,483.479,568.680,300267.99,4460152.14,488.84,90.09,384.78,728.01,6,49.72
1862,479.022,609.241,304324.14,4460597.83,353.28,51.48,262.90,515.49,4,25.17
1863,487.017,804.600,323860.00,4459798.32,186.22,27.55,156.01,250.25,4,18.81
1864,493.222,1324.659,375865.85,4459177.79,341.71,71.15,131.84,615.38,23,17.78
1865,482.222,1328.670,376267.02,4460277.78,486.58,1.99,484.58,578.40,3,22.85
1866,481.583,1382.145,381614.53,4460341.66,330.80,40.44,233.83,392.62,6,25.77
1867,484.566,1879.243,431324.30,4460043.36,212.16,84.97,102.11,500.77,14,22.87
1868,489.885,1900.415,433441.46,4459511.47,339.30,85.02,223.45,477.88,10,25.95
1869,483.615,2167.934,460193.44,4460138.52,222.20,25.86,137.43,265.68,4,19.52
1870,480.973,2201.465,463546.46,4460402.70,194.85,74.80,105.03,286.46,5,19.00
1871,491.183,2395.420,482941.98,4459381.73,242.27,36.02,131.52,297.58,15,19.68
1872,479.059,2638.489,507248.88,4460594.12,172.93,26.38,118.14,239.17,6,16.52
1873,485.208,2698.264,513226.36,4459979.17,644.83,77.81,416.25,812.05,8,41.34
1874,490.234,2735.435,516943.46,4459476.61,736.20,106.10,490.72,1003.35,19,28.59
1875,489.536,3002.193,543619.28,4459546.41,405.87,71.80,281.59,584.56,29,17.70
1876,483.893,3095.116,552911.65,4460110.67,207.09,9.62,188.35,226.55,4,16.86
1877,481.676,3225.592,565959.20,4460332.42,283.33,64.07,180.99,455.06,4,26.12
1878,490.738,315.201,274920.08,4459426.17,213.92,23.28,135.96,296.11,10,24.70
1879,492.502,678.448,311244.85,4459249.83,223.33,38.83,138.92,291.84,11,19.42
1880,491.995,1283.510,371751.04,4459300.50,220.92,50.49,108.79,302.89,10,18.06
1881,487.845,1740.023,417402.31,4459715.45,1354.75,212.30,859.71,1790.21,7,64.28
1882,491.192,1783.760,421776.04,4459380.82,486.75,99.36,234.13,867.52,16,21.35
1883,493.105,1810.896,424489.58,4459189.52,402.73,52.06,306.12,639.69,10,25.39
1884,485.529,2017.615,445161.53,4459947.09,429.76,10.48,363.49,440.68,4,19.57
1885,488.463,2115.981,454998.10,4459653.70,122.42,22.22,100.20,248.26,5,15.16
1886,487.697,2368.993,480299.31,4459730.28,201.02,22.61,140.25,226.75,4,18.07
1887,491.166,2798.877,523287.69,4459383.42,404.32,120.28,234.86,704.32,11,12.96
1888,483.794,2918.431,535243.11,4460120.57,1573.42,11.99,1516.67,1597.38,4,40.86
1889,489.635,3140.862,557486.20,4459536.45,235.52,48.76,161.73,305.28,5,18.12
1890,492.417,3179.357,561335.74,4459258.28,217.59,45.46,126.62,290.31,16,16.97
1891,497.304,461.004,289500.36,4458769.58,184.75,63.21,114.24,353.83,12,12.92
1892,492.183,755.262,318926.24,4459281.70,166.53,14.94,151.60,235.09,7,15.96
1893,485.968,773.531,320753.13,4459903.21,193.07,20.08,167.23,274.26,4,17.44
1894,492.512,853.107,328710.72,4459248.83,369.58,64.69,224.71,542.45,9,19.27
1895,493.607,1397.111,383111.10,4459139.30,267.51,36.22,209.24,350.15,10,17.51
1896,492.963,1558.357,399235.74,4459203.75,352.51,120.68,231.83,735.10,7,21.70
1897,491.745,2026.936,446093.57,4459325.50,197.71,15.37,181.48,364.76,7,12.65
1898,493.393,2101.653,453565.34,4459160.70,159.22,8.75,143.74,266.34,4,16.91
1899,495.032,2309.218,474321.84,4458996.85,247.02,57.19,158.58,321.08,14,16.27
1900,493.051,2534.515,496851.55,4459194.92,149.73,37.47,102.14,204.56,6,14.24
1901,495.865,2715.097,514909.67,4458913.50,388.07,50.05,306.07,496.90,13,14.64
1902,498.023,491.793,292579.28,4458697.68,292.80,38.91,253.88,459.37,5,29.94
1903,492.070,609.568,304356.83,4459293.00,261.85,42.28,185.54,345.69,6,13.52
1904,497.302,911.053,334505.27,4458769.76,911.60,264.54,595.89,1891.28,4,47.65
1905,495.081,1064.159,349815.86,4458991.87,177.61,17.98,113.32,297.80,5,16.96
1906,502.842,1150.873,358487.29,4458215.79,180.88,29.10,103.22,421.40,24,19.69
1907,494.397,1210.253,364425.30,4459060.25,164.43,16.57,117.22,191.90,8,16.59
1908,494.363,1422.452,385645.22,4459063.70,411.21,50.11,248.51,461.32,5,29.42
1909,495.318,1512.018,394601.79,4458968.17,227.46,47.91,143.74,556.61,4,20.32
1910,499.755,2077.690,451169.00,4458524.51,184.30,54.19,101.82,582.90,10,22.60
1911,499.383,2130.408,456440.83,4458561.73,188.85,13.53,148.28,246.63,10,22.69
1912,494.668,2172.510,460650.99,4459033.16,182.07,8.47,118.57,245.91,5,15.62
1913,503.403,3051.362,548536.17,4458159.74,305.31,81.28,139.14,898.75,14,25.91
1914,494.610,3069.420,550341.97,4459038.97,153.73,25.61,125.82,245.42,6,14.56
1915,499.837,3157.289,559128.93,4458516.34,180.97,33.72,118.18,379.63,16,15.97
1916,501.276,3197.751,563175.07,4458372.41,174.79,21.11,120.28,304.76,12,17.44
1917,498.482,437.490,287149.02,4458651.83,310.53,34.61,148.48,375.11,4,21.08
1918,502.677,727.030,316103.00,4458232.29,278.88,30.45,189.61,402.02,10,20.07
1919,502.318,812.972,324697.19,4458268.21,192.45,48.26,100.80,549.23,10,18.86
1920,500.902,837.287,327128.65,4458409.84,294.53,56.99,186.96,382.06,4,24.44
1921,511.704,895.562,332956.23,4457329.60,640.87,96.80,271.26,952.30,20,31.12
1922,500.388,958.135,339213.51,4458461.23,279.89,90.80,150.63,395.68,4,23.58
1923,493.220,1301.602,373560.21,4459177.97,348.08,22.30,291.17,391.39,4,13.64
1924,507.323,1394.710,382870.98,4457767.66,391.49,72.87,170.09,549.36,26,25.33
1925,495.413,1582.032,401603.16,4458958.68,181.70,35.10,146.60,305.59,5,20.83
1926,525.789,1598.219,403221.88,4455921.06,248.90,74.51,118.59,553.83,60,17.95
1927,510.399,1636.779,407077.94,4457460.10,690.45,158.70,518.57,1212.08,13,24.73
1928,499.902,1664.924,409892.44,4458509.83,244.81,41.30,190.46,472.90,5,20.06
1929,498.704,1688.532,412253.19,4458629.62,309.58,48.73,113.25,647.21,14,21.55
1930,502.549,1737.831,417183.09,4458245.12,1218.37,75.18,1082.06,1447.28,5,50.94
1931,497.581,1839.684,427368.37,4458741.89,205.14,25.21,165.36,360.39,4,27.28
1932,500.235,1856.361,429036.10,4458476.54,425.09,77.15,306.51,611.33,5,27.57
1933,501.580,1927.507,436150.67,4458342.04,475.04,63.61,279.61,738.72,8,30.67
1934,505.964,1979.725,441372.55,4457903.64,367.71,93.93,161.09,648.54,18,19.21
1935,496.981,2184.498,461849.75,4458801.88,222.64,22.67,195.98,361.37,4,12.54
1936,498.857,2340.552,477455.24,4458614.28,236.61,46.71,165.90,328.65,6,23.74
1937,496.198,2493.669,492766.94,4458880.23,243.16,47.26,178.09,321.09,4,19.45
1938,514.767,2643.483,507748.30,4457023.29,198.18,53.69,110.95,453.59,29,16.88
1939,522.656,2791.210,522521.01,4456234.36,274.41,103.25,103.50,868.60,51,17.57
1940,505.182,539.789,297378.86,4457981.81,168.43,44.63,122.57,323.17,5,15.97
1941,504.116,800.910,323491.01,4458088.41,196.63,26.56,137.09,332.12,6,22.42
1942,500.777,1350.587,378458.74,4458422.34,781.16,88.42,654.35,1047.62,4,41.77
1943,506.010,1714.209,414820.85,4457898.99,391.44,88.09,259.69,590.17,9,27.86
1944,504.982,1726.925,416092.52,4458001.81,460.52,68.31,386.34,605.09,4,30.70
1945,505.828,1910.787,434478.71,4457917.17,532.50,87.42,330.36,847.83,20,33.21
1946,503.099,2103.300,453729.95,4458190.14,279.85,21.01,247.19,453.14,5,20.02
1947,506.768,2165.259,459925.92,4457823.21,339.96,81.90,206.84,421.85,5,22.27
1948,502.754,2369.605,480360.50,4458224.62,207.08,5.39,197.97,330.82,4,15.75
1949,499.864,2376.179,481017.89,4458513.62,279.81,28.17,204.63,309.67,4,36.51
1950,503.417,2416.880,485088.03,4458158.26,187.36,24.64,105.76,352.49,10,19.54
1951,505.711,2520.438,495443.78,4457928.93,204.96,42.97,105.39,352.66,10,19.75
1952,504.639,2663.433,509743.33,4458036.07,248.30,22.85,201.04,398.62,7,22.69
1953,503.349,2771.411,520541.08,4458165.15,641.33,106.98,420.38,1201.43,9,34.98
1954,506.983,2854.900,528889.99,4457801.72,593.94,146.37,114.06,887.34,9,19.05
1955,505.103,2977.128,541112.81,4457989.69,435.30,116.81,268.76,778.42,12,17.36
1956,502.461,3223.211,565721.08,4458253.91,254.49,41.13,145.17,312.86,6,19.78
1957,506.532,311.448,274544.79,4457846.82,156.46,25.84,112.73,182.30,5,19.02
1958,508.395,600.967,303496.72,4457660.45,517.98,44.73,375.53,563.65,7,33.07
1959,503.222,1041.009,347500.95,4458177.81,205.57,28.40,111.17,245.38,10,19.95
1960,504.299,1061.363,349536.33,4458070.15,188.79,8.61,175.93,331.35,4,20.83
1961,521.751,1081.419,351541.90,4456324.93,311.97,50.51,152.74,558.06,16,34.36
1962,509.629,1104.126,353812.65,4457537.08,217.65,47.99,164.42,370.53,5,25.40
1963,505.168,1174.028,360802.76,4457983.16,188.84,60.99,126.63,424.13,9,24.36
1964,504.450,1542.194,397619.39,4458055.03,178.28,40.66,127.67,221.83,4,16.54
1965,512.111,1614.537,404853.71,4457288.92,406.99,90.39,218.48,618.73,15,20.02
1966,506.957,1771.721,420572.15,4457804.29,904.52,63.06,815.08,979.00,5,38.71
1967,507.856,1842.477,427647.69,4457714.43,255.52,54.34,186.33,483.03,4,23.84
1968,509.211,1879.512,431351.24,4457578.95,313.08,28.16,251.95,368.46,8,23.02
1969,502.285,2262.297,469629.66,4458271.53,155.73,24.13,121.58,215.00,4,15.16
1970,510.650,3127.110,556111.04,4457434.97,209.99,23.00,183.27,337.78,4,22.76
1971,510.416,419.838,285383.80,4457458.45,241.23,64.19,164.86,361.37,4,14.76
1972,513.919,431.448,286544.75,4457108.13,203.15,28.63,110.08,286.22,7,22.18
1973,515.505,481.912,291591.20,4456949.48,234.75,43.43,120.73,333.87,11,17.93
1974,512.012,553.398,298739.82,4457298.85,227.09,76.62,145.50,354.37,5,16.91
1975,511.218,634.953,306895.28,4457378.20,229.72,27.23,117.15,315.20,6,21.72
1976,515.456,648.206,308220.60,4456954.43,201.72,42.18,100.83,539.42,13,17.20
1977,509.655,710.557,314455.74,4457534.47,167.23,28.63,131.34,329.21,10,14.69
1978,504.732,738.879,317287.93,4458026.82,341.06,29.61,302.12,370.66,3,18.10
1979,526.017,753.074,318707.43,4455898.29,217.35,52.96,102.18,499.84,41,20.41
1980,506.713,829.777,326377.73,4457828.72,299.75,28.24,249.02,363.53,4,16.55
1981,514.004,1181.522,361552.21,4457099.60,358.83,56.66,285.26,508.64,11,31.93
1982,510.943,1256.108,369010.83,4457405.66,259.35,24.90,129.85,284.25,5,8.96
1983,515.509,1273.842,370784.19,4456949.15,218.47,67.85,136.89,350.42,14,21.25
1984,511.055,1290.290,372428.97,4457394.52,258.85,47.29,210.83,498.37,6,27.23
1985,503.368,1359.468,379346.83,4458163.19,512.00,6.94,500.36,566.00,4,31.23
1986,512.794,1435.880,386988.01,4457220.61,190.79,62.10,119.47,314.39,11,17.38
1987,511.045,1563.923,399792.29,4457395.54,295.14,101.62,127.84,734.94,10,18.68
1988,508.263,2006.605,444060.51,4457673.65,300.63,68.77,202.20,399.04,4,13.40
1989,506.502,2027.322,446132.25,4457849.85,185.75,65.25,108.64,264.57,4,15.90
1990,511.083,2048.821,448282.14,4457391.72,226.65,57.92,142.76,295.96,6,20.22
1991,508.605,2092.892,452689.16,4457639.52,349.82,84.24,127.38,461.65,4,27.71
1992,513.712,2216.531,465053.10,4457128.78,170.50,21.73,122.34,282.75,10,10.14
1993,509.920,2294.305,472830.55,4457507.96,216.52,6.78,132.72,226.18,6,13.03
1994,511.945,2699.003,513300.26,4457305.54,557.49,30.74,261.46,588.23,5,37.63
1995,521.668,2752.348,518634.76,4456333.22,533.50,70.17,316.17,998.04,17,21.72
1996,510.161,3004.381,543838.14,4457483.94,139.08,16.89,117.96,182.93,5,14.63
1997,510.467,3172.825,560682.48,4457453.29,225.53,52.84,157.39,414.87,6,20.44
1998,514.476,398.878,283287.78,4457052.35,203.20,64.61,131.81,294.64,8,17.19
1999,520.453,605.819,303981.94,4456454.69,320.36,62.22,117.00,462.95,8,22.10
2000,516.695,880.592,331459.25,4456830.50,261.59,13.04,238.91,309.25,5,24.94
2001,515.153,1205.461,363946.12,4456984.67,269.94,73.45,138.38,497.23,8,28.78
2002,514.372,1246.395,368039.49,4457062.80,301.54,70.41,198.19,424.61,4,24.48
2003,515.637,1862.438,429643.85,4456936.34,587.84,105.57,482.27,929.56,5,49.45
2004,517.568,1956.187,439018.74,4456743.17,299.08,93.34,160.95,529.84,11,17.75
2005,519.309,2006.081,444008.07,4456569.06,288.80,68.04,151.95,754.73,7,24.31
2006,515.047,2383.762,481776.19,4456995.33,173.62,49.04,122.94,307.33,10,17.91
2007,516.162,2569.659,500365.90,4456883.77,395.88,77.89,126.59,571.53,12,18.04
2008,524.098,2667.553,510155.28,4456090.17,254.24,82.77,164.51,435.32,19,20.54
2009,519.369,2966.703,540070.27,4456563.08,341.79,77.90,106.12,455.21,12,20.20
2010,511.841,2988.492,542249.23,4457315.90,168.67,15.82,146.11,185.97,5,13.59
2011,522.181,362.378,279637.84,4456281.88,183.42,67.75,113.20,329.58,8,13.21
2012,521.208,412.836,284683.56,4456379.19,325.82,44.51,185.96,595.45,13,18.77
2013,521.493,501.006,293500.64,4456350.69,135.72,16.46,110.89,200.45,6,14.37
2014,521.296,628.271,306227.07,4456370.43,206.36,25.02,111.28,279.70,6,13.46
2015,524.584,927.485,336148.51,4456041.60,472.75,12.32,423.11,586.55,7,20.63
2016,517.072,1327.076,376107.56,4456792.77,665.72,95.14,483.03,952.29,9,27.54
2017,516.531,1452.965,388696.54,4456846.95,409.76,81.12,212.86,509.82,4,29.82
2018,522.683,1518.927,395292.69,4456231.67,269.79,142.97,110.19,427.51,7,23.44
2019,516.402,1804.153,423815.29,4456859.78,381.08,14.39,360.04,593.28,4,33.24
2020,519.248,2355.401,478940.12,4456575.15,147.39,10.07,120.83,159.42,4,15.96
2021,522.693,2398.007,483200.67,4456230.66,188.34,38.09,102.89,613.39,9,17.82
2022,521.943,2511.223,494522.33,4456305.71,233.53,32.89,150.89,305.76,8,19.44
2023,518.880,2533.204,496720.38,4456612.05,170.18,42.46,106.92,220.86,7,13.98
2024,513.859,2733.679,516767.91,4457114.14,651.22,69.19,556.58,897.05,6,19.69
2025,525.837,2951.012,538501.23,4455916.26,354.52,79.23,197.82,550.03,12,15.28
2026,519.283,3074.755,550875.52,4456571.66,676.50,135.55,451.08,1073.63,4,42.57
2027,523.089,3115.974,554997.39,4456191.13,234.70,22.65,163.92,273.81,6,22.13
2028,526.054,3213.569,564756.94,4455894.64,301.25,47.22,234.44,453.11,13,16.06
2029,526.531,586.071,302007.06,4455846.93,512.93,76.79,383.43,750.15,8,24.70
2030,527.281,682.121,311612.06,4455771.91,152.90,40.33,103.85,294.27,11,18.53
2031,526.023,1200.797,363479.66,4455897.74,219.16,10.52,187.16,284.79,6,20.27
2032,527.101,1262.985,369698.53,4455789.91,340.01,26.73,125.56,511.26,14,16.73
2033,524.009,1491.757,392575.74,4456099.06,247.42,39.92,196.37,346.48,6,22.26
2034,524.303,1690.062,412406.24,4456069.74,405.83,185.59,137.84,723.79,7,30.89
2035,528.380,1707.100,414109.96,4455661.96,600.45,106.98,404.90,738.77,9,33.57
2036,524.856,1816.630,425062.98,4456014.40,587.77,15.31,471.46,611.64,4,35.84
2037,521.193,2088.359,452235.87,4456380.73,171.08,57.89,104.40,298.83,6,18.35
2038,524.125,2105.795,453979.46,4456087.46,262.04,17.00,233.48,431.22,4,34.68
2039,520.350,2183.610,461761.01,4456465.01,270.37,42.18,154.44,384.01,6,18.16
2040,528.550,2247.742,468174.21,4455644.96,164.68,15.55,110.48,234.67,10,15.80
2041,528.490,2302.140,473614.03,4455651.03,195.98,65.37,116.31,350.92,17,19.35
2042,525.720,2830.238,526423.78,4455928.01,399.06,15.40,354.85,473.02,5,45.41
2043,526.937,3016.225,545022.48,4455806.32,274.86,47.06,164.89,373.97,8,22.42
2044,532.399,3094.664,552866.39,4455260.12,413.63,185.00,213.43,1086.56,12,37.18
2045,528.392,3200.050,563404.96,4455660.75,306.10,31.82,126.81,360.44,13,17.07
2046,530.301,342.153,277615.28,4455469.91,238.46,13.84,189.30,261.20,4,17.95
2047,520.593,373.225,280722.48,4456440.72,480.41,68.91,250.42,573.70,4,20.57
2048,522.575,517.459,295145.95,4456242.52,145.21,10.00,100.87,188.29,5,17.80
2049,534.629,795.649,322964.88,4455037.06,204.44,61.28,110.65,494.55,15,15.78
2050,527.491,942.703,337670.32,4455750.89,351.67,76.30,197.45,464.74,6,36.53
2051,528.274,1106.681,354068.10,4455672.62,303.59,68.29,131.82,578.53,16,25.51
2052,525.341,1216.444,365044.40,4455965.90,252.75,55.08,168.83,489.74,4,25.84
2053,536.726,1214.579,364857.86,4454827.39,349.59,130.29,153.77,713.93,26,20.51
2054,527.238,1251.491,368549.07,4455776.24,304.14,44.08,192.35,384.76,5,24.99
2055,527.028,1297.631,373163.09,4455797.15,747.01,100.89,562.86,855.76,7,26.60
2056,531.010,1410.247,384424.74,4455398.97,181.44,50.22,118.25,339.03,13,17.46
2057,523.965,1468.921,390292.12,4456103.47,134.29,23.58,110.70,192.93,5,15.32
2058,525.609,1651.900,408589.98,4455939.07,708.70,109.67,586.37,989.55,10,27.79
2059,527.522,2040.564,447456.36,4455747.77,460.57,227.88,103.45,730.26,11,41.99
2060,524.890,2281.308,471530.80,4456011.02,155.63,17.02,128.52,207.57,4,17.48
2061,526.751,2452.908,488690.84,4455824.85,288.02,21.35,250.51,319.56,6,15.51
2062,527.050,2599.409,503340.87,4455795.02,359.03,40.06,142.27,432.86,4,40.60
2063,524.525,2612.243,504624.29,4456047.47,291.60,11.91,202.84,370.08,5,35.11
2064,526.738,2720.015,515401.49,4455826.21,273.52,33.93,177.64,334.68,4,22.04
2065,532.220,2844.894,527889.43,4455277.96,500.05,235.18,156.71,818.12,7,37.49
2066,531.111,3070.264,550426.37,4455388.95,741.33,27.52,676.33,926.54,12,17.34
2067,526.796,3181.246,561524.61,4455820.42,474.05,49.26,370.23,542.26,10,17.59
2068,538.825,330.245,276424.54,4454617.49,202.79,55.77,120.47,310.28,12,20.40
2069,534.841,394.574,282857.42,4455015.95,490.72,40.56,200.34,581.13,7,17.89
2070,537.924,432.453,286645.29,4454707.57,394.74,103.87,176.50,876.86,32,21.80
2071,528.767,463.325,289732.50,4455623.28,175.40,75.35,100.05,374.92,5,16.14
2072,540.333,626.631,306063.13,4454466.73,357.97,96.41,103.50,571.82,18,16.67
2073,534.133,1036.739,347073.87,4455086.73,230.75,59.33,128.98,349.86,12,21.84
2074,542.066,1285.303,371930.31,4454293.38,281.08,34.69,178.17,401.31,16,12.20
2075,534.055,1312.047,374604.74,4455094.50,501.12,60.02,431.75,662.88,6,38.32
2076,528.067,1618.564,405256.45,4455693.32,887.21,109.69,619.78,1028.12,4,53.38
2077,539.959,1778.282,421228.25,4454504.15,643.14,60.35,491.14,733.67,8,40.83
2078,532.823,1832.910,426691.04,4455217.67,594.86,140.52,192.69,791.96,7,33.80
2079,534.984,1844.036,427803.64,4455001.61,218.77,30.79,153.81,368.85,6,18.75
2080,533.247,1884.717,431871.68,4455175.25,261.44,13.85,141.89,280.66,10,21.89
2081,532.159,1965.330,439932.98,4455284.14,231.03,62.13,137.42,293.17,7,19.03
2082,534.682,1977.817,441181.72,4455031.83,255.71,28.77,224.95,379.75,6,19.37
2083,529.024,2010.571,444457.14,4455597.58,409.06,69.75,289.70,498.60,4,23.43
2084,532.877,2057.262,449126.16,4455212.33,310.97,63.11,156.76,452.01,7,26.52
2085,532.314,2117.033,455103.33,4455268.59,174.79,42.71,132.08,372.78,7,15.20
2086,532.194,2154.350,458835.00,4455280.64,315.47,69.23,169.59,476.65,12,22.20
2087,527.737,2433.673,486767.30,4455726.34,183.75,32.83,119.96,265.25,9,15.55
2088,532.224,2701.340,513533.98,4455277.63,186.37,8.74,176.71,407.80,6,17.34
2089,535.750,2810.086,524408.62,4454925.02,233.09,57.44,149.99,654.90,8,25.66
2090,531.124,3038.451,547245.14,4455387.64,264.48,8.40,250.27,349.77,4,32.48
2091,540.702,351.697,278569.65,4454429.83,452.19,216.31,178.74,765.13,11,29.63
2092,530.443,875.779,330977.93,4455455.71,344.28,41.40,283.46,408.36,4,16.76
2093,539.931,1074.116,350811.58,4454506.91,363.07,135.51,124.61,511.33,13,24.28
2094,536.020,1147.653,358165.32,4454897.95,138.84,8.32,104.64,154.24,4,14.46
2095,540.012,2175.111,460911.06,4454498.84,668.21,16.17,281.87,698.69,4,45.22
2096,533.974,2224.289,465828.87,4455102.56,154.57,20.24,130.73,253.93,4,13.01
2097,536.518,2319.180,475318.01,4454848.19,178.11,10.95,142.97,239.26,5,17.74
2098,544.897,2343.272,477727.21,4454010.28,210.18,78.35,110.14,406.44,18,16.44
2099,533.631,2486.142,492014.19,4455136.89,160.18,5.06,152.30,168.65,4,14.17
2100,540.774,2588.705,502270.52,4454422.57,176.26,17.41,107.46,316.38,11,13.09
2101,535.253,2728.215,516221.48,4454974.73,583.90,127.28,273.51,711.19,5,40.19
2102,538.126,2975.765,540976.45,4454687.41,116.25,1.62,113.05,198.55,4,14.71
2103,533.350,3136.289,557028.90,4455165.04,179.16,24.45,103.49,253.84,8,17.84
2104,542.507,405.270,283926.96,4454249.29,664.31,158.25,392.40,827.75,8,52.49
2105,539.465,444.173,287817.26,4454553.49,222.53,38.31,155.00,282.62,4,21.86
2106,536.113,612.904,304690.44,4454888.66,226.92,28.24,190.57,333.58,4,20.05
2107,552.759,816.361,325036.08,4453224.08,228.31,62.22,131.18,630.85,27,17.56
2108,537.168,826.704,326070.36,4454783.21,174.39,24.72,143.42,285.27,10,13.17
2109,542.566,857.661,329166.09,4454243.37,716.66,107.35,317.70,1014.70,11,25.26
2110,538.467,932.413,336641.33,4454653.30,594.71,46.44,548.27,703.75,5,15.85
2111,564.826,996.468,343046.79,4452017.39,240.97,84.87,111.53,443.21,30,20.36
2112,536.057,1006.349,344034.95,4454894.26,170.89,17.41,130.13,197.21,4,19.75
2113,541.479,1271.809,370580.94,4454352.06,308.04,60.93,247.11,420.26,5,15.31
2114,535.897,1374.283,380828.29,4454910.32,203.00,15.81,179.59,261.57,6,22.69
2115,539.696,1422.395,385639.45,4454530.35,358.54,82.62,124.76,441.16,5,32.72
2116,544.799,1588.310,402230.99,4454020.07,300.80,39.93,206.45,460.39,10,19.84
2117,544.060,1651.836,408583.63,4454094.01,568.70,114.16,227.15,1105.86,16,30.99
2118,544.268,1808.905,424290.50,4454073.16,170.52,16.18,121.41,413.51,15,13.86
2119,533.959,1909.775,434377.49,4455104.15,370.59,73.10,279.90,521.41,4,30.89
2120,557.538,1999.578,443357.81,4452746.16,446.32,173.40,189.94,876.11,29,20.77
2121,536.391,2080.613,451461.28,4454860.85,253.33,12.81,154.18,269.20,4,18.77
2122,543.619,2128.898,456289.79,4454138.12,199.22,31.72,152.65,277.42,4,17.41
2123,535.630,2190.759,462475.91,4454937.02,256.81,43.90,212.92,681.65,5,32.01
2124,545.929,2257.612,469161.19,4453907.10,272.42,74.68,117.87,579.69,10,23.99
2125,541.565,2279.060,471306.01,4454343.54,238.77,45.05,134.54,436.42,15,20.63
2126,542.332,2452.425,488642.49,4454266.79,274.08,20.78,251.10,374.48,6,10.43
2127,544.113,2704.165,513816.46,4454088.67,321.64,85.59,211.50,475.59,5,28.45
2128,538.174,2946.693,538069.32,4454682.61,357.39,30.33,277.68,461.59,5,22.30
2129,544.993,298.738,273273.76,4454000.67,223.25,60.65,104.00,321.80,8,18.77
2130,546.270,367.647,280164.74,4453873.03,339.18,93.18,155.91,581.28,9,14.83
2131,542.191,477.519,291151.86,4454280.93,267.16,89.86,111.14,430.04,9,23.32
2132,540.858,531.609,296560.90,4454414.18,145.64,6.59,106.23,156.55,4,15.70
2133,546.291,924.366,335836.63,4453870.91,498.98,12.89,480.23,533.84,6,8.57
2134,543.242,1026.593,346059.30,4454175.76,256.49,7.17,249.32,276.74,3,10.01
2135,537.001,1340.121,377412.09,4454799.86,560.17,96.36,386.89,775.89,4,44.36
2136,543.465,1559.105,399310.50,4454153.53,458.33,42.77,360.73,570.37,8,23.38
2137,546.573,1909.375,434337.55,4453842.71,188.31,16.91,168.65,207.77,5,19.63
2138,543.993,1962.728,439672.85,4454100.69,536.99,112.07,317.54,737.57,6,30.92
2139,544.879,2023.993,445799.31,4454012.10,399.31,137.31,226.46,566.03,9,30.75
2140,548.323,2384.753,481875.31,4453667.73,166.02,33.36,120.07,290.04,13,13.60
2141,545.398,2689.754,512375.39,4453960.25,284.05,35.01,160.37,381.74,5,23.77
2142,540.175,2766.177,520017.69,4454482.54,906.99,26.94,794.28,1012.63,5,54.46
2143,545.554,2843.177,527717.68,4453944.64,185.75,25.61,160.14,236.53,5,18.45
2144,540.507,2967.901,540190.13,4454449.31,218.32,54.92,116.77,273.23,5,20.54
2145,547.177,3187.630,562162.95,4453782.34,492.99,78.01,294.58,625.17,14,13.30
2146,547.111,560.858,299485.80,4453788.91,427.28,198.92,187.22,661.81,4,40.63
2147,547.949,638.858,307285.77,4453705.13,295.85,22.14,258.10,331.29,4,18.55
2148,550.392,838.594,327259.37,4453460.84,417.49,102.61,309.69,704.06,9,29.96
2149,548.563,1012.893,344689.29,4453643.71,195.95,16.32,156.88,213.63,4,11.54
2150,548.530,1116.340,355034.02,4453646.98,316.49,52.86,247.52,393.01,4,30.74
2151,547.651,1223.442,365744.25,4453734.93,292.61,69.26,151.44,375.39,4,14.47
2152,546.849,1239.957,367395.68,4453815.11,275.80,11.23,202.40,380.19,5,13.13
2153,549.357,1312.878,374687.82,4453564.26,483.50,71.56,391.90,625.63,11,37.53
2154,546.415,1492.569,392656.93,4453858.53,165.66,52.21,113.27,251.78,6,15.65
2155,546.690,1514.209,394820.93,4453830.98,237.05,73.05,147.26,418.59,5,15.76
2156,543.926,1614.512,404851.17,4454107.37,319.62,172.32,147.29,494.10,3,36.25
2157,556.982,1710.307,414430.66,4452801.79,395.85,31.42,198.73,585.14,15,15.68
2158,549.389,1741.926,417592.57,4453561.05,794.61,56.24,628.44,1049.64,5,28.20
2159,547.753,2058.063,449206.30,4453724.72,301.76,14.61,118.24,318.73,4,19.75
2160,554.059,2143.816,457781.57,4453094.06,209.24,42.55,136.13,411.70,14,17.85
2161,551.047,2225.587,465958.72,4453395.29,201.85,51.24,107.05,332.85,12,22.43
2162,549.781,2241.026,467502.58,4453521.88,316.54,92.34,183.25,494.49,7,13.27
2163,546.744,2323.266,475726.63,4453825.56,245.65,7.27,172.13,257.26,4,19.48
2164,546.748,2418.727,485272.70,4453825.21,128.85,11.95,116.75,163.09,4,16.16
2165,550.131,2576.693,501069.28,4453486.94,220.08,51.05,140.95,302.84,4,16.04
2166,551.232,461.684,289568.35,4453376.84,199.10,74.26,122.92,388.60,8,18.48
2167,562.462,573.732,300773.22,4452253.83,312.48,61.13,177.50,816.73,20,22.00
2168,556.691,588.007,302200.74,4452830.85,640.87,75.43,460.59,955.22,10,25.74
2169,560.051,1102.839,353683.92,4452494.92,445.78,138.80,147.71,828.36,16,37.10
2170,558.441,1251.651,368565.12,4452655.86,310.89,50.54,250.57,807.50,18,18.44
2171,552.754,1368.524,380252.43,4453224.62,408.78,53.75,135.58,495.73,9,22.77
2172,553.942,1396.613,383061.32,4453105.84,659.23,33.46,563.54,754.08,6,20.77
2173,559.548,1678.028,411202.83,4452545.23,220.81,72.57,109.09,435.08,24,16.91
2174,553.267,1853.276,428727.56,4453173.29,165.46,21.62,108.93,236.62,10,16.25
2175,558.749,1972.441,440644.13,4452625.13,417.37,60.00,226.50,773.28,29,22.54
2176,552.806,2045.442,447944.24,4453219.40,287.50,27.96,217.22,326.06,7,28.77
2177,552.289,2099.059,453305.94,4453271.08,303.16,89.88,205.30,412.39,5,19.74
2178,560.920,2295.539,472953.95,4452408.02,325.12,65.10,131.40,566.60,15,23.81
2179,548.031,2659.346,509334.58,4453696.89,164.12,47.52,110.04,215.97,5,16.98
2180,556.377,2952.472,538647.24,4452862.28,273.75,55.04,173.12,680.25,28,16.97
2181,561.762,309.768,274376.76,4452323.78,157.42,35.30,119.05,243.04,10,19.80
2182,551.719,396.524,283052.40,4453328.12,612.65,54.85,428.31,708.90,5,26.80
2183,563.228,486.324,292032.36,4452177.23,214.04,43.67,128.24,304.89,11,17.50
2184,562.055,551.981,298598.14,4452294.45,283.35,55.24,110.25,390.96,13,12.12
2185,552.945,647.736,308173.62,4453205.53,154.78,4.51,149.75,168.20,4,18.07
2186,548.683,727.949,316194.90,4453631.66,172.08,10.90,157.69,189.00,4,16.37
2187,554.981,756.183,319018.28,4453001.90,151.00,20.37,113.19,196.75,4,16.71
2188,556.340,774.590,320859.00,4452866.00,321.67,79.20,130.92,534.06,9,16.88
2189,553.555,969.555,340355.55,4453144.49,179.87,63.24,116.62,454.94,7,21.46
2190,558.693,1025.021,345902.07,4452630.72,274.04,56.74,209.27,460.29,6,26.44
2191,557.681,1057.938,349193.84,4452731.87,362.97,95.03,217.91,554.64,8,24.73
2192,556.753,1156.396,359039.59,4452824.69,163.69,16.55,139.10,196.14,6,17.68
2193,559.694,1232.147,366614.66,4452530.60,196.45,51.56,121.79,375.58,6,23.31
2194,553.009,1420.371,385437.12,4453199.12,190.64,42.82,106.21,238.16,5,13.84
2195,556.431,1638.254,407225.39,4452856.92,642.81,103.61,332.32,893.98,7,29.35
2196,558.098,1886.687,432068.70,4452690.21,369.11,59.73,206.18,518.03,14,27.71
2197,562.210,2201.614,463561.38,4452279.03,388.63,25.06,264.48,479.88,9,23.40
2198,557.362,2452.811,488681.14,4452763.84,335.31,33.57,260.84,368.88,5,15.30
2199,556.137,2502.945,493694.50,4452886.33,125.64,7.54,115.95,163.78,4,12.23
2200,553.927,2535.037,496903.66,4453107.28,354.89,91.56,246.70,472.93,9,26.77
2201,553.557,2583.137,501713.68,4453144.26,232.24,40.35,190.88,411.75,5,13.63
2202,556.958,2604.191,503819.09,4452804.22,284.71,35.62,216.25,646.20,9,26.78
2203,563.061,328.056,276205.57,4452193.91,164.37,26.78,133.87,256.95,5,15.97
2204,558.710,635.030,306903.04,4452629.01,266.07,92.99,151.99,392.01,4,16.57
2205,557.885,663.295,309729.51,4452711.53,197.49,17.29,141.02,411.51,7,18.65
2206,566.385,944.922,337892.17,4451861.50,489.76,67.57,315.41,844.93,17,21.98
2207,555.353,987.739,342173.91,4452964.68,196.20,60.91,122.49,348.21,5,26.52
2208,556.889,1186.081,362008.06,4452811.11,233.50,53.68,148.67,305.92,4,24.16
2209,560.339,1278.714,371271.42,4452466.08,387.51,34.04,261.77,440.24,6,10.82
2210,557.499,1384.634,381863.37,4452750.12,346.64,75.56,271.08,733.33,7,32.46
2211,560.898,1587.934,402193.36,4452410.21,172.74,28.80,133.57,239.73,4,16.24
2212,565.705,1725.275,415927.51,4451929.47,480.50,90.54,105.83,653.31,16,18.75
2213,565.821,1807.321,424132.10,4451917.94,262.27,69.82,121.74,422.70,11,21.45
2214,559.559,1901.212,433521.22,4452544.12,283.51,45.40,210.17,328.90,5,23.00
2215,561.075,1945.064,437906.36,4452392.50,488.79,9.14,312.75,503.83,4,23.94
2216,562.193,2063.090,449709.03,4452280.67,184.78,20.30,149.52,220.40,4,20.87
2217,561.990,2177.468,461146.82,4452301.00,280.77,19.50,220.40,336.93,10,17.68
2218,559.743,2213.909,464790.92,4452525.71,266.98,36.39,173.73,303.37,5,15.45
2219,562.987,2278.702,471270.20,4452201.27,326.99,100.20,123.54,528.73,10,17.59
2220,565.893,2367.180,480118.04,4451910.71,304.99,129.90,129.58,626.89,16,18.82
2221,560.340,2521.566,495556.60,4452465.96,328.72,43.46,214.83,482.16,10,31.93
2222,563.424,2550.882,498488.24,4452157.62,133.23,24.72,108.04,304.71,8,15.02
2223,560.645,2591.284,502528.37,4452435.54,297.13,82.80,184.60,446.42,4,33.24
2224,562.277,2684.538,511853.78,4452272.27,184.65,30.46,108.15,265.83,14,14.23
2225,563.094,2859.756,529375.63,4452190.60,315.13,67.40,202.05,434.27,12,28.49
2226,566.175,402.716,283671.64,4451882.53,555.16,101.73,310.62,726.18,14,32.19
2227,555.528,495.421,292942.15,4452947.18,163.06,21.08,141.99,243.99,3,24.12
2228,579.506,629.398,306339.82,4450549.39,658.02,208.40,198.44,1107.06,21,23.49
2229,569.896,707.384,314138.44,4451510.38,200.56,39.59,125.27,368.29,8,18.25
2230,567.360,975.977,340997.73,4451764.03,378.50,33.50,345.00,657.81,7,28.14
2231,559.460,1176.432,361043.22,4452553.97,233.77,98.07,134.60,1100.79,4,33.08
2232,567.112,1305.687,373968.68,4451788.78,297.06,88.66,167.61,441.23,11,14.48
2233,566.535,1368.535,380253.54,4451846.48,369.43,85.00,128.25,546.64,24,20.54
2234,564.055,1539.638,397363.84,4452094.51,239.76,8.93,196.58,451.91,6,18.26
2235,566.699,1614.031,404803.05,4451830.13,309.57,51.71,173.37,593.89,11,18.52
2236,564.866,2036.326,447032.57,4452013.39,192.48,43.33,116.69,653.79,14,17.34
2237,567.046,2619.329,505332.86,4451795.40,203.96,47.22,133.49,339.00,9,21.66
2238,566.814,2822.565,525656.54,4451818.61,373.17,71.19,207.06,473.28,11,25.71
2239,558.274,2895.952,532995.18,4452672.56,252.29,14.00,235.64,283.01,4,10.39
2240,569.878,3191.511,562551.08,4451512.22,510.76,55.65,295.92,632.17,19,25.15
2241,572.671,345.555,277955.47,4451232.95,545.93,49.23,388.06,696.86,11,19.25
2242,578.465,473.837,290783.67,4450653.47,178.42,25.57,104.08,321.70,20,20.06
2243,566.018,529.489,296348.93,4451898.25,287.80,29.98,143.51,321.38,7,16.32
2244,569.012,652.408,308640.78,4451598.77,316.88,68.05,218.06,405.64,4,25.59
2245,569.107,680.527,311452.75,4451589.32,241.48,73.59,167.69,344.41,4,19.78
2246,573.773,761.228,319522.83,4451122.70,220.01,22.57,118.88,349.76,7,19.51
2247,570.669,1135.217,356921.67,4451433.13,335.96,66.59,159.73,550.28,14,26.09
2248,571.471,1205.791,363979.08,4451352.93,182.90,51.01,111.90,438.38,9,19.39
2249,582.270,1261.211,369521.10,4450273.03,231.36,52.40,135.90,391.79,20,15.45
2250,570.203,1336.386,377038.55,4451479.75,321.91,22.65,299.25,542.88,7,34.55
2251,567.443,1509.511,394351.12,4451755.73,194.90,66.14,121.04,340.29,7,17.84
2252,580.140,1637.527,407152.71,4450485.98,228.22,75.86,140.21,584.73,18,15.49
2253,568.683,1652.059,408605.87,4451631.75,589.16,45.92,314.68,895.73,10,28.36
2254,567.581,1860.219,429421.85,4451741.87,378.60,60.98,237.59,439.58,5,23.30
2255,566.428,2130.279,456427.90,4451857.23,211.38,61.48,109.42,351.43,7,20.36
2256,566.201,2249.513,468351.26,4451879.94,606.87,80.78,324.56,719.96,4,59.71
2257,572.602,2715.142,514914.19,4451239.81,276.51,89.97,172.92,413.05,7,20.91
2258,574.818,2894.156,532815.55,4451018.16,672.31,190.63,113.79,1073.70,11,24.06
2259,572.045,436.614,287061.39,4451295.48,193.18,25.33,158.18,265.92,6,15.04
2260,568.829,891.014,332501.39,4451617.06,245.32,52.72,192.60,400.77,5,24.77
2261,565.075,922.721,335672.12,4451992.51,594.66,173.00,412.41,1312.82,4,42.06
2262,584.428,1030.955,346495.50,4450057.17,213.73,50.27,110.05,346.60,22,17.91
2263,571.325,1080.117,351411.74,4451367.53,183.66,16.27,149.67,234.29,7,18.74
2264,586.450,1281.399,371539.89,4449854.96,337.61,75.18,138.80,547.92,27,18.65
2265,571.375,1566.578,400057.80,4451362.53,232.26,12.34,191.43,246.27,4,27.60
2266,573.902,1771.063,420506.27,4451109.81,697.87,164.57,345.31,932.30,10,45.88
2267,578.264,1817.745,425174.45,4450673.55,186.46,64.78,117.42,340.49,7,13.49
2268,579.716,2047.669,448166.94,4450528.39,408.76,59.10,145.09,467.86,9,25.23
2269,563.710,2111.732,454573.16,4452128.98,270.87,34.51,166.13,324.91,4,20.20
2270,570.839,2149.536,458353.63,4451416.14,267.23,61.64,201.44,674.82,4,26.57
2271,573.300,2574.985,500898.50,4451170.05,287.47,91.19,171.84,677.04,11,23.33
2272,578.340,322.781,275678.05,4450666.00,329.00,111.59,122.54,686.96,10,34.45
2273,582.825,377.091,281109.13,4450217.52,753.33,53.43,628.89,845.60,11,14.83
2274,582.295,560.813,299481.27,4450270.54,533.26,120.99,406.82,989.24,15,30.54
2275,575.645,722.964,315696.43,4450935.53,130.79,12.76,117.09,206.79,7,17.10
2276,576.249,781.791,321579.09,4450875.05,213.80,25.27,167.27,277.56,4,12.26
2277,578.760,874.806,330880.65,4450623.99,647.56,124.09,478.68,846.02,7,29.81
2278,575.513,916.794,335079.39,4450948.75,739.45,133.29,504.36,956.95,4,21.55
2279,575.598,1585.070,401906.99,4450940.19,389.98,70.96,242.38,460.94,13,17.43
2280,574.954,1672.890,410689.03,4451004.64,492.42,27.26,111.29,519.68,5,15.15
2281,574.200,1847.878,428187.81,4451079.96,137.29,13.36,123.93,215.63,5,17.39
2282,574.582,1901.116,433511.58,4451041.75,350.92,45.27,304.01,795.87,6,29.61
2283,575.532,1963.589,439758.91,4450946.81,305.69,74.39,221.67,401.57,8,24.95
2284,577.293,2088.752,452275.17,4450770.73,110.26,6.47,103.51,130.20,5,14.44
2285,590.583,2206.542,464054.20,4449441.74,286.04,54.76,148.55,781.56,43,17.55
2286,573.277,2216.751,465075.14,4451172.29,158.07,45.45,105.79,401.64,5,21.08
2287,575.110,2391.625,482562.47,4450989.03,274.39,51.11,190.59,350.56,5,14.35
2288,573.051,2516.740,495074.03,4451194.92,455.50,69.96,184.56,528.99,6,24.97
2289,586.152,2639.892,507389.24,4449884.78,195.10,50.18,132.11,343.13,12,15.89
2290,573.486,2874.628,530862.83,4451151.39,367.97,39.51,318.45,426.21,5,16.31
2291,573.603,3164.793,559879.34,4451139.66,241.58,22.85,212.58,289.71,4,19.67
2292,583.857,298.450,273245.01,4450114.28,186.29,73.28,107.95,602.45,14,16.08
2293,586.094,539.650,297365.03,4449890.61,200.07,34.97,113.09,273.44,12,15.11
2294,581.445,699.652,313365.22,4450355.54,302.96,14.91,218.21,319.34,6,20.40
2295,582.207,746.094,318009.41,4450279.34,215.41,12.91,139.24,377.79,8,19.71
2296,589.392,850.056,328405.65,4449560.84,564.89,151.08,122.25,1091.96,41,32.42
2297,575.043,1055.008,348900.81,4450995.69,197.32,14.83,178.86,294.88,4,20.54
2298,577.839,1325.474,375947.41,4450716.12,240.43,38.41,202.02,395.96,5,30.93
2299,579.611,1463.661,389766.11,4450538.86,181.09,47.70,109.29,342.95,8,13.10
2300,582.966,1537.235,397123.49,4450203.41,381.82,125.06,169.87,617.66,13,28.49
2301,587.355,1615.261,404926.13,4449764.48,314.56,26.09,234.84,355.14,11,12.09
2302,579.771,1688.327,412232.72,4450522.89,352.72,72.37,280.35,501.94,5,28.59
2303,587.095,1708.302,414230.15,4449790.48,358.52,72.36,217.23,483.28,8,9.49
2304,578.466,1828.489,426248.86,4450653.42,157.77,14.61,139.74,265.17,6,17.96
2305,579.037,1861.772,429577.19,4450596.28,244.48,39.14,192.80,392.33,7,19.06
2306,579.794,2239.550,467354.99,4450520.59,579.58,67.21,372.87,860.38,7,35.21
2307,571.551,2306.703,474070.29,4451344.90,130.59,6.96,109.79,139.01,4,15.92
2308,579.217,2377.190,481118.98,4450578.29,156.63,13.18,112.77,281.65,7,13.95
2309,579.100,2400.862,483486.22,4450590.02,303.93,149.17,154.76,511.46,5,28.75
2310,580.325,2418.017,485201.70,4450467.50,155.01,19.66,111.37,212.74,5,16.03
2311,580.824,2456.442,489044.20,4450417.57,185.55,8.12,160.20,257.41,5,19.43
2312,575.871,2679.976,511397.63,4450912.90,245.80,33.68,141.52,288.43,4,18.33
2313,575.999,2764.880,519888.02,4450900.06,268.74,17.34,245.22,302.67,5,20.12
2314,580.450,2850.549,528454.93,4450454.97,201.69,49.54,129.79,311.77,4,21.75
2315,576.421,2960.105,539410.47,4450857.92,595.33,22.68,546.00,634.47,5,16.29
2316,590.897,403.780,283777.98,4449410.34,556.43,151.90,197.53,735.22,13,17.40
2317,579.105,650.931,308493.09,4450589.53,324.71,35.93,276.81,364.99,4,18.41
2318,580.475,795.067,322906.74,4450452.52,240.00,14.59,133.64,254.59,5,16.31
2319,602.859,903.990,333799.04,4448214.14,738.33,106.80,357.79,1000.20,26,22.83
2320,590.554,1209.144,364314.38,4449444.58,403.12,95.49,176.56,714.87,23,23.84
2321,582.967,2111.139,454513.92,4450203.34,177.31,45.46,130.12,298.96,4,15.44
2322,585.063,2167.168,460116.80,4449993.74,527.38,77.14,197.95,1069.83,10,30.63
2323,586.638,2255.630,468963.01,4449836.22,501.43,134.43,241.31,639.62,6,24.39
2324,582.868,2475.179,490917.91,4450213.21,190.86,18.17,131.99,217.51,6,11.31
2325,588.637,2581.109,501510.90,4449636.28,231.09,37.39,121.68,383.00,16,19.43
2326,592.507,2686.550,512055.03,4449249.27,176.89,39.50,100.28,357.27,16,13.05
2327,582.851,2702.216,513621.62,4450214.85,278.67,56.42,101.79,759.78,12,25.55
2328,586.286,2737.258,517125.77,4449871.36,173.74,49.51,108.35,711.26,24,16.34
2329,592.093,2775.701,520970.06,4449290.72,278.77,79.78,177.54,539.93,21,14.30
2330,589.200,2792.380,522637.97,4449580.03,429.20,98.63,246.15,544.67,11,31.52
2331,585.893,2803.736,523773.59,4449910.71,326.12,67.07,246.66,495.22,4,33.59
2332,592.306,2862.878,529687.83,4449269.40,458.16,87.68,152.90,786.99,18,23.69
2333,583.066,2924.534,535853.42,4450193.37,455.36,66.69,353.04,679.88,5,23.71
2334,587.744,330.550,276455.01,4449725.58,455.54,85.08,214.52,816.37,8,24.75
2335,592.618,341.709,277570.90,4449238.23,350.75,49.01,228.80,425.39,7,26.39
2336,585.671,598.834,303283.42,4449932.90,650.90,55.06,579.69,777.10,8,14.61
2337,587.297,1116.636,355063.59,4449770.34,145.91,13.74,128.32,166.48,4,20.96
2338,584.932,1338.532,377253.21,4450006.78,296.67,32.05,239.01,328.73,3,33.94
2339,593.813,1358.257,379225.75,4449118.69,196.03,46.77,117.32,263.53,9,12.58
2340,587.904,1454.193,388819.34,4449709.64,125.82,16.88,100.22,260.37,4,15.53
2341,591.146,1670.384,410438.45,4449385.36,403.18,160.03,205.55,701.68,13,13.40
2342,586.302,1743.927,417792.72,4449869.81,842.08,207.26,606.00,1174.16,5,50.30
2343,587.493,1998.611,443261.08,4449750.72,348.41,71.64,185.39,525.00,5,14.24
2344,588.234,2302.172,473617.18,4449676.57,230.43,91.27,129.64,509.29,9,20.34
2345,594.525,2317.196,475119.63,4449047.46,306.65,45.74,145.23,568.11,10,25.71
2346,591.970,2823.118,525711.82,4449303.01,270.33,113.77,124.05,536.88,13,21.48
2347,590.660,2962.844,539684.36,4449433.98,535.01,107.47,354.09,775.30,8,17.65
2348,591.938,433.177,286717.65,4449306.18,279.61,84.36,183.25,394.13,8,16.29
2349,592.352,490.276,292427.59,4449264.84,385.57,98.61,152.99,506.23,11,16.74
2350,592.863,717.806,315180.58,4449213.67,230.64,9.57,215.45,380.80,4,24.62
2351,588.065,818.371,325237.10,4449693.51,272.55,67.62,199.22,507.68,7,25.61
2352,591.095,1582.285,401628.49,4449390.46,281.48,45.05,129.21,380.71,9,17.92
2353,598.277,2106.944,454094.40,4448672.34,371.97,103.74,185.52,533.02,11,31.87
2354,592.492,2381.326,481532.59,4449250.81,228.31,16.39,158.77,244.70,5,18.92
2355,596.548,2468.573,490257.26,4448845.21,399.41,86.08,175.19,485.50,11,20.76
2356,593.715,2530.946,496494.57,4449128.53,244.34,67.03,105.98,431.03,15,16.20
2357,590.846,2566.609,500060.89,4449415.38,282.93,71.89,173.74,407.23,9,17.03
2358,595.629,474.441,290844.08,4448937.13,127.15,17.22,100.43,177.55,6,10.52
2359,602.076,507.384,294138.40,4448292.37,212.14,66.69,128.36,466.81,14,20.05
2360,597.875,531.848,296584.83,4448712.52,193.94,49.31,130.09,255.77,5,18.04
2361,596.579,935.135,336913.53,4448842.08,480.67,29.95,387.78,521.60,4,27.25
2362,601.072,949.226,338322.55,4448392.78,431.42,71.03,244.92,928.22,18,30.97
2363,598.827,970.825,340482.47,4448617.33,211.42,32.31,141.27,355.61,14,18.57
2364,600.819,1063.765,349776.48,4448418.11,186.76,18.87,156.03,424.48,17,19.77
2365,612.632,1230.831,366483.11,4447236.82,208.15,37.14,122.14,342.43,31,15.43
2366,599.069,1656.344,409034.41,4448593.15,241.75,67.84,125.38,356.74,4,14.03
2367,594.409,1693.751,412775.12,4449059.05,275.19,38.59,219.12,328.26,4,20.36
2368,598.589,1787.067,422106.70,4448641.08,591.20,136.15,317.96,729.44,6,26.45
2369,597.587,1799.572,423357.22,4448741.29,632.74,61.71,569.82,775.77,4,21.21
2370,602.494,1859.774,429377.38,4448250.61,332.11,25.76,210.79,605.82,18,27.08
2371,595.220,1892.117,432611.73,4448978.03,336.03,43.41,256.72,457.24,4,26.59
2372,593.398,1950.903,438490.27,4449160.16,272.29,27.57,150.28,319.82,5,31.02
2373,596.542,1965.261,439926.08,4448845.77,206.10,39.92,116.11,265.41,9,16.10
2374,597.293,2075.149,450914.87,4448770.69,162.50,24.84,109.55,199.09,9,12.57
2375,596.909,2358.130,479212.95,4448809.14,274.65,52.59,138.56,428.82,11,20.12
2376,601.928,2371.405,480540.46,4448307.17,177.69,18.51,144.61,268.93,6,20.94
2377,592.911,2619.224,505322.39,4449208.94,139.65,14.65,120.31,176.96,4,12.13
2378,598.614,2762.120,519611.99,4448638.57,343.54,40.72,160.77,404.69,9,17.49
2379,595.898,669.039,310303.88,4448910.23,191.85,42.82,139.63,423.99,4,15.23
2380,603.939,723.714,315771.42,4448106.09,237.71,38.64,180.68,286.02,8,23.73
2381,602.293,1137.179,357117.91,4448270.73,136.69,20.59,111.72,183.90,9,16.53
2382,603.306,1174.420,360842.00,4448169.43,359.43,69.94,270.14,763.56,13,29.93
2383,598.646,1641.763,407576.30,4448635.40,157.39,29.36,118.28,253.08,8,15.89
2384,601.411,2502.939,493693.89,4448358.89,332.15,104.56,163.38,518.89,10,22.76
2385,601.171,2604.617,503861.75,4448382.86,288.28,53.02,129.69,509.65,11,17.44
2386,609.834,2708.240,514224.01,4447516.61,227.92,71.35,105.15,395.67,31,16.31
2387,603.245,346.803,278080.27,4448175.50,572.95,42.18,454.48,661.90,5,35.51
2388,615.088,443.084,287708.42,4446991.15,288.49,127.42,113.67,707.45,22,18.68
2389,606.210,606.289,304028.93,4447878.98,406.16,141.29,176.13,928.06,14,27.52
2390,605.479,655.281,308928.15,4447952.11,229.27,47.21,180.55,304.36,4,9.61
2391,609.711,683.962,311796.16,4447528.93,255.81,46.52,148.50,431.64,10,11.77
2392,603.271,749.120,318311.95,4448172.92,164.67,8.38,125.75,174.04,4,15.85
2393,606.331,1197.949,363194.91,4447866.86,180.72,55.34,124.95,571.38,10,17.63
2394,604.959,1320.627,375462.68,4448004.05,254.59,23.55,203.73,349.54,6,11.56
2395,602.059,1450.696,388469.61,4448294.12,251.66,80.96,111.00,474.25,7,31.10
2396,608.401,1707.926,414192.57,4447659.94,524.69,107.06,237.69,733.51,9,25.45
2397,603.322,1741.358,417535.79,4448167.81,920.21,192.13,545.36,1323.46,4,47.89
2398,608.215,1784.420,421841.97,4447678.54,509.60,92.29,407.23,832.42,7,31.52
2399,606.074,1811.235,424523.54,4447892.59,173.78,22.37,100.04,196.15,7,15.39
2400,604.757,1827.152,426115.20,4448024.26,176.59,41.22,130.16,362.42,9,14.06
2401,608.962,1990.304,442430.42,4447603.80,308.25,33.02,205.21,390.17,15,14.62
2402,605.521,2632.222,506622.16,4447947.91,287.43,33.90,138.79,438.49,15,21.65
2403,613.319,2671.800,510579.96,4447168.05,261.28,46.11,108.54,323.49,19,18.33
2404,600.836,2845.470,527947.05,4448416.35,293.87,107.60,150.43,450.90,4,25.80
2405,603.099,3189.579,562357.93,4448190.10,396.04,31.15,345.93,439.91,9,38.38
2406,610.211,296.257,273025.74,4447478.88,252.22,60.79,150.65,396.93,7,18.24
2407,610.985,404.357,283835.74,4447401.52,594.84,158.76,325.52,810.07,9,25.52
2408,612.010,562.696,299669.61,4447298.97,493.87,113.90,266.99,733.88,4,22.42
2409,606.657,804.958,323895.82,4447834.28,171.23,41.49,106.40,269.45,6,16.17
2410,608.922,825.649,325964.88,4447607.77,207.41,26.06,140.58,233.47,5,15.76
2411,607.389,1662.926,409692.62,4447761.14,293.97,54.70,187.38,501.62,10,19.20
2412,607.823,1684.684,411868.42,4447717.68,321.13,17.20,303.93,425.34,7,29.02
2413,609.733,1773.557,420755.73,4447526.68,486.90,21.39,312.49,556.80,5,45.92
2414,603.429,1938.173,437217.33,4448157.13,153.99,20.41,120.38,178.19,5,18.73
2415,614.599,2053.871,448787.10,4447040.15,218.27,113.24,103.17,762.16,23,22.40
2416,622.477,2075.935,450993.49,4446252.29,176.72,41.21,100.15,505.48,42,14.56
2417,609.259,2238.487,467248.69,4447574.06,164.41,21.25,124.86,207.94,4,16.21
2418,615.488,2343.853,477785.26,4446951.16,449.79,92.95,193.97,666.16,28,27.86
2419,608.043,2412.893,484689.33,4447695.73,227.77,26.28,121.52,267.59,5,18.13
2420,609.465,2517.457,495145.65,4447553.52,236.08,77.83,158.25,848.22,9,24.14
2421,604.873,2562.937,499693.72,4448012.68,288.22,44.09,182.36,351.72,4,20.63
2422,611.236,2795.199,522919.94,4447376.37,231.09,77.97,129.02,528.33,17,18.88
2423,608.581,2825.664,525966.39,4447641.94,227.99,55.01,132.55,301.88,7,12.12
2424,612.754,3135.642,556964.18,4447224.56,394.16,103.38,267.94,533.10,7,22.73
2425,603.622,3222.443,565644.25,4448137.77,455.27,16.84,350.24,475.39,4,21.33
2426,611.098,320.234,275423.38,4447390.16,525.70,161.56,225.50,893.21,8,24.56
2427,616.847,486.028,292002.80,4446815.28,331.10,53.49,205.15,434.46,7,26.30
2428,615.402,546.895,298089.49,4446959.77,319.84,83.31,149.46,662.35,8,18.01
2429,607.362,709.128,314312.79,4447763.83,379.80,228.89,118.76,630.47,7,21.43
2430,615.937,1029.983,346398.31,4446906.28,273.83,63.03,199.61,497.16,9,23.61
2431,613.732,1975.347,440934.73,4447126.81,312.41,45.26,147.11,363.36,6,23.75
2432,617.406,2165.589,459958.91,4446759.41,333.32,58.48,143.59,443.59,23,13.03
2433,612.672,2458.932,489293.23,4447232.84,196.24,17.48,162.21,310.76,4,21.41
2434,622.284,2647.363,508136.30,4446271.59,267.45,32.00,142.12,387.44,15,20.30
2435,617.833,370.314,280431.43,4446716.73,1198.83,171.05,930.64,1485.39,7,29.78
2436,616.957,575.055,300905.49,4446804.33,705.38,183.02,431.71,1162.53,7,38.36
2437,610.023,592.306,302630.64,4447497.74,222.10,37.67,174.68,548.22,4,25.55
2438,615.905,735.035,316903.52,4446909.48,264.64,46.60,187.22,384.99,11,19.74
2439,620.271,862.349,329634.94,4446472.88,357.05,75.68,263.04,561.79,10,29.00
2440,609.689,1010.310,344430.97,4447531.12,231.85,25.93,204.01,258.00,4,24.86
2441,620.275,1286.753,372075.29,4446472.49,290.23,85.43,184.39,555.00,16,20.82
2442,617.820,1338.083,377208.34,4446717.99,295.15,121.57,110.18,613.23,10,16.48
2443,615.814,1797.340,423134.03,4446918.63,313.47,98.55,140.50,474.50,10,15.52
2444,617.299,1844.146,427814.64,4446770.06,262.21,102.79,139.14,541.33,11,21.70
2445,616.093,2021.702,445570.18,4446890.70,205.89,57.18,143.81,299.17,12,17.90
2446,614.680,2532.479,496647.90,4447032.04,323.22,27.16,213.57,366.90,5,38.23
2447,615.746,2593.035,502703.47,4446925.40,174.24,27.64,121.37,250.15,7,13.60
2448,618.354,2627.764,506176.37,4446664.63,272.27,40.11,160.68,384.51,10,17.86
2449,626.886,2753.685,518768.49,4445811.36,277.14,57.31,127.91,505.00,25,19.05
2450,623.171,2775.623,520962.33,4446182.90,199.06,14.93,179.29,257.89,10,10.73
2451,617.152,2924.080,535808.03,4446784.81,311.67,66.37,148.30,422.66,10,18.76
2452,611.167,2943.563,537756.29,4447383.33,445.59,75.14,315.27,706.61,6,30.29
2453,620.431,456.607,289060.69,4446456.86,201.66,21.50,151.13,241.45,6,18.29
2454,618.628,657.256,309125.55,4446637.18,195.94,71.87,111.66,424.51,6,20.52
2455,625.432,709.790,314378.96,4445956.80,351.55,61.42,218.51,582.67,12,27.88
2456,620.367,753.320,318732.00,4446463.34,176.02,6.20,163.39,221.14,5,17.53
2457,623.948,874.416,330841.57,4446105.24,422.24,22.89,337.26,755.05,10,20.22
2458,624.076,940.210,337420.95,4446092.41,243.05,56.57,105.86,438.65,11,16.11
2459,616.097,955.580,338957.99,4446890.30,312.24,97.41,161.94,512.46,4,22.78
2460,624.004,1054.071,348807.09,4446099.61,264.37,63.96,121.05,413.43,9,17.15
2461,616.401,1264.497,369849.69,4446859.93,203.75,45.60,132.14,316.71,4,21.50
2462,623.205,1304.251,373825.08,4446179.45,331.95,62.37,160.67,460.46,9,33.59
2463,628.740,1396.235,383023.48,4445625.95,179.72,39.77,106.02,453.60,21,14.18
2464,617.471,1457.314,389131.36,4446752.85,155.32,26.65,123.48,185.27,4,16.45
2465,619.694,1669.223,410322.29,4446530.61,209.95,65.55,130.26,393.73,10,22.95
2466,621.581,1959.274,439327.41,4446341.91,152.59,23.76,127.12,236.45,6,12.47
2467,620.441,2115.243,454924.30,4446455.88,160.24,21.24,111.41,218.23,8,12.26
2468,621.333,2210.905,464490.51,4446366.72,198.99,38.79,125.93,328.53,12,19.19
2469,619.611,2418.331,485233.07,4446538.89,175.75,13.47,149.78,283.08,4,21.75
2470,620.499,2541.614,497561.41,4446450.14,242.26,12.14,176.55,314.13,5,22.08
2471,620.355,2853.526,528752.56,4446464.48,213.37,16.51,188.08,280.50,6,16.77
2472,617.785,2890.978,532497.76,4446721.48,993.02,72.90,864.26,1126.50,4,20.14
2473,624.057,766.641,320064.08,4446094.28,178.89,27.32,126.46,386.52,15,21.43
2474,626.099,911.427,334542.66,4445890.10,893.12,173.24,711.40,1616.72,12,54.19
2475,623.863,965.560,339955.97,4446113.74,147.11,16.61,130.50,370.97,5,14.51
2476,621.949,979.676,341367.60,4446305.09,263.91,45.18,172.82,345.75,4,27.20
2477,624.587,1253.994,368799.40,4446041.29,237.72,59.75,160.00,338.83,6,17.08
2478,623.812,1588.256,402225.62,4446118.83,293.48,31.03,262.45,410.50,5,30.50
2479,630.266,1702.428,413642.82,4445473.43,809.53,87.46,619.26,1027.52,9,18.46
2480,623.192,1740.407,417440.65,4446180.84,474.25,43.35,430.90,593.01,5,23.83
2481,626.694,2189.675,462367.48,4445830.62,421.28,74.57,315.26,774.60,12,15.90
2482,626.953,2500.680,493468.04,4445804.71,511.50,124.52,307.05,646.16,6,17.16
2483,621.574,3149.857,558385.67,4446342.59,251.09,71.39,176.32,466.63,7,25.15
2484,635.266,3169.654,560365.36,4444973.37,286.64,32.60,169.11,466.99,18,27.90
2485,644.011,307.164,274116.36,4444098.95,335.97,75.49,170.98,749.31,21,21.78
2486,629.715,351.608,278560.82,4445528.51,433.84,39.28,387.53,785.29,9,18.12
2487,634.206,634.255,306825.52,4445079.41,385.27,165.77,105.12,676.72,18,23.04
2488,625.385,828.399,326239.92,4445961.49,538.54,101.63,351.07,748.86,4,45.34
2489,633.286,974.022,340802.21,4445171.37,254.95,69.40,156.05,470.04,6,26.29
2490,622.491,1512.666,394666.59,4446250.93,194.64,28.56,161.95,429.96,6,23.02
2491,623.350,1770.344,420434.37,4446165.01,433.33,41.84,332.04,727.08,5,42.42
2492,630.684,1875.851,430985.14,4445431.61,397.54,34.66,206.53,441.31,6,28.10
2493,632.224,2138.714,457271.39,4445277.61,358.63,93.17,261.57,968.93,12,18.88
2494,628.593,2381.428,481542.80,4445640.73,204.66,19.02,182.37,277.59,6,18.12
2495,626.988,2580.073,501407.32,4445801.18,181.64,14.13,158.28,196.20,4,18.07
2496,627.006,2716.654,515065.40,4445799.37,232.18,80.82,110.19,427.90,8,20.87
2497,624.734,2838.926,527292.64,4446026.60,132.72,9.98,121.66,257.06,4,14.32
2498,632.504,371.094,280509.43,4445249.63,805.55,77.48,716.00,1037.77,9,20.75
2499,630.784,544.652,297865.22,4445421.56,281.66,64.23,184.63,359.07,4,19.72
2500,632.934,605.907,303990.67,4445206.63,273.26,47.57,130.17,401.32,19,26.55
2501,632.108,749.744,318374.36,4445289.18,255.86,57.71,123.86,466.61,12,23.75
2502,633.135,810.433,324443.35,4445186.51,296.22,81.31,171.66,603.37,14,21.57
2503,634.919,851.367,328536.67,4445008.07,535.63,140.83,198.66,709.04,16,44.81
2504,633.990,1001.617,343561.72,4445101.03,224.18,56.07,103.78,313.58,22,20.99
2505,630.236,1195.592,362959.18,4445476.41,368.27,125.37,145.19,555.15,6,29.19
2506,628.601,1375.288,380928.77,4445639.89,178.42,19.86,144.20,233.43,7,19.06
2507,630.015,1811.489,424548.92,4445498.49,177.08,28.49,141.89,443.27,4,18.20
2508,632.666,1862.850,429685.00,4445233.37,283.83,92.04,117.19,399.94,9,22.34
2509,649.101,2150.652,458465.19,4443589.85,400.30,60.37,263.88,770.06,24,35.58
2510,629.250,2230.297,466429.73,4445574.98,261.36,109.23,146.76,1037.27,5,13.50
2511,634.219,2299.624,473362.42,4445078.10,167.29,26.94,113.48,302.32,8,20.32
2512,631.322,2313.096,474709.59,4445367.80,155.93,10.36,142.91,217.96,5,12.82
2513,634.908,2457.912,489191.18,4445009.21,601.63,49.68,492.37,897.12,8,22.32
2514,633.764,3195.825,562982.51,4445123.56,425.53,40.90,299.07,483.25,9,32.07
2515,657.263,435.886,286988.62,4442773.68,344.64,75.82,163.72,564.16,28,19.01
2516,640.293,567.192,300119.21,4444470.72,690.47,36.48,638.51,773.75,5,18.84
2517,633.683,727.717,316171.71,4445131.71,221.56,38.11,183.44,311.23,5,21.70
2518,640.075,1171.669,360566.91,4444492.55,133.09,18.58,102.54,216.79,7,12.69
2519,639.758,1328.816,376281.61,4444524.18,427.46,90.89,217.28,760.77,14,30.21
2520,635.783,1886.643,432064.33,4444921.71,553.41,65.02,311.57,749.03,8,31.43
2521,628.490,1992.469,442646.87,4445651.04,331.23,68.64,242.96,418.53,4,25.77
2522,632.412,2026.663,446066.28,4445258.85,296.92,135.39,142.88,664.04,6,16.83
2523,637.871,2485.822,491982.16,4444712.92,281.09,26.33,107.47,411.25,11,15.65
2524,639.393,2590.307,502430.68,4444560.74,208.88,48.61,137.07,367.86,8,16.82
2525,637.941,2620.370,505436.99,4444705.85,227.35,62.17,120.64,434.16,14,17.90
2526,636.500,2742.511,517651.05,4444849.99,285.10,60.90,200.53,422.67,8,23.80
2527,635.309,2778.451,521245.07,4444969.12,214.66,56.04,158.62,409.10,5,12.08
2528,640.294,2847.018,528101.85,4444470.58,276.78,97.96,106.67,423.06,13,17.73
2529,634.011,2925.227,535922.69,4445098.89,368.64,61.24,237.31,534.20,11,20.23
2530,639.578,3109.078,554307.82,4444542.20,973.91,42.33,926.17,1430.08,5,86.85
2531,633.671,3149.923,558392.30,4445132.91,427.87,5.71,356.10,437.07,4,43.47
2532,637.846,464.159,289815.90,4444715.37,230.64,26.24,116.24,451.93,6,20.43
2533,650.577,708.410,314241.02,4443442.28,298.39,54.43,123.27,585.51,23,20.60
2534,637.214,1026.451,346045.14,4444778.61,252.82,51.94,200.88,388.23,5,23.59
2535,638.547,1262.806,369680.58,4444645.28,326.54,44.64,263.41,520.27,7,37.02
2536,639.240,1419.021,385302.07,4444576.04,308.27,58.86,224.73,452.20,4,23.80
2537,638.796,1627.147,406114.69,4444620.38,225.92,33.88,180.66,264.52,6,23.09
2538,642.827,1660.683,409468.28,4444217.27,398.39,90.65,174.01,536.97,10,16.74
2539,637.617,1738.771,417277.13,4444738.35,388.32,49.65,328.07,676.38,5,10.16
2540,642.223,1778.184,421218.40,4444277.71,609.23,86.60,488.04,747.50,6,21.08
2541,656.293,2332.250,476625.02,4442870.68,210.30,43.48,143.55,332.39,26,16.73
2542,640.608,2371.895,480589.48,4444439.18,233.03,67.22,133.43,393.95,15,22.05
2543,641.620,2400.947,483494.71,4444338.02,283.20,139.56,111.13,487.82,5,21.96
2544,640.579,2530.116,496411.55,4444442.12,196.30,30.33,144.88,269.08,6,21.20
2545,649.931,2791.692,522569.20,4443506.87,240.05,51.57,112.06,449.23,30,16.26
2546,652.322,2902.179,533617.89,4443267.80,458.94,92.27,276.26,779.76,20,20.33
2547,645.205,3158.763,559276.30,4443979.48,419.91,41.07,310.68,534.28,10,39.15
2548,644.483,3226.206,566020.55,4444051.71,333.14,19.98,313.16,474.78,5,27.09
2549,645.705,555.716,298971.62,4443929.53,511.86,74.84,207.73,673.22,6,23.69
2550,661.032,658.498,309249.82,4442396.81,223.45,58.56,112.63,649.83,20,20.71
2551,645.758,740.992,317499.16,4443924.20,170.22,12.96,157.26,249.73,5,24.34
2552,635.380,782.261,321626.12,4444961.96,308.95,69.26,224.60,390.81,4,22.66
2553,643.341,950.489,338448.89,4444165.89,216.85,20.48,125.00,286.22,8,17.10
2554,642.495,1043.048,347704.77,4444250.47,181.16,38.15,135.00,226.23,4,20.40
2555,645.032,1276.006,371000.65,4443996.79,296.08,84.62,153.10,455.35,6,31.01
2556,651.377,1352.316,378631.60,4443362.25,595.28,40.58,533.82,856.58,11,25.43
2557,641.199,1384.503,381850.29,4444380.15,280.33,93.10,113.99,509.05,4,26.64
2558,646.450,1678.674,411267.38,4443854.99,595.68,56.78,443.01,1424.83,12,32.73
2559,647.045,1705.974,413997.42,4443795.49,756.14,107.69,518.33,941.73,14,18.90
2560,644.294,1733.379,416737.92,4444070.64,604.10,39.47,564.63,870.68,3,61.79
2561,643.262,1976.929,441092.87,4444173.80,233.47,21.95,188.59,255.42,5,13.75
2562,641.739,2188.577,462257.65,4444326.12,1361.57,133.16,1159.31,1754.48,4,71.40
2563,644.445,2417.007,485100.72,4444055.53,209.56,43.39,109.82,299.90,8,14.52
2564,656.233,2662.336,509633.61,4442876.74,285.64,60.73,129.93,493.02,19,21.03
2565,643.564,2819.563,525356.27,4444143.56,186.84,36.03,135.34,254.49,4,19.52
2566,647.371,2870.624,530462.43,4443762.91,150.91,16.29,124.07,261.33,12,11.96
2567,636.567,3134.192,556819.19,4444843.27,460.13,20.37,423.99,589.88,4,40.78
2568,650.719,460.395,289439.50,4443428.12,264.10,55.06,125.44,460.64,8,18.31
2569,653.051,505.808,293980.81,4443194.86,209.55,31.05,123.71,335.66,13,16.27
2570,661.117,781.676,321567.60,4442388.35,263.38,54.77,143.01,515.72,20,18.74
2571,649.121,819.725,325372.49,4443587.89,296.15,161.57,108.28,678.65,8,21.94
2572,649.650,921.498,335549.81,4443535.01,412.50,88.78,219.43,537.84,6,22.22
2573,656.008,1054.164,348816.39,4442899.24,279.37,88.07,108.89,465.66,21,25.50
2574,648.164,1200.729,363472.89,4443683.57,232.19,56.14,153.10,414.58,6,24.24
2575,648.097,1228.957,366295.70,4443690.32,264.94,51.73,200.66,420.79,11,15.15
2576,648.252,1251.793,368579.29,4443674.80,384.68,62.66,322.02,622.44,7,42.65
2577,649.519,1302.540,373654.01,4443548.09,372.17,151.50,159.40,571.92,9,15.51
2578,652.773,1481.910,391591.02,4443222.73,202.20,45.75,111.23,792.57,14,19.04
2579,645.713,1605.025,403902.52,4443928.70,458.94,10.15,441.23,759.01,4,20.41
2580,650.134,1620.908,405490.83,4443486.57,207.40,46.18,118.02,265.89,6,22.82
2581,651.492,1827.067,426106.66,4443350.76,155.58,33.20,107.53,282.13,12,12.07
2582,653.449,1862.989,429698.85,4443155.12,241.43,54.68,153.67,472.23,10,19.06
2583,653.934,2115.876,454987.65,4443106.63,326.30,25.52,271.36,570.76,8,16.10
2584,647.710,2128.214,456221.37,4443728.97,381.76,89.32,269.53,532.36,6,25.70
2585,650.203,2216.651,465065.07,4443479.66,255.49,30.44,208.03,584.87,10,19.91
2586,662.223,2443.814,487781.38,4442277.68,242.00,45.71,112.04,448.48,32,17.57
2587,645.170,2502.680,493668.03,4443983.00,468.13,76.36,363.47,587.49,9,23.08
2588,654.101,536.200,297020.00,4443089.91,280.55,85.96,180.65,516.51,9,21.63
2589,652.418,594.937,302893.67,4443258.24,423.55,13.45,407.34,460.18,4,25.55
2590,653.502,634.449,306844.93,4443149.78,173.79,40.92,132.86,339.65,9,21.56
2591,647.238,767.005,320100.45,4443776.17,208.58,14.76,189.06,235.34,4,17.00
2592,650.984,800.069,323406.92,4443401.61,263.88,74.38,145.33,444.13,10,20.48
2593,648.138,1502.716,393671.64,4443686.15,419.61,119.23,139.65,644.48,4,36.48
2594,654.389,2009.836,444383.56,4443061.15,325.31,44.27,219.70,539.23,10,24.61
2595,653.356,2088.557,452255.71,4443164.43,353.08,31.19,321.89,410.05,5,14.77
2596,648.779,2201.761,463576.11,4443622.12,235.42,113.02,107.80,379.16,4,23.33
2597,654.790,2262.139,469613.95,4443020.96,196.43,13.19,183.24,264.62,5,12.26
2598,647.997,2430.539,486453.93,4443700.31,249.04,18.06,224.92,270.94,4,17.33
2599,652.234,2649.989,508398.92,4443276.60,242.47,50.31,167.43,414.34,4,24.63
2600,648.867,2708.169,514216.90,4443613.27,127.62,7.69,119.74,156.34,4,16.95
2601,656.264,315.651,274965.13,4442873.59,385.67,20.45,338.98,425.10,5,20.96
2602,662.086,616.794,305079.38,4442291.40,439.83,85.58,299.20,1030.79,12,45.34
2603,657.073,755.112,318911.22,4442792.71,157.42,23.93,115.23,238.73,7,12.36
2604,657.529,958.906,339290.57,4442747.09,218.16,31.73,139.52,432.99,8,17.10
2605,657.772,1283.272,371727.21,4442722.75,554.26,57.32,492.41,805.75,4,25.86
2606,657.617,1319.471,375347.11,4442738.26,309.32,35.80,219.84,389.58,8,14.71
2607,652.955,1395.828,382982.79,4443204.50,298.90,79.58,100.97,441.76,7,26.97
2608,653.407,1453.916,388791.61,4443159.27,169.96,16.03,149.77,242.39,4,19.38
2609,655.469,1981.571,441557.09,4442953.12,292.17,49.14,142.74,596.35,12,32.03
2610,660.311,2033.504,446750.35,4442468.90,331.32,30.94,252.77,377.39,8,17.59
2611,657.679,2230.675,466467.48,4442732.08,355.16,59.96,229.20,583.72,8,33.23
2612,663.173,2249.586,468358.60,4442182.70,331.68,108.52,195.90,550.11,10,25.54
2613,658.845,2306.920,474091.96,4442615.47,155.22,30.83,100.23,238.21,10,12.07
2614,656.797,2367.088,480108.81,4442820.30,157.07,39.58,117.50,308.96,9,15.76
2615,654.790,2679.582,511358.17,4443020.97,523.93,117.48,280.16,646.33,8,25.64
2616,670.793,2838.816,527281.58,4441420.67,304.20,53.88,107.64,555.81,20,17.76
2617,651.160,3135.046,556904.60,4443383.96,621.33,208.64,379.38,905.83,4,38.74
2618,661.893,358.051,279205.10,4442310.66,753.89,97.76,637.49,971.73,7,14.12
2619,661.212,583.703,301770.34,4442378.82,451.90,43.30,403.60,517.31,7,17.37
2620,664.103,726.251,316025.15,4442089.65,148.93,24.69,104.58,268.68,12,14.71
2621,661.045,900.228,333422.78,4442395.49,813.37,68.44,667.57,930.80,8,25.14
2622,656.913,937.515,337151.49,4442808.72,194.91,21.80,169.14,265.78,4,16.13
2623,662.918,1183.594,361759.38,4442208.25,119.22,3.38,106.47,161.68,5,11.51
2624,662.758,1260.934,369493.37,4442224.18,396.87,92.43,244.62,595.07,9,22.97
2625,661.351,1381.426,381542.58,4442364.91,304.58,110.15,135.11,526.69,8,18.00
2626,662.728,1785.285,421928.47,4442227.20,526.85,48.52,477.47,607.44,4,32.87
2627,656.626,1885.186,431918.63,4442837.44,648.56,39.91,578.13,949.45,4,45.27
2628,662.592,2054.921,448892.15,4442240.85,625.48,135.47,332.39,894.08,17,47.27
2629,663.707,2101.483,453548.35,4442129.33,272.49,105.53,161.69,589.02,7,22.89
2630,668.927,2140.005,457400.54,4441607.34,247.34,42.08,157.77,365.48,24,15.28
2631,663.552,2170.040,460404.03,4442144.78,463.83,80.16,352.20,603.88,10,28.61
2632,666.971,2207.059,464105.94,4441802.86,278.65,59.14,179.31,607.05,22,23.94
2633,658.905,2467.061,490106.12,4442609.48,525.98,140.80,252.81,894.25,7,29.36
2634,660.472,2485.604,491960.45,4442452.77,233.41,16.36,168.53,299.16,6,21.87
2635,664.048,2498.979,493297.92,4442095.22,319.50,41.18,235.68,483.97,12,15.99
2636,661.199,2689.155,512315.54,4442380.06,229.17,65.99,158.07,378.28,8,20.24
2637,661.840,2765.186,519918.60,4442316.01,569.31,11.35,393.80,606.70,5,26.62
2638,661.191,2852.081,528608.05,4442380.90,187.09,48.43,118.58,244.60,5,16.24
2639,666.931,3190.571,562457.11,4441806.86,386.02,73.21,206.49,476.10,8,32.10
2640,659.524,549.449,298344.89,4442547.59,210.69,64.58,131.53,359.60,6,15.23
2641,664.632,698.459,313245.91,4442036.80,289.23,44.46,218.01,380.22,5,16.87
2642,666.308,969.284,340328.37,4441869.24,235.69,74.29,122.64,506.73,17,18.67
2643,662.893,1134.672,356867.19,4442210.69,187.48,41.60,104.97,232.34,5,17.67
2644,664.372,1212.618,364661.80,4442062.83,449.47,128.43,285.95,577.90,5,40.20
2645,663.574,1234.188,366818.79,4442142.64,225.94,47.50,140.53,273.44,5,16.04
2646,659.438,1333.667,376766.67,4442556.18,461.11,61.36,351.77,522.47,5,17.69
2647,665.644,1356.763,379076.33,4441935.60,573.79,175.01,254.82,872.40,11,14.88
2648,669.345,1369.363,380336.32,4441565.48,861.99,192.21,630.04,1208.50,7,40.62
2649,660.495,1605.935,403993.46,4442450.46,484.18,47.67,385.33,1227.03,6,51.96
2650,659.372,1722.040,415604.00,4442562.81,670.13,141.33,422.62,833.22,4,64.91
2651,663.701,2070.490,450449.01,4442129.93,166.53,52.72,113.82,709.52,5,12.76
2652,660.165,2279.252,471325.22,4442483.46,213.28,32.19,161.90,340.82,4,23.67
2653,662.197,2399.479,483347.88,4442280.27,181.21,49.03,117.89,267.28,6,15.98
2654,659.674,2624.591,505859.07,4442532.63,397.83,43.48,354.19,451.55,4,32.37
2655,668.608,2810.175,524417.48,4441639.25,225.51,50.48,103.82,342.54,13,16.41
2656,667.849,454.183,288818.28,4441715.07,344.85,105.37,202.28,456.53,4,23.22
2657,666.848,526.598,296059.77,4441815.22,228.54,52.71,153.53,304.70,5,18.56
2658,673.096,532.927,296692.72,4441190.40,236.33,38.31,165.76,308.04,8,21.46
2659,666.795,944.502,337850.20,4441820.50,189.18,20.20,168.98,239.30,5,15.47
2660,670.475,1084.156,351815.61,4441452.54,215.64,56.12,118.31,430.20,14,19.28
2661,664.703,1391.176,382517.62,4442029.73,169.62,34.99,112.53,400.41,4,14.80
2662,673.444,1479.207,391320.69,4441155.56,213.20,35.55,140.74,535.22,13,16.86
2663,665.739,1497.269,393126.91,4441926.06,806.11,36.30,700.44,873.57,5,51.50
2664,663.759,1620.220,405421.96,4442124.08,265.93,46.88,181.36,444.78,4,34.54
2665,671.619,1789.233,422323.29,4441338.14,428.25,59.17,193.95,491.20,7,21.24
2666,685.648,2113.976,454797.63,4439935.23,344.55,80.25,211.33,644.83,27,18.33
2667,663.355,2381.451,481545.14,4442164.47,205.97,30.28,156.10,403.73,4,17.39
2668,669.675,2528.563,496256.25,4441532.49,163.40,16.97,134.72,187.40,5,20.48
2669,666.513,2573.100,500710.04,4441848.67,250.64,36.32,105.95,352.01,9,18.98
2670,669.206,2750.786,518478.64,4441579.36,314.04,52.23,255.98,527.07,5,18.66
2671,674.188,3207.305,564130.49,4441081.16,421.01,137.34,254.04,673.69,7,36.40
2672,670.636,299.834,273383.42,4441436.44,369.33,94.79,261.04,600.17,6,14.16
2673,666.210,764.656,319865.55,4441878.96,140.44,8.88,131.04,184.47,4,17.75
2674,670.474,1032.100,346609.97,4441452.64,169.01,33.57,117.23,281.18,4,22.22
2675,666.724,1166.748,360074.83,4441827.55,121.96,12.12,102.86,167.71,4,14.19
2676,673.634,1226.414,366041.37,4441136.64,326.17,58.81,217.92,539.89,9,26.42
2677,673.353,1271.573,370557.27,4441164.69,699.09,63.12,387.85,895.28,7,38.26
2678,673.455,1343.015,377701.53,4441154.50,234.71,91.56,113.00,457.48,8,12.12
2679,678.329,2160.487,459448.73,4440667.09,540.23,114.22,229.73,715.86,20,24.74
2680,669.404,2292.540,472654.02,4441559.58,249.32,32.34,149.46,308.48,4,22.42
2681,674.162,2347.611,478161.11,4441083.81,289.22,60.23,170.69,357.73,10,23.64
2682,672.645,2486.840,492083.96,4441235.47,338.28,55.75,230.15,397.59,8,11.94
2683,670.938,2607.285,504128.54,4441406.21,194.60,36.29,142.98,330.28,4,17.14
2684,675.170,2638.445,507244.50,4440982.97,252.88,49.32,103.34,406.33,28,19.93
2685,676.067,2849.531,528353.11,4440893.31,255.80,21.70,176.13,277.49,3,22.31
2686,676.972,3113.260,554726.03,4440802.83,331.80,48.22,236.31,519.92,6,32.67
2687,668.504,3133.891,556789.10,4441649.57,442.11,112.22,329.90,604.94,5,30.73
2688,674.053,3225.323,565932.25,4441094.69,290.74,4.99,194.65,295.73,5,20.28
2689,676.146,337.549,277154.94,4440885.45,1145.83,160.28,945.77,1610.77,4,21.22
2690,682.366,440.198,287419.80,4440263.43,543.97,36.36,372.95,802.81,9,22.75
2691,684.916,457.118,289111.82,4440008.37,428.99,58.68,342.20,515.87,10,14.91
2692,672.464,507.910,294191.04,4441253.62,183.23,58.37,124.86,254.99,5,16.97
2693,685.392,544.837,297883.67,4439960.80,412.06,93.93,166.93,520.46,19,22.59
2694,677.216,571.233,300523.30,4440778.36,446.51,63.04,369.92,623.58,10,17.61
2695,678.880,774.273,320827.26,4440612.00,279.03,66.83,167.58,379.96,8,21.49
2696,676.491,918.720,335271.99,4440850.91,550.42,140.31,249.13,864.99,9,22.25
2697,673.470,981.163,341516.30,4441152.99,445.79,26.53,222.99,472.32,5,29.31
2698,677.093,1059.056,349305.56,4440790.74,466.02,73.19,225.47,602.90,5,25.58
2699,674.856,1237.784,367178.36,4441014.37,377.39,24.55,346.52,490.35,4,16.97
2700,688.190,1389.589,382358.94,4439681.00,235.69,32.40,152.60,528.72,17,17.13
2701,678.121,1408.446,384244.55,4440687.95,185.55,28.34,109.78,258.33,8,15.27
2702,677.207,1454.727,388872.65,4440779.28,216.65,43.38,119.44,260.04,7,17.44
2703,680.660,1752.752,418675.24,4440434.05,351.79,95.21,121.50,843.62,19,20.65
2704,678.780,2022.851,445685.10,4440622.01,539.72,116.77,388.37,764.91,6,41.54
2705,675.997,2040.793,447479.32,4440900.33,373.56,31.35,312.02,434.54,6,19.63
2706,676.615,2319.116,475311.63,4440838.51,238.42,49.36,141.09,318.07,4,24.17
2707,681.160,2400.333,483433.32,4440383.99,204.49,54.18,110.68,277.84,8,18.79
2708,691.363,2473.347,490734.70,4439363.74,291.82,42.30,107.19,545.20,24,18.50
2709,682.002,2576.975,501097.48,4440299.84,191.94,38.31,104.88,472.59,18,16.29
2710,674.839,2728.039,516203.86,4441016.11,151.34,21.33,128.53,208.46,4,16.79
2711,674.695,2791.677,522567.65,4441030.50,256.97,90.28,157.10,489.37,5,15.14
2712,674.789,3144.653,557865.32,4441021.05,256.56,36.80,197.82,482.75,4,29.90
2713,685.325,418.531,285253.15,4439967.53,811.18,11.50,799.68,984.34,7,16.17
2714,688.901,637.161,307116.07,4439609.91,220.13,36.57,116.10,642.70,24,17.36
2715,679.124,799.103,323310.33,4440587.59,236.32,58.54,133.07,378.94,6,29.73
2716,692.846,808.208,324220.82,4439215.43,253.10,84.16,129.67,447.31,15,20.81
2717,683.017,953.355,338735.51,4440198.33,302.30,64.26,144.96,390.17,12,17.64
2718,676.368,1003.525,343752.49,4440863.18,262.19,18.26,237.20,283.14,4,23.33
2719,678.394,1014.224,344822.38,4440660.62,194.21,65.33,123.20,267.75,5,16.60
2720,684.159,1510.420,394441.96,4440084.06,413.47,138.62,263.56,649.35,7,32.96
2721,682.870,1728.506,416250.60,4440212.97,417.92,106.69,226.13,907.58,14,26.77
2722,683.144,1782.883,421688.31,4440185.60,314.08,59.79,248.64,373.87,5,15.65
2723,682.485,2255.532,468953.24,4440251.48,300.03,65.60,132.33,366.13,8,20.74
2724,680.718,2284.953,471895.26,4440428.19,273.26,39.60,193.13,369.87,5,19.84
2725,680.738,2424.530,485853.01,4440426.16,153.64,11.44,120.84,205.83,7,17.39
2726,682.202,2809.958,524395.83,4440279.80,231.37,12.62,190.50,347.06,7,19.44
2727,692.336,2995.114,542911.45,4439266.40,433.24,52.87,202.24,1005.51,29,19.97
2728,688.835,3018.802,545280.20,4439616.46,349.68,12.22,222.46,424.73,7,18.08
2729,676.306,3030.645,546464.55,4440869.44,378.25,40.03,328.58,423.62,4,17.61
2730,682.284,3125.571,555957.12,4440271.59,249.59,34.20,152.82,410.63,15,26.22
2731,681.807,3177.927,561192.70,4440319.31,187.69,26.94,156.30,226.48,7,21.02
2732,689.361,938.744,337274.45,4439563.94,483.86,85.67,247.85,608.76,4,31.43
2733,688.260,1075.842,350984.22,4439673.96,259.45,57.91,196.03,776.23,19,23.67
2734,681.168,1153.402,358740.17,4440383.23,159.87,23.71,120.74,194.21,4,19.78
2735,681.549,1249.392,368339.23,4440345.13,422.10,23.79,370.06,618.26,7,33.07
2736,690.470,1289.752,372375.24,4439452.99,553.48,91.60,386.19,834.68,15,34.85
2737,689.441,1313.153,374715.30,4439555.91,480.18,100.83,222.95,604.09,13,31.06
2738,686.216,1337.719,377171.92,4439878.41,390.75,64.43,251.88,532.49,9,19.45
2739,686.161,1466.421,390042.14,4439883.95,316.67,28.81,242.37,395.44,7,27.38
2740,681.972,1549.705,398370.50,4440302.84,658.23,38.92,589.23,876.38,4,29.13
2741,683.482,1596.020,403002.03,4440151.80,587.91,34.47,382.54,698.27,7,37.91
2742,684.168,2388.840,482283.99,4440083.22,182.84,32.45,132.05,262.82,5,16.70
2743,683.781,2618.105,505210.45,4440121.88,208.16,85.51,108.05,341.33,6,18.40
2744,686.693,2728.605,516260.49,4439830.74,186.88,25.67,161.20,295.74,11,22.89
2745,691.026,2896.264,533026.40,4439397.42,354.44,85.54,197.06,528.35,19,14.73
2746,696.149,3141.961,557596.14,4438885.11,199.89,36.39,134.03,313.06,18,14.61
2747,684.560,3206.709,564070.91,4440044.05,424.27,54.41,319.86,555.63,6,25.48
2748,689.228,673.177,310717.70,4439577.24,371.12,26.71,205.26,397.83,5,24.55
2749,687.018,718.159,315215.92,4439798.15,187.97,39.71,145.10,318.22,6,26.04
2750,690.010,783.914,321791.40,4439498.98,248.55,33.97,134.85,287.23,9,21.70
2751,686.903,1138.356,357235.61,4439809.75,230.14,5.28,165.01,287.08,5,17.02
2752,687.286,1171.329,360532.85,4439771.41,182.80,35.50,122.21,296.74,6,24.42
2753,686.745,2056.548,449054.77,4439825.55,296.39,97.75,168.48,931.44,6,20.15
2754,690.399,2082.043,451604.34,4439460.08,234.66,84.80,134.84,922.53,21,16.47
2755,701.642,2173.385,460738.51,4438335.77,276.06,36.03,220.07,432.24,15,23.68
2756,685.425,2485.672,491967.17,4439957.46,322.94,15.86,229.97,404.29,7,25.48
2757,682.165,2605.535,503953.49,4440283.51,213.40,57.63,115.57,294.78,4,16.37
2758,689.172,2673.791,510779.09,4439582.77,269.28,41.46,202.80,312.77,5,20.48
2759,678.342,2703.602,513760.25,4440665.77,431.17,71.43,226.38,524.82,4,43.34
2760,693.552,2787.556,522155.61,4439144.85,276.75,73.66,103.26,532.28,19,17.47
2761,687.874,2877.284,531128.41,4439712.63,170.85,22.36,113.94,241.02,6,14.59
2762,698.363,3033.129,546712.88,4438663.69,685.28,283.86,218.84,1103.97,13,31.70
2763,685.810,3160.464,559446.41,4439919.00,236.10,20.05,180.70,291.25,10,17.35
2764,686.122,3191.502,562550.20,4439887.78,269.94,14.66,184.51,285.86,4,16.26
2765,691.245,313.391,274739.10,4439375.53,460.72,80.16,263.54,556.16,6,12.50
2766,692.893,703.714,313771.37,4439210.67,149.43,40.75,107.10,452.87,9,17.61
2767,697.725,749.902,318390.24,4438727.53,202.23,20.97,113.54,415.44,15,16.99
2768,693.802,906.540,334054.02,4439119.77,835.26,119.47,325.89,987.01,8,20.76
2769,699.038,986.661,342066.06,4438596.15,264.18,67.42,123.80,426.41,13,19.36
2770,693.956,1025.270,345927.02,4439104.40,209.46,25.79,145.88,282.85,9,17.93
2771,697.126,1047.992,348199.17,4438787.40,259.41,38.01,151.15,537.74,33,18.16
2772,690.929,1119.988,355398.79,4439407.12,117.61,10.19,107.42,188.22,5,16.55
2773,690.290,1646.774,408077.42,4439471.00,732.06,68.29,633.21,809.78,5,60.80
2774,694.275,1658.702,409270.18,4439072.55,914.40,130.41,340.61,1228.20,10,37.11
2775,695.462,1763.090,419709.05,4438953.80,243.47,41.49,174.92,534.67,20,15.39
2776,702.426,2044.553,447855.30,4438257.38,360.03,41.38,317.28,499.10,10,18.72
2777,695.150,2189.540,462354.02,4438985.00,285.75,39.12,210.40,395.55,8,21.96
2778,693.569,2459.493,489349.28,4439143.09,260.55,5.56,199.15,266.47,4,21.95
2779,693.669,2591.793,502579.30,4439133.14,196.74,37.85,158.89,471.08,5,17.57
2780,689.737,2702.840,513684.01,4439526.31,187.35,6.94,160.72,194.29,3,17.24
2781,691.460,3225.190,565919.01,4439353.96,205.00,14.22,188.25,236.47,4,18.04
2782,692.176,518.401,295240.12,4439282.38,174.77,18.40,139.60,311.04,4,16.47
2783,700.402,569.815,300381.51,4438459.78,442.28,51.37,245.16,653.01,12,27.02
2784,699.095,624.373,305837.32,4438590.45,313.46,115.24,144.68,546.34,10,23.17
2785,695.475,973.809,340780.93,4438952.47,280.68,16.91,238.68,308.13,7,21.13
2786,694.113,1209.846,364384.62,4439088.68,166.79,42.41,113.20,308.72,9,20.40
2787,697.145,1233.463,366746.25,4438785.53,195.88,31.19,139.92,428.50,10,16.17
2788,708.206,1364.590,379859.02,4437679.44,497.07,142.48,140.31,760.81,21,27.62
2789,699.504,1410.962,384496.20,4438549.61,247.69,38.85,101.24,314.41,11,16.43
2790,697.726,1466.638,390063.76,4438727.40,481.48,136.51,322.85,696.03,7,33.61
2791,700.159,1492.479,392647.91,4438484.08,387.49,71.05,213.39,620.68,24,19.51
2792,700.670,1570.653,400465.29,4438433.01,223.23,52.83,114.06,338.89,12,17.52
2793,696.653,1581.704,401570.45,4438834.74,281.63,52.45,138.54,374.53,4,18.50
2794,692.767,1615.584,404958.40,4439223.26,934.12,252.98,572.69,1381.62,9,33.02
2795,693.568,2223.397,465739.66,4439143.18,291.52,60.66,208.26,366.51,5,25.80
2796,693.391,2294.470,472847.04,4439160.86,191.96,52.48,139.47,353.35,5,20.38
2797,694.105,2344.372,477837.24,4439089.53,202.82,30.71,158.53,254.76,6,18.29
2798,692.529,2447.178,488117.77,4439247.06,241.36,31.10,160.67,365.93,5,23.00
2799,696.444,2534.465,496846.51,4438855.62,171.16,9.71,158.49,292.86,6,20.17
2800,692.950,2584.469,501846.90,4439204.97,167.22,28.42,111.90,253.32,4,19.61
2801,695.442,2766.146,520014.56,4438955.83,421.15,108.30,290.73,555.75,8,29.70
2802,695.189,2809.537,524353.75,4438981.07,179.14,27.02,152.12,236.51,5,14.49
2803,696.745,3092.261,552626.13,4438825.46,340.97,125.91,178.62,566.35,8,26.88
2804,695.791,3212.560,564656.05,4438920.90,423.11,71.29,288.18,623.60,4,30.03
2805,706.522,451.846,288584.61,4437847.83,618.76,85.08,385.30,1019.44,12,43.40
2806,701.687,598.876,303287.59,4438331.35,485.31,252.69,232.62,974.10,9,26.07
2807,703.081,924.673,335867.32,4438191.93,389.31,36.88,267.96,481.75,9,16.80
2808,702.632,936.238,337023.75,4438236.80,410.47,47.23,310.17,495.26,8,18.35
2809,693.558,997.972,343197.23,4439144.18,271.26,64.33,163.98,357.22,4,25.50
2810,697.769,1178.494,361249.43,4438723.05,133.38,13.23,113.50,153.21,4,13.44
2811,702.977,1521.950,395594.95,4438202.32,333.27,51.31,233.31,572.34,6,15.95
2812,696.576,1694.088,412808.76,4438842.42,534.92,93.78,413.68,812.27,5,50.23
2813,704.249,1735.417,416941.72,4438075.09,291.20,45.01,221.43,520.79,15,23.10
2814,700.822,2135.100,456910.04,4438417.81,191.19,45.71,110.31,283.60,13,14.18
2815,695.473,2312.419,474641.95,4438952.72,197.26,26.77,155.17,362.29,4,21.79
2816,708.449,2567.681,500168.14,4437655.12,245.20,59.11,141.61,429.38,28,13.04
2817,697.236,2645.629,507962.85,4438776.35,177.33,37.96,137.62,225.50,6,17.34
2818,698.463,2692.993,512699.30,4438653.74,368.60,20.61,264.67,409.53,4,42.66
2819,712.568,2831.765,526576.46,4437243.17,221.96,84.47,100.33,488.84,22,17.67
2820,699.768,2915.013,534901.28,4438523.21,328.85,43.57,253.17,810.56,8,29.92
2821,703.019,3114.592,554859.20,4438198.08,279.47,80.78,180.46,436.64,8,23.82
2822,706.282,3194.481,562848.14,4437871.84,349.61,116.84,219.23,1309.21,12,19.26
2823,715.661,296.624,273062.36,4436933.93,204.57,80.53,109.04,688.00,17,20.72
2824,704.158,370.433,280443.30,4438084.20,901.28,216.78,167.72,1261.32,13,18.57
2825,703.756,426.318,286031.82,4438124.42,750.40,110.27,357.75,893.98,13,19.98
2826,708.064,515.453,294945.34,4437693.61,280.64,79.14,113.74,430.71,10,27.06
2827,701.565,951.512,338551.24,4438343.46,266.98,11.94,252.34,703.65,4,22.71
2828,719.615,1015.294,344929.43,4436538.52,335.90,75.26,112.27,636.17,28,17.28
2829,710.775,1222.810,365681.02,4437422.48,281.65,45.45,139.32,560.01,21,17.75
2830,704.254,1247.882,368188.18,4438074.64,193.94,29.18,158.99,305.38,5,18.59
2831,708.798,1534.354,396835.43,4437620.21,190.90,31.76,116.25,294.00,11,14.50
2832,700.201,1603.615,403761.52,4438479.87,461.05,20.75,436.18,571.44,4,26.51
2833,705.329,2019.798,445379.79,4437967.13,616.93,124.02,370.08,1043.13,5,52.96
2834,707.381,2148.684,458268.38,4437761.90,289.27,8.13,195.96,303.80,4,21.98
2835,701.252,2236.510,467050.96,4438374.80,273.36,47.01,205.14,346.66,4,28.24
2836,696.210,2334.624,476862.41,4438878.98,235.95,25.33,190.35,261.29,3,15.52
2837,708.513,2622.380,505637.95,4437648.69,219.83,29.29,151.93,309.57,13,13.70
2838,707.585,2653.573,508757.34,4437741.45,344.64,85.06,124.48,542.01,14,13.97
2839,702.458,3083.837,551783.72,4438254.16,345.50,8.01,336.94,357.40,4,23.36
2840,715.268,539.858,297385.81,4436973.21,352.49,93.53,128.69,542.98,16,18.75
2841,715.064,670.478,310447.82,4436993.60,200.49,62.62,102.77,612.61,16,19.62
2842,706.910,824.295,325829.52,4437808.98,359.99,50.89,123.82,493.15,12,29.34
2843,722.421,847.700,328170.04,4436257.92,211.29,78.25,100.38,605.36,35,15.50
2844,707.561,878.209,331220.92,4437743.87,817.98,102.06,624.60,1088.57,4,39.08
2845,707.961,963.655,339765.55,4437703.88,307.39,84.80,211.43,462.67,4,17.83
2846,709.948,1035.856,346985.60,4437505.16,293.09,61.72,148.11,389.47,5,21.65
2847,712.721,1069.884,350388.37,4437227.90,223.81,60.33,122.32,406.34,15,15.57
2848,705.473,1089.348,352334.76,4437952.74,259.03,8.29,195.02,307.18,5,27.30
2849,715.244,1187.243,362124.31,4436975.63,222.83,58.76,101.54,431.14,17,16.05
2850,714.670,1326.033,376003.31,4437032.98,547.25,64.74,245.15,761.69,23,19.87
2851,709.322,1383.869,381786.86,4437567.84,280.46,87.92,125.82,656.50,14,22.17
2852,710.861,1704.205,413820.52,4437413.91,486.17,70.22,156.55,628.66,19,28.05
2853,715.439,2204.804,463880.40,4436956.07,293.36,32.74,158.63,466.76,21,28.98
2854,719.652,2307.945,474194.50,4436534.81,294.92,103.33,107.85,616.02,16,21.73
2855,709.131,2460.401,489440.05,4437586.88,116.83,4.45,112.38,206.76,5,15.13
2856,706.508,2674.792,510879.25,4437849.18,230.65,34.01,147.31,284.54,6,20.79
2857,714.604,2766.485,520048.49,4437039.58,228.37,30.38,139.55,388.42,18,19.10
2858,713.113,2802.180,523617.98,4437188.70,187.20,25.24,113.93,309.70,15,18.60
2859,711.942,2870.655,530465.52,4437305.77,241.53,76.35,103.54,538.70,15,20.54
2860,706.379,2904.540,533854.04,4437862.07,413.80,28.43,357.49,522.78,4,13.58
2861,709.459,3212.483,564648.28,4437554.07,366.49,10.02,356.47,491.57,5,24.56
2862,713.740,476.206,291020.58,4437125.95,256.25,80.89,152.72,339.36,6,17.55
2863,713.498,497.693,293169.31,4437150.24,256.43,51.35,199.33,448.40,8,18.37
2864,707.918,783.471,321747.12,4437708.23,282.25,46.39,221.90,582.80,9,26.52
2865,711.588,1649.545,408354.49,4437341.16,424.24,35.40,234.79,486.03,6,12.98
2866,712.572,1678.155,411215.52,4437242.82,417.55,183.62,180.58,651.73,9,31.41
2867,714.961,1749.970,418397.03,4437003.88,265.20,35.68,173.88,393.52,18,16.51
2868,713.965,2052.290,448628.98,4437103.50,366.29,107.14,176.50,549.59,12,20.11
2869,716.283,2066.813,450081.34,4436871.70,315.91,84.18,154.53,620.84,13,13.77
2870,712.150,2260.221,469422.05,4437285.02,335.78,56.18,176.39,466.69,10,24.50
2871,712.329,2490.247,492424.68,4437267.12,255.53,57.08,131.68,314.91,12,15.99
2872,715.087,2517.454,495145.42,4436991.32,224.77,84.57,114.20,417.84,9,15.69
2873,705.500,2747.725,518172.50,4437949.97,366.00,92.79,206.89,501.42,4,28.26
2874,720.236,314.521,274852.07,4436476.37,421.36,53.79,239.13,1255.59,7,41.61
2875,720.527,607.756,304175.55,4436447.30,459.68,55.75,255.99,872.13,10,36.14
2876,721.901,726.347,316034.71,4436309.90,307.69,50.85,230.35,674.14,9,26.38
2877,727.036,977.651,341165.05,4435796.40,311.01,95.92,117.33,842.54,40,20.28
2878,712.447,1163.089,359708.91,4437255.34,152.69,1.40,150.11,187.45,4,15.57
2879,717.141,1199.052,363305.22,4436785.90,320.33,59.69,237.60,480.77,5,21.95
2880,711.914,1272.157,370615.75,4437308.60,621.50,3.37,618.12,665.20,5,34.57
2881,720.931,1499.811,393381.13,4436406.95,332.12,125.15,184.42,1122.40,12,19.43
2882,713.371,1551.877,398587.68,4437162.88,234.98,19.27,214.66,301.66,4,20.07
2883,719.973,1765.985,419998.55,4436502.71,256.77,8.30,147.09,272.73,4,20.26
2884,714.217,2370.286,480428.64,4437078.30,176.27,2.60,127.59,180.16,4,19.58
2885,710.638,2396.695,483069.49,4437436.15,261.64,18.18,120.32,296.57,4,18.15
2886,716.471,2695.937,512993.66,4436852.87,351.66,63.73,232.93,641.83,10,22.37
2887,714.918,2719.296,515329.63,4437008.22,266.40,57.24,204.71,764.91,9,27.41
2888,720.136,3036.370,547037.03,4436486.39,735.64,89.78,434.52,1003.94,9,20.12
2889,713.088,3174.947,560894.69,4437191.25,177.26,9.44,102.27,194.34,4,15.35
2890,717.148,3226.195,566019.55,4436785.24,230.16,26.16,114.58,271.60,4,13.53
2891,727.646,425.436,285943.60,4435735.43,517.34,156.75,171.51,1021.80,20,26.66
2892,724.028,447.834,288183.45,4436097.19,241.26,38.82,184.62,423.61,10,22.24
2893,716.837,627.867,306186.65,4436816.31,249.98,45.59,204.39,370.96,5,23.59
2894,735.325,650.925,308492.46,4434967.46,231.11,62.00,118.08,398.30,24,16.83
2895,723.168,702.339,313633.94,4436183.19,217.54,68.74,107.32,564.02,30,17.53
2896,722.052,748.038,318203.81,4436294.84,351.74,62.89,197.19,518.35,19,25.17
2897,722.562,801.679,323567.86,4436243.84,242.81,48.48,141.26,528.49,15,22.55
2898,720.254,1112.275,354627.54,4436474.60,184.33,39.72,134.57,283.83,6,16.46
2899,726.491,1412.051,384605.12,4435850.89,344.29,127.16,123.13,603.82,27,21.76
2900,724.198,1579.270,401327.01,4436080.15,310.83,64.61,119.00,482.49,12,26.03
2901,722.288,1630.499,406449.94,4436271.19,445.50,10.22,406.65,458.02,4,11.76
2902,722.217,1666.821,410082.10,4436278.27,340.79,22.67,180.45,388.83,12,17.94
2903,722.053,1689.595,412359.50,4436294.66,355.23,68.48,279.91,453.36,6,22.39
2904,721.918,1728.334,416233.35,4436308.22,358.73,90.88,218.13,562.83,22,25.68
2905,724.933,2088.053,452205.34,4436006.72,447.48,170.13,120.32,752.68,8,18.18
2906,725.767,2235.983,466998.30,4435923.34,243.35,82.45,160.90,490.81,9,18.35
2907,722.205,2250.410,468440.98,4436279.52,323.74,10.26,313.48,383.03,7,14.93
2908,722.019,2273.872,470787.18,4436298.12,270.22,63.46,196.75,447.39,7,16.68
2909,721.705,2346.855,478085.47,4436329.47,244.21,39.68,160.34,456.53,17,14.68
2910,717.291,2883.922,531792.18,4436770.85,265.34,68.79,143.23,375.83,6,20.30
2911,718.892,2905.456,533945.63,4436610.81,525.70,59.44,414.29,683.59,4,17.77
2912,724.487,2915.273,534927.35,4436051.30,513.54,68.23,289.33,613.42,10,25.04
2913,724.366,3006.424,544042.44,4436063.43,508.11,9.32,434.18,618.37,8,10.52
2914,723.369,3058.801,549280.11,4436163.11,294.69,43.02,210.24,485.90,9,26.45
2915,718.301,3152.302,558630.20,4436669.91,257.17,44.69,169.58,388.56,4,25.05
2916,727.772,503.605,293760.48,4435722.84,142.80,9.93,115.52,228.07,6,11.45
2917,726.091,833.084,326708.35,4435890.87,413.75,47.24,220.97,752.24,14,18.61
2918,731.227,1480.637,391463.68,4435377.31,417.93,110.40,217.49,862.71,16,20.68
2919,725.031,1544.270,397826.97,4435996.89,170.62,20.17,148.83,265.38,6,12.34
2920,723.151,1592.443,402644.31,4436184.90,476.35,11.70,460.51,521.72,4,23.86
2921,720.870,1791.818,422581.75,4436412.96,188.16,58.34,125.78,276.73,4,19.59
2922,721.148,2162.013,459601.27,4436385.15,348.25,48.50,298.48,397.24,4,41.08
2923,720.138,2330.071,476407.14,4436486.18,232.11,51.10,161.96,318.72,4,21.47
2924,725.362,2611.126,504512.64,4435963.80,313.69,10.23,301.34,332.12,4,23.67
2925,722.480,3075.755,550975.52,4436251.99,262.81,33.63,217.59,305.06,4,26.09
2926,728.694,320.858,275485.76,4435630.65,533.85,123.90,246.70,710.59,6,17.50
2927,729.116,530.314,296431.45,4435588.36,178.34,45.04,133.30,758.14,7,14.75
2928,728.148,760.240,319424.04,4435685.18,240.53,51.14,101.81,297.76,6,13.53
2929,733.310,772.387,320638.70,4435169.00,238.55,36.15,135.88,410.90,8,24.03
2930,730.297,927.948,336194.85,4435470.29,421.18,30.67,371.25,471.05,4,27.51
2931,731.376,1032.243,346624.30,4435362.40,157.26,21.78,128.70,211.36,7,16.25
2932,728.401,1281.279,371527.95,4435659.87,819.93,36.15,762.76,903.33,4,31.76
2933,726.427,1353.503,378750.27,4435857.29,249.27,45.59,151.55,418.09,9,19.55
2934,733.346,1378.031,381203.12,4435165.44,274.22,35.66,151.87,419.33,10,14.89
2935,726.266,1459.004,389300.38,4435873.35,272.03,19.51,141.34,331.88,8,17.49
2936,731.161,1623.138,405713.82,4435383.93,475.69,50.90,210.21,643.23,12,24.11
2937,729.482,1777.856,421185.59,4435551.83,152.62,31.27,114.90,243.83,4,15.11
2938,722.362,2034.694,446869.40,4436263.83,351.43,46.91,302.41,413.07,4,31.38
2939,726.040,2439.247,487324.68,4435895.99,134.63,12.16,122.46,177.09,5,15.35
2940,729.543,2630.913,506491.26,4435545.69,269.95,5.84,170.46,279.61,4,13.34
2941,732.491,875.621,330962.11,4435250.91,335.48,60.39,275.09,505.47,5,13.50
2942,731.053,905.172,333917.21,4435394.73,744.20,117.87,261.98,862.07,5,16.38
2943,731.719,1141.838,357583.76,4435328.05,263.71,32.49,209.79,329.93,4,20.55
2944,735.306,1184.359,361835.94,4434969.36,224.99,61.49,119.39,493.11,17,15.95
2945,727.105,2171.550,460554.98,4435789.53,441.84,80.99,319.93,522.82,3,16.15
2946,727.983,3151.240,558524.02,4435701.70,228.03,39.00,164.83,352.37,4,26.27
2947,734.438,489.577,292357.69,4435056.18,163.75,30.10,100.97,204.42,6,15.68
2948,740.559,944.485,337848.49,4434444.06,401.65,82.45,158.67,558.47,17,18.37
2949,734.308,1163.662,359766.16,4435069.16,148.75,18.14,116.03,260.59,6,12.64
2950,739.416,1225.226,365922.60,4434558.40,468.04,173.25,112.32,1062.23,22,16.69
2951,738.360,1611.159,404515.90,4434664.05,250.75,7.03,199.40,286.81,6,26.50
2952,734.643,1658.153,409215.26,4435035.67,489.24,50.91,197.41,575.31,4,17.20
2953,737.995,1685.831,411983.06,4434700.55,295.68,30.70,241.91,379.75,10,12.57
2954,743.970,1709.912,414391.19,4434103.02,279.63,77.75,170.32,595.60,10,19.18
2955,745.563,1748.221,418222.10,4433943.68,222.75,59.04,145.33,441.72,14,18.06
2956,753.063,462.267,289626.67,4433193.72,299.09,66.21,214.37,604.56,21,23.26
2957,737.492,529.772,296377.21,4434750.81,242.77,66.57,167.26,309.34,5,19.81
2958,755.557,552.034,298603.44,4432944.33,437.43,87.21,237.17,682.34,25,19.40
2959,750.364,817.197,325119.74,4433463.60,203.63,30.02,150.74,474.87,13,18.95
2960,743.892,860.266,329426.65,4434110.79,429.44,7.86,385.84,511.38,6,16.39
2961,738.987,1115.322,354932.17,4434601.32,266.69,33.31,172.21,307.57,8,17.63
2962,735.366,1130.731,356473.05,4434963.42,158.00,28.08,128.62,211.12,4,18.46
2963,743.510,1353.641,378764.08,4434148.98,359.41,56.66,210.92,531.96,11,29.87
2964,737.827,1427.417,386141.70,4434717.35,261.42,22.08,178.78,309.39,5,20.13
2965,744.154,1559.769,399376.95,4434084.64,226.80,51.95,126.29,334.92,12,14.96
2966,739.462,1594.453,402845.26,4434553.76,158.94,37.55,121.26,302.15,6,12.92
2967,741.053,410.335,284433.46,4434394.74,868.09,38.99,825.01,1035.31,5,17.89
2968,733.658,629.491,306349.06,4435134.21,514.85,30.93,414.23,557.01,4,33.61
2969,745.704,747.771,318177.06,4433929.63,229.36,63.16,134.77,439.10,12,17.55
2970,747.521,792.370,322636.98,4433747.90,222.85,59.56,104.35,448.04,13,20.83
2971,748.289,900.775,333477.49,4433671.13,587.59,81.33,260.66,953.20,19,23.34
2972,747.679,1046.301,348030.05,4433732.14,184.52,46.16,110.73,418.90,7,21.87
2973,745.634,1076.828,351082.83,4433936.62,219.24,61.22,119.99,388.87,10,23.02
2974,746.733,1145.868,357986.76,4433826.69,274.34,70.25,181.47,420.00,8,20.80
2975,739.436,1295.720,372972.02,4434556.44,585.12,53.39,507.79,793.55,5,30.00
2976,750.288,1325.930,375993.03,4433471.21,425.56,118.22,106.94,788.66,30,18.96
2977,746.023,1449.775,388377.51,4433897.68,299.00,103.87,155.98,595.08,16,19.39
2978,748.957,1493.138,392713.78,4433604.27,602.95,213.16,380.25,1335.67,9,27.86
2979,741.203,1506.830,394083.00,4434379.75,536.85,194.43,326.86,784.23,5,22.52
2980,751.968,425.174,285917.44,4433303.17,318.74,151.07,115.48,924.79,19,16.51
2981,749.365,519.387,295338.74,4433563.47,232.65,66.48,108.93,519.22,19,20.89
2982,742.298,683.281,311728.14,4434270.18,149.08,15.62,104.57,179.82,4,18.56
2983,752.188,729.852,316385.18,4433281.21,260.18,57.40,155.98,571.01,10,15.41
2984,748.594,1004.062,343806.23,4433640.56,181.64,23.49,134.51,368.26,7,17.91
2985,750.388,1425.093,385909.31,4433461.20,257.64,36.23,120.84,305.06,4,21.87
2986,752.739,1651.661,408566.12,4433226.10,399.88,44.20,174.79,568.70,12,14.50
2987,750.584,1675.935,410993.47,4433441.57,381.12,34.43,133.87,464.47,12,17.60
2988,750.208,484.832,291883.18,4433479.23,183.12,28.48,129.68,269.59,7,16.60
2989,763.608,642.729,307672.87,4432139.23,544.38,85.44,304.00,947.96,11,32.07
2990,751.031,668.661,310266.13,4433396.90,195.08,66.44,118.70,294.05,7,15.49
2991,752.644,840.863,327486.26,4433235.62,427.64,59.01,325.38,583.61,16,18.07
2992,753.294,875.704,330970.39,4433170.58,637.89,92.03,336.14,739.76,7,25.28
2993,753.319,1035.951,346995.07,4433168.12,179.67,15.55,162.29,423.60,5,17.96
2994,755.693,1165.384,359938.35,4432930.68,173.39,17.79,155.61,664.97,9,17.92
2995,764.506,1192.033,362603.32,4432049.35,318.57,63.45,196.79,460.26,30,23.63
2996,749.548,1242.782,367678.16,4433545.19,427.22,61.54,346.40,710.33,6,23.41
2997,757.922,1277.413,371141.27,4432707.80,390.68,141.26,138.12,633.24,18,32.73
2998,751.271,1469.375,390337.52,4433372.93,715.85,80.90,612.25,894.39,4,18.65
2999,750.031,1534.339,396833.93,4433496.86,232.69,96.72,100.55,506.80,11,16.23
3000,753.845,1587.853,402185.33,4433115.48,199.77,52.29,113.96,346.93,17,14.31
3001,752.835,1627.539,406153.87,4433216.46,319.46,83.99,154.36,409.13,8,20.15
3002,755.488,1690.207,412420.68,4432951.22,377.29,20.78,323.03,461.29,14,20.77
3003,753.095,695.073,312907.33,4433190.50,146.13,30.86,102.36,298.41,11,14.75
3004,757.670,861.168,329516.83,4432733.01,360.53,81.08,250.56,575.14,5,26.22
3005,758.983,987.469,342146.91,4432601.67,300.62,25.80,258.04,523.65,9,17.35
3006,754.234,1091.872,352587.20,4433076.65,215.01,20.00,194.65,344.11,6,25.36
3007,759.019,1255.221,368922.12,4432598.05,776.46,115.07,603.66,914.19,7,43.97
3008,757.095,1359.903,379390.27,4432790.47,389.32,96.51,153.24,586.64,6,23.36
3009,757.446,1395.754,382975.43,4432755.42,267.30,39.95,203.48,431.52,6,26.61
3010,755.873,1720.246,415424.58,4432912.68,183.00,36.64,146.36,313.75,7,19.02
3011,757.986,935.150,336914.95,4432701.36,339.36,85.59,253.78,954.89,7,21.46
3012,763.010,960.742,339474.21,4432199.00,196.98,56.84,138.02,489.90,9,15.21
3013,753.403,967.358,340135.81,4433159.75,132.07,2.45,129.62,194.52,3,12.50
3014,760.628,1018.118,345211.76,4432437.19,195.06,59.10,124.02,402.44,13,17.31
3015,760.915,1144.937,357893.71,4432408.51,293.14,45.14,199.45,405.27,12,24.66
3016,758.979,1291.919,372591.92,4432602.07,216.97,19.83,133.67,238.55,4,20.99
3017,756.890,1321.401,375540.06,4432810.96,210.69,10.24,139.43,226.74,4,17.08
3018,772.769,467.843,290184.25,4431223.06,221.85,49.23,112.44,397.10,44,18.34
3019,762.249,604.192,303819.18,4432275.08,442.70,58.17,331.31,511.31,6,22.09
3020,765.019,627.467,306146.72,4431998.10,728.23,81.71,503.31,1085.11,11,37.43
3021,769.863,664.571,309857.14,4431513.67,199.02,66.27,107.34,412.85,13,14.51
3022,762.800,1245.727,367972.66,4432220.01,875.45,132.10,682.98,1040.22,4,31.51
3023,765.416,1329.163,376316.34,4431958.39,242.50,10.92,180.90,310.33,5,22.75
3024,762.901,1418.369,385236.92,4432209.85,291.68,77.16,101.11,510.61,11,27.19
3025,760.200,1435.344,386934.43,4432479.98,195.56,15.35,171.66,236.06,4,14.29
3026,764.805,1481.800,391580.00,4432019.51,398.87,44.18,346.95,707.05,7,11.27
3027,763.155,1558.004,399200.37,4432184.52,237.75,66.15,111.28,434.58,10,18.57
3028,769.255,359.382,279338.17,4431574.52,746.11,22.84,713.70,817.23,6,15.88
3029,776.016,588.522,302252.17,4430898.40,476.55,71.23,271.17,625.39,14,23.84
3030,772.196,753.135,318713.50,4431280.45,208.84,34.16,163.00,323.79,9,17.35
3031,771.610,772.258,320625.76,4431339.04,205.98,51.68,104.12,399.61,11,16.60
3032,771.145,798.407,323240.70,4431385.53,302.42,104.29,190.47,579.11,8,17.20
3033,776.608,1060.198,349419.84,4430839.19,238.14,46.77,113.67,417.99,20,19.75
3034,770.109,1181.297,361529.67,4431489.11,370.06,36.50,253.50,546.43,9,27.96
3035,763.717,1385.623,381962.31,4432128.26,216.63,24.90,118.29,280.24,6,17.77
3036,763.670,1536.399,397039.93,4432132.98,658.17,176.99,286.29,861.32,5,46.32
3037,767.161,1655.112,408911.22,4431783.92,420.60,146.84,262.09,595.22,5,33.97
3038,767.233,1707.269,414126.92,4431776.69,242.84,25.84,108.90,288.73,4,16.76
3039,774.875,417.971,285197.05,4431012.53,568.40,86.18,441.37,712.93,9,17.59
3040,768.903,807.999,324199.90,4431609.71,290.40,58.94,188.19,373.28,4,18.10
3041,774.716,934.885,336888.49,4431028.37,548.32,75.05,273.78,699.38,12,23.88
3042,770.538,1070.284,350428.42,4431446.22,271.09,35.50,188.61,371.38,8,21.71
3043,774.724,1361.435,379543.54,4431027.64,359.30,173.04,107.75,785.89,11,30.47
3044,774.898,1444.053,387805.33,4431010.17,392.82,96.98,247.17,809.88,14,21.06
3045,771.450,1628.395,406239.53,4431354.96,265.92,49.29,181.15,616.60,8,12.66
3046,784.368,433.949,286794.87,4430063.15,367.28,74.90,117.75,467.02,11,17.47
3047,771.951,509.043,294304.34,4431304.85,262.48,31.40,215.19,332.66,4,19.96
3048,772.697,712.578,314657.79,4431230.35,227.58,42.50,132.84,308.21,5,24.28
3049,774.979,739.337,317333.75,4431002.06,151.18,29.45,103.49,180.89,6,18.25
3050,775.617,842.434,327643.44,4430938.26,382.48,14.40,359.27,492.73,6,23.84
3051,781.567,890.138,332413.81,4430343.33,391.51,48.42,262.95,591.30,18,29.11
3052,768.167,917.540,335153.96,4431683.26,707.58,78.27,575.36,925.88,4,24.81
3053,775.233,1043.242,347724.20,4430976.75,314.79,26.11,270.40,340.90,5,13.07
3054,774.441,1156.422,359042.17,4431055.93,235.83,36.87,110.66,272.70,5,10.51
3055,780.655,1248.743,368274.29,4430434.46,555.99,75.76,479.06,729.23,7,16.28
3056,788.445,1420.427,385442.69,4429655.50,218.22,53.62,102.95,534.28,29,17.45
3057,772.961,1672.028,410602.76,4431203.91,473.34,89.02,384.21,633.80,6,17.83
3058,786.450,1690.226,412422.57,4429855.00,393.35,69.69,217.13,527.36,12,14.30
3059,775.923,1737.319,417131.94,4430907.71,219.37,44.82,116.19,326.53,8,16.92
3060,779.488,1748.133,418213.31,4430551.24,218.07,41.11,104.21,263.99,7,17.25
3061,783.461,537.050,297105.03,4430153.93,417.27,21.03,337.81,446.44,8,20.01
3062,779.905,781.259,321525.86,4430509.53,355.66,17.48,251.45,394.00,6,26.14
3063,782.559,811.924,324592.36,4430244.05,320.22,56.57,137.12,541.73,15,17.72
3064,781.945,860.943,329494.29,4430305.50,234.27,57.65,148.82,596.07,10,25.41
3065,779.285,951.680,338567.99,4430571.45,386.74,59.27,204.03,521.31,11,15.51
3066,776.273,973.440,340743.96,4430872.71,268.68,32.69,143.93,359.51,7,18.06
3067,785.159,1123.455,355745.50,4429984.10,212.08,32.58,102.13,276.20,10,22.53
3068,776.425,1318.153,375215.27,4430857.47,409.65,36.54,349.36,533.16,4,28.94
3069,774.186,1343.990,377799.01,4431081.43,327.44,125.70,201.74,551.09,5,18.31
3070,777.500,1581.502,401550.22,4430749.96,203.06,54.42,120.27,283.55,7,17.72
3071,782.675,1644.056,407805.57,4430232.47,419.69,104.34,248.59,712.87,9,29.82
3072,789.256,1705.352,413935.16,4429574.45,201.99,51.60,139.89,406.62,10,16.71
3073,780.505,1715.611,414961.14,4430449.46,179.50,14.64,164.87,217.83,5,14.72
3074,793.447,423.885,285788.53,4429155.29,365.67,92.97,227.63,605.05,9,23.71
3075,787.628,547.324,298132.40,4429737.25,467.55,13.83,367.71,722.70,11,22.88
3076,782.729,764.612,319861.20,4430227.14,242.07,27.59,195.08,340.92,6,21.86
3077,794.127,977.001,341100.07,4429087.27,178.25,21.93,108.54,444.92,22,19.02
3078,778.603,1087.027,352102.71,4430639.70,259.87,17.79,232.05,393.45,4,23.51
3079,788.149,1273.644,370764.39,4429685.07,268.54,28.25,211.59,452.51,15,19.74
3080,790.668,571.066,300506.64,4429433.18,503.68,39.26,212.81,1006.73,16,32.00
3081,786.961,610.557,304455.70,4429803.87,471.97,68.16,199.14,551.47,5,35.69
3082,788.766,631.083,306508.26,4429623.38,201.01,70.60,117.75,281.78,7,20.85
3083,785.818,717.127,315112.69,4429918.16,141.94,13.27,128.66,238.57,5,19.67
3084,788.515,910.063,334406.29,4429648.49,504.63,88.49,371.56,783.28,9,26.33
3085,789.120,1003.244,343724.42,4429587.97,190.21,17.20,173.01,319.33,7,23.60
3086,788.829,1217.065,365106.53,4429617.13,748.22,44.23,537.56,796.85,5,18.31
3087,779.946,1329.084,376308.43,4430505.44,154.70,35.16,117.95,224.06,4,21.47
3088,790.707,1608.197,404219.74,4429429.25,195.10,16.18,154.58,297.47,11,14.86
3089,796.837,1662.247,409624.74,4428816.33,306.07,33.69,183.36,414.74,13,15.04
3090,799.181,360.867,279486.69,4428581.94,703.74,119.87,247.02,955.59,13,28.21
3091,802.425,478.209,291220.88,4428257.54,213.78,79.57,115.08,424.61,12,19.22
3092,801.191,534.214,296821.44,4428380.88,310.49,57.23,227.21,425.56,14,23.11
3093,792.496,784.023,321802.27,4429250.44,177.43,21.66,155.78,317.45,7,22.00
3094,789.362,1104.071,353807.10,4429563.76,449.14,25.73,210.44,474.87,5,21.73
3095,795.712,1226.146,366014.62,4428928.83,503.10,191.21,228.54,750.43,9,30.07
3096,790.145,1560.551,399455.10,4429485.51,263.24,90.12,116.54,373.40,6,18.66
3097,801.664,1582.998,401699.79,4428333.57,193.92,66.26,120.42,376.90,11,14.17
3098,790.622,1736.045,417004.55,4429437.81,299.62,9.91,289.72,354.40,3,36.63
3099,796.817,466.192,290019.18,4428818.34,179.52,25.28,130.38,238.91,4,22.85
3100,792.969,656.195,309019.52,4429203.10,177.59,8.45,169.14,224.15,5,15.54
3101,797.815,694.897,312889.65,4428718.45,176.39,21.29,135.94,243.53,8,22.62
3102,801.176,838.512,327251.20,4428382.35,215.35,42.55,132.73,372.93,17,17.23
3103,796.322,854.383,328838.28,4428867.80,267.20,42.64,217.54,325.00,4,17.81
3104,797.685,1150.844,358484.42,4428731.47,202.90,36.42,153.99,341.59,5,15.13
3105,800.928,1514.595,394859.48,4428407.24,738.70,70.45,581.31,1127.54,12,47.49
3106,791.563,1543.590,397758.98,4429343.72,345.76,41.17,304.59,510.25,5,12.32
3107,807.608,1622.712,405671.22,4427739.15,395.65,43.79,259.96,560.60,18,29.55
3108,809.126,606.835,304083.48,4427587.36,411.82,115.14,208.72,706.46,17,21.58
3109,803.369,738.116,317211.58,4428163.12,161.78,16.25,129.54,411.12,7,18.08
3110,800.829,933.394,336739.40,4428417.13,207.83,28.35,174.41,340.47,8,20.66
3111,800.040,1135.174,356917.38,4428496.04,383.44,91.02,233.40,606.34,8,25.56
3112,804.761,1164.730,359872.99,4428023.91,499.84,77.47,367.07,953.97,21,19.05
3113,804.971,1200.660,363465.97,4428002.85,543.55,25.20,458.85,668.44,10,20.24
3114,798.108,1647.553,408155.34,4428689.20,417.67,49.72,335.23,475.06,4,14.45
3115,802.193,556.330,299032.99,4428280.66,400.50,45.14,350.34,723.85,7,40.50
3116,805.259,587.496,302149.65,4427974.11,558.71,55.27,297.02,648.51,4,28.57
3117,806.096,717.532,315153.22,4427890.43,240.98,88.13,144.37,388.41,7,23.80
3118,819.961,1545.205,397920.47,4426503.90,222.12,63.50,100.46,571.99,21,19.84
3119,803.858,1567.947,400194.74,4428114.21,234.96,21.21,173.93,282.32,5,15.34
3120,807.734,385.660,281965.95,4427726.60,766.20,91.25,674.48,1391.28,5,33.17
3121,831.329,855.721,328972.09,4425367.07,309.88,79.68,158.46,613.56,44,22.12
3122,813.429,889.928,332392.84,4427157.11,196.49,87.48,104.69,373.17,11,22.53
3123,809.563,922.202,335620.18,4427543.71,408.01,92.08,223.98,509.91,6,25.36
3124,811.569,989.325,342332.48,4427343.12,206.93,26.77,113.35,286.38,12,19.26
3125,805.105,1259.279,369327.93,4427989.46,165.81,22.58,105.84,200.66,6,16.07
3126,812.633,451.553,288555.35,4427236.69,199.17,51.03,132.49,258.51,5,15.05
3127,808.769,465.800,289980.01,4427623.14,121.30,4.87,114.36,141.47,4,14.67
3128,820.941,573.203,300720.29,4426405.88,328.46,47.74,239.88,582.95,13,22.99
3129,808.182,971.452,340545.24,4427681.82,157.04,38.15,103.94,232.94,4,19.64
3130,803.499,999.574,343357.42,4428150.06,346.78,45.75,289.57,510.31,4,24.45
3131,813.935,1442.505,387650.45,4427106.55,445.59,45.79,289.81,652.29,7,19.64
3132,814.379,1662.751,409675.07,4427062.13,331.90,63.77,201.92,431.81,11,21.01
3133,835.650,414.378,284837.85,4424935.03,187.80,47.88,102.44,492.58,32,15.20
3134,815.783,935.842,336984.19,4426921.73,334.38,43.39,222.36,426.18,11,22.05
3135,819.471,1118.575,355257.53,4426552.88,315.72,102.19,155.74,724.28,12,30.55
3136,812.941,1150.268,358426.76,4427205.95,432.85,76.37,211.62,541.33,6,17.86
3137,820.864,1522.013,395601.34,4426413.55,449.23,268.53,145.03,938.25,13,24.36
3138,821.062,1603.403,403740.32,4426393.75,357.06,59.16,240.39,812.20,11,26.73
3139,818.752,1645.541,407954.07,4426624.78,397.13,56.33,179.12,475.82,7,21.13
3140,819.186,533.364,296736.40,4426581.45,379.72,52.92,122.75,473.01,4,23.23
3141,823.483,623.125,305712.54,4426151.69,217.02,47.05,126.08,358.25,15,19.72
3142,817.937,703.901,313790.11,4426706.34,143.38,18.18,120.86,180.00,4,15.98
3143,817.503,786.041,322004.14,4426749.74,358.70,155.09,173.13,561.10,10,24.16
3144,818.285,902.074,333607.40,4426671.55,466.73,52.08,401.24,539.80,5,24.08
3145,820.279,1215.167,364916.69,4426472.09,179.09,22.20,120.60,215.49,4,19.41
3146,819.631,1231.005,366500.52,4426536.95,157.51,1.86,102.00,258.83,5,11.32
3147,821.297,1430.745,386474.53,4426370.33,538.27,22.25,341.39,564.32,9,14.80
3148,825.138,1585.071,401907.06,4425986.22,222.57,33.68,184.12,347.09,9,14.58
3149,821.554,374.573,280857.30,4426344.63,468.67,56.27,149.19,588.59,5,21.37
3150,826.433,423.697,285769.72,4425856.70,193.31,43.46,125.67,388.24,9,19.03
3151,822.825,646.777,308077.69,4426217.50,166.72,22.33,113.59,211.13,4,15.54
3152,824.889,914.610,334860.96,4426011.06,118.82,14.49,104.32,253.02,5,13.28
3153,830.702,1177.274,361127.40,4425429.79,452.67,65.27,197.94,616.21,14,22.53
3154,827.889,1381.705,381570.47,4425711.13,225.80,93.74,131.83,506.17,11,18.63
3155,826.054,1413.218,384721.78,4425894.58,392.84,69.07,283.02,525.91,9,32.19
3156,827.897,1566.935,400093.48,4425710.33,144.64,24.62,107.22,301.96,14,15.75
3157,829.724,492.645,292664.49,4425527.55,179.59,14.31,165.28,216.41,5,18.44
3158,827.402,587.375,302137.52,4425759.81,395.32,73.30,248.61,474.23,6,11.48
3159,828.229,672.923,310692.28,4425677.05,141.57,16.73,110.00,297.79,11,17.59
3160,826.921,941.841,337584.07,4425807.94,228.07,73.51,151.82,398.61,7,23.55
3161,824.797,1223.881,365788.05,4426020.30,303.54,39.07,259.50,352.92,4,32.86
3162,831.240,1615.875,404987.51,4425375.99,240.67,43.09,158.61,300.84,4,17.09
3163,833.553,1635.928,406992.77,4425144.68,297.86,62.84,198.09,558.63,11,25.63
3164,833.336,1664.207,409820.70,4425166.37,214.60,18.52,129.16,268.15,12,16.97
3165,846.271,373.950,280795.04,4423872.90,262.53,60.03,100.62,572.24,44,19.46
3166,828.854,454.869,288886.90,4425614.61,209.80,38.43,171.22,294.46,4,21.60
3167,834.576,658.822,309282.19,4425042.43,226.52,53.31,149.51,322.25,8,21.26
3168,829.900,981.685,341568.48,4425510.04,211.67,50.54,118.81,289.01,6,19.24
3169,828.799,990.877,342487.69,4425620.14,204.87,55.31,142.10,321.13,4,19.76
3170,834.492,1145.226,357922.55,4425050.77,499.43,34.41,340.18,557.63,6,38.77
3171,827.824,1191.398,362539.76,4425717.57,238.78,15.76,219.21,353.74,4,17.60
3172,835.956,1364.544,379854.35,4424904.40,165.19,13.65,141.34,355.55,13,16.39
3173,832.713,1607.396,404139.58,4425228.74,469.54,143.88,190.13,813.45,4,28.79
3174,833.432,546.967,298096.71,4425156.81,315.39,71.62,178.06,395.85,6,16.96
3175,845.066,576.694,301069.37,4423993.41,335.00,90.92,159.39,644.84,39,18.40
3176,839.066,601.993,303599.28,4424593.41,221.82,37.26,160.83,386.16,6,14.92
3177,831.741,634.963,306896.26,4425325.87,293.74,26.24,258.84,400.30,4,33.75
3178,832.219,829.473,326347.28,4425278.13,190.70,7.68,169.16,201.35,4,21.71
3179,834.195,1029.985,346398.46,4425080.47,170.10,30.59,127.35,364.09,4,16.96
3180,837.523,1159.219,359321.93,4424747.75,548.59,93.58,235.53,786.27,8,23.96
3181,842.100,1201.107,363510.73,4424290.00,410.15,58.25,227.42,607.81,12,18.66
3182,834.784,1438.548,387254.84,4425021.58,618.97,191.24,332.58,1006.01,6,17.46
3183,836.817,1546.646,398064.64,4424818.27,346.40,56.72,151.35,835.83,7,16.12
3184,838.891,1397.403,383140.33,4424610.93,354.28,34.46,307.43,527.28,4,26.89
3185,846.226,1585.083,401908.35,4423877.37,332.97,45.99,159.94,674.30,10,32.67
3186,842.526,446.309,288030.93,4424247.41,147.40,13.31,102.99,213.67,5,12.33
3187,843.423,475.292,290929.24,4424157.67,161.91,24.37,131.91,195.01,4,17.30
3188,839.433,645.412,307941.17,4424556.75,185.87,16.95,137.37,292.43,5,15.12
3189,842.346,784.050,321805.00,4424265.41,199.02,14.42,146.38,251.98,7,21.17
3190,843.000,1131.023,356502.35,4424199.99,261.05,43.29,151.38,331.37,4,27.01
3191,870.970,1117.987,355198.75,4421402.96,368.32,84.13,169.90,990.48,48,24.77
3192,841.812,1388.080,382207.96,4424318.80,304.88,37.83,201.35,346.81,4,28.82
3193,851.897,1541.885,397588.48,4423310.35,423.85,88.06,273.12,770.61,16,21.68
3194,839.715,1567.973,400197.29,4424528.49,235.36,70.66,132.91,315.73,4,13.42
3195,843.612,1653.097,408709.66,4424138.84,216.76,13.40,196.84,234.06,4,23.13
3196,863.717,459.451,289345.12,4422128.33,300.79,103.12,146.26,702.48,26,16.02
3197,850.656,601.358,303535.79,4423434.41,317.29,50.85,168.10,378.10,6,32.53
3198,850.448,912.964,334696.39,4423455.24,182.62,66.34,102.82,337.72,11,19.38
3199,847.598,992.507,342650.65,4423740.19,183.91,57.94,114.17,427.54,12,16.51
3200,846.934,1219.934,365393.40,4423806.60,274.36,20.91,253.45,384.53,5,26.98
3201,847.655,1362.939,379693.88,4423734.45,278.40,85.34,113.46,363.74,7,19.37
3202,845.389,1606.739,404073.86,4423961.08,345.58,116.35,119.16,466.82,6,24.39
3203,853.706,1671.519,410551.91,4423129.44,252.83,37.94,116.56,403.20,12,30.05
3204,851.642,660.217,309421.74,4423335.80,163.66,7.33,155.30,197.85,4,18.22
3205,848.789,693.172,312717.20,4423621.11,204.42,53.21,124.16,288.99,6,16.17
3206,857.158,845.041,327904.09,4422784.22,264.41,70.08,108.16,407.41,13,19.18
3207,854.317,962.043,339604.27,4423068.26,274.55,95.51,106.30,568.19,17,21.93
3208,850.507,1116.525,355052.54,4423449.31,200.49,28.47,170.66,259.46,4,27.05
3209,847.855,1401.530,383552.98,4423714.51,385.71,179.25,170.93,564.96,5,24.79
3210,851.789,1613.252,404725.16,4423321.08,374.36,127.62,155.44,515.91,5,26.63
3211,856.532,706.993,314099.25,4422846.82,214.62,53.04,125.69,383.99,8,15.11
3212,853.835,1184.402,361840.24,4423116.51,398.88,52.51,237.39,575.43,5,27.28
3213,856.551,1384.675,381867.45,4422844.90,449.09,265.80,132.61,789.66,5,18.49
3214,857.982,778.929,321292.88,4422701.78,157.65,11.94,103.14,179.52,4,13.74
3215,858.360,1106.354,354035.44,4422663.97,258.94,61.91,151.48,410.23,6,18.33
3216,858.873,1151.616,358561.62,4422612.73,257.78,23.50,129.81,329.37,8,15.45
3217,863.445,1348.504,378250.42,4422155.47,152.67,43.46,106.46,239.96,5,14.54
3218,865.534,1416.772,385077.21,4421946.57,588.03,102.06,449.43,888.27,13,23.70
3219,850.546,1441.620,387562.01,4423445.41,526.73,148.23,249.82,793.54,4,31.26
3220,860.617,1600.010,403401.00,4422438.30,328.06,103.39,175.59,455.18,6,18.36
3221,863.426,517.278,295127.79,4422157.44,224.04,58.76,125.50,340.61,4,24.08
3222,863.760,723.189,315718.86,4422124.03,118.00,1.95,115.05,187.12,4,13.26
3223,864.589,794.548,322854.80,4422041.14,255.82,51.42,165.90,448.46,13,16.77
3224,870.270,1162.374,359637.37,4421473.02,340.83,97.84,190.07,667.54,11,13.60
3225,876.281,1362.165,379616.54,4420871.89,336.03,79.78,193.27,750.94,24,17.78
3226,865.090,1561.698,399569.78,4421990.97,315.17,72.90,182.88,487.47,18,25.07
3227,865.885,1578.730,401273.01,4421911.50,293.70,107.13,104.86,506.83,10,18.95
3228,863.746,884.127,331812.72,4422125.36,266.95,119.88,101.18,505.78,8,19.98
3229,863.488,1178.356,361235.61,4422151.25,452.88,208.10,142.66,946.28,4,36.98
3230,873.699,474.911,290891.05,4421130.13,227.70,57.07,106.30,450.72,10,18.09
3231,868.845,808.440,324243.95,4421615.54,223.71,16.31,181.88,504.87,6,18.35
3232,873.483,1229.261,366326.13,4421151.71,147.63,34.91,109.75,267.74,9,19.06
3233,875.491,1324.191,375819.13,4420950.89,272.88,149.22,119.02,532.73,13,20.28
3234,871.152,1466.067,390006.70,4421384.83,1221.16,70.78,1022.63,1308.72,8,23.78
3235,877.414,403.994,283799.38,4420758.61,285.37,21.42,207.11,350.95,6,22.43
3236,876.534,423.054,285705.45,4420846.56,618.33,130.53,260.71,829.23,8,26.96
3237,876.603,567.785,300178.49,4420839.72,178.05,10.77,166.12,201.53,4,22.81
3238,877.454,643.127,307712.71,4420754.57,201.61,55.80,139.97,308.15,8,15.81
3239,876.233,706.106,314010.61,4420876.69,221.76,20.83,157.54,250.91,4,18.83
3240,876.307,853.797,328779.74,4420869.35,193.16,17.37,165.03,273.38,8,19.89
3241,879.299,893.613,332761.30,4420570.13,198.37,58.52,102.58,282.75,6,19.07
3242,872.193,994.903,342890.27,4421280.71,239.01,46.39,150.09,492.28,5,16.91
3243,874.211,1071.605,350560.48,4421078.90,216.37,83.86,103.77,466.53,6,19.35
3244,879.440,1141.692,357569.16,4420555.96,432.58,57.84,288.31,554.00,7,16.10
3245,872.553,1197.186,363118.63,4421244.67,399.73,84.48,285.51,700.39,5,40.85
3246,869.467,1312.486,374648.57,4421553.27,230.70,74.52,153.67,325.58,4,17.29
3247,876.916,1339.255,377325.53,4420808.38,378.75,82.81,219.17,642.57,10,17.30
3248,875.622,1391.956,382595.64,4420937.82,355.79,52.61,133.02,616.63,15,15.69
3249,873.578,1478.320,391231.98,4421142.17,1393.03,113.80,1268.49,1571.66,6,25.71
3250,882.981,978.777,341277.66,4420201.88,220.68,44.98,125.55,282.75,9,17.92
3251,885.857,1187.165,362116.45,4419914.30,628.43,145.69,380.48,940.40,9,42.83
3252,878.494,1305.127,373912.75,4420650.58,146.64,17.80,110.07,167.43,4,14.80
3253,878.553,1536.007,397000.70,4420644.67,400.38,61.87,282.42,546.14,7,18.97
3254,878.820,1622.462,405646.21,4420618.01,402.28,56.87,287.92,489.88,9,32.18
3255,878.692,539.846,297384.60,4420630.83,195.90,41.90,127.99,298.45,4,22.03
3256,893.551,827.010,326101.03,4419144.86,222.47,43.13,107.25,403.54,19,21.34
3257,878.393,909.932,334393.24,4420660.69,213.14,24.94,135.51,242.23,4,19.19
3258,886.629,1421.628,385562.77,4419837.06,787.85,201.78,530.33,1012.90,5,54.11
3259,894.199,1520.810,395481.05,4419080.08,511.38,111.58,231.37,806.19,16,49.65
3260,893.957,408.935,284293.51,4419104.27,189.41,29.87,121.95,292.94,11,14.18
3261,894.456,503.161,293716.12,4419054.39,230.99,72.36,106.47,514.54,15,16.90
3262,887.935,729.388,316338.75,4419706.55,347.11,57.20,234.25,415.32,5,35.73
3263,891.262,1050.931,348493.05,4419373.75,268.51,95.89,131.91,403.68,9,20.53
3264,885.973,1215.655,364965.53,4419902.71,165.92,38.69,108.89,258.57,6,18.97
3265,883.353,1257.750,369174.99,4420164.72,185.45,59.96,112.78,265.91,4,15.41
3266,888.305,1286.917,372091.73,4419669.51,200.43,36.91,128.75,348.33,17,15.69
3267,893.377,1405.101,383910.12,4419162.27,354.10,125.51,191.07,955.95,11,21.97
3268,885.929,1455.071,388907.12,4419907.12,1442.41,141.08,1301.33,1689.54,7,24.96
3269,884.229,1551.555,398555.52,4420077.07,287.41,70.45,168.01,384.12,4,23.33
3270,886.145,1588.154,402215.43,4419885.54,312.04,32.56,247.61,346.91,4,27.65
3271,895.869,430.795,286479.55,4418913.07,421.82,81.14,183.46,607.17,11,14.69
3272,893.374,492.068,292606.80,4419162.58,302.72,43.76,163.14,437.86,5,15.37
3273,890.150,700.034,313403.42,4419485.01,324.21,87.71,154.68,511.22,5,26.46
3274,894.439,741.114,317511.41,4419056.10,347.77,93.97,245.49,602.25,11,22.14
3275,889.965,1027.594,346159.37,4419503.54,298.88,42.97,133.04,404.68,5,22.30
3276,895.635,1121.163,355516.32,4418936.50,301.43,57.03,152.22,412.13,23,24.61
3277,897.179,637.212,307121.23,4418782.09,160.82,28.43,127.92,198.52,5,19.32
3278,896.655,721.481,315548.08,4418834.53,217.80,67.92,135.24,319.04,8,27.96
3279,896.482,1012.432,344643.23,4418851.81,213.37,13.31,145.22,229.51,6,19.38
3280,896.308,1068.897,350289.75,4418869.20,304.54,69.55,177.89,408.33,13,17.91
3281,902.381,1155.450,358944.99,4418261.93,380.40,80.45,234.55,727.32,20,16.47
3282,905.594,1190.944,362494.38,4417940.62,251.92,55.49,114.66,552.41,18,20.72
3283,909.370,1300.190,373419.04,4417563.03,338.33,95.42,130.64,733.60,37,14.05
3284,904.042,1340.012,377401.25,4418095.84,585.90,73.42,395.93,731.37,17,14.22
3285,895.994,1387.072,382107.23,4418900.57,547.56,75.73,360.64,697.78,7,17.01
3286,898.519,1531.474,396547.37,4418648.09,348.65,39.34,308.09,589.16,8,22.30
3287,897.374,1556.969,399096.94,4418762.58,184.79,9.91,174.88,511.44,5,23.43
3288,895.181,474.980,290898.01,4418981.95,539.64,79.09,387.37,1186.41,4,57.02
3289,900.157,1028.695,346269.45,4418484.30,320.66,22.25,242.40,602.26,10,24.59
3290,901.511,1213.473,364747.30,4418348.93,276.88,20.24,159.04,297.12,5,27.02
3291,895.891,1223.249,365724.90,4418910.91,222.11,52.68,169.43,356.52,5,20.20
3292,899.356,1256.500,369050.04,4418564.44,263.69,31.58,201.09,309.67,4,14.10
3293,897.561,1543.324,397732.35,4418743.89,121.04,9.26,105.66,151.95,4,16.85
3294,905.912,1585.436,401943.58,4417908.79,313.57,41.16,256.57,587.74,10,21.71
3295,908.596,439.910,287390.99,4417640.40,243.96,79.10,144.21,376.93,10,17.60
3296,901.929,580.605,301460.50,4418307.10,220.54,47.25,168.96,300.08,5,20.36
3297,906.394,751.205,318520.50,4417860.61,399.43,131.46,180.32,601.95,10,15.50
3298,916.588,779.835,321383.50,4416841.20,259.40,62.77,124.69,495.48,41,15.90
3299,909.433,854.416,328841.63,4417556.72,270.93,53.41,127.33,417.80,14,16.99
3300,906.034,1087.742,352174.21,4417896.61,221.44,41.70,175.83,300.05,6,17.59
3301,903.890,1268.748,370274.79,4418111.00,253.22,109.82,130.47,733.52,10,15.50
3302,902.845,1421.319,385531.94,4418215.51,739.98,95.93,482.51,841.41,7,15.60
3303,919.784,483.573,291757.30,4416521.58,263.20,117.49,116.81,541.18,25,15.37
3304,908.061,568.868,300286.84,4417693.90,277.85,29.73,149.31,330.87,4,24.35
3305,911.024,719.249,315324.86,4417397.59,235.37,24.19,174.74,386.21,12,18.73
3306,904.223,884.505,331850.45,4418077.68,198.94,13.17,179.91,301.74,5,25.12
3307,909.135,1234.681,366868.09,4417586.47,375.36,34.82,340.54,526.13,5,14.51
3308,910.047,1563.938,399793.75,4417495.25,233.85,51.21,147.76,316.47,7,33.98
3309,911.970,374.205,280820.54,4417303.03,212.86,28.24,158.95,317.80,6,15.73
3310,909.348,390.872,282487.22,4417565.21,227.74,80.88,107.51,412.34,8,21.09
3311,929.315,512.451,294645.08,4415568.47,215.07,59.48,145.76,431.63,26,13.58
3312,907.598,554.183,298818.34,4417740.19,157.06,6.74,147.66,202.37,4,19.04
3313,914.175,843.182,327718.17,4417082.45,353.94,48.90,197.14,499.52,7,25.43
3314,914.552,988.648,342264.83,4417044.81,332.33,63.60,188.25,721.55,21,24.91
3315,910.448,1169.586,360358.56,4417455.16,397.01,32.03,338.24,482.85,4,17.76
3316,913.706,1405.749,383974.87,4417129.43,529.74,190.06,219.47,719.80,5,21.80
3317,915.362,1512.859,394685.94,4416963.85,262.16,20.31,203.46,295.91,11,25.70
3318,914.628,421.363,285536.25,4417037.22,303.32,57.06,147.98,456.00,10,21.72
3319,933.559,449.192,288319.15,4415144.12,343.14,89.18,112.67,705.56,32,18.38
3320,915.224,702.471,313647.14,4416977.62,216.61,31.96,166.17,387.90,7,29.31
3321,917.392,820.636,325463.56,4416760.79,163.58,35.55,113.66,290.83,7,18.62
3322,917.687,1012.176,344617.64,4416731.31,199.64,50.82,142.71,578.02,9,15.68
3323,916.604,1198.473,363247.33,4416839.63,328.04,47.70,243.06,556.05,11,19.80
3324,917.379,1247.748,368174.83,4416762.08,205.44,25.70,127.53,260.35,6,14.61
3325,919.364,1600.566,403456.64,4416563.63,308.40,66.80,224.24,461.07,6,25.41
3326,914.776,1617.092,405109.19,4417022.44,349.17,34.35,181.65,487.46,9,19.02
3327,928.948,553.476,298747.60,4415605.24,224.37,81.37,109.35,491.22,19,19.86
3328,923.781,1021.376,345537.55,4416121.87,436.60,120.89,270.45,557.49,7,18.84
3329,914.716,1274.271,370827.13,4417028.40,303.97,14.17,195.60,318.14,3,15.59
3330,927.281,384.613,281861.31,4415771.86,232.10,48.40,108.50,364.40,10,22.14
3331,926.215,538.367,297236.74,4415878.51,199.45,22.84,173.65,417.14,8,18.06
3332,922.941,730.250,316425.02,4416205.88,364.65,81.47,235.38,553.36,13,22.93
3333,923.060,752.196,318619.61,4416193.99,333.19,42.65,243.91,404.89,5,31.77
3334,925.320,1264.619,369861.94,4415967.96,330.10,44.08,194.11,425.56,8,13.16
3335,924.872,1385.802,381980.19,4416012.82,317.36,55.85,212.00,385.71,7,15.63
3336,930.404,1032.702,346670.23,4415459.58,409.27,34.32,280.30,486.62,12,17.55
3337,932.349,1335.985,376998.53,4415265.07,629.78,70.39,491.80,872.70,21,28.74
3338,928.649,1400.007,383400.72,4415635.10,221.17,42.45,136.60,317.00,9,18.04
3339,923.830,1538.790,397279.04,4416117.00,215.41,8.63,206.78,411.48,5,18.05
3340,929.859,1613.511,404751.13,4415514.09,359.34,68.10,239.18,505.07,11,20.78
3341,931.158,575.116,300911.59,4415384.19,219.50,60.77,103.46,387.66,7,21.82
3342,932.276,591.028,302502.75,4415272.40,184.33,59.26,115.51,260.41,6,16.20
3343,934.069,744.966,317896.58,4415093.08,179.97,29.19,145.28,209.74,7,16.17
3344,932.585,839.850,327385.04,4415241.55,282.05,97.56,141.04,426.41,9,23.65
3345,935.686,854.659,328865.91,4414931.43,202.54,33.92,137.81,395.72,9,16.82
3346,937.738,1070.440,350443.95,4414726.20,197.97,56.40,113.57,345.19,15,16.66
3347,934.070,1105.221,353922.05,4415093.04,168.18,27.57,140.62,225.99,5,16.68
3348,936.997,1231.656,366565.61,4414800.33,606.70,154.83,354.06,1034.72,10,29.07
3349,931.894,170.801,260480.08,4415310.58,233.65,55.26,169.28,297.92,4,9.10
3350,932.650,244.748,267874.85,4415234.99,271.51,10.99,215.45,470.62,5,12.36
3351,938.377,265.444,269944.44,4414662.29,275.29,23.35,217.33,360.87,11,19.72
3352,942.820,287.140,272114.01,4414217.95,285.84,73.29,106.41,600.48,16,19.85
3353,936.763,496.245,293024.49,4414823.73,147.29,3.46,143.83,289.57,5,15.80
3354,939.349,828.300,326230.00,4414565.09,187.73,36.88,127.85,405.44,11,16.19
3355,936.092,984.735,341873.49,4414890.85,425.28,108.14,154.52,781.49,9,20.49
3356,940.528,1001.214,343521.41,4414447.18,610.79,32.17,442.41,791.31,9,19.42
3357,930.260,1159.891,359389.12,4415473.97,357.83,22.10,196.52,466.97,5,21.98
3358,937.131,1365.241,379924.11,4414786.92,304.14,51.42,234.14,505.70,8,21.58
3359,934.818,1519.710,395370.96,4415018.22,188.94,25.36,162.02,224.61,4,16.91
3360,941.703,618.776,305277.59,4414329.74,245.48,2.49,241.29,251.06,4,28.11
3361,933.205,629.370,306337.04,4415179.54,181.99,35.25,121.44,374.55,4,20.03
3362,936.256,645.304,307930.41,4414874.43,337.33,64.27,227.95,428.18,5,17.69
3363,939.791,703.656,313765.63,4414520.89,171.05,28.60,124.87,254.61,5,15.76
3364,941.985,1138.655,357265.54,4414301.50,234.19,12.75,221.44,328.79,5,19.46
3365,942.759,1211.779,364577.92,4414224.05,575.34,95.10,176.53,912.69,10,29.93
3366,938.765,1529.701,396370.11,4414623.54,318.68,195.11,123.57,713.47,9,26.37
3367,942.139,1606.322,404032.21,4414286.07,185.90,47.49,111.61,234.86,7,20.26
3368,946.620,212.372,264637.17,4413838.03,186.04,48.98,121.63,383.69,5,16.87
3369,950.730,320.100,275409.95,4413427.00,562.67,159.80,224.70,1180.97,15,31.52
3370,939.026,408.993,284299.32,4414597.39,370.22,32.04,163.67,406.85,4,19.95
3371,950.570,789.582,322358.20,4413443.04,188.50,22.79,117.82,448.87,16,17.05
3372,943.276,873.186,330718.64,4414172.37,149.51,24.52,122.69,238.08,6,16.69
3373,942.561,919.607,335360.69,4414243.94,216.47,70.70,134.17,309.63,6,21.71
3374,943.576,1013.715,344771.45,4414142.40,507.37,38.69,387.49,551.46,6,22.57
3375,957.376,1250.859,368485.88,4412762.43,556.08,116.88,376.52,834.04,23,15.91
3376,945.511,1418.454,385245.42,4413948.95,334.86,190.69,144.18,768.57,11,25.10
3377,949.391,1449.343,388334.31,4413560.94,1141.06,167.28,486.11,1774.20,14,55.20
3378,943.339,594.224,302822.43,4414166.12,223.33,59.29,107.52,334.33,4,19.10
3379,949.436,637.085,307108.52,4413556.35,262.24,73.39,137.60,496.99,14,18.60
3380,944.959,718.117,315211.69,4414004.11,267.77,76.50,175.07,388.01,6,28.08
3381,949.040,738.941,317294.05,4413596.01,210.13,46.34,148.90,267.03,6,19.06
3382,944.253,841.449,327544.94,4414074.66,310.86,81.68,158.93,454.18,4,24.10
3383,949.915,858.634,329263.39,4413508.48,627.04,28.93,409.47,668.95,4,32.83
3384,950.543,1030.663,346466.34,4413445.69,766.21,103.83,456.99,1030.70,8,23.71
3385,946.720,1048.293,348229.29,4413828.04,313.08,43.74,238.31,389.67,7,18.85
3386,951.194,1082.477,351647.73,4413380.62,258.42,49.62,181.89,364.02,10,24.83
3387,947.230,1173.704,360770.39,4413777.03,263.15,114.36,146.70,485.66,7,23.54
3388,947.600,1391.368,382536.82,4413740.04,218.70,56.19,119.16,447.44,11,12.09
3389,956.235,1484.081,391808.11,4412876.47,610.46,140.42,305.96,809.56,14,18.79
3390,956.880,1501.003,393500.27,4412811.99,298.27,77.37,154.02,428.80,15,27.32
3391,947.858,1541.098,397509.76,4413714.17,419.07,79.24,275.40,1000.69,7,19.59
3392,946.461,1557.476,399147.65,4413853.93,272.43,111.11,161.32,498.20,7,20.23
3393,948.387,1620.630,405463.01,4413661.34,237.68,26.42,206.67,295.29,8,17.16
3394,951.607,193.964,262796.44,4413339.34,228.19,54.21,124.19,356.09,15,21.20
3395,952.443,223.863,265786.27,4413255.68,251.62,100.34,108.42,401.03,7,20.88
3396,951.139,398.190,283219.01,4413386.06,305.61,32.97,122.25,338.57,5,21.77
3397,956.537,463.721,289772.13,4412846.32,412.81,125.95,121.54,713.33,19,23.80
3398,951.086,509.524,294352.37,4413391.42,359.78,80.13,189.02,521.57,11,27.19
3399,950.571,563.406,299740.57,4413442.93,177.93,9.01,163.50,223.13,6,16.04
3400,954.855,600.834,303483.37,4413014.49,199.28,29.61,119.42,232.84,6,16.84
3401,956.965,812.082,324608.17,4412803.49,223.19,18.87,144.33,339.21,14,18.27
3402,952.784,1113.453,354745.33,4413221.55,322.94,40.23,210.06,394.58,6,18.99
3403,952.800,1188.649,362264.92,4413220.01,278.00,37.16,213.29,343.58,9,14.23
3404,956.945,1295.552,372955.19,4412805.46,1000.94,30.24,720.52,1031.18,7,12.65
3405,953.539,1365.865,379986.54,4413146.10,452.75,81.99,273.34,795.06,8,29.56
3406,964.127,172.415,260641.46,4412087.27,220.74,42.39,130.78,342.91,20,20.10
3407,960.199,244.514,267851.44,4412480.07,206.90,61.52,110.40,705.47,9,21.45
3408,963.542,278.090,271209.03,4412145.76,308.06,86.10,175.17,473.33,18,17.14
3409,961.242,487.945,292194.49,4412375.84,510.60,83.93,384.66,681.00,11,15.08
3410,953.345,748.649,318264.94,4413165.48,138.50,34.60,103.59,339.59,6,16.36
3411,954.780,886.085,332008.47,4413022.04,277.30,26.89,250.41,329.86,5,24.26
3412,957.629,1343.535,377753.49,4412737.09,599.35,87.50,433.11,739.02,9,13.22
3413,971.257,249.422,268342.20,4411374.33,364.92,97.01,228.95,646.65,16,26.88
3414,957.467,291.890,272589.05,4412753.32,317.71,22.93,285.79,460.94,6,15.78
3415,963.462,341.267,277526.68,4412153.76,348.71,50.18,237.82,449.95,7,26.41
3416,955.820,420.010,285401.03,4412917.99,161.65,34.63,109.84,273.03,6,19.26
3417,958.614,613.870,304787.04,4412638.61,201.72,15.24,148.66,260.29,7,15.61
3418,959.084,862.087,329608.74,4412591.59,481.22,28.97,385.51,614.80,7,21.69
3419,960.099,1042.464,347646.42,4412490.09,218.29,64.59,149.02,790.13,10,23.76
3420,959.904,1063.471,349747.05,4412509.58,189.73,39.37,111.43,260.06,8,19.06
3421,961.405,1122.779,355677.87,4412359.51,130.56,13.85,112.22,219.61,4,15.39
3422,960.243,1153.162,358716.24,4412475.71,244.20,44.25,151.65,341.79,7,25.21
3423,956.385,1587.996,402199.61,4412861.49,140.78,6.54,131.81,167.45,4,17.69
3424,963.557,206.775,264077.47,4412144.34,174.37,19.20,125.18,208.08,4,10.39
3425,967.229,218.912,265291.19,4411777.08,219.84,27.80,147.90,373.05,13,19.12
3426,962.248,351.897,278589.72,4412275.18,325.99,111.26,186.98,748.63,7,19.78
3427,988.747,534.089,296808.86,4409625.31,198.43,57.35,105.36,520.33,46,14.67
3428,967.603,547.760,298176.03,4411739.75,333.58,34.36,241.62,489.35,13,29.67
3429,957.917,675.841,310984.07,4412708.31,186.68,61.32,113.77,264.37,7,16.58
3430,965.882,689.391,312339.09,4411911.82,276.55,91.97,140.72,398.45,9,21.54
3431,965.467,828.249,326224.86,4411953.31,482.66,106.92,281.09,772.18,7,29.72
3432,968.751,851.258,328525.81,4411624.86,488.89,141.08,219.14,687.20,10,30.44
3433,969.654,872.100,330610.05,4411534.61,195.08,54.69,111.02,293.34,7,20.75
3434,968.719,1268.846,370284.63,4411628.12,558.09,34.48,436.52,617.04,6,15.65
3435,976.129,1398.245,383224.52,4410887.14,403.47,132.36,192.17,611.97,19,20.16
3436,962.607,1428.197,386219.70,4412239.33,587.85,176.88,362.88,931.51,4,21.50
3437,970.773,1530.247,396424.71,4411422.67,310.06,84.54,173.37,523.56,26,19.58
3438,966.101,564.267,299826.72,4411889.88,172.94,50.52,112.66,327.43,7,16.31
3439,966.639,607.077,304107.66,4411836.08,128.12,11.94,112.32,187.44,4,13.84
3440,966.594,790.984,322498.37,4411840.62,336.24,43.10,222.46,380.30,8,22.64
3441,971.197,835.446,326944.58,4411380.26,514.78,19.40,448.25,546.84,5,16.77
3442,977.508,998.280,343228.00,4410749.17,311.40,80.38,152.88,476.17,27,18.29
3443,970.555,1092.452,352645.20,4411444.46,242.37,47.24,133.58,384.31,11,24.04
3444,969.272,1192.989,362698.93,4411572.82,561.12,26.87,325.67,591.36,9,21.19
3445,969.642,1371.397,380539.66,4411535.79,207.08,75.72,101.24,387.23,4,14.27
3446,976.310,198.489,263248.88,4410868.98,199.45,26.56,108.00,256.04,11,16.41
3447,969.243,367.511,280151.08,4411575.74,622.82,51.73,494.42,682.05,5,31.57
3448,971.898,423.561,285756.08,4411310.17,158.23,8.15,143.83,321.06,8,12.39
3449,971.056,438.509,287250.93,4411394.41,256.59,63.32,118.09,330.78,6,24.65
3450,973.181,474.156,290815.62,4411181.92,355.24,91.73,201.53,468.42,9,25.77
3451,972.419,882.140,331613.99,4411258.07,129.09,5.71,119.16,319.49,4,13.73
3452,964.868,1022.506,345650.62,4412013.16,509.84,82.26,403.98,595.10,4,28.04
3453,973.377,1134.208,356820.85,4411162.28,244.42,43.40,167.04,342.02,6,24.37
3454,982.463,1144.093,357809.27,4410253.68,371.65,74.98,257.67,567.68,15,27.32
3455,975.909,1349.421,378342.08,4410909.09,540.46,73.02,444.69,702.92,9,16.94
3456,971.116,446.278,288027.81,4411388.40,228.29,17.41,208.72,256.52,4,21.36
3457,984.381,508.220,294222.05,4410061.91,333.51,84.90,204.70,537.21,14,18.78
3458,974.343,626.980,306098.02,4411065.73,215.78,5.44,171.58,224.81,4,14.51
3459,972.602,739.653,317365.25,4411239.77,177.34,49.75,127.59,254.19,5,21.85
3460,972.559,925.905,335990.54,4411244.13,173.12,18.06,139.38,191.38,4,16.55
3461,972.877,1298.327,373232.67,4411212.32,1226.57,94.13,1083.82,1462.13,4,28.48
3462,980.964,1482.020,391602.05,4410403.55,588.87,51.03,269.41,883.29,8,29.64
3463,976.612,1546.685,398068.52,4410838.77,257.59,46.27,182.72,303.86,5,21.95
3464,980.597,232.387,266638.70,4410440.31,358.76,58.63,218.65,447.14,6,26.61
3465,981.467,311.880,274588.01,4410353.32,519.39,45.71,458.85,663.64,9,11.96
3466,978.784,349.226,278322.65,4410621.56,209.75,34.04,159.83,251.23,4,16.46
3467,977.527,569.873,300387.28,4410747.35,188.53,19.00,167.59,282.46,4,18.44
3468,977.563,590.751,302475.08,4410743.71,145.55,27.13,102.67,189.24,4,16.13
3469,983.692,637.875,307187.55,4410130.75,299.05,8.45,251.51,307.90,6,14.50
3470,980.611,778.165,321216.46,4410438.87,138.48,11.56,120.50,183.10,4,17.25
3471,984.740,827.162,326116.16,4410026.03,418.48,138.90,256.86,776.85,13,23.01
3472,984.048,1276.346,371034.60,4410095.23,631.43,41.06,529.23,796.22,9,10.90
3473,978.433,1334.148,376814.83,4410656.71,213.10,8.80,202.81,510.43,4,23.99
3474,982.165,1427.866,386186.62,4410283.50,634.75,107.69,373.28,963.12,9,16.27
3475,977.434,1600.564,403456.44,4410756.61,242.93,59.21,183.72,378.85,7,18.31
3476,983.883,262.239,269623.85,4410111.67,234.97,30.16,175.29,440.20,5,22.03
3477,984.012,276.896,271089.59,4410098.78,322.52,11.68,261.90,336.96,4,15.11
3478,986.076,555.620,298962.00,4409892.37,179.66,24.86,131.83,300.01,9,17.09
3479,983.237,685.976,311997.59,4410176.34,138.58,34.60,102.76,207.34,5,12.47
3480,986.013,805.326,323932.64,4409898.68,303.24,43.18,245.45,388.45,5,9.64
3481,1001.705,848.703,328270.29,4408329.52,206.06,50.56,108.38,448.31,36,17.08
3482,981.798,953.096,338709.63,4410320.22,156.42,34.53,108.64,267.90,7,18.70
3483,984.259,1055.342,348934.23,4410074.12,205.92,13.98,145.18,220.91,4,16.14
3484,985.822,1174.624,360862.36,4409917.84,377.30,9.44,339.40,931.80,9,11.00
3485,986.818,1220.629,365462.93,4409818.20,759.30,32.35,696.04,804.87,8,13.13
3486,980.485,1253.538,368753.78,4410451.47,504.09,70.18,426.04,576.71,5,17.79
3487,988.015,1372.623,380662.29,4409698.46,462.73,69.87,313.26,656.27,15,28.36
3488,983.340,218.039,265203.94,4410165.98,156.22,51.23,104.99,293.75,5,17.60
3489,988.838,789.122,322312.17,4409616.17,287.12,36.57,241.46,348.94,7,20.31
3490,991.335,1110.608,354460.77,4409366.50,290.14,78.39,190.05,938.76,13,21.11
3491,989.535,1154.042,358804.24,4409546.50,395.37,58.40,313.67,491.76,4,22.62
3492,989.962,1533.247,396724.68,4409503.84,458.49,8.31,281.47,466.80,3,53.58
3493,984.929,1547.283,398128.30,4410007.09,253.71,11.34,165.20,272.46,4,19.33
3494,998.119,369.477,280347.74,4408688.14,306.81,79.59,193.12,681.92,21,17.49
3495,989.368,418.434,285243.37,4409563.15,166.26,1.52,164.05,261.02,5,20.70
3496,985.077,624.398,305839.79,4409992.34,282.77,99.26,141.05,471.21,4,21.61
3497,995.258,1020.095,345409.47,4408974.20,299.86,86.28,174.18,408.61,13,25.46
3498,990.466,1075.087,350908.71,4409453.42,263.07,62.60,181.57,341.24,5,16.57
3499,992.796,1100.539,353453.93,4409220.41,351.34,36.88,247.85,410.11,6,10.23
3500,1000.109,353.933,278793.26,4408489.12,327.58,84.53,217.48,581.59,8,20.23
3501,999.756,462.484,289648.39,4408524.42,259.49,86.32,154.32,568.59,11,22.70
3502,1001.399,490.233,292423.29,4408360.07,508.59,72.78,251.22,920.60,9,27.57
3503,995.126,619.503,305350.27,4408987.39,302.05,119.55,128.42,430.84,6,18.74
3504,992.593,835.720,326972.03,4409240.69,172.18,6.72,125.15,182.41,4,15.77
3505,994.308,1059.502,349350.22,4409069.24,308.55,43.77,231.88,398.83,5,17.78
3506,994.655,1123.978,355797.83,4409034.51,503.95,5.56,366.01,509.51,5,26.15
3507,1044.889,381.943,281594.35,4404011.06,313.20,92.80,136.80,632.13,87,18.91
3508,1001.190,522.789,295678.88,4408381.02,217.49,56.58,101.82,290.82,7,15.86
3509,1004.171,799.800,323379.97,4408082.91,341.73,80.76,148.70,586.27,14,24.66
3510,1001.899,891.711,332571.06,4408310.10,203.30,19.04,129.10,224.79,5,17.99
3511,1005.253,983.260,341725.99,4407974.69,219.26,25.13,133.55,298.95,17,18.49
3512,1004.300,996.638,343063.77,4408070.03,268.99,86.34,172.17,368.46,5,19.01
3513,1005.927,1070.886,350488.59,4407907.32,386.74,96.85,165.49,537.34,9,22.13
3514,1002.536,1327.351,376135.08,4408246.36,868.71,63.46,621.50,943.57,7,20.84
3515,995.899,1513.465,394746.54,4408910.06,426.02,25.79,340.10,472.67,4,36.06
3516,997.818,1539.147,397314.69,4408718.21,249.47,35.52,179.62,457.14,4,21.77
3517,1002.997,473.662,290766.18,4408200.27,421.76,41.42,288.58,523.27,7,19.05
3518,1006.063,692.889,312688.86,4407893.68,172.76,9.46,142.61,204.15,6,18.77
3519,1003.032,716.869,315086.89,4408196.76,174.84,35.36,115.77,320.56,9,18.83
3520,1005.383,962.573,339657.32,4407961.67,251.93,28.17,189.99,367.21,10,15.88
3521,1007.746,1039.061,347306.06,4407725.35,206.41,40.80,122.56,292.76,13,15.52
3522,1005.107,1187.687,362168.68,4407989.26,762.26,80.98,587.92,857.66,6,29.80
3523,1013.085,1315.259,374925.86,4407191.50,1045.16,123.17,766.13,1341.73,17,19.76
3524,1005.737,1557.326,399132.58,4407926.29,127.50,16.02,106.58,161.26,7,14.84
3525,1004.262,642.171,307617.14,4408073.84,281.04,48.07,185.68,339.30,4,21.07
3526,1009.349,743.546,317754.59,4407565.11,155.66,14.33,115.11,181.96,8,17.40
3527,1010.133,1137.234,357123.38,4407486.66,279.42,37.74,161.53,347.45,6,16.05
3528,1006.943,1146.238,358023.82,4407805.74,331.85,73.30,258.55,565.14,5,20.69
3529,1007.080,1360.065,379406.51,4407792.03,664.07,39.40,520.08,717.99,4,20.24
3530,1011.094,1522.153,395615.33,4407390.65,253.32,111.94,105.52,510.68,20,23.34
3531,1016.659,496.078,293007.81,4406834.11,418.66,107.22,177.45,901.43,7,35.77
3532,1009.109,631.796,306579.62,4407589.14,177.15,24.77,121.87,231.52,5,20.48
3533,1011.921,668.748,310274.84,4407307.86,213.34,48.52,160.26,520.71,7,19.69
3534,1011.132,873.288,330728.78,4407386.83,184.67,36.74,120.53,264.79,5,16.19
3535,1013.226,1094.913,352891.27,4407177.36,480.99,114.78,318.48,762.25,21,31.22
3536,1003.540,1179.929,361392.91,4408146.02,440.95,15.55,372.62,456.50,3,25.52
3537,1014.968,1251.513,368551.29,4407003.16,742.24,109.02,609.62,990.05,10,16.43
3538,1011.012,1420.952,385495.23,4407398.82,834.40,68.86,721.96,936.91,4,22.60
3539,1015.357,509.112,294311.25,4406964.31,164.97,35.03,110.22,362.23,8,17.47
3540,1010.058,619.698,305369.84,4407494.16,467.38,69.00,395.91,563.91,4,39.32
3541,1023.641,941.810,337580.96,4406135.93,201.69,47.47,139.08,300.98,14,21.47
3542,1014.873,1051.399,348539.94,4407012.67,403.09,17.87,296.20,427.91,4,26.14
3543,1017.083,1062.652,349665.18,4406791.73,278.36,15.07,192.39,308.45,4,15.20
3544,1022.981,1349.737,378373.71,4406201.93,916.90,140.56,671.10,1146.84,15,26.15
3545,1029.032,1476.948,391094.83,4405596.79,390.81,66.14,158.71,756.37,29,19.59
3546,1023.672,404.566,283856.61,4406132.81,254.65,16.27,180.04,352.62,8,20.51
3547,1021.811,566.675,300067.51,4406318.94,171.11,20.14,136.92,292.44,7,19.55
3548,1024.303,616.294,305029.43,4406069.73,225.69,36.64,154.62,310.95,7,21.01
3549,1024.771,714.643,314864.34,4406022.88,216.86,49.25,122.41,362.80,10,12.89
3550,1023.149,903.693,333769.32,4406185.13,208.00,33.63,133.63,363.40,14,22.75
3551,1021.641,962.022,339602.15,4406335.94,316.44,55.76,248.81,404.07,8,20.58
3552,1015.782,1010.389,344438.90,4406921.79,152.08,32.41,111.63,241.10,4,20.58
3553,1021.903,1028.164,346216.40,4406309.74,225.71,22.07,168.50,357.69,7,17.98
3554,1017.961,1163.184,359718.42,4406703.88,486.52,112.15,288.90,635.59,10,30.27
3555,1020.180,1368.175,380217.51,4406482.02,783.14,197.90,585.24,1326.10,9,67.32
3556,1031.721,422.536,285653.60,4405327.91,239.55,78.56,101.00,828.79,20,17.89
3557,1022.794,605.287,303928.69,4406220.59,351.69,26.03,325.66,400.63,5,22.96
3558,1022.500,806.407,324040.66,4406249.97,152.58,31.39,121.19,233.18,5,16.71
3559,1027.525,847.507,328150.75,4405747.46,147.29,29.05,102.30,271.43,10,17.70
3560,1024.727,1143.115,357711.50,4406027.29,575.51,43.74,477.84,619.25,5,26.00
3561,1026.266,1181.276,361527.56,4405873.45,863.06,205.75,648.45,1068.81,5,39.45
3562,1024.305,1386.780,382077.98,4406069.48,731.11,75.35,290.65,892.30,14,22.38
3563,1026.475,1457.157,389115.75,4405852.51,559.14,109.31,235.74,706.64,5,13.09
3564,1024.997,1493.898,392789.77,4406000.33,118.08,8.85,109.23,286.09,5,14.00
3565,1030.437,1556.941,399094.12,4405456.28,251.14,25.41,187.64,402.34,11,22.10
3566,1030.360,499.586,293358.60,4405463.99,212.64,7.77,127.67,326.68,5,11.73
3567,1026.325,973.844,340784.43,4405867.54,238.48,30.30,208.17,399.13,9,21.67
3568,1024.612,997.469,343146.91,4406038.80,208.06,31.08,157.54,290.44,5,22.43
3569,1030.662,1053.448,348744.76,4405433.85,301.47,89.14,168.56,621.46,20,18.66
3570,1038.146,534.190,296818.98,4404685.38,228.69,56.97,111.89,405.58,32,17.12
3571,1036.394,566.925,300092.47,4404860.56,181.13,45.41,100.75,498.46,14,15.97
3572,1030.502,1082.009,351600.85,4405449.76,605.33,49.05,430.79,654.39,7,29.50
3573,1034.709,1097.794,353179.42,4405029.05,464.54,35.69,212.76,510.14,10,27.08
3574,1037.868,401.983,283598.26,4404713.23,160.81,28.74,109.68,269.05,5,21.91
3575,1035.084,484.442,291844.25,4404991.62,230.76,18.35,169.77,277.91,5,17.00
3576,1041.299,647.284,308128.39,4404370.09,131.68,27.10,102.23,311.58,9,14.42
3577,1033.654,1007.723,344172.27,4405134.58,190.85,10.37,157.77,205.00,4,21.02
3578,1040.636,1131.362,356536.24,4404436.39,581.06,123.24,327.94,832.29,17,32.04
3579,1037.458,1217.596,365159.58,4404754.23,580.61,12.45,462.42,600.36,4,35.49
3580,1035.761,1290.660,372466.02,4404923.85,793.76,29.80,706.41,946.40,7,18.09
3581,1037.247,468.703,290270.28,4404775.31,323.28,3.76,230.89,327.04,5,20.56
3582,1036.421,789.679,322367.91,4404857.87,249.20,9.94,167.19,259.14,5,17.12
3583,1040.540,932.905,336690.49,4404445.99,137.35,30.23,107.12,193.35,5,15.44
3584,1034.677,1497.465,393146.51,4405032.28,201.98,17.76,143.64,232.10,5,16.26
3585,1044.417,856.979,329097.89,4404058.33,190.09,43.58,106.18,248.86,7,20.83
3586,1043.001,1431.445,386544.52,4404199.88,1151.25,165.51,894.96,1361.53,4,41.63
3587,1042.651,1488.462,392246.22,4404234.88,212.48,10.90,138.72,226.30,4,15.29
3588,1051.700,413.706,284770.63,4403330.03,304.49,60.55,206.02,528.16,7,28.84
3589,1055.233,790.956,322495.61,4402976.71,215.10,47.90,103.53,367.21,19,22.99
3590,1055.125,918.168,335216.81,4402987.50,219.79,25.00,106.15,403.91,17,15.69
3591,1047.506,1059.336,349333.56,4403749.37,327.08,18.17,241.92,384.29,5,21.71
3592,1048.998,1155.808,358980.80,4403600.24,345.07,37.97,165.53,383.04,7,16.06
3593,1044.391,1200.197,363419.73,4404060.90,693.50,127.00,341.29,837.55,8,15.12
3594,1057.055,1290.974,372497.44,4402794.49,716.84,100.52,477.01,959.01,19,18.25
3595,1053.837,1100.711,353471.15,4403116.26,369.05,38.78,217.46,440.11,5,14.78
3596,1056.727,1178.187,361218.72,4402827.31,545.87,40.04,331.97,683.60,11,20.22
3597,1051.539,1334.077,376807.67,4403346.05,404.85,41.82,326.51,639.01,4,44.77
3598,1053.156,520.471,295447.08,4403184.39,253.42,48.85,146.17,348.62,5,24.70
3599,1059.625,1047.922,348192.15,4402537.54,317.50,93.78,165.83,608.51,24,18.66
3600,1058.144,1076.338,351033.83,4402685.60,414.41,64.33,327.48,485.00,6,21.32
3601,1056.872,1088.380,352237.96,4402812.84,460.58,37.47,235.03,498.05,5,22.35
3602,1054.126,1373.552,380755.18,4403087.43,726.49,84.15,623.08,987.89,4,46.99
3603,1056.044,1491.605,392560.54,4402895.63,309.14,22.19,217.11,340.54,8,13.35
3604,1069.326,1547.232,398123.24,4401567.42,234.98,71.52,101.35,742.38,34,15.09
3605,1062.414,478.257,291225.72,4402258.61,258.31,65.78,189.78,484.18,10,26.47
3606,1057.705,529.418,296341.81,4402729.45,310.70,111.17,199.53,477.66,5,21.08
3607,1059.852,554.554,298855.35,4402514.81,199.83,65.36,134.47,346.28,5,18.99
3608,1061.330,887.698,332169.82,4402367.00,216.59,52.82,129.91,356.55,4,16.80
3609,1058.539,897.315,333131.53,4402646.09,324.57,32.36,172.00,356.93,5,29.28
3610,1060.737,991.749,342574.91,4402426.26,158.06,25.26,117.37,220.74,6,20.72
3611,1062.246,1259.711,369371.05,4402275.35,770.56,47.00,690.32,819.46,4,17.13
3612,1063.474,1450.328,388432.83,4402152.55,498.51,62.99,245.48,667.55,7,13.83
3613,1059.588,1552.616,398661.60,4402541.15,276.63,51.79,127.62,328.42,5,25.83
3614,1065.519,499.507,293350.75,4401948.09,279.82,40.21,182.89,417.30,6,29.65
3615,1066.639,582.711,301671.10,4401836.14,206.75,102.00,104.75,426.44,9,12.99
3616,1061.230,930.405,336440.53,4402376.96,220.05,46.63,146.74,285.74,4,29.74
3617,1063.318,1031.825,346582.46,4402168.20,162.54,30.74,131.80,351.82,7,21.74
3618,1068.165,1152.658,358665.78,4401683.46,322.51,74.98,196.95,473.58,13,10.95
3619,1075.138,410.613,284461.29,4400986.24,207.22,31.18,118.82,336.11,22,21.29
3620,1066.810,775.292,320929.18,4401819.03,306.37,20.53,212.29,326.90,5,19.49
3621,1068.079,829.317,326331.66,4401692.06,171.16,14.46,124.09,198.70,7,20.22
3622,1070.433,1198.740,363273.96,4401456.68,471.02,126.52,245.35,613.45,8,24.92
3623,1061.586,1217.992,365199.17,4402341.42,784.35,176.75,391.79,961.11,5,17.27
3624,1072.394,1473.551,390755.07,4401260.59,369.34,124.22,130.37,767.64,32,23.66
3625,1072.939,512.839,294683.91,4401206.10,222.84,41.96,174.97,293.23,4,12.35
3626,1069.633,740.559,317455.86,4401536.73,210.76,7.85,158.58,221.30,6,21.01
3627,1068.739,952.007,338600.72,4401626.12,163.16,19.04,114.73,239.99,6,15.56
3628,1074.239,1008.978,344297.85,4401076.14,186.60,34.93,122.56,421.50,8,18.84
3629,1082.380,1081.641,351564.06,4400262.04,413.98,112.87,135.10,944.44,69,17.95
3630,1073.738,1372.541,380654.10,4401126.25,810.38,81.68,728.27,977.44,9,21.59
3631,1082.657,1523.941,395794.11,4400234.26,358.47,108.89,105.39,627.25,18,23.17
3632,1075.553,480.783,291478.25,4400944.71,132.86,12.64,118.30,259.05,4,17.04
3633,1073.322,688.707,312270.71,4401167.81,233.90,45.55,127.68,286.03,6,25.08
3634,1073.767,716.959,315095.86,4401123.25,193.80,35.33,131.47,344.70,4,16.96
3635,1078.944,942.365,337636.54,4400605.60,195.99,46.91,107.40,344.51,11,17.72
3636,1073.684,1127.550,356154.99,4401131.63,389.02,108.32,280.70,878.85,5,40.34
3637,1075.976,1289.439,372343.93,4400902.40,625.98,82.61,417.87,793.13,6,15.48
3638,1078.413,1315.782,374978.21,4400658.66,462.33,99.00,326.71,602.11,6,21.11
3639,1081.188,363.597,279759.70,4400381.15,295.30,65.55,114.69,481.42,12,19.59
3640,1075.442,388.016,282201.57,4400955.81,157.30,19.41,137.89,287.25,3,19.18
3641,1083.554,565.637,299963.69,4400144.64,536.45,70.44,269.99,662.18,8,22.59
3642,1078.174,851.270,328527.03,4400682.57,270.98,31.75,205.19,622.11,8,22.14
3643,1083.508,1477.813,391181.26,4400149.20,412.31,33.56,146.65,475.78,11,20.33
3644,1081.246,457.726,289172.63,4400375.42,166.27,21.54,124.98,238.81,5,16.95
3645,1084.889,782.678,321667.75,4400011.14,233.42,59.10,157.84,361.26,8,14.62
3646,1083.473,1159.373,359337.32,4400152.67,267.88,65.89,174.19,354.72,4,19.32
3647,1086.919,1197.701,363170.13,4399808.13,347.37,40.63,306.74,410.42,3,19.12
3648,1089.049,422.593,285659.29,4399595.14,166.08,34.94,111.40,250.80,9,18.82
3649,1087.174,507.358,294135.84,4399782.60,224.90,14.72,163.56,241.16,6,21.53
3650,1086.526,836.799,327079.93,4399847.35,249.94,18.88,190.76,465.83,6,21.12
3651,1086.552,862.272,329627.19,4399844.84,333.48,98.30,230.93,483.90,5,25.45
3652,1086.502,889.005,332300.51,4399849.84,233.52,19.32,134.44,393.13,9,19.30
3653,1094.920,1135.990,356999.04,4399007.97,391.86,94.54,235.44,721.62,24,16.02
3654,1093.225,1217.806,365180.55,4399177.52,517.35,143.04,281.01,917.18,20,21.97
3655,1081.605,1389.180,382317.99,4400339.50,676.75,30.46,622.87,714.00,4,24.49
3656,1090.974,379.109,281310.91,4399402.61,207.50,53.59,143.05,273.91,7,16.86
3657,1094.126,588.141,302214.07,4399087.42,301.45,69.65,201.62,487.59,10,27.29
3658,1093.559,941.999,337599.87,4399144.06,194.73,27.54,152.12,266.96,4,13.33
3659,1092.203,997.205,343120.53,4399279.66,256.39,37.17,172.97,298.35,8,21.35
3660,1097.415,531.335,296533.46,4398758.55,188.60,49.13,107.97,539.83,18,19.04
3661,1098.457,818.676,325267.59,4398654.28,174.58,37.85,109.71,236.93,8,17.02
3662,1095.432,868.261,330226.06,4398956.79,207.65,33.96,119.27,287.96,8,16.74
3663,1098.927,905.480,333948.01,4398607.33,262.84,26.68,236.16,363.31,5,22.90
3664,1096.539,975.250,340924.96,4398846.12,158.42,16.95,112.51,272.54,6,11.16
3665,1097.807,1178.494,361249.43,4398719.35,662.91,92.63,530.59,865.21,9,25.01
3666,1102.142,1463.120,389712.03,4398285.84,499.41,82.30,191.46,772.46,15,10.84
3667,1102.376,1550.924,398492.39,4398262.42,351.86,153.02,172.47,946.37,9,14.92
3668,1100.030,508.817,294281.71,4398496.98,166.38,36.64,129.74,381.58,7,17.98
3669,1098.217,749.634,318363.44,4398678.29,168.74,24.71,131.67,314.48,4,11.63
3670,1101.674,1062.156,349615.56,4398332.58,484.22,183.12,266.52,941.14,10,22.91
3671,1104.530,1099.966,353396.58,4398047.00,296.01,60.39,188.23,375.41,12,21.07
3672,1112.041,1258.896,369289.58,4397295.89,484.47,119.92,186.67,761.91,28,19.29
3673,1100.771,1313.408,374740.79,4398422.90,420.42,126.69,124.00,756.21,7,15.69
3674,1113.594,560.800,299480.04,4397140.63,458.64,81.38,216.13,715.66,16,18.67
3675,1101.990,1028.348,346234.78,4398300.97,178.40,20.57,157.83,203.93,5,24.86
3676,1104.662,438.528,287252.79,4398033.80,157.70,11.53,135.68,183.79,4,16.16
3677,1104.413,700.044,313404.41,4398058.71,212.24,60.50,123.32,286.89,6,14.48
3678,1110.105,730.680,316467.97,4397489.47,155.03,27.57,127.46,373.28,9,16.27
3679,1107.931,757.292,319129.22,4397706.95,372.02,89.52,269.87,461.54,5,19.26
3680,1100.782,771.266,320526.57,4398421.75,183.33,5.96,151.71,191.97,4,18.25
3681,1118.563,888.339,332233.93,4396643.67,221.70,29.40,146.75,425.37,24,19.09
3682,1104.205,1080.311,351431.07,4398079.55,202.44,55.51,143.85,363.91,4,16.96
3683,1111.741,1155.026,358902.62,4397325.94,391.46,60.45,223.67,774.15,26,17.84
3684,1110.855,1323.188,375718.85,4397414.54,591.00,51.64,377.16,813.88,8,34.47
3685,1111.022,383.607,281760.70,4397397.82,234.25,61.39,165.95,300.82,4,16.97
3686,1109.572,537.257,297125.69,4397542.77,257.97,54.74,184.17,314.59,4,18.23
3687,1113.928,584.430,301843.01,4397107.16,386.77,4.28,382.49,535.84,5,45.67
3688,1114.411,598.448,303244.80,4397058.92,412.83,26.81,258.48,487.79,8,34.69
3689,1116.059,624.161,305816.08,4396894.07,201.67,27.46,129.71,246.83,10,16.92
3690,1116.365,675.706,310970.62,4396863.49,220.57,31.37,143.17,430.67,10,27.17
3691,1119.261,813.450,324745.03,4396573.90,258.68,70.53,105.39,404.48,13,21.40
3692,1127.456,1179.052,361305.22,4395754.38,271.74,88.46,101.54,598.59,36,17.21
3693,1115.563,1507.458,394145.77,4396943.75,291.56,66.87,190.29,360.04,4,22.23
3694,1113.659,357.540,279153.95,4397134.06,255.69,12.63,111.63,386.59,5,10.82
3695,1122.762,425.552,285955.22,4396223.77,208.75,56.88,116.04,327.33,11,20.43
3696,1117.870,475.353,290935.33,4396713.03,201.27,37.12,123.80,340.89,8,25.10
3697,1115.820,867.873,330187.33,4396917.96,252.37,44.59,107.58,405.52,12,16.11
3698,1112.779,953.823,338782.34,4397222.08,227.68,50.81,171.85,303.63,4,29.80
3699,1118.544,976.263,341026.33,4396645.65,296.12,80.98,121.95,401.45,7,22.12
3700,1121.791,1075.784,350978.43,4396320.88,446.69,144.91,225.49,859.75,8,27.07
3701,1117.049,1094.071,352807.07,4396795.07,352.55,106.36,176.27,664.37,14,26.04
3702,1117.037,1242.770,367677.02,4396796.27,482.09,115.89,270.16,610.45,5,26.31
3703,1125.333,605.930,303992.98,4395966.67,262.49,41.86,103.40,418.66,13,20.85
3704,1124.069,757.744,319174.44,4396093.11,159.89,25.57,126.01,208.92,6,14.65
3705,1118.309,1053.550,348754.96,4396669.09,283.29,31.60,150.70,474.28,10,13.66
3706,1121.939,1121.389,355538.94,4396306.06,381.20,21.98,294.51,747.28,9,28.36
3707,1123.683,1524.001,395800.10,4396131.68,663.27,153.42,335.10,1144.43,8,42.42
3708,1130.398,374.323,280832.34,4395460.16,264.82,47.48,126.92,524.22,19,15.22
3709,1122.750,504.370,293837.05,4396224.97,188.53,7.43,148.49,213.01,6,17.89
3710,1125.964,550.037,298403.74,4395903.60,265.09,83.89,162.92,652.91,11,15.97
3711,1119.959,956.701,339070.07,4396504.08,211.92,23.21,102.10,235.12,5,21.64
3712,1127.624,1208.119,364211.89,4395737.55,221.07,78.34,137.08,355.17,8,17.58
3713,1125.250,1229.930,366392.99,4395974.97,351.92,62.73,264.28,429.26,7,23.72
3714,1126.846,1399.678,383367.79,4395815.45,717.29,82.42,456.86,914.97,12,15.95
3715,1130.299,471.324,290532.40,4395470.08,198.89,19.91,128.85,219.65,9,18.75
3716,1135.495,567.072,300107.20,4394950.53,489.31,69.53,245.22,689.69,15,15.80
3717,1126.305,744.656,317865.63,4395869.51,228.19,63.80,164.39,389.35,9,18.44
3718,1126.608,821.439,325543.95,4395839.23,195.53,27.45,161.49,270.12,4,21.67
3719,1138.488,1002.780,343678.03,4394651.20,298.01,87.47,136.48,460.30,24,21.30
3720,1128.719,1032.573,346657.26,4395628.07,198.20,18.16,173.93,284.47,4,20.08
3721,1130.922,1245.252,367925.22,4395407.79,433.01,54.56,339.61,697.87,6,13.64
3722,1122.799,1327.479,376147.87,4396220.08,615.51,180.61,398.56,1161.69,4,24.09
3723,1130.877,395.061,282906.10,4395412.30,183.49,20.37,157.78,233.37,4,16.74
3724,1129.563,591.196,302519.64,4395543.68,428.75,66.25,326.79,643.36,8,25.67
3725,1135.932,716.129,315012.87,4394906.77,201.12,46.72,104.39,565.35,8,16.97
3726,1135.788,1060.156,349415.58,4394921.24,335.60,97.34,166.17,763.40,21,19.00
3727,1136.051,513.799,294779.90,4394894.92,369.67,47.27,122.79,508.25,10,17.80
3728,1135.289,628.127,306212.71,4394971.12,159.35,5.36,149.67,168.98,5,14.03
3729,1138.151,671.557,310555.72,4394684.88,272.47,28.88,105.97,326.85,10,22.24
3730,1130.036,695.749,312974.86,4395496.42,267.69,27.75,239.54,336.94,4,28.32
3731,1138.876,973.082,340708.24,4394612.37,243.46,47.66,174.37,486.22,16,17.34
3732,1134.716,1098.563,353256.28,4395028.39,347.53,76.09,195.25,425.63,6,26.00
3733,1133.433,1130.586,356458.58,4395156.71,257.84,33.42,224.42,345.28,5,18.88
3734,1147.121,1202.552,363655.16,4393787.92,217.76,44.04,161.33,417.41,21,14.10
3735,1137.270,1277.976,371197.65,4394772.96,472.69,42.02,248.24,514.71,5,22.88
3736,1144.270,1294.504,372850.35,4394073.00,344.41,95.57,126.35,853.21,30,21.37
3737,1142.665,757.812,319181.23,4394233.49,194.35,24.72,114.55,301.09,9,20.41
3738,1140.334,779.345,321334.46,4394466.57,302.52,47.51,141.47,352.55,8,19.47
3739,1139.421,898.922,333292.22,4394557.93,188.48,3.49,137.60,194.24,4,17.75
3740,1144.950,1329.914,376391.36,4394005.02,453.17,103.31,304.17,938.69,9,18.65
3741,1149.003,578.592,301259.22,4393599.67,713.70,180.93,394.59,1129.84,11,38.57
3742,1153.896,652.402,308640.24,4393110.36,230.85,37.75,119.97,541.93,20,20.86
3743,1145.444,922.020,335602.01,4393955.64,196.06,25.79,151.21,364.31,11,19.51
3744,1148.279,1083.033,351703.35,4393672.11,267.54,74.50,149.57,838.85,14,23.67
3745,1148.942,1106.153,354015.31,4393605.82,444.16,46.91,358.31,706.43,9,25.94
3746,1156.153,1121.348,355534.83,4392884.74,306.54,45.41,155.54,528.57,23,16.50
3747,1145.412,1180.493,361449.32,4393958.80,329.35,74.20,171.53,425.55,9,17.36
3748,1148.237,1266.811,370081.14,4393676.34,425.09,48.13,266.65,606.81,13,19.39
3749,1142.971,403.511,283751.10,4394202.87,194.87,48.19,126.94,276.21,4,23.31
3750,1158.616,529.395,296339.54,4392638.42,345.38,52.57,202.89,451.14,22,19.65
3751,1153.284,624.235,305823.51,4393171.58,330.16,82.14,173.98,568.00,16,20.83
3752,1148.100,858.730,329272.98,4393689.99,151.59,26.51,111.75,216.72,6,16.11
3753,1155.824,1025.357,345935.69,4392917.59,284.18,54.29,141.20,408.10,17,21.51
3754,1144.360,1150.052,358405.23,4394064.03,368.24,106.87,255.19,606.13,8,21.37
3755,1149.017,1219.459,365345.88,4393598.26,288.17,47.37,198.36,372.94,5,16.71
3756,1147.693,1317.094,375109.42,4393730.69,306.94,81.06,160.73,409.05,7,14.94
3757,1158.094,1447.089,388108.86,4392690.56,349.63,94.43,181.24,578.62,22,23.49
3758,1148.182,1465.227,389922.73,4393681.84,513.47,221.53,289.29,843.92,4,30.79
3759,1152.099,399.003,283300.29,4393290.14,178.87,16.48,143.15,272.38,5,18.78
3760,1164.583,593.946,302794.55,4392041.65,344.58,53.45,204.70,521.17,28,20.65
3761,1152.460,886.015,332001.54,4393253.95,279.72,38.93,240.79,419.55,5,16.00
3762,1152.001,941.365,337536.47,4393299.94,144.37,27.80,116.57,321.15,9,13.71
3763,1153.173,994.556,342855.60,4393182.75,310.03,44.31,193.89,400.54,8,13.93
3764,1153.372,1056.591,349059.05,4393162.77,447.99,40.23,400.37,488.72,4,21.53
3765,1149.641,1241.069,367506.90,4393535.90,373.68,69.71,211.84,648.01,13,22.41
3766,1156.305,1537.753,397175.33,4392869.50,606.59,26.41,579.34,902.30,6,25.12
3767,1153.066,1557.517,399151.66,4393193.42,858.29,40.33,752.54,912.25,6,13.61
3768,1154.687,471.650,290564.99,4393031.29,289.44,72.58,147.69,420.22,7,16.02
3769,1165.241,637.838,307183.83,4391975.92,180.27,38.09,110.05,357.10,17,14.88
3770,1154.438,718.443,315244.35,4393056.16,247.02,13.45,230.80,415.18,6,14.34
3771,1151.882,740.302,317430.23,4393311.81,182.89,27.57,130.85,307.38,4,15.31
3772,1163.014,772.470,320646.95,4392198.62,284.96,61.74,125.43,490.84,22,19.92
3773,1155.809,823.123,325712.28,4392919.05,129.35,6.58,120.27,177.64,4,14.87
3774,1168.381,914.055,334805.53,4391661.86,269.01,55.17,103.70,499.40,37,16.35
3775,1150.730,1046.682,348068.24,4393427.00,233.95,14.39,216.10,337.92,6,15.52
3776,1158.512,1424.082,385808.20,4392648.79,329.83,40.56,121.33,391.66,10,17.39
3777,1157.973,1475.008,390900.84,4392702.68,222.55,95.83,110.14,575.91,12,17.40
3778,1157.672,1520.190,395419.04,4392732.77,441.96,80.60,330.09,551.47,7,16.33
3779,1160.711,501.787,293578.66,4392428.92,182.30,21.60,126.32,225.34,8,22.60
3780,1159.312,752.633,318663.35,4392568.83,213.41,55.20,158.21,450.33,7,11.94
3781,1164.296,855.350,328934.96,4392070.37,172.95,37.02,104.08,304.49,13,21.39
3782,1163.175,967.310,340130.97,4392182.50,219.36,46.38,104.38,320.64,21,11.65
3783,1154.826,1157.194,359119.41,4393017.37,414.21,84.39,328.26,546.06,4,18.89
3784,1162.320,1510.401,394440.10,4392267.97,298.74,40.91,234.23,444.81,4,12.20
3785,1161.112,401.013,283501.33,4392388.83,213.67,38.61,152.21,442.70,4,23.27
3786,1162.385,459.256,289325.62,4392261.48,196.53,21.29,102.98,217.82,9,13.25
3787,1168.289,555.058,298905.85,4391671.13,272.34,87.61,171.84,498.33,13,26.38
3788,1167.839,735.208,316920.79,4391716.08,288.54,77.25,187.60,508.57,12,27.52
3789,1160.015,805.734,323973.45,4392498.49,200.98,57.64,127.61,294.12,4,19.35
3790,1162.775,878.527,331252.74,4392222.47,231.37,36.57,138.98,273.57,5,15.66
3791,1168.903,1177.461,361146.05,4391609.72,279.29,30.56,176.42,468.17,24,17.65
3792,1169.720,1258.124,369212.45,4391527.99,535.42,82.79,266.77,657.58,9,22.86
3793,1168.171,512.331,294633.06,4391682.88,220.80,38.36,181.78,273.30,4,16.64
3794,1165.381,542.143,297614.30,4391961.92,217.33,53.49,163.84,285.38,5,18.49
3795,1170.208,704.963,313896.31,4391479.17,301.25,85.63,157.79,488.91,4,21.51
3796,1181.193,936.916,337091.62,4390380.72,274.78,72.27,162.44,479.18,21,26.09
3797,1168.129,1009.425,344342.53,4391687.11,306.95,58.66,226.01,371.31,9,18.01
3798,1166.580,1057.497,349149.74,4391841.96,223.69,27.65,130.55,388.12,6,20.24
3799,1164.262,1227.024,366102.45,4392073.79,477.43,10.65,462.08,748.05,4,24.61
3800,1166.891,388.663,282266.33,4391810.90,180.29,25.82,140.23,251.48,4,19.92
3801,1173.595,607.472,304147.19,4391140.50,432.96,53.94,270.65,526.23,10,40.13
3802,1171.986,1078.564,351256.37,4391301.37,301.13,82.57,196.88,421.22,5,25.22
3803,1172.041,1127.807,356180.67,4391295.89,221.07,14.70,170.48,259.33,5,11.65
3804,1174.720,1242.730,367673.05,4391027.96,415.32,84.18,325.83,547.25,9,34.70
3805,1171.639,1330.548,376454.78,4391336.13,656.94,34.02,358.47,708.35,6,35.79
3806,1173.111,1404.771,383877.14,4391188.90,730.77,132.37,363.43,969.34,9,43.62
3807,1175.874,1456.132,389013.18,4390912.64,337.66,76.68,222.11,580.48,7,27.48
3808,1175.952,1502.363,393636.28,4390904.80,265.15,32.91,153.26,375.94,14,19.34
3809,1170.504,469.687,290368.71,4391449.61,258.52,94.51,111.04,385.03,4,31.07
3810,1176.901,753.932,318793.21,4390809.94,424.26,25.17,327.25,460.06,4,10.82
3811,1175.604,1100.896,353489.58,4390939.58,249.75,29.69,165.16,356.63,7,12.26
3812,1175.511,1511.331,394533.11,4390948.94,668.11,65.20,551.22,760.14,4,22.38
3813,1179.421,386.723,282072.35,4390557.94,204.36,54.35,124.58,328.65,5,17.78
3814,1184.406,573.206,300720.60,4390059.37,188.05,40.94,122.01,297.48,17,21.46
3815,1178.561,654.919,308891.88,4390643.87,320.24,52.71,208.09,488.81,10,25.89
3816,1180.308,726.888,316088.75,4390469.23,263.74,23.12,224.89,460.14,4,25.35
3817,1175.791,1200.739,363473.89,4390920.85,387.64,82.82,246.60,538.52,4,18.70
3818,1185.390,1428.942,386294.23,4389960.98,376.94,69.63,270.79,611.60,8,31.41
3819,1180.593,1531.156,396515.58,4390440.72,205.72,51.95,150.97,314.49,9,14.62
3820,1177.216,1552.473,398647.33,4390778.42,565.33,85.39,443.46,743.92,8,24.99
3821,1185.595,467.340,290133.95,4389940.47,250.64,60.92,143.15,416.61,4,15.24
3822,1185.984,507.971,294197.13,4389901.56,169.51,34.26,107.46,252.43,10,17.07
3823,1192.734,639.475,307347.49,4389226.58,481.43,109.62,319.09,917.98,20,23.06
3824,1183.479,880.688,331468.84,4390152.09,452.45,45.39,302.96,676.80,9,27.63
3825,1184.751,968.006,340200.56,4390024.85,181.07,49.13,131.94,342.99,5,15.53
3826,1184.837,1032.056,346605.61,4390016.32,216.95,67.02,129.30,296.76,5,18.08
3827,1191.907,860.387,329438.72,4389309.30,338.73,55.39,146.66,401.53,12,14.49
3828,1187.776,898.445,333244.48,4389722.39,246.50,29.07,210.04,395.74,6,14.50
3829,1195.496,1326.962,376096.17,4388950.40,401.83,85.36,136.12,754.90,20,22.87
3830,1188.906,1493.665,392766.48,4389609.43,325.26,88.51,195.45,476.44,8,23.76
3831,1193.306,366.678,280067.76,4389169.37,183.27,31.39,133.27,313.57,10,18.08
3832,1188.040,589.858,302385.76,4389696.04,394.62,128.96,229.00,562.17,4,24.19
3833,1190.330,604.683,303868.32,4389467.03,191.08,25.98,134.43,242.56,6,24.87
3834,1192.079,615.485,304948.53,4389292.09,515.18,45.72,412.64,587.68,4,22.12
3835,1192.195,840.114,327411.35,4389280.49,206.31,20.38,126.16,350.81,6,20.75
3836,1194.344,909.357,334335.71,4389065.61,288.85,30.30,226.65,387.01,14,18.05
3837,1193.005,1006.720,344072.02,4389199.50,258.46,29.90,150.21,308.55,10,21.41
3838,1187.053,1023.576,345757.56,4389794.66,189.76,12.05,177.17,244.82,4,15.62
3839,1201.262,1045.459,347945.90,4388373.79,276.45,48.95,169.63,400.77,12,19.98
3840,1191.354,1510.792,394479.16,4389364.59,249.18,52.80,159.40,419.55,10,21.17
3841,1190.963,1553.803,398780.26,4389403.70,467.52,53.17,410.84,758.80,6,18.34
3842,1191.101,1684.891,411889.08,4389389.93,206.13,89.09,117.04,517.60,7,22.82
3843,1192.919,390.188,282418.78,4389208.12,238.08,8.68,110.39,261.71,6,13.84
3844,1192.611,455.710,288970.97,4389238.91,154.17,10.29,143.89,216.49,5,17.60
3845,1196.034,730.408,316440.77,4388896.56,372.03,17.55,243.76,492.90,8,13.62
3846,1201.273,748.011,318201.08,4388372.67,291.26,69.35,221.91,473.79,9,12.80
3847,1194.752,868.463,330246.30,4389024.77,341.29,25.86,238.05,378.05,4,16.57
3848,1195.595,984.858,341885.82,4388940.51,266.38,53.35,103.08,392.58,12,15.99
3849,1193.335,1447.512,388151.20,4389166.48,189.83,19.95,154.32,286.09,5,21.85
3850,1193.688,1465.286,389928.65,4389131.20,364.41,10.33,346.59,404.82,4,38.01
3851,1193.420,1592.718,402671.78,4389157.97,564.67,111.23,349.43,745.90,12,15.69
3852,1193.028,1656.900,409090.01,4389197.15,458.09,68.13,261.01,551.89,5,12.16
3853,1198.816,439.065,287306.48,4388618.41,130.58,12.47,103.36,149.92,4,15.65
3854,1203.849,592.161,302616.11,4388115.11,187.96,23.18,149.11,366.02,15,19.09
3855,1198.682,965.654,339965.38,4388631.76,279.30,21.92,252.88,387.62,4,24.54
3856,1201.691,1399.737,383373.68,4388330.90,555.99,127.89,289.33,815.26,6,30.69
3857,1193.380,1412.283,384628.29,4389162.02,980.79,186.91,664.78,1311.02,4,47.21
3858,1204.805,393.654,282765.41,4388019.47,190.01,34.02,140.60,330.73,8,20.46
3859,1211.293,729.164,316316.42,4387370.68,484.70,38.08,160.12,618.36,14,16.98
3860,1202.430,779.896,321389.60,4388256.95,173.71,36.50,129.07,211.03,5,16.97
3861,1203.635,845.456,327945.57,4388136.51,142.89,16.43,125.50,200.23,4,18.87
3862,1206.639,930.140,336414.02,4387836.11,209.21,48.39,159.06,407.63,10,19.64
3863,1207.522,1382.606,381660.62,4387747.79,709.98,93.22,521.50,855.09,9,17.17
3864,1202.025,1440.862,387486.25,4388297.51,189.49,48.44,128.59,258.07,4,18.57
3865,1214.562,616.561,305056.11,4387043.75,171.12,31.82,107.59,205.03,11,15.82
3866,1207.781,663.186,309718.58,4387721.90,260.77,68.91,135.37,349.85,8,19.16
3867,1205.717,710.836,314483.62,4387928.35,502.08,21.84,463.38,525.07,4,13.18
3868,1207.798,1424.320,385832.02,4387720.19,151.97,20.06,116.23,448.45,6,16.78
3869,1206.873,1502.526,393652.63,4387812.73,210.02,34.71,131.23,244.73,5,14.55
3870,1214.980,1559.312,399331.18,4387001.97,463.28,121.33,128.61,817.70,13,30.12
3871,1205.947,1598.447,403244.73,4387905.32,468.60,42.66,280.44,544.96,7,25.01
3872,1211.123,563.528,299752.84,4387387.72,141.65,16.03,121.20,282.77,10,17.66
3873,1208.298,915.379,334937.89,4387670.21,309.04,52.55,229.90,412.58,5,21.95
3874,1210.775,1029.305,346330.51,4387422.48,319.22,6.40,242.24,325.62,5,25.49
3875,1214.196,1037.628,347162.78,4387080.37,321.98,27.79,284.82,382.63,5,23.89
3876,1213.948,1409.911,384391.14,4387105.18,256.69,24.67,222.90,521.76,9,17.80
3877,1213.218,1465.755,389975.55,4387178.18,409.18,23.27,331.56,682.29,5,34.67
3878,1210.089,1584.544,401854.42,4387491.05,393.43,43.49,308.53,485.14,4,26.44
3879,1217.210,1637.430,407143.05,4386779.03,480.52,59.53,193.76,605.78,12,21.53
3880,1210.098,1685.826,411982.59,4387490.16,263.29,43.12,157.10,380.67,8,24.43
3881,1211.277,411.282,284528.16,4387372.27,207.52,50.64,110.81,258.15,5,18.81
3882,1214.221,653.154,308715.38,4387077.91,313.33,50.19,258.00,373.53,6,22.43
3883,1218.572,768.237,320223.67,4386642.85,176.58,40.18,113.57,689.60,20,18.42
3884,1215.910,846.746,328074.64,4386908.99,239.73,63.66,161.00,310.50,4,20.58
3885,1213.462,880.411,331441.14,4387153.80,306.29,49.75,122.90,356.04,5,26.73
3886,1217.106,893.848,332784.81,4386789.40,305.90,121.86,109.65,605.80,13,18.59
3887,1225.273,1401.084,383508.35,4385972.68,230.36,66.89,114.98,407.14,16,16.17
3888,1221.297,398.720,283271.97,4386370.31,136.00,9.01,110.68,252.33,5,14.83
3889,1221.232,825.050,325905.01,4386376.75,239.04,37.06,134.80,298.45,14,16.84
3890,1224.669,871.077,330507.72,4386033.06,425.11,79.50,297.53,669.87,8,21.54
3891,1223.748,949.381,338338.09,4386125.16,239.72,95.64,127.01,466.27,9,24.98
3892,1220.150,1023.263,345726.30,4386484.96,311.04,74.68,207.49,663.38,6,16.39
3893,1217.251,1521.803,395580.29,4386774.92,269.67,19.36,245.31,325.86,5,22.36
3894,1224.521,1622.031,405603.10,4386047.88,641.28,35.74,586.62,748.37,9,21.04
3895,1222.008,1665.037,409903.70,4386299.18,354.23,44.16,183.52,487.75,10,13.96
3896,1222.831,500.794,293479.39,4386216.86,252.38,77.80,163.89,354.51,7,20.18
3897,1229.109,716.377,315037.68,4385589.12,304.55,67.46,133.71,480.25,10,20.38
3898,1224.741,737.415,317141.53,4386025.95,382.75,34.42,300.39,450.73,4,30.03
3899,1222.508,791.752,322575.19,4386249.21,230.15,50.38,147.70,300.58,4,22.59
3900,1224.908,921.097,335509.72,4386009.20,245.21,43.26,169.71,335.71,9,27.69
3901,1228.354,1317.279,375127.93,4385664.56,786.97,60.10,584.85,863.01,11,19.94
3902,1229.287,1461.872,389587.16,4385571.26,250.68,44.89,163.62,344.65,12,22.60
3903,1227.252,1483.611,391761.08,4385774.84,280.09,80.24,138.07,479.96,11,20.19
3904,1229.046,1511.696,394569.61,4385595.39,263.73,43.52,172.02,507.87,17,21.05
3905,1224.215,1577.515,401151.50,4386078.45,613.65,66.47,252.63,772.68,9,22.40
3906,1225.630,1677.293,411129.34,4385936.98,359.81,124.83,209.76,526.37,5,19.80
3907,1224.149,368.853,280285.27,4386085.07,207.09,26.52,152.48,251.86,4,16.29
3908,1233.779,635.214,306921.35,4385122.07,459.12,72.22,337.78,541.45,9,27.75
3909,1234.182,975.920,340991.96,4385081.81,295.68,55.64,204.53,480.67,15,26.59
3910,1235.525,1036.766,347076.62,4384947.45,348.24,92.74,196.05,1062.74,13,28.51
3911,1228.423,1370.732,380473.15,4385657.67,636.59,50.06,586.52,946.53,7,25.24
3912,1231.973,414.560,284856.02,4385302.70,173.05,22.06,102.44,212.13,6,14.20
3913,1229.609,486.266,292026.65,4385539.05,171.76,18.99,125.19,214.61,7,17.87
3914,1232.628,550.925,298492.53,4385237.21,141.14,29.55,108.38,268.48,8,16.35
3915,1234.055,754.279,318827.94,4385094.54,250.26,40.87,199.31,315.88,6,17.54
3916,1232.842,817.387,325138.73,4385215.84,170.63,27.66,133.87,229.17,6,13.06
3917,1232.819,1013.824,344782.40,4385218.13,300.26,44.46,222.31,411.26,15,12.72
3918,1234.518,1359.040,379303.95,4385048.20,1100.19,81.55,923.20,1478.64,9,45.31
3919,1227.472,1527.822,396182.22,4385752.77,182.05,47.62,134.43,399.50,5,15.81
3920,1242.259,1544.197,397819.69,4384274.09,294.75,88.46,142.31,637.21,18,18.93
3921,1232.390,1558.772,399277.16,4385261.00,431.77,57.45,332.71,505.57,5,17.94
3922,1236.300,1577.432,401143.23,4384870.05,546.50,80.69,262.64,816.14,9,24.49
3923,1241.406,886.833,332083.33,4384359.44,293.25,91.99,142.38,438.29,13,25.19
3924,1229.068,985.848,341984.77,4385593.21,215.42,43.10,155.86,305.95,4,18.34
3925,1235.151,997.321,343132.07,4384984.87,274.72,96.04,145.59,458.21,6,16.50
3926,1236.634,499.904,293390.42,4384836.59,209.29,41.59,157.00,335.09,4,19.16
3927,1241.864,530.252,296425.17,4384313.65,220.00,42.93,119.28,315.75,9,18.29
3928,1238.203,675.976,310997.56,4384679.67,294.64,15.94,265.84,506.68,4,27.26
3929,1243.702,780.641,321464.12,4384129.76,218.59,26.42,102.84,373.23,19,13.16
3930,1250.003,871.573,330557.35,4383499.68,449.05,115.38,262.74,634.41,14,35.33
3931,1241.883,374.136,280813.60,4384311.66,254.97,40.48,127.81,330.97,4,20.20
3932,1242.550,402.829,283682.87,4384245.03,170.50,27.17,118.94,212.53,5,15.84
3933,1241.979,418.392,285239.23,4384302.08,156.20,18.32,134.04,362.15,4,13.11
3934,1240.571,473.288,290728.83,4384442.86,240.80,58.10,104.39,369.70,8,18.52
3935,1242.054,545.497,297949.69,4384294.55,302.41,17.61,135.73,337.05,4,20.03
3936,1246.905,688.510,312250.96,4383809.52,567.72,33.46,395.35,601.18,5,31.20
3937,1244.247,743.766,317776.55,4384075.31,286.58,6.02,278.35,312.05,4,17.61
3938,1245.148,763.057,319705.75,4383985.20,158.97,21.61,118.56,206.32,7,17.74
3939,1242.837,843.558,327755.80,4384216.33,335.29,24.24,171.31,405.44,5,24.06
3940,1251.667,1379.268,381326.78,4383333.34,390.08,60.07,228.65,504.85,22,15.62
3941,1248.065,1400.923,383492.27,4383693.48,232.44,18.74,170.42,264.43,7,17.75
3942,1249.741,1435.993,386999.28,4383525.91,201.33,42.50,138.13,385.33,7,21.05
3943,1238.364,1595.936,402993.57,4384663.58,285.48,43.78,202.51,534.29,6,24.18
3944,1242.993,361.870,279586.96,4384200.67,168.17,21.74,136.90,471.25,5,20.13
3945,1247.759,447.817,288181.71,4383724.15,199.00,36.71,123.11,338.99,9,18.90
3946,1248.708,572.728,300672.80,4383629.18,256.57,22.36,104.00,379.10,5,31.72
3947,1248.653,597.823,303182.29,4383634.74,212.54,16.23,147.82,356.91,10,18.23
3948,1244.836,625.183,305918.30,4384016.37,182.37,17.64,100.75,212.47,4,17.80
3949,1247.972,944.603,337860.33,4383702.83,509.25,145.17,244.97,654.42,7,30.97
3950,1243.683,1322.204,375620.36,4384131.69,477.02,63.16,389.06,672.97,6,16.25
3951,1250.206,1426.005,386000.50,4383479.42,205.06,43.70,147.88,260.19,7,16.31
3952,1247.667,1560.501,399450.10,4383733.29,407.46,212.91,163.14,660.92,4,23.14
3953,1249.201,1660.200,409420.00,4383579.88,553.88,62.81,490.37,814.05,4,60.69
3954,1254.504,397.827,283182.68,4383049.57,256.95,39.54,165.15,429.45,9,22.07
3955,1251.654,648.996,308299.62,4383334.60,360.10,91.96,241.65,647.97,7,40.01
3956,1254.025,721.532,315553.20,4383097.47,188.73,29.11,141.76,319.83,6,20.58
3957,1250.868,833.783,326778.30,4383413.20,197.83,8.83,114.31,232.30,8,13.74
3958,1253.783,981.587,341558.73,4383121.73,444.65,98.32,217.74,590.25,9,29.08
3959,1251.525,1012.569,344656.94,4383347.54,597.11,225.64,291.76,902.66,5,52.66
3960,1256.279,1051.194,348519.40,4382872.10,412.70,101.07,294.28,763.76,6,25.89
3961,1249.831,1479.167,391316.74,4383516.86,187.37,27.71,135.88,269.31,4,18.36
3962,1252.867,1503.876,393787.57,4383213.27,208.93,20.68,168.48,325.32,5,13.04
3963,1254.863,1676.521,411052.06,4383013.67,471.98,20.56,328.97,546.24,5,27.91
3964,1264.544,372.871,280687.14,4382045.62,229.60,44.86,115.67,390.02,27,16.54
3965,1258.764,427.793,286179.26,4382623.62,154.77,28.46,126.30,418.28,11,16.67
3966,1254.728,499.579,293357.91,4383027.23,161.66,4.72,135.99,168.86,4,15.16
3967,1255.366,523.836,295783.64,4382963.42,193.37,25.14,150.87,382.21,6,20.99
3968,1256.263,765.235,319923.47,4382873.72,217.88,47.69,140.75,328.95,13,20.46
3969,1251.768,926.217,336021.68,4383323.24,289.77,22.72,253.36,370.87,4,21.93
3970,1257.995,949.890,338388.97,4382700.47,741.72,184.35,439.67,953.81,6,47.99
3971,1249.759,962.475,339647.49,4383524.14,305.65,61.10,230.73,535.77,4,23.13
3972,1259.395,1565.603,399960.30,4382560.49,611.32,119.16,383.93,959.88,8,31.27
3973,1256.160,545.669,297966.93,4382884.01,262.70,38.56,155.52,301.27,5,19.39
3974,1257.192,659.003,309300.29,4382780.82,661.16,40.94,264.60,704.42,6,39.18
3975,1261.160,679.940,311394.02,4382383.96,409.76,72.00,242.06,594.32,21,21.45
3976,1258.301,738.684,317268.37,4382669.93,189.81,5.36,141.92,200.48,4,22.17
3977,1263.813,810.542,324454.17,4382118.68,166.72,34.66,124.66,274.01,11,14.93
3978,1259.974,998.420,343241.97,4382502.57,413.91,181.11,206.94,904.63,8,26.57
3979,1259.915,1482.852,391685.19,4382508.54,210.78,29.43,155.96,349.76,4,15.97
3980,1258.712,1514.316,394831.59,4382628.78,154.44,36.73,105.11,263.82,6,14.88
3981,1260.125,1615.542,404954.16,4382487.46,732.95,108.50,250.86,1181.54,9,28.11
3982,1258.068,1689.690,412369.04,4382693.24,502.08,36.36,453.15,551.17,4,10.79
3983,1265.608,486.366,292036.63,4381939.17,294.50,52.38,158.82,552.58,13,19.40
3984,1261.363,1019.011,345301.05,4382363.72,552.58,36.61,501.63,622.14,4,39.93
3985,1258.345,1579.398,401339.78,4382665.50,424.16,29.04,225.84,456.98,6,26.65
3986,1266.719,465.455,289945.54,4381828.15,238.66,59.75,132.60,397.17,9,21.80
3987,1263.992,509.468,294346.79,4382100.77,254.98,22.99,115.09,287.88,4,15.46
3988,1268.113,711.653,314565.30,4381688.66,310.47,95.38,139.18,463.74,6,15.47
3989,1270.107,829.248,326324.80,4381489.28,194.22,6.42,139.93,200.78,8,13.39
3990,1268.495,861.769,329576.94,4381650.54,246.03,56.70,173.40,430.43,8,23.34
3991,1267.077,880.671,331467.05,4381792.34,316.95,63.60,188.63,479.05,5,31.10
3992,1276.062,960.467,339446.68,4380893.77,432.13,111.43,232.39,716.00,16,27.25
3993,1261.876,1469.985,390398.48,4382312.43,261.17,97.38,141.31,487.45,4,17.67
3994,1281.220,1528.330,396232.96,4380378.02,467.47,87.09,224.25,627.30,20,26.45
3995,1268.630,1587.376,402137.63,4381636.98,419.43,30.49,378.99,584.06,6,29.27
3996,1266.655,587.596,302159.56,4381834.54,180.59,5.46,173.52,295.22,5,18.49
3997,1274.164,644.819,307881.91,4381083.62,230.13,20.65,171.86,388.16,12,20.16
3998,1274.722,921.344,335534.37,4381027.78,241.37,42.52,132.36,479.12,10,20.29
3999,1280.306,1333.420,376741.99,4380469.41,464.52,34.19,330.94,803.38,19,13.78
4000,1275.918,1366.452,380045.18,4380908.15,331.45,45.40,221.34,427.42,5,16.68
4001,1269.599,1609.715,404371.54,4381540.05,635.11,106.68,391.16,904.39,9,34.89
4002,1286.455,432.900,286689.96,4379854.50,198.07,44.92,119.76,532.36,19,20.39
4003,1274.732,453.983,288798.26,4381026.83,240.37,19.65,140.09,260.01,3,15.77
4004,1278.181,499.396,293339.56,4380681.90,223.15,41.15,107.42,359.62,8,27.41
4005,1273.737,563.599,299759.95,4381126.31,128.12,9.84,110.74,206.82,4,14.85
4006,1276.733,692.455,312645.51,4380826.70,378.56,96.47,223.92,475.03,11,21.26
4007,1277.575,737.331,317133.07,4380742.46,348.95,63.42,182.52,433.06,12,18.76
4008,1275.515,1384.173,381817.28,4380948.53,249.81,32.01,204.09,495.19,5,25.60
4009,1272.621,1480.864,391486.44,4381237.86,419.05,67.98,295.54,557.82,5,20.42
4010,1273.218,1514.926,394892.60,4381178.17,256.18,42.20,204.19,409.76,4,25.25
4011,1281.972,356.596,279059.57,4380302.76,220.75,20.99,181.39,244.60,5,13.01
4012,1280.578,535.333,296933.31,4380442.16,169.06,34.92,127.85,222.45,6,17.66
4013,1278.902,622.220,305621.95,4380609.78,176.44,37.44,101.36,233.49,8,16.48
4014,1280.089,669.129,310312.87,4380491.08,257.89,74.40,155.95,402.74,7,28.29
4015,1284.507,899.470,333346.96,4380049.31,386.64,41.69,333.94,841.11,6,24.73
4016,1285.838,986.535,342053.46,4379916.18,317.70,66.77,167.04,498.94,15,18.96
4017,1281.601,1473.381,390738.09,4380339.94,410.75,100.74,201.90,596.14,8,26.48
4018,1279.930,1500.346,393434.57,4380506.98,144.06,18.94,110.23,238.71,9,15.98
4019,1283.521,1582.504,401650.36,4380147.88,469.58,32.32,396.51,528.48,9,20.66
4020,1274.427,1623.631,405763.14,4381057.26,574.02,37.68,528.39,772.54,4,16.65
4021,1287.924,550.443,298444.31,4379707.62,215.97,41.26,159.17,459.89,10,21.15
4022,1282.081,787.180,322118.05,4380291.88,153.90,11.22,141.75,298.13,4,17.22
4023,1290.442,823.720,325771.98,4379455.83,268.35,68.86,117.85,631.23,33,17.64
4024,1285.287,936.166,337016.57,4379971.32,488.65,55.51,393.82,585.64,16,24.10
4025,1289.321,1011.744,344574.43,4379567.94,647.44,71.88,311.48,829.16,14,28.08
4026,1287.285,1364.737,379873.72,4379771.51,245.71,21.27,145.27,511.59,8,19.97
4027,1282.000,1393.011,382701.07,4380299.97,166.90,22.16,114.66,214.04,7,19.26
4028,1289.531,502.696,293669.65,4379546.86,191.24,35.77,124.85,243.04,5,16.19
4029,1290.026,799.943,323394.34,4379497.35,199.66,44.28,123.89,286.02,7,17.40
4030,1285.180,860.963,329496.30,4379981.98,275.76,68.90,170.20,344.66,9,17.06
4031,1284.574,1350.147,378414.71,4380042.56,258.34,75.17,172.05,390.38,8,23.53
4032,1293.477,1603.252,403725.24,4379152.26,636.86,57.00,491.10,901.49,12,33.57
4033,1295.099,363.266,279726.60,4378990.11,159.35,20.79,116.96,237.43,8,14.64
4034,1294.124,655.004,308900.38,4379087.57,220.10,25.06,122.22,354.49,11,16.17
4035,1293.295,902.315,333631.51,4379170.48,428.93,28.83,390.83,713.47,15,31.89
4036,1293.190,965.350,339934.97,4379181.00,281.28,8.83,271.83,302.25,4,27.61
4037,1286.239,1408.318,384231.76,4379876.15,148.64,21.34,110.27,221.60,4,16.84
4038,1291.870,399.618,283361.81,4379312.98,144.43,10.19,129.50,228.54,4,15.46
4039,1299.205,620.194,305419.36,4378579.46,210.58,49.99,123.03,317.95,8,21.76
4040,1297.945,706.464,314046.35,4378705.52,196.33,40.50,101.93,264.72,7,14.67
4041,1288.398,727.821,316182.07,4379660.25,299.26,31.50,241.60,390.89,4,19.83
4042,1299.424,1022.804,345680.37,4378557.65,595.63,79.87,454.55,771.19,10,21.46
4043,1296.899,1512.432,394643.17,4378810.07,202.14,18.50,169.87,344.03,4,19.96
4044,1293.359,387.506,282150.65,4379164.07,142.39,13.77,122.62,184.00,4,19.64
4045,1302.371,397.508,283150.79,4378262.88,212.35,61.11,120.76,416.21,7,19.98
4046,1298.643,564.141,299814.10,4378635.73,195.57,14.00,147.17,210.45,4,16.42
4047,1301.427,589.949,302394.94,4378357.28,209.33,32.62,115.81,267.71,8,12.09
4048,1295.436,602.839,303683.88,4378956.36,194.40,31.56,160.97,225.96,3,26.15
4049,1304.231,744.391,317839.11,4378076.90,189.50,42.93,146.57,396.37,11,19.59
4050,1303.278,836.766,327076.63,4378172.24,367.12,52.37,295.67,456.98,4,22.81
4051,1308.751,1347.564,378156.39,4377624.89,203.50,31.64,117.71,365.45,12,15.78
4052,1303.965,1386.345,382034.48,4378103.47,207.39,48.14,121.46,313.39,9,14.71
4053,1300.445,1494.825,392882.54,4378455.51,203.18,28.42,173.77,268.99,6,18.71
4054,1305.054,1564.860,399886.04,4377994.59,526.97,131.25,286.37,803.77,18,28.53
4055,1300.979,1580.515,401451.51,4378402.13,365.57,50.28,257.75,598.23,5,27.60
4056,1300.984,1623.553,405755.33,4378401.62,515.36,35.58,264.57,636.27,13,20.09
4057,1303.621,427.261,286126.14,4378137.89,184.24,66.03,108.32,284.56,6,15.69
4058,1301.260,667.931,310193.11,4378373.97,212.84,11.25,171.07,224.09,5,17.72
4059,1301.269,1362.158,379615.83,4378373.13,214.11,23.11,169.02,381.74,4,19.42
4060,1310.820,1398.730,383272.98,4377417.98,158.05,55.29,101.99,418.20,9,14.12
4061,1308.021,1452.507,388650.72,4377697.89,180.09,20.34,159.75,479.44,9,19.91
4062,1305.162,1531.682,396568.17,4377983.81,436.08,42.39,230.59,500.51,9,21.42
4063,1302.755,407.489,284148.89,4378224.54,295.11,66.78,202.40,419.21,4,29.65
4064,1311.946,472.212,290621.17,4377305.38,215.58,46.58,110.00,271.62,13,22.49
4065,1303.676,688.043,312204.26,4378132.39,184.68,17.64,166.69,304.61,4,15.81
4066,1306.851,699.807,313380.75,4377814.90,260.00,56.91,166.32,359.48,6,20.03
4067,1313.592,920.685,335468.47,4377140.84,387.98,17.18,264.69,445.70,5,15.33
4068,1311.535,986.406,342040.58,4377346.53,421.74,69.06,213.84,510.54,8,17.09
4069,1312.359,1328.933,376293.27,4377264.07,172.19,41.87,116.86,290.98,12,17.39
4070,1312.499,577.532,301153.23,4377250.14,148.94,10.87,103.17,205.41,5,16.37
4071,1314.906,613.881,304788.12,4377009.37,182.90,27.35,133.62,386.16,8,16.05
4072,1312.907,725.437,315943.71,4377209.32,166.07,19.20,121.94,248.67,5,14.56
4073,1311.095,806.671,324067.15,4377390.46,217.80,55.51,123.20,352.59,5,17.63
4074,1309.326,830.497,326449.73,4377567.39,404.12,24.66,366.77,570.84,4,24.76
4075,1313.117,857.793,329179.34,4377188.29,433.12,82.63,217.45,556.27,6,42.91
4076,1328.101,945.762,337976.17,4375689.94,208.83,64.82,132.51,480.60,18,23.04
4077,1330.551,971.602,340560.19,4375444.94,329.87,62.08,213.80,508.79,26,22.93
4078,1311.397,1410.137,384413.70,4377360.27,215.20,36.45,132.16,265.52,6,18.11
4079,1313.262,1601.259,403525.89,4377173.82,676.18,137.57,430.12,861.30,10,26.53
4080,1311.539,1644.550,407854.97,4377346.11,275.19,72.00,166.08,397.98,4,27.20
4081,1310.430,1679.234,411323.43,4377457.01,208.20,17.59,142.80,256.33,7,23.45
4082,1321.071,714.759,314875.89,4376392.95,145.19,37.65,102.87,312.17,12,17.11
4083,1311.753,881.493,331549.34,4377324.72,456.76,32.63,360.13,521.59,4,42.72
4084,1317.501,1491.466,392546.64,4376749.86,269.43,20.67,240.09,302.95,7,18.75
4085,1317.389,1511.993,394599.32,4376761.07,326.92,52.06,215.99,516.39,17,22.65
4086,1324.468,651.496,308549.59,4376053.15,251.18,49.84,156.38,356.97,8,19.85
4087,1325.151,699.339,313333.87,4375984.85,246.02,29.63,139.87,314.93,11,17.93
4088,1324.884,918.566,335256.61,4376011.60,442.87,58.88,343.47,592.88,10,23.85
4089,1316.999,1432.522,386652.22,4376800.08,170.45,65.17,105.28,320.03,7,18.82
4090,1323.453,1621.958,405595.79,4376154.66,310.14,34.78,168.07,544.26,9,22.59
4091,1319.427,1635.719,406971.95,4376557.29,241.63,40.80,126.00,395.58,7,18.29
4092,1325.134,370.952,280495.25,4375986.62,208.46,66.96,106.28,305.15,8,20.35
4093,1323.339,637.191,307119.13,4376166.08,155.99,11.43,114.52,285.04,7,13.98
4094,1333.380,830.399,326439.87,4375162.04,357.11,113.90,225.54,883.16,19,19.81
4095,1325.851,901.281,333528.09,4375914.88,495.32,60.36,308.69,558.50,7,27.52
4096,1328.370,1557.975,399197.51,4375663.00,436.86,125.15,235.17,765.95,21,24.18
4097,1327.989,594.987,302898.72,4375701.13,222.73,20.87,192.35,252.34,6,17.72
4098,1330.099,1475.485,390948.49,4375490.07,206.85,37.48,119.34,388.63,16,17.05
4099,1333.299,1590.273,402427.33,4375170.15,614.87,217.20,348.89,1321.57,8,45.04
4100,1331.401,1605.119,403911.92,4375359.93,554.22,59.97,400.95,624.88,6,15.80
4101,1328.176,1681.131,411513.11,4375682.37,201.65,31.95,112.60,307.99,6,18.68
4102,1332.303,466.380,290038.00,4375269.66,176.63,37.35,122.49,225.32,6,14.94
4103,1334.903,491.421,292542.10,4375009.72,197.54,34.94,140.76,296.07,11,17.82
4104,1335.356,538.787,297278.69,4374964.40,164.45,15.61,148.84,322.84,5,23.54
4105,1329.171,605.230,303923.01,4375582.91,323.96,38.19,224.63,386.95,4,27.63
4106,1333.358,616.907,305090.68,4375164.25,177.09,43.80,116.36,413.09,12,16.46
4107,1336.839,1437.324,387132.42,4374816.07,232.16,84.79,131.78,447.87,10,21.20
4108,1343.073,371.224,280522.35,4374192.72,246.32,64.32,127.82,358.62,25,18.18
4109,1329.982,428.335,286233.50,4375501.85,227.46,38.39,175.03,290.98,4,13.82
4110,1336.719,509.493,294349.35,4374828.07,260.81,65.76,160.90,726.24,6,26.17
4111,1336.046,553.012,298701.24,4374895.36,165.25,17.20,104.24,183.71,7,16.90
4112,1340.177,718.157,315215.69,4374482.33,228.82,21.69,107.72,342.07,11,17.60
4113,1332.680,1363.312,379731.21,4375231.97,230.01,40.86,158.79,274.22,4,20.37
4114,1332.354,1378.397,381239.70,4375264.63,232.44,84.21,106.96,521.58,8,19.88
4115,1343.750,1539.636,397363.60,4374125.00,339.79,101.84,152.80,681.19,20,22.13
4116,1340.965,459.265,289326.51,4374403.51,139.97,21.22,118.75,187.60,3,16.55
4117,1338.755,848.319,328231.86,4374624.48,518.02,58.58,459.43,772.61,5,46.42
4118,1339.711,1504.436,393843.61,4374528.90,337.06,110.01,135.01,491.94,6,26.39
4119,1340.607,1520.416,395441.65,4374439.27,165.55,53.21,112.34,226.34,5,16.30
4120,1339.533,1627.177,406117.71,4374546.68,401.93,49.23,188.87,451.16,5,24.69
4121,1337.677,1644.047,407804.69,4374732.31,127.07,23.54,101.65,197.44,4,13.65
4122,1343.536,390.835,282483.50,4374146.41,181.56,51.08,121.23,285.96,4,20.17
4123,1346.162,410.852,284485.20,4373883.79,140.95,17.32,104.98,325.66,8,14.92
4124,1341.738,633.131,306713.08,4374326.20,247.76,34.73,113.63,290.37,4,20.13
4125,1340.429,873.411,330741.07,4374457.06,348.02,117.63,192.37,727.97,6,37.09
4126,1349.917,1464.566,389856.56,4373508.35,211.12,67.02,109.33,433.39,36,16.89
4127,1345.389,1609.335,404333.51,4373961.15,338.46,57.62,162.49,552.69,5,27.51
4128,1347.225,1375.539,380953.93,4373777.49,224.19,43.07,110.16,367.76,5,23.20
4129,1342.447,1574.998,400899.77,4374255.28,160.66,19.99,132.52,235.88,5,19.54
4130,1345.280,1583.991,401799.12,4373971.96,268.10,121.16,115.00,554.53,4,20.72
4131,1349.386,1652.005,408600.46,4373561.45,239.92,44.21,182.24,371.30,7,26.96
4132,1351.045,1354.138,378813.80,4373395.47,249.24,55.18,181.87,315.77,4,29.63
4133,1352.230,1419.495,385349.48,4373277.02,231.93,42.72,121.09,293.99,9,25.98
4134,1352.942,1489.727,392372.68,4373205.80,207.00,16.60,147.46,269.68,7,17.10
4135,1358.044,1516.176,395017.61,4372695.63,308.15,69.22,109.89,493.90,13,24.18
4136,1357.865,1609.685,404368.51,4372713.47,150.91,39.16,111.75,365.56,11,19.65
4137,1357.399,402.222,283622.25,4372760.14,137.34,10.80,126.54,207.23,5,18.58
4138,1354.765,589.828,302382.76,4373023.50,205.87,70.47,105.14,279.65,6,13.46
4139,1356.207,657.943,309194.33,4372879.34,156.21,22.32,133.89,202.69,5,16.93
4140,1358.758,742.593,317659.34,4372624.17,222.67,48.11,135.19,485.35,16,18.74
4141,1360.421,854.246,328824.57,4372457.90,374.03,104.26,158.08,760.40,31,24.44
4142,1352.192,942.758,337675.76,4373280.77,333.56,73.31,234.80,572.57,4,37.41
4143,1365.215,360.623,279462.30,4371978.45,173.28,35.66,116.86,338.60,11,20.74
4144,1357.343,452.535,288653.55,4372765.75,286.68,69.46,209.28,357.76,4,19.89
4145,1353.078,576.023,301002.32,4373192.16,193.99,10.17,176.99,205.88,4,20.39
4146,1363.156,794.947,322894.65,4372184.43,175.44,51.25,106.96,488.08,10,20.30
4147,1359.888,879.839,331383.89,4372511.17,453.46,41.63,292.68,495.49,5,37.70
4148,1362.501,938.236,337223.61,4372249.86,349.24,66.24,259.15,497.36,13,33.14
4149,1363.497,1545.774,397977.38,4372150.27,231.80,87.98,142.74,364.85,7,14.61
4150,1360.987,507.803,294180.32,4372401.33,160.57,10.38,144.28,332.57,4,19.62
4151,1364.584,688.123,312212.26,4372041.62,169.33,8.61,130.24,296.33,7,18.33
4152,1364.287,823.120,325712.03,4372071.31,431.57,170.07,261.50,655.60,5,27.55
4153,1366.915,982.479,341647.89,4371808.50,377.45,42.24,312.51,618.60,10,30.73
4154,1360.839,1400.308,383430.80,4372416.06,427.00,19.96,250.53,708.53,6,21.34
4155,1363.174,1437.778,387177.79,4372182.58,201.35,44.94,110.07,383.86,6,20.86
4156,1365.862,1493.845,392784.49,4371913.76,270.12,36.67,146.07,314.88,13,15.34
4157,1366.939,388.358,282235.77,4371806.10,174.18,51.28,108.56,284.35,5,15.06
4158,1362.340,434.298,286829.79,4372265.97,214.31,57.72,151.15,331.44,4,19.22
4159,1373.314,444.960,287895.98,4371168.59,202.04,28.44,115.86,577.19,11,14.77
4160,1367.634,463.292,289729.15,4371736.58,149.74,37.47,112.28,280.10,7,16.40
4161,1367.515,621.906,305590.60,4371748.53,158.80,43.52,115.28,432.81,5,11.89
4162,1367.163,699.595,313359.54,4371783.66,254.46,21.33,220.26,337.64,4,16.65
4163,1364.372,758.884,319288.43,4372062.75,200.73,37.38,137.91,306.30,5,18.60
4164,1372.852,901.644,333564.40,4371214.79,304.79,109.92,182.61,530.64,12,22.11
4165,1368.783,972.328,340632.80,4371621.73,298.64,32.47,244.01,429.82,5,25.05
4166,1363.970,1358.855,379285.47,4372103.04,179.43,31.89,144.86,262.89,4,22.12
4167,1371.639,1459.271,389327.13,4371336.12,323.64,51.36,158.28,383.23,13,15.97
4168,1369.850,1555.807,398980.65,4371515.04,203.57,11.43,192.14,245.06,5,26.73
4169,1396.033,1587.806,402180.59,4368896.69,263.91,88.31,120.89,1008.47,77,16.36
4170,1372.114,522.511,295651.13,4371288.65,243.25,47.48,171.86,300.55,8,20.29
4171,1369.172,607.264,304126.37,4371582.84,221.30,9.50,164.88,239.42,4,21.77
4172,1365.496,1531.136,396513.56,4371950.37,210.01,47.88,147.30,366.50,4,26.30
4173,1368.790,1635.379,406937.90,4371621.01,197.31,50.18,146.06,357.28,4,24.05
4174,1385.852,541.644,297564.40,4369914.76,236.99,62.46,146.50,491.18,16,18.80
4175,1374.946,647.401,308140.07,4371005.44,204.11,45.86,119.63,353.16,19,17.93
4176,1376.616,679.734,311373.40,4370838.44,176.37,21.03,145.93,220.92,6,17.47
4177,1389.115,1431.265,386526.47,4369588.45,390.86,146.73,121.03,656.32,41,26.00
4178,1379.784,462.903,289690.34,4370521.56,216.20,46.58,147.63,445.77,6,18.93
4179,1377.316,780.712,321471.18,4370768.37,141.11,14.85,123.66,169.72,6,15.69
4180,1382.790,961.695,339569.54,4370221.04,419.59,86.58,232.57,579.98,16,39.31
4181,1382.101,1479.293,391329.33,4370289.87,336.16,65.71,193.21,553.91,13,24.30
4182,1376.688,1651.716,408571.61,4370831.21,164.66,49.58,110.06,307.71,5,18.90
4183,1387.827,500.097,293409.68,4369717.25,318.23,67.28,181.84,484.63,13,18.32
4184,1381.983,515.438,294943.84,4370301.72,165.05,32.01,132.29,226.34,4,19.03
4185,1383.328,670.503,310450.27,4370167.23,185.51,11.12,150.96,283.50,9,19.59
4186,1382.057,698.890,313288.95,4370294.27,176.04,21.36,150.70,297.81,4,18.84
4187,1381.016,755.008,318900.76,4370398.39,212.02,15.83,194.69,251.69,5,12.73
4188,1384.101,921.972,335597.22,4370089.90,404.80,93.75,281.80,788.77,10,30.02
4189,1382.861,1341.633,377563.33,4370213.86,142.19,23.23,118.61,171.05,4,12.41
4190,1384.728,1408.853,384285.28,4370027.21,338.61,24.24,306.83,503.42,6,17.84
4191,1384.659,1454.012,388801.16,4370034.12,308.38,69.60,238.78,678.06,7,19.43
4192,1384.467,1537.026,397102.63,4370053.28,240.32,34.88,132.13,473.92,15,21.39
4193,1385.111,1635.285,406928.53,4369988.92,245.92,38.89,135.01,400.97,21,19.96
4194,1391.396,633.772,306777.25,4369360.36,210.81,38.52,107.48,378.69,13,18.87
4195,1389.873,795.377,322937.68,4369512.73,172.80,29.89,125.51,358.82,10,17.42
4196,1412.862,883.460,331745.95,4367213.75,243.79,53.90,121.77,549.35,50,18.12
4197,1396.012,426.714,286071.40,4368898.85,226.62,40.15,168.21,373.15,6,17.57
4198,1389.267,847.828,328182.80,4369573.31,221.90,6.75,212.10,269.42,4,17.80
4199,1397.161,865.858,329985.79,4368783.90,292.40,75.64,177.34,412.90,5,19.90
4200,1392.211,976.575,341057.53,4369278.86,355.79,86.38,214.84,466.50,6,23.24
4201,1396.082,1496.708,393070.78,4368891.84,253.25,79.65,173.60,396.47,5,18.51
4202,1401.275,517.665,295166.52,4368372.46,221.86,26.84,193.84,301.29,6,21.50
4203,1404.049,844.740,327874.04,4368095.11,289.01,140.19,137.11,706.36,6,17.78
4204,1406.449,943.341,337734.07,4367855.08,330.48,70.98,243.18,499.85,11,20.32
4205,1400.731,1473.015,390701.46,4368426.88,433.86,45.90,322.65,687.52,10,20.93
4206,1398.365,1619.271,405327.05,4368663.48,394.51,15.24,379.27,495.57,5,31.55
4207,1404.820,916.511,335051.08,4368018.05,348.67,4.36,313.08,354.03,4,13.93
4208,1398.431,1416.845,385084.52,4368656.94,210.23,40.07,158.06,274.93,4,18.93
4209,1408.494,1511.834,394583.44,4367650.60,192.66,42.26,108.26,253.90,11,19.95
4210,1409.934,1532.941,396694.08,4367506.58,354.85,72.48,197.69,530.80,8,33.32
4211,1410.806,654.012,308801.16,4367419.38,233.05,34.56,114.36,284.76,12,18.46
4212,1405.055,833.413,326741.31,4367994.55,210.72,10.02,152.67,235.09,5,16.40
4213,1403.760,960.343,339434.27,4368124.01,351.68,28.74,296.16,601.51,4,35.52
4214,1412.785,976.009,341000.92,4367221.50,490.38,82.81,301.55,642.37,16,31.56
4215,1418.820,1481.496,391549.57,4366618.04,482.80,132.82,289.77,747.83,27,30.03
4216,1412.744,1552.141,398614.09,4367225.55,519.73,81.09,223.58,600.82,11,16.19
4217,1409.030,1654.495,408849.47,4367596.99,313.08,34.18,276.21,450.33,4,17.88
4218,1410.527,527.856,296185.59,4367447.34,212.29,44.10,148.32,284.90,6,27.30
4219,1412.394,631.740,306574.00,4367260.57,192.66,35.29,117.02,272.47,12,17.16
4220,1414.130,796.683,323068.30,4367086.96,206.42,36.17,105.20,258.17,4,20.31
4221,1419.024,856.519,329051.90,4366597.60,199.92,56.30,109.19,376.79,18,20.98
4222,1419.291,1623.094,405709.40,4366570.94,220.45,27.23,139.76,400.05,13,19.18
4223,1416.645,540.843,297484.29,4366835.49,160.26,34.60,111.96,236.55,5,15.61
4224,1417.164,564.328,299832.85,4366783.57,393.11,71.20,133.68,539.14,18,25.42
4225,1414.640,595.846,302984.58,4367035.96,262.58,62.20,192.44,404.03,10,28.16
4226,1421.595,906.593,334059.31,4366340.47,433.87,78.71,212.18,662.21,12,26.72
4227,1413.748,921.462,335546.15,4367125.17,463.95,62.20,401.75,629.21,7,25.53
4228,1414.110,1639.412,407341.20,4367088.95,266.76,65.30,156.57,332.06,5,23.15
4229,1418.963,514.798,294879.84,4366603.67,296.31,36.18,241.36,371.49,4,29.18
4230,1423.796,626.197,306019.68,4366120.39,295.98,65.66,141.03,633.18,24,27.73
4231,1420.621,771.599,320559.86,4366437.93,159.25,27.95,122.40,389.00,6,19.61
4232,1419.221,843.763,327776.31,4366577.93,261.68,19.61,208.72,281.48,4,25.88
4233,1424.939,936.587,337058.70,4366006.09,342.07,74.51,194.10,508.20,19,18.67
4234,1421.348,956.321,339032.13,4366365.22,365.56,96.79,179.63,580.15,13,25.99
4235,1420.592,1432.871,386687.06,4366440.83,363.41,62.48,228.00,555.07,9,29.99
4236,1422.105,1455.649,388964.85,4366289.46,294.07,47.34,193.06,459.23,16,26.26
4237,1426.685,1514.235,394823.47,4365831.46,218.46,35.43,153.64,320.69,9,20.22
4238,1422.114,1582.401,401640.09,4366288.56,326.87,69.23,217.54,480.81,10,12.59
4239,1424.825,1673.183,410718.33,4366017.53,176.28,21.31,101.00,241.31,9,15.66
4240,1423.150,734.544,316854.41,4366185.05,174.59,44.93,129.67,272.06,7,18.09
4241,1424.223,1400.424,383442.36,4366077.73,180.85,15.48,152.39,300.70,4,18.46
4242,1424.955,795.054,322905.38,4366004.53,242.45,12.42,114.17,254.87,5,19.02
4243,1427.190,1342.233,377623.32,4365780.96,155.57,16.77,124.15,219.64,4,16.77
4244,1428.320,433.553,286755.35,4365667.96,262.22,62.87,132.99,327.10,4,18.82
4245,1429.325,603.228,303722.80,4365567.51,206.73,20.23,177.98,259.37,4,18.29
4246,1428.094,698.274,313227.42,4365690.62,217.35,33.41,135.15,251.18,4,20.07
4247,1442.124,1540.881,397488.14,4364287.65,368.27,62.63,193.33,506.26,30,26.58
4248,1434.994,1614.367,404836.69,4365000.58,326.08,85.44,166.47,473.83,8,20.59
4249,1432.269,1643.283,407728.33,4365273.06,338.52,20.59,136.32,437.08,7,20.74
4250,1432.690,612.896,304689.62,4365231.00,339.79,29.29,307.61,456.55,6,21.01
4251,1433.114,646.156,308015.58,4365188.56,297.91,42.97,254.37,353.17,7,24.58
4252,1436.148,673.228,310722.79,4364885.16,208.57,18.88,175.27,312.78,5,16.89
4253,1434.120,744.716,317871.56,4365088.03,200.54,17.31,133.09,250.95,6,20.99
4254,1436.624,788.676,322267.57,4364837.63,156.96,43.61,110.18,294.48,4,21.50
4255,1437.257,894.873,332887.26,4364774.28,144.37,37.45,106.92,241.50,5,16.26
4256,1435.877,1355.045,378904.46,4364912.29,177.46,20.66,141.83,203.16,4,19.33
4257,1437.941,1437.686,387168.61,4364705.91,272.41,107.79,137.23,639.25,11,22.38
4258,1432.521,1471.499,390549.94,4365247.88,359.99,20.43,257.77,388.43,4,33.35
4259,1432.083,1655.219,408921.91,4365291.74,163.99,20.95,143.05,240.93,3,12.17
4260,1434.548,498.850,293284.99,4365045.24,241.41,12.67,192.56,261.02,4,25.26
4261,1438.810,571.928,300592.80,4364618.99,321.96,20.20,204.17,354.20,7,17.73
4262,1441.153,691.037,312503.71,4364384.73,181.08,30.17,147.07,282.20,7,16.98
4263,1438.793,760.009,319400.88,4364620.75,148.60,17.80,130.81,183.99,5,17.05
4264,1442.775,913.871,334787.10,4364222.48,328.78,39.31,218.51,420.02,7,19.49
4265,1444.187,954.061,338806.06,4364081.26,432.73,49.56,134.86,515.60,9,16.43
4266,1441.561,1497.851,393185.08,4364343.88,306.67,131.16,116.56,616.38,19,24.88
4267,1440.675,550.497,298449.70,4364432.54,177.05,12.63,123.99,191.34,6,17.42
4268,1446.531,679.718,311371.77,4363846.92,202.12,37.40,126.01,260.79,4,16.17
4269,1443.572,983.314,341731.42,4364142.84,424.86,35.38,269.67,491.28,6,39.11
4270,1447.272,1565.277,399927.69,4363772.81,295.77,76.61,135.97,393.62,7,20.87
4271,1445.762,1625.715,405971.51,4363923.81,251.64,36.20,193.23,318.43,8,21.99
4272,1447.006,513.618,294761.81,4363799.36,222.17,52.11,102.89,314.67,9,16.63
4273,1450.559,589.415,302341.52,4363444.09,387.11,81.42,102.96,651.01,9,19.73
4274,1448.119,647.688,308168.82,4363688.08,199.42,7.77,182.74,246.43,5,16.14
4275,1452.657,986.549,342054.90,4363234.29,466.60,73.99,295.48,843.00,21,38.88
4276,1452.196,1030.196,346419.62,4363280.42,264.89,13.69,235.25,438.93,6,23.88
4277,1448.662,1074.828,350882.81,4363633.82,514.51,61.78,452.74,846.12,7,49.30
4278,1451.528,1098.332,353233.16,4363347.16,426.06,187.84,238.22,815.62,5,28.39
4279,1453.134,1152.321,358632.13,4363186.64,196.48,26.03,126.68,345.23,16,17.80
4280,1448.746,1245.980,367997.98,4363625.36,283.38,77.02,206.09,372.61,4,21.00
4281,1448.402,1516.997,395099.70,4363659.80,291.92,59.57,204.59,419.69,6,30.30
4282,1450.341,670.816,310481.63,4363465.86,197.19,16.13,181.06,284.02,5,13.57
4283,1453.031,902.123,333612.29,4363196.92,193.53,45.24,121.66,342.52,7,14.07
4284,1449.030,1110.268,354426.76,4363597.01,398.00,37.95,231.21,562.09,9,22.46
4285,1447.323,1368.295,380229.53,4363767.68,245.34,29.80,184.49,288.42,4,23.15
4286,1452.662,1388.166,382216.63,4363233.82,202.52,39.37,127.16,287.91,7,18.19
4287,1450.663,1644.824,407882.42,4363433.73,188.65,21.09,116.38,224.23,4,16.58
4288,1453.430,503.868,293786.84,4363157.01,240.45,22.42,211.29,350.65,6,16.24
4289,1457.109,609.944,304394.43,4362789.13,278.46,12.87,187.78,515.15,9,22.69
4290,1452.716,950.146,338414.60,4363228.38,274.30,20.44,181.82,314.93,4,16.84
4291,1458.071,1017.026,345102.64,4362692.94,202.85,33.72,162.06,259.65,4,21.25
4292,1450.870,1126.674,356067.35,4363412.99,289.91,100.15,107.68,418.93,4,21.18
4293,1455.040,1187.963,362196.33,4362995.97,155.39,7.29,132.35,164.95,5,21.32
4294,1462.162,1253.571,368757.14,4362283.84,249.23,24.64,223.11,377.81,8,16.78
4295,1450.807,1284.918,371891.76,4363419.34,178.48,24.70,137.79,203.18,5,15.86
4296,1457.288,1300.897,373489.65,4362771.23,190.18,66.09,122.85,306.23,6,19.01
4297,1454.389,1465.416,389941.64,4363061.11,176.68,19.46,143.36,361.96,4,20.18
4298,1456.367,1551.672,398567.19,4362863.26,554.84,26.37,387.71,581.22,5,17.13
4299,1453.920,1668.051,410205.11,4363107.99,272.60,45.88,126.79,327.33,6,25.36
4300,1459.081,540.110,297410.96,4362591.91,168.36,13.44,151.63,294.40,6,18.14
4301,1461.249,559.377,299337.69,4362375.12,188.32,26.79,127.63,225.35,6,18.59
4302,1467.209,579.918,301391.83,4361779.12,229.69,47.51,142.30,409.98,21,17.66
4303,1463.014,632.069,306606.87,4362198.58,218.85,16.36,152.36,332.74,8,14.59
4304,1458.449,660.550,309455.00,4362655.08,295.37,35.79,193.63,331.16,5,26.76
4305,1459.382,1000.884,343488.40,4362561.81,480.78,86.26,319.80,586.29,8,29.85
4306,1462.984,1040.410,347440.99,4362201.61,418.79,93.66,212.40,584.29,10,36.04
4307,1460.360,1217.911,365191.06,4362463.98,224.88,20.21,166.39,255.68,4,21.76
4308,1460.574,1270.457,370445.69,4362442.65,205.93,33.37,144.41,301.25,6,17.66
4309,1462.906,1378.202,381220.17,4362209.44,259.87,73.69,127.02,547.48,9,18.39
4310,1453.791,1450.340,388433.98,4363120.93,350.11,33.22,282.19,409.38,4,44.54
4311,1459.188,1585.479,401947.87,4362581.24,655.38,121.36,397.33,833.07,4,28.95
4312,1465.489,1053.415,348741.49,4361951.12,341.99,42.20,196.43,503.94,10,28.34
4313,1471.565,1020.316,345431.60,4361343.48,382.14,44.40,277.28,572.59,8,20.59
4314,1467.818,1282.103,371610.32,4361718.21,116.74,5.86,110.20,209.30,4,12.00
4315,1467.684,1469.049,390304.91,4361731.56,379.67,40.84,257.05,458.54,6,26.96
4316,1485.124,1553.577,398757.72,4359987.58,335.92,88.89,151.59,782.46,32,23.73
4317,1468.570,1571.472,400547.23,4361642.96,335.28,85.45,175.40,438.70,7,23.94
4318,1474.571,1628.997,406299.65,4361042.92,230.93,67.64,102.94,329.44,10,21.94
4319,1484.718,531.569,296556.92,4360028.21,339.09,97.38,143.66,527.43,31,18.14
4320,1477.208,559.634,299363.42,4360779.18,274.23,46.37,109.97,488.70,9,18.40
4321,1475.002,643.999,307799.90,4360999.82,191.34,54.98,117.47,310.12,10,17.89
4322,1468.663,1093.734,352773.39,4361633.67,448.36,66.74,295.57,566.04,6,23.21
4323,1480.099,1268.034,370203.44,4360490.11,264.44,40.19,207.82,546.76,13,13.49
4324,1484.395,1595.241,402924.07,4360060.46,390.27,90.57,230.24,866.03,28,23.49
4325,1471.070,1608.879,404287.88,4361392.97,189.28,50.98,127.46,315.64,6,16.59
4326,1466.961,1621.339,405533.90,4361803.92,233.31,52.65,180.65,384.68,3,22.28
4327,1487.582,503.292,293729.16,4359741.80,316.41,78.19,161.67,640.71,18,24.37
4328,1473.706,683.732,311773.19,4361129.38,117.34,7.79,107.83,127.07,4,16.02
4329,1475.958,763.229,319722.91,4360904.16,208.73,30.91,114.49,239.64,7,19.17
4330,1480.922,962.926,339692.61,4360407.84,429.23,101.91,189.73,684.61,23,19.77
4331,1478.141,1006.265,344026.52,4360685.94,472.69,53.26,416.70,618.52,4,41.49
4332,1475.044,1042.933,347693.27,4360995.62,810.45,27.70,523.90,841.70,4,74.79
4333,1478.011,492.997,292699.70,4360698.86,257.92,52.50,203.62,321.41,5,24.61
4334,1479.875,787.541,322154.12,4360512.52,207.63,52.13,140.33,267.03,4,23.28
4335,1480.645,830.867,326486.68,4360435.53,162.96,29.57,133.19,214.56,7,18.39
4336,1480.525,904.083,333808.26,4360447.51,236.22,40.54,181.15,306.82,6,19.05
4337,1486.623,944.258,337825.80,4359837.69,144.68,20.24,107.27,343.64,9,15.22
4338,1487.265,1086.858,352085.84,4359773.46,373.70,101.25,214.45,931.40,12,23.97
4339,1488.948,1113.211,354721.11,4359605.24,401.69,46.47,196.26,519.13,16,16.37
4340,1478.291,1134.858,356885.83,4360670.89,185.83,25.50,140.53,257.96,7,16.11
4341,1476.559,1408.686,384268.61,4360844.09,163.99,6.77,146.12,170.96,4,18.09
4342,1488.692,553.843,298784.30,4359630.76,200.39,17.46,182.93,294.90,7,15.79
4343,1481.687,809.816,324381.58,4360331.34,240.54,36.64,153.94,299.93,5,17.51
4344,1498.677,819.100,325309.98,4358632.27,197.61,49.38,114.95,375.15,21,19.62
4345,1483.332,930.814,336481.36,4360166.80,197.01,65.03,115.51,271.14,7,14.31
4346,1489.920,992.701,342670.07,4359508.02,524.80,105.56,390.73,759.00,17,23.05
4347,1490.342,1168.768,360276.83,4359465.77,179.18,61.69,111.37,307.76,13,20.94
4348,1483.791,1230.399,366439.87,4360120.87,176.79,25.01,135.68,298.73,6,19.63
4349,1488.718,1285.765,371976.54,4359628.24,252.19,48.75,117.82,339.25,15,19.66
4350,1490.368,1015.609,344960.88,4359463.22,676.06,183.49,364.17,859.55,5,26.36
4351,1489.540,1050.291,348429.12,4359546.05,314.59,27.44,238.71,389.08,9,24.32
4352,1490.784,1190.421,362442.13,4359421.61,199.67,26.23,114.57,267.79,10,21.45
4353,1484.950,1303.018,373701.84,4360004.97,127.88,15.83,112.05,218.78,5,17.66
4354,1488.074,1425.851,385985.08,4359692.58,234.28,35.94,179.46,292.93,6,17.12
4355,1495.364,1443.367,387736.71,4358963.59,240.68,48.31,133.47,489.05,22,18.05
4356,1484.687,1531.339,396533.86,4360031.27,521.04,134.44,371.38,689.82,5,47.28
4357,1491.062,608.341,304234.08,4359393.77,318.17,22.05,209.59,481.40,7,26.87
4358,1487.951,722.709,315670.93,4359704.89,338.18,25.20,110.96,620.03,5,27.41
4359,1487.441,1401.877,383587.71,4359755.89,221.79,45.89,130.08,388.20,8,20.17
4360,1491.820,1512.345,394634.46,4359317.96,737.65,131.04,587.97,1032.75,4,66.60
4361,1487.487,1567.625,400162.51,4359751.26,201.17,42.13,139.04,369.58,4,17.90
4362,1501.481,567.355,300135.47,4358351.85,171.20,30.96,106.38,236.14,17,14.31
4363,1493.918,646.177,308017.68,4359108.20,260.39,41.45,160.64,351.75,5,26.13
4364,1500.495,781.026,321502.58,4358450.54,253.55,24.93,114.97,391.76,15,15.15
4365,1490.082,881.826,331582.63,4359491.82,203.86,23.99,148.53,228.52,4,23.17
4366,1497.498,900.475,333447.45,4358750.19,207.90,50.66,157.24,329.45,5,13.41
4367,1498.417,975.019,340901.92,4358658.28,433.85,35.40,384.68,485.78,5,16.22
4368,1498.287,1078.266,351226.59,4358671.27,256.61,55.92,140.11,439.32,7,19.00
4369,1496.840,1267.059,370105.89,4358816.02,375.66,165.86,179.01,593.51,7,23.67
4370,1495.726,1361.920,379592.01,4358927.44,146.96,19.32,116.82,283.33,8,15.70
4371,1494.201,1637.496,407149.64,4359079.86,201.67,42.28,118.05,276.96,7,25.24
4372,1499.365,601.631,303563.05,4358563.53,181.00,52.03,128.03,344.34,6,16.72
4373,1500.346,1012.014,344601.42,4358465.40,528.84,124.95,255.96,688.12,6,16.82
4374,1504.419,1043.138,347713.79,4358058.06,628.53,148.26,388.19,911.54,12,32.70
4375,1498.249,1129.472,356347.17,4358675.07,237.05,46.60,122.67,346.03,7,17.03
4376,1501.974,1504.978,393897.76,4358302.63,601.43,39.56,452.22,684.40,5,78.30
4377,1501.453,763.249,319724.92,4358354.70,170.22,33.17,137.05,388.02,5,19.76
4378,1499.624,1207.306,364130.57,4358537.62,297.48,112.84,184.64,670.95,7,15.96
4379,1505.814,1425.597,385959.65,4357918.62,186.53,40.74,109.98,274.30,7,15.87
4380,1507.503,1576.127,401012.71,4357749.66,242.57,45.82,184.21,446.82,8,24.72
4381,1508.556,1589.990,402398.99,4357644.37,394.62,98.96,196.53,538.54,6,19.79
4382,1502.590,742.100,317610.04,4358241.05,148.80,34.50,114.30,332.81,5,13.47
4383,1509.005,796.424,323042.38,4357599.51,179.67,40.71,131.41,342.66,8,19.80
4384,1508.929,1103.759,353775.95,4357607.08,278.67,14.11,264.56,417.20,5,11.29
4385,1508.806,1144.317,357831.69,4357619.37,177.89,43.18,112.12,247.50,8,12.80
4386,1507.893,1194.586,362858.58,4357710.72,219.98,44.01,141.84,311.98,6,21.78
4387,1511.154,1265.534,369953.45,4357384.59,434.92,104.61,267.84,559.71,5,18.61
4388,1503.425,1303.472,373747.22,4358157.52,153.26,16.76,132.68,176.95,4,14.65
4389,1509.083,690.343,312434.30,4357591.70,224.28,32.18,166.10,325.06,4,25.02
4390,1509.851,871.919,330591.93,4357514.90,241.52,36.25,170.32,282.06,6,15.71
4391,1517.771,1255.405,368940.46,4356722.89,461.55,118.42,273.34,972.93,11,17.86
4392,1512.692,1524.119,395811.89,4357230.81,706.93,47.53,521.38,879.37,11,32.54
4393,1516.106,593.455,302745.46,4356889.37,169.51,20.33,136.76,215.23,6,18.04
4394,1519.164,833.339,326733.91,4356583.58,165.80,3.48,144.27,204.85,5,21.52
4395,1511.831,883.016,331701.65,4357316.86,180.89,16.61,139.76,208.24,4,19.87
4396,1513.296,930.291,336429.11,4357170.45,154.91,11.03,133.24,173.86,4,20.89
4397,1522.264,957.688,339168.79,4356273.57,174.79,28.19,110.74,363.55,17,12.93
4398,1514.971,980.883,341488.28,4357002.92,710.39,291.74,418.65,1151.41,5,27.10
4399,1515.214,1088.938,352293.82,4356978.65,181.62,33.79,146.90,238.24,4,11.86
4400,1517.355,1130.050,356405.04,4356764.52,432.54,49.88,192.03,482.42,11,28.81
4401,1518.462,1279.855,371385.52,4356653.82,259.68,61.11,185.18,508.61,7,15.27
4402,1523.582,1474.414,390841.42,4356141.84,687.17,159.15,393.13,1193.65,16,36.66
4403,1517.287,1619.624,405362.41,4356771.29,220.11,25.38,177.39,257.03,4,22.53
4404,1515.883,566.241,300024.06,4356911.74,224.44,43.92,147.73,289.46,5,24.26
4405,1529.400,579.746,301374.59,4355560.01,174.99,24.98,102.09,316.76,12,20.70
4406,1515.859,609.211,304321.08,4356914.14,250.07,21.99,220.48,319.43,4,28.82
4407,1515.408,663.113,309711.34,4356959.15,186.73,20.18,108.82,268.16,5,14.70
4408,1519.716,856.461,329046.06,4356528.40,246.65,37.30,180.04,364.55,8,31.24
4409,1518.805,1018.712,345271.17,4356619.46,655.96,46.20,328.71,706.44,7,11.96
4410,1521.478,1062.360,349636.01,4356352.18,516.27,86.44,316.85,757.23,9,16.74
4411,1520.861,1083.101,351710.09,4356413.88,430.72,50.64,156.83,481.36,5,17.69
4412,1521.542,1098.276,353227.59,4356345.82,323.88,98.03,214.90,543.55,10,18.49
4413,1517.833,1297.199,373119.95,4356716.72,140.98,20.97,120.01,171.54,5,17.75
4414,1518.258,1309.669,374366.93,4356674.16,218.21,31.03,170.51,355.81,4,17.51
4415,1518.425,1562.648,399664.79,4356657.49,212.07,49.40,135.31,306.99,4,26.33
4416,1525.839,620.554,305455.43,4355916.08,191.23,70.92,108.18,356.70,6,18.12
4417,1533.893,682.927,311692.70,4355110.73,341.63,42.24,159.32,532.21,18,18.59
4418,1523.273,696.006,313000.65,4356172.66,237.58,91.67,121.17,394.96,17,18.79
4419,1522.698,748.289,318228.92,4356230.24,266.68,47.65,128.46,378.04,20,18.05
4420,1524.405,988.714,342271.35,4356059.45,522.19,79.19,414.81,638.09,5,13.88
4421,1527.832,1111.945,354594.49,4355716.79,514.26,81.11,433.15,656.49,7,26.79
4422,1524.192,1147.782,358178.17,4356080.82,304.08,54.30,116.52,365.87,9,22.13
4423,1529.753,1207.102,364110.20,4355524.70,320.97,53.98,266.31,442.70,9,20.27
4424,1518.262,1228.133,366213.33,4356673.80,544.44,46.04,433.78,654.93,5,11.57
4425,1524.887,1430.179,386417.85,4356011.32,257.76,66.53,182.98,327.29,4,25.24
4426,1528.603,1511.362,394536.20,4355639.73,495.88,175.56,166.13,1040.63,19,22.61
4427,1525.079,1613.298,404729.76,4355992.10,294.25,65.02,211.92,624.63,9,18.85
4428,1526.592,722.580,315657.97,4355840.82,330.35,64.41,208.22,418.15,4,17.40
4429,1528.366,1016.940,345093.98,4355663.44,631.03,65.61,507.51,713.57,4,24.75
4430,1527.827,1275.293,370929.34,4355717.30,291.74,2.92,220.49,296.24,6,12.44
4431,1536.074,1541.697,397569.69,4354892.57,319.88,42.41,194.32,600.01,28,26.99
4432,1531.692,653.407,308740.73,4355330.79,409.37,55.67,139.37,546.54,6,24.43
4433,1541.106,988.717,342271.66,4354389.42,314.34,83.17,131.04,584.01,19,23.81
4434,1534.730,1052.895,348689.46,4355027.04,621.32,92.45,518.39,916.21,6,23.47
4435,1532.107,1229.617,366361.67,4355289.27,635.39,26.65,560.63,667.86,5,11.68
4436,1534.159,792.090,322608.99,4355084.14,300.43,16.28,278.35,418.76,4,14.27
4437,1536.125,909.559,334355.93,4354887.47,180.21,59.40,111.29,333.72,10,18.30
4438,1535.237,1290.551,372455.14,4354976.33,150.21,18.51,131.70,210.96,7,19.80
4439,1541.866,1453.223,388722.27,4354313.45,568.67,65.35,447.63,637.67,6,23.58
4440,1531.228,1576.716,401071.65,4355377.16,224.09,35.78,169.01,310.43,4,19.25
4441,1536.918,639.703,307370.30,4354808.21,231.02,72.88,136.73,362.39,5,16.31
4442,1541.869,720.518,315451.82,4354313.08,220.94,9.37,192.55,307.04,6,14.39
4443,1547.253,772.597,320659.68,4353774.67,261.18,59.70,117.34,605.51,15,22.07
4444,1540.251,934.067,336806.73,4354474.94,170.73,34.37,133.12,247.51,4,20.88
4445,1539.482,1190.799,362479.85,4354551.80,164.75,12.28,107.27,254.98,5,17.88
4446,1537.886,1201.535,363553.53,4354711.36,344.96,15.85,197.21,360.81,3,24.41
4447,1544.438,1249.136,368313.55,4354056.17,558.65,40.43,399.47,702.85,12,10.93
4448,1542.687,1579.070,401306.98,4354231.29,476.85,19.50,359.69,590.13,5,20.56
4449,1537.819,1592.703,402670.25,4354718.06,314.70,52.99,248.16,426.15,4,22.54
4450,1544.947,670.158,310415.77,4354005.29,365.09,87.75,234.42,550.30,11,25.62
4451,1543.445,751.328,318532.85,4354155.45,262.85,75.67,142.37,410.61,11,17.14
4452,1552.674,925.430,335942.98,4353232.57,319.78,57.84,113.70,402.95,15,19.94
4453,1544.448,1133.343,356734.28,4354055.17,297.53,71.30,158.50,383.77,7,18.65
4454,1552.002,1566.537,400053.73,4353299.84,248.49,89.88,123.15,432.44,22,18.87
4455,1548.930,1596.579,403057.93,4353606.97,246.22,83.53,141.34,371.05,8,19.75
4456,1546.995,630.636,306463.61,4353800.47,276.66,118.50,137.87,418.04,6,14.79
4457,1557.227,701.038,313503.76,4352777.34,294.28,68.57,161.53,464.06,20,18.11
4458,1548.307,797.775,323177.47,4353669.34,324.74,33.43,152.08,389.40,4,18.35
4459,1548.164,889.559,332355.95,4353683.59,146.45,44.72,101.73,241.02,5,14.28
4460,1552.472,905.041,333904.12,4353252.83,389.84,83.44,205.75,555.39,13,31.28
4461,1552.281,942.327,337632.71,4353271.94,207.61,88.84,110.09,504.38,12,20.70
4462,1552.234,973.591,340759.09,4353276.64,291.06,21.54,259.42,474.40,7,13.77
4463,1546.096,1016.596,345059.65,4353890.43,326.37,71.31,251.29,450.72,4,15.35
4464,1548.486,1075.483,350948.25,4353651.39,497.21,62.50,397.87,799.14,9,25.70
4465,1558.418,638.539,307253.86,4352658.25,336.15,27.69,189.26,407.47,9,27.72
4466,1556.813,1026.993,346099.27,4352818.74,480.59,101.10,323.53,747.61,9,12.78
4467,1561.755,1101.396,353539.56,4352324.46,544.98,130.24,354.66,923.92,22,16.58
4468,1551.910,1147.455,358145.49,4353308.97,215.47,31.32,142.80,294.37,6,20.65
4469,1553.745,1196.423,363042.30,4353125.54,197.44,17.92,149.04,273.51,5,17.47
4470,1554.069,1219.818,365381.78,4353093.08,378.04,71.31,252.12,490.27,9,23.47
4471,1554.486,618.781,305278.09,4353051.37,196.91,24.22,104.99,255.47,7,14.03
4472,1562.538,665.370,309936.96,4352246.21,335.20,62.52,157.80,605.95,33,19.57
4473,1573.176,1433.098,386709.84,4351182.36,389.58,79.59,155.87,654.36,38,22.78
4474,1555.791,1466.867,390086.71,4352920.89,221.13,20.96,200.16,452.43,5,17.90
4475,1567.014,1522.415,395641.52,4351798.56,427.78,72.29,271.32,710.22,22,22.81
4476,1553.867,1615.705,404970.52,4353113.27,446.63,38.64,152.55,485.26,5,18.00
4477,1558.969,724.908,315890.84,4352603.07,212.22,21.99,188.41,289.37,5,18.29
4478,1557.723,835.041,326904.11,4352727.74,194.97,34.60,128.80,242.46,8,19.61
4479,1560.009,895.767,332976.72,4352499.08,190.08,86.02,104.07,324.57,5,17.30
4480,1561.840,965.284,339928.39,4352316.02,359.41,95.90,263.51,635.82,11,14.75
4481,1559.488,1154.495,358849.46,4352551.17,187.95,21.72,166.15,263.99,4,21.56
4482,1563.536,1185.660,361965.98,4352146.45,174.60,22.06,128.21,279.23,9,14.54
4483,1557.654,1272.320,370632.02,4352734.62,191.07,39.58,123.68,311.05,8,18.72
4484,1558.088,739.104,317310.42,4352691.16,375.37,54.51,290.08,476.45,4,24.82
4485,1560.186,751.183,318518.30,4352481.44,364.41,57.49,298.47,450.92,4,24.72
4486,1563.540,761.711,319571.13,4352146.05,204.64,45.24,158.11,348.07,8,13.83
4487,1558.867,856.234,329023.40,4352613.32,171.32,19.42,105.18,201.39,4,18.77
4488,1563.870,1204.665,363866.54,4352112.99,238.01,60.93,117.84,311.13,5,16.75
4489,1564.925,1259.751,369375.07,4352007.50,322.92,61.53,261.39,533.70,7,18.33
4490,1569.169,616.187,305018.68,4351583.06,187.88,16.49,168.15,250.11,6,15.66
4491,1568.297,727.260,316126.01,4351670.26,231.07,31.81,162.02,365.59,6,17.01
4492,1571.048,1319.736,375373.56,4351395.20,322.92,99.81,120.57,544.26,10,18.19
4493,1565.988,1347.730,378173.04,4351901.19,171.54,22.17,137.81,282.63,9,14.56
4494,1565.824,1380.923,381492.31,4351917.59,117.14,14.83,100.34,211.45,4,12.62
4495,1565.002,1484.583,391858.30,4351999.83,218.69,53.61,144.32,439.23,5,27.91
4496,1567.777,1543.223,397722.34,4351722.34,374.23,71.71,276.28,501.43,6,26.18
4497,1569.073,1595.237,402923.70,4351592.72,266.74,54.81,200.66,354.26,9,19.30
4498,1565.935,1036.099,347009.93,4351906.48,395.34,16.54,378.81,518.34,3,24.02
4499,1570.651,1227.893,366189.28,4351434.93,343.44,43.53,292.19,471.96,4,18.05
4500,1565.600,1238.992,367299.22,4351940.04,305.29,35.26,255.69,376.05,4,9.91
4501,1578.369,1556.823,399082.29,4350663.13,246.48,45.21,117.80,413.12,16,18.11
4502,1576.095,643.702,307770.19,4350890.45,212.77,11.52,178.12,232.26,4,22.05
4503,1575.871,1018.377,345237.69,4350912.90,378.10,53.20,264.39,785.67,7,24.42
4504,1581.714,1065.154,349915.35,4350328.63,293.67,125.23,128.49,517.41,18,22.36
4505,1579.415,1141.434,357543.40,4350558.50,184.69,34.09,126.56,239.39,8,16.89
4506,1577.302,1216.011,365001.09,4350769.78,264.51,34.84,209.64,333.89,4,22.25
4507,1580.236,1276.625,371062.46,4350476.44,266.54,13.92,171.06,416.00,8,16.19
4508,1579.164,1305.878,373987.82,4350583.59,327.11,80.45,185.60,413.89,9,20.78
4509,1580.858,1460.377,389437.71,4350414.25,244.77,36.23,205.07,411.23,6,24.13
4510,1580.232,632.661,306666.09,4350476.77,171.06,31.18,108.25,221.73,6,15.11
4511,1585.289,666.379,310037.94,4349971.08,224.36,37.99,113.26,366.06,14,16.36
4512,1577.102,962.730,339672.97,4350789.81,349.08,114.65,163.99,528.63,7,28.71
4513,1581.539,986.402,342040.22,4350346.12,594.01,79.48,479.46,829.19,13,21.14
4514,1580.329,1084.920,351891.97,4350467.12,260.41,2.05,215.50,264.19,4,20.63
4515,1584.781,1105.676,353967.63,4350021.86,257.89,52.08,122.84,421.46,10,13.62
4516,1576.211,1195.447,362944.70,4350878.87,201.83,7.65,157.46,213.41,4,24.12
4517,1577.076,1576.406,401040.56,4350792.39,179.87,12.50,141.24,209.11,5,16.62
4518,1583.031,681.589,311558.92,4350196.92,182.30,17.21,160.89,235.07,6,15.78
4519,1579.822,795.618,322961.85,4350517.76,237.70,11.21,145.24,257.27,4,21.71
4520,1584.336,918.696,335269.57,4350066.40,175.54,28.93,107.28,429.14,11,15.61
4521,1583.593,1121.304,355530.39,4350140.67,211.98,49.19,119.72,349.77,7,12.74
4522,1585.599,1211.380,364537.99,4349940.05,173.46,37.93,117.57,293.25,6,15.77
4523,1583.465,1241.478,367547.81,4350153.49,350.63,116.06,186.88,784.02,7,20.41
4524,1580.068,1292.030,372603.04,4350493.18,206.25,38.54,163.10,471.69,4,18.86
4525,1580.213,1470.089,390408.95,4350478.67,177.36,30.03,126.72,215.22,4,16.24
4526,1589.101,1516.638,395063.81,4349589.86,548.50,203.34,185.60,1141.76,18,27.05
4527,1595.387,646.083,308008.33,4348961.25,148.37,14.62,133.57,233.24,9,16.20
4528,1592.708,714.434,314843.36,4349229.20,153.00,17.56,108.54,280.28,18,15.13
4529,1597.408,953.268,338726.83,4348759.18,313.92,57.16,161.03,555.25,35,18.67
4530,1580.380,1094.445,352844.55,4350462.03,276.62,17.76,249.27,294.37,3,19.10
4531,1584.659,1262.924,369692.38,4350034.13,220.53,43.45,158.40,396.91,4,19.48
4532,1590.120,1356.157,379015.74,4349487.98,237.87,12.14,211.92,385.13,9,25.31
4533,1596.401,1600.564,403456.40,4348859.92,273.32,40.41,163.67,419.94,14,16.39
4534,1593.582,734.867,316886.67,4349141.83,292.04,131.53,160.51,450.76,5,22.24
4535,1599.135,745.802,317980.17,4348586.46,272.56,77.97,178.06,396.98,11,20.81
4536,1596.031,783.021,321702.08,4348896.87,236.38,69.15,135.30,488.11,11,19.62
4537,1592.244,1051.345,348534.50,4349275.59,263.29,85.00,158.71,388.62,5,16.90
4538,1591.917,1202.826,363682.59,4349308.29,193.31,14.13,139.24,222.35,6,21.46
4539,1594.526,1242.117,367611.70,4349047.44,181.85,20.39,108.65,383.66,9,20.90
4540,1593.087,1337.873,377187.27,4349191.29,300.58,53.91,156.80,418.38,8,18.76
4541,1595.682,617.116,305111.61,4348931.77,151.46,20.37,131.09,197.26,5,17.30
4542,1603.227,1150.202,358420.16,4348177.28,223.49,52.15,114.20,419.97,19,14.99
4543,1596.969,630.340,306433.99,4348803.07,174.87,8.12,164.47,220.77,4,15.83
4544,1594.254,763.366,319736.62,4349074.56,178.72,20.96,115.15,201.35,4,13.41
4545,1599.946,1174.949,360894.91,4348505.45,163.62,21.16,142.46,255.79,5,16.11
4546,1600.142,1290.824,372482.44,4348485.80,514.27,12.97,431.65,546.42,6,19.63
4547,1610.693,1504.216,393821.58,4347430.70,526.40,85.40,180.00,927.09,23,28.08
4548,1603.142,836.906,327090.61,4348185.84,167.91,20.92,138.23,232.95,6,21.31
4549,1601.813,1005.531,343953.06,4348318.73,331.28,24.48,284.89,914.40,4,18.13
4550,1614.033,1032.728,346672.77,4347096.69,287.86,42.25,149.58,435.09,32,19.32
4551,1606.587,1134.581,356858.15,4347841.27,308.82,64.45,216.99,450.63,8,19.70
4552,1607.119,1350.675,378467.49,4347788.13,216.50,34.05,149.63,290.49,14,19.88
4553,1595.054,1449.699,388369.87,4348994.61,540.34,72.88,401.50,858.57,4,36.32
4554,1605.410,639.508,307350.83,4347959.00,217.99,23.73,194.27,241.72,2,26.67
4555,1616.852,1282.352,371635.17,4346814.83,336.51,52.50,233.91,572.92,12,18.37
4556,1608.246,1321.218,375521.84,4347675.39,765.14,28.63,711.59,811.29,4,10.67
4557,1600.687,1490.782,392478.15,4348431.30,665.38,125.24,378.33,896.73,5,37.39
4558,1607.518,1566.980,400098.02,4347748.17,217.06,67.79,149.27,455.57,5,19.66
4559,1612.854,629.836,306383.57,4347214.64,143.66,20.78,106.24,193.16,4,16.90
4560,1609.965,734.357,316835.69,4347503.49,153.50,7.99,120.39,168.99,4,18.22
4561,1610.072,782.614,321661.37,4347492.76,181.09,37.65,128.35,232.97,4,18.68
4562,1613.596,1267.879,370187.94,4347140.41,352.88,23.67,140.34,381.87,8,18.91
4563,1613.847,1548.854,398285.41,4347115.34,416.18,114.18,216.22,677.83,12,24.28
4564,1614.482,1176.851,361085.13,4347051.84,198.51,14.43,154.32,216.05,4,25.62
4565,1615.799,1250.268,368426.83,4346920.08,173.08,34.59,115.00,396.85,7,16.99
4566,1619.353,1389.833,382383.28,4346564.70,219.16,52.67,104.20,491.42,43,17.34
4567,1615.960,1536.262,397026.16,4346903.99,228.37,27.35,201.02,529.58,7,15.58
4568,1617.541,1608.199,404219.86,4346745.86,160.81,23.19,127.76,265.60,6,18.19
4569,1619.531,865.711,329971.10,4346546.90,224.40,40.32,102.28,400.33,8,15.72
4570,1618.774,1057.587,349158.65,4346622.64,215.16,27.80,167.49,293.37,6,21.44
4571,1623.877,1443.409,387740.88,4346112.26,268.18,104.56,112.86,479.93,26,18.13
4572,1625.636,1567.235,400123.46,4345936.36,456.69,130.64,195.37,850.27,28,22.55
4573,1624.293,647.465,308146.51,4346070.66,194.81,66.17,127.35,348.14,8,16.10
4574,1623.839,825.280,325928.00,4346116.13,207.54,19.83,150.84,274.47,6,16.35
4575,1626.999,955.009,338900.91,4345800.10,201.17,55.76,139.23,444.25,8,21.48
4576,1622.752,1491.045,392504.53,4346224.79,324.42,71.56,188.25,483.02,4,20.56
4577,1628.695,837.198,327119.76,4345630.52,286.75,39.30,219.13,326.05,5,18.26
4578,1630.651,1098.450,353245.03,4345434.90,273.43,81.53,118.52,464.44,10,22.66
4579,1630.223,1591.219,402521.85,4345477.73,674.37,144.63,465.90,936.78,4,39.81
4580,1625.514,855.531,328953.11,4345948.63,209.74,36.62,141.33,259.74,4,17.39
4581,1629.246,1250.404,368440.42,4345575.41,167.43,18.93,148.01,207.02,4,22.70
4582,1628.061,1352.688,378668.78,4345693.89,326.11,98.81,220.07,451.66,7,20.84
4583,1631.368,1503.952,393795.21,4345363.23,439.45,72.05,248.69,565.34,11,17.06
4584,1639.768,691.730,312573.04,4344523.20,176.18,40.61,114.62,316.64,14,19.48
4585,1639.307,886.092,332009.18,4344569.25,182.42,58.51,118.35,533.96,14,17.88
4586,1641.550,1054.101,348810.08,4344345.04,303.70,67.52,233.39,417.78,11,34.16
4587,1631.859,1172.027,360602.68,4345314.11,255.53,14.43,166.08,280.76,4,20.95
4588,1636.997,1199.344,363334.45,4344800.30,214.30,28.38,126.85,249.23,4,18.26
4589,1639.570,1461.379,389537.93,4344542.96,259.89,81.54,146.00,433.17,7,21.69
4590,1633.814,1524.122,395812.25,4345118.64,200.46,17.15,183.31,333.87,5,20.85
4591,1637.629,1593.471,402747.12,4344737.10,639.38,43.36,588.25,712.72,4,19.51
4592,1642.152,1611.594,404559.44,4344284.81,223.39,50.38,126.67,420.64,13,18.55
4593,1635.051,908.601,334260.11,4344994.87,172.94,14.43,119.60,237.84,5,15.02
4594,1634.195,1329.413,376341.26,4345080.49,533.42,109.74,354.14,643.16,5,31.49
4595,1640.344,1361.662,379566.25,4344465.63,247.50,80.99,115.47,527.43,6,21.89
4596,1636.255,1414.837,384883.68,4344874.52,345.87,31.25,193.45,437.98,6,19.53
4597,1646.353,1423.909,385790.89,4343864.72,323.92,55.59,224.81,495.09,16,17.23
4598,1642.727,1481.575,391557.50,4344227.28,425.90,23.31,318.59,511.60,7,26.05
4599,1644.006,795.851,322985.12,4344099.36,163.69,33.31,106.79,377.38,11,16.18
4600,1642.894,864.123,329812.35,4344210.59,205.83,42.95,131.24,382.95,9,17.86
4601,1645.553,941.444,337544.37,4343944.72,161.90,37.67,109.58,255.81,8,16.65
4602,1647.369,1036.191,347019.12,4343763.13,264.42,37.08,148.72,309.30,4,30.62
4603,1650.879,908.856,334285.58,4343412.13,267.81,25.07,191.71,453.16,13,27.54
4604,1647.372,1075.662,350966.16,4343762.78,251.96,18.98,218.85,372.93,4,25.02
4605,1648.037,1279.999,371399.91,4343696.26,236.90,42.69,134.17,363.71,12,18.19
4606,1665.457,1319.437,375343.72,4341954.27,350.27,96.13,124.46,808.78,39,20.47
4607,1647.012,1444.401,387840.13,4343798.79,200.00,33.49,147.89,273.64,4,15.01
4608,1656.446,1532.559,396655.91,4342855.38,277.34,78.90,135.53,864.85,24,17.02
4609,1651.669,995.582,342958.20,4343333.13,147.07,34.84,106.10,245.95,4,16.98
4610,1650.175,1266.400,370039.97,4343482.51,370.73,72.28,163.42,474.78,4,41.27
4611,1655.046,1292.368,372636.84,4342995.38,278.41,21.27,256.97,326.71,4,15.80
4612,1652.879,1343.668,377766.80,4343212.09,235.35,33.44,201.91,300.55,7,21.79
4613,1657.894,1384.549,381854.94,4342710.59,285.51,35.42,145.02,404.32,18,15.51
4614,1653.045,1494.424,392842.39,4343195.47,524.31,69.30,307.40,880.76,9,32.36
4615,1656.282,1510.758,394475.81,4342871.81,441.50,121.30,301.39,607.06,9,18.73
4616,1659.020,920.022,335402.23,4342598.03,318.78,23.52,243.63,342.30,3,19.96
4617,1664.419,1234.722,366872.24,4342058.15,119.10,9.49,105.79,230.91,16,15.11
4618,1651.329,1356.128,379012.82,4343367.05,261.26,79.13,176.24,367.70,5,28.54
4619,1653.247,1574.911,400891.13,4343175.33,196.37,18.87,131.29,388.99,6,21.42
4620,1658.760,1047.497,348149.70,4342623.99,221.51,38.32,128.87,259.83,5,17.42
4621,1661.812,1282.363,371636.29,4342318.80,305.62,38.81,115.71,400.59,9,16.78
4622,1667.060,1413.141,384714.12,4341794.01,332.15,52.90,152.44,663.01,23,21.42
4623,1659.578,1451.338,388533.85,4342542.15,542.62,166.43,354.71,922.72,5,51.04
4624,1659.406,1563.282,399728.18,4342559.36,181.38,26.22,140.92,263.40,4,13.53
4625,1662.530,1581.976,401597.63,4342246.96,399.11,73.25,195.72,535.03,7,17.69
4626,1662.277,1595.171,402917.14,4342272.30,238.13,70.62,112.89,462.13,13,18.55
4627,1664.566,873.558,330755.76,4342043.43,268.98,54.32,142.15,520.17,16,21.31
4628,1671.805,1095.925,352992.52,4341319.50,223.87,50.92,101.64,409.67,26,15.41
4629,1663.085,1261.738,369573.77,4342191.47,168.16,56.30,105.10,326.39,6,16.23
4630,1672.572,807.370,324136.99,4341242.76,204.61,54.86,136.44,397.84,13,20.76
4631,1671.425,782.392,321639.23,4341357.47,219.57,53.14,163.50,335.26,11,12.47
4632,1665.835,1064.107,349810.72,4341916.52,220.20,25.03,154.68,255.82,4,22.23
4633,1672.813,1107.679,354167.87,4341218.69,276.44,25.78,153.33,302.22,3,20.05
4634,1677.398,1435.712,386971.21,4340760.24,444.55,79.76,232.68,739.86,12,27.78
4635,1671.268,1500.572,393457.17,4341373.16,904.23,39.81,651.16,1182.21,5,42.52
4636,1679.755,1049.412,348341.20,4340524.49,187.76,59.37,111.75,327.15,9,17.44
4637,1678.102,1222.814,365681.38,4340689.75,245.60,51.29,134.14,374.45,9,23.50
4638,1687.891,1305.071,373907.07,4339710.89,345.23,101.94,220.11,644.64,14,22.82
4639,1681.438,1386.355,382035.50,4340356.23,224.73,60.83,139.57,395.21,12,20.55
4640,1677.937,724.561,315856.15,4340706.33,150.92,23.33,113.83,199.72,5,16.33
4641,1680.747,735.270,316926.99,4340425.26,219.16,36.74,107.67,255.90,5,15.02
4642,1682.126,825.329,325932.86,4340287.41,174.34,18.31,116.77,534.59,7,17.32
4643,1680.506,895.339,332933.91,4340449.36,217.04,45.71,164.91,444.29,8,22.02
4644,1676.301,1291.318,372531.79,4340869.89,262.89,38.42,224.47,369.89,5,21.00
4645,1682.434,1355.489,378948.89,4340256.60,292.45,63.45,107.14,601.05,12,28.58
4646,1681.491,1580.848,401484.79,4340350.94,283.45,41.14,190.69,441.57,9,19.77
4647,1682.861,772.811,320681.11,4340213.90,186.14,19.83,161.74,274.48,4,23.65
4648,1687.112,1531.331,396533.09,4339788.79,281.83,70.51,153.65,487.47,15,20.21
4649,1685.581,1558.242,399224.24,4339941.89,252.45,33.92,134.17,476.64,10,20.48
4650,1685.656,929.416,336341.64,4339934.42,198.03,37.85,160.18,346.94,5,19.37
4651,1686.702,1126.687,356068.74,4339829.78,231.48,75.27,155.46,463.10,8,22.99
4652,1683.615,1334.650,376864.96,4340138.51,191.84,53.87,118.06,253.10,4,16.53
4653,1688.538,1460.932,389493.15,4339646.21,937.64,44.92,883.12,1049.95,9,30.91
4654,1691.603,906.645,334064.47,4339339.68,174.74,68.45,103.20,280.66,7,16.21
4655,1692.761,972.150,340614.95,4339223.91,160.71,34.71,102.16,228.46,6,12.50
4656,1688.733,1139.522,357352.17,4339626.72,442.34,40.10,293.67,486.39,4,29.73
4657,1691.174,1408.447,384244.72,4339382.64,326.81,75.82,237.88,543.67,4,28.04
4658,1689.086,1429.242,386324.24,4339591.44,155.58,5.94,120.51,164.85,4,14.80
4659,1688.997,1485.364,391936.36,4339600.33,594.36,152.27,239.07,822.98,4,31.84
4660,1695.738,887.706,332170.55,4338926.17,242.32,28.51,179.15,270.82,5,22.56
4661,1694.241,948.819,338281.88,4339075.93,166.98,29.31,100.98,201.19,5,15.96
4662,1695.304,1050.360,348436.02,4338969.61,225.23,5.96,219.26,297.09,5,20.32
4663,1697.377,1084.078,351807.83,4338762.31,220.47,28.75,116.32,259.39,9,21.11
4664,1696.044,1150.306,358430.65,4338895.59,324.36,25.89,244.80,350.25,7,31.02
4665,1696.082,1316.333,375033.30,4338891.83,444.42,207.00,175.34,745.02,6,18.89
4666,1707.578,1348.873,378287.31,4337742.15,272.28,60.88,146.89,458.18,18,22.96
4667,1700.360,1383.876,381787.59,4338463.98,219.08,63.17,155.91,383.47,9,21.81
4668,1704.314,874.237,330823.74,4338068.63,147.79,18.04,124.85,274.33,8,19.52
4669,1697.465,920.169,335416.87,4338753.50,177.91,21.81,144.10,229.70,4,16.20
4670,1696.634,960.144,339414.40,4338836.59,146.15,36.07,110.08,213.09,5,13.66
4671,1708.467,1414.224,384822.44,4337653.25,466.12,119.36,222.17,670.84,15,27.45
4672,1707.650,1508.088,394208.77,4337735.03,471.56,117.47,194.87,650.50,13,18.50
4673,1704.513,1067.949,350194.92,4338048.70,296.75,87.07,104.08,383.82,7,23.45
4674,1704.254,1164.646,359864.65,4338074.62,193.03,73.79,102.08,391.36,6,19.56
4675,1702.104,1270.138,370413.78,4338289.61,232.75,30.46,182.87,326.49,6,20.36
4676,1705.039,1362.597,379659.67,4337996.05,141.21,14.30,116.74,173.90,4,13.48
4677,1699.806,1491.812,392581.22,4338519.42,515.98,64.88,446.53,582.91,4,29.55
4678,1705.009,1520.145,395414.54,4337999.12,369.36,78.82,279.99,493.42,4,26.71
4679,1706.706,939.702,337370.23,4337829.36,188.39,24.82,160.82,219.00,4,21.05
4680,1705.566,1016.497,345049.69,4337943.44,195.16,43.52,143.03,284.82,4,18.15
4681,1707.296,1031.497,346549.72,4337770.38,229.16,4.33,223.11,299.19,4,17.72
4682,1701.948,1291.679,372567.86,4338305.20,181.50,11.77,157.51,203.64,4,18.44
4683,1708.819,1307.520,374152.04,4337618.07,199.88,45.79,150.66,336.15,11,17.10
4684,1706.661,814.765,324876.54,4337833.91,294.37,31.21,263.16,387.24,5,21.56
4685,1710.295,909.289,334328.92,4337470.50,201.54,26.92,150.37,230.27,5,18.14
4686,1710.585,1560.159,399415.87,4337441.54,116.50,13.94,102.56,251.43,7,14.32
4687,1713.484,1601.926,403592.64,4337151.64,142.77,21.14,121.63,193.78,7,15.11
4688,1717.355,1190.014,362401.41,4336764.46,184.81,40.15,132.43,293.68,8,17.26
4689,1717.710,1534.343,396834.27,4336728.99,225.10,55.59,132.40,392.76,14,21.83
4690,1713.382,1618.242,405224.16,4337161.85,225.94,39.71,131.70,304.19,7,18.60
4691,1727.441,859.005,329300.47,4335755.92,181.41,25.41,119.18,219.00,12,17.88
4692,1721.194,958.293,339229.33,4336380.59,152.51,48.38,100.78,261.36,7,17.38
4693,1716.204,1178.324,361232.36,4336879.64,283.05,9.47,154.88,292.52,5,16.59
4694,1722.970,1230.685,366468.55,4336202.95,206.77,56.71,144.69,310.03,6,18.68
4695,1718.113,1292.217,372621.68,4336688.71,133.25,4.04,128.83,170.93,4,16.44
4696,1718.565,1398.075,383207.45,4336643.47,231.19,51.41,179.77,341.12,5,26.96
4697,1720.205,1423.632,385763.25,4336479.55,601.78,47.11,479.80,696.36,5,26.92
4698,1726.881,1060.292,349429.17,4335811.94,255.06,29.93,205.13,339.64,10,20.50
4699,1719.962,1088.479,352247.89,4336503.76,215.93,29.99,137.41,267.87,4,14.05
4700,1736.994,1109.970,354396.97,4334800.60,286.58,74.80,173.95,877.37,26,17.50
4701,1723.460,1158.675,359267.54,4336154.00,178.88,14.74,147.17,195.61,4,16.70
4702,1722.003,1329.944,376394.44,4336299.69,309.24,32.19,187.31,347.98,4,18.69
4703,1722.788,1496.519,393051.88,4336221.17,236.54,115.37,119.86,451.97,6,17.98
4704,1729.027,821.974,325597.45,4335597.25,264.05,35.33,121.90,369.75,13,14.43
4705,1725.602,987.722,342172.16,4335939.84,314.34,37.24,228.51,366.02,6,21.45
4706,1724.326,1129.127,356312.75,4336067.45,157.87,21.10,132.49,236.94,6,17.98
4707,1733.527,1213.090,364708.95,4335147.28,191.71,10.69,122.49,216.20,7,18.47
4708,1726.478,1253.200,368720.00,4335852.22,178.33,26.93,140.25,213.87,4,19.65
4709,1732.064,1310.189,374418.88,4335293.65,229.43,78.53,123.37,437.14,16,20.41
4710,1723.328,1359.842,379384.20,4336167.18,308.85,8.55,299.73,503.35,4,27.91
4711,1725.135,1560.671,399467.14,4335986.49,201.26,53.43,109.97,327.45,4,16.04
4712,1727.776,1614.493,404849.32,4335722.38,227.68,1.28,181.58,282.62,5,24.55
4713,1730.594,920.222,335422.16,4335440.61,182.67,14.30,167.59,272.71,5,17.80
4714,1728.841,1197.049,363104.95,4335615.93,325.03,54.41,265.23,480.34,6,27.29
4715,1735.091,1301.162,373516.16,4334990.92,124.64,23.95,100.69,159.78,3,15.73
4716,1732.646,1528.355,396235.50,4335235.44,331.46,65.92,215.66,474.10,9,20.37
4717,1737.284,979.558,341355.78,4334771.55,281.53,50.92,158.50,336.48,6,21.89
4718,1741.133,1354.932,378893.25,4334386.73,296.80,56.72,187.89,699.41,16,20.99
4719,1732.174,1404.160,383815.97,4335282.61,209.95,19.63,182.19,303.97,4,25.38
4720,1739.558,1550.848,398484.76,4334544.18,270.16,35.27,149.83,499.10,14,17.50
4721,1740.541,823.452,325745.20,4334445.93,350.20,74.77,275.43,681.00,5,32.62
4722,1736.297,849.925,328392.54,4334870.31,212.73,58.97,150.41,548.58,6,23.86
4723,1739.471,1021.011,345501.14,4334552.92,155.66,21.95,126.84,227.37,5,16.10
4724,1739.897,1052.529,348652.87,4334510.27,188.29,3.48,184.34,282.96,4,25.39
4725,1745.011,1080.694,351469.40,4333998.92,420.90,64.03,294.20,545.62,11,18.83
4726,1739.821,1235.859,366985.92,4334517.85,194.63,56.41,105.88,382.29,12,17.42
4727,1740.799,1254.192,368819.19,4334420.06,267.31,103.70,110.76,422.95,6,23.93
4728,1743.177,1367.577,380157.69,4334182.25,261.67,51.36,120.18,471.64,10,20.88
4729,1737.474,1488.937,392293.68,4334752.61,205.61,24.66,165.08,252.93,4,21.64
4730,1745.652,1567.257,400125.75,4333934.84,289.62,46.25,119.29,390.56,11,16.77
4731,1735.535,1593.180,402718.05,4334946.46,280.17,52.65,115.69,368.01,4,35.62
4732,1743.506,953.484,338748.44,4334149.42,160.00,5.73,120.18,205.83,5,14.82
4733,1744.739,1195.651,362965.12,4334026.10,323.89,53.09,232.27,557.17,8,18.21
4734,1747.168,1437.312,387131.21,4333783.17,400.87,126.28,210.00,998.49,16,24.67
4735,1748.173,1463.189,389718.91,4333682.72,479.97,52.27,418.14,576.89,5,15.74
4736,1749.909,1486.385,392038.48,4333509.13,283.10,27.47,216.09,558.97,16,20.48
4737,1750.461,854.459,328845.90,4333453.85,664.52,149.90,433.27,844.29,6,45.49
4738,1746.617,875.450,330945.00,4333838.30,441.18,103.90,312.16,651.77,8,17.69
4739,1743.189,917.908,335190.78,4334181.11,208.04,12.79,103.92,222.61,4,21.84
4740,1747.894,1167.904,360190.37,4333710.57,202.96,18.06,122.63,266.39,7,23.08
4741,1746.577,1264.099,369809.92,4333842.29,155.02,35.25,119.77,275.77,7,14.45
4742,1760.681,1300.285,373428.49,4332431.89,233.15,66.88,111.80,464.66,33,19.01
4743,1746.889,1383.185,381718.52,4333811.10,259.05,92.58,145.31,493.34,5,16.69
4744,1748.089,807.685,324168.51,4333691.09,166.73,28.39,114.67,218.78,5,15.59
4745,1760.973,904.963,333896.34,4332402.69,253.75,106.16,102.20,435.37,15,16.55
4746,1751.873,929.604,336360.44,4333312.65,211.18,47.09,114.16,291.47,7,15.02
4747,1752.078,1036.723,347072.34,4333292.22,187.29,33.46,114.91,220.75,5,17.51
4748,1756.545,1055.881,348988.12,4332845.51,182.22,58.40,117.03,597.86,16,23.27
4749,1757.690,1140.970,357496.97,4332731.01,574.63,85.81,372.67,668.22,7,25.19
4750,1756.284,1191.050,362505.00,4332871.56,295.28,46.84,207.24,358.41,5,25.98
4751,1757.447,1593.005,402700.51,4332755.26,304.22,86.37,154.30,662.28,22,17.18
4752,1749.722,1615.474,404947.45,4333527.77,181.43,10.72,164.15,236.31,5,19.60
4753,1761.085,937.633,337163.30,4332391.55,211.73,44.72,130.03,354.58,12,17.88
4754,1753.123,1131.528,356552.83,4333187.65,701.48,42.55,653.63,908.96,4,22.83
4755,1756.963,1251.685,368568.54,4332803.73,136.53,13.07,123.18,249.36,4,18.25
4756,1754.524,1391.077,382507.70,4333047.62,435.14,49.25,373.39,655.58,4,32.86
4757,1755.817,889.591,332359.06,4332918.27,209.89,50.53,143.94,392.45,4,18.72
4758,1758.483,1417.184,385118.41,4332651.65,233.94,48.46,152.57,337.55,8,19.22
4759,1759.007,1431.043,386504.29,4332599.31,234.73,113.46,121.27,409.45,5,18.02
4760,1756.925,1506.635,394063.49,4332807.45,337.33,53.38,245.38,462.37,4,21.63
4761,1766.253,1558.253,399225.31,4331874.67,262.18,53.56,193.38,368.14,12,22.51
4762,1772.727,886.723,332072.28,4331227.33,735.53,45.58,646.56,839.22,8,20.93
4763,1773.943,1003.151,343715.11,4331105.75,285.99,56.48,103.13,467.72,15,24.17
4764,1771.617,1085.511,351951.06,4331338.30,483.57,101.99,354.68,896.05,7,21.66
4765,1764.997,1151.806,358580.62,4332000.26,632.38,105.41,518.80,751.01,7,41.38
4766,1762.753,1350.916,378491.64,4332224.70,406.04,106.01,299.79,550.94,4,28.23
4767,1771.935,1395.590,382959.02,4331306.55,310.58,43.25,196.77,461.77,8,18.09
4768,1777.507,1578.046,401204.59,4330749.28,248.31,110.05,118.91,641.95,27,21.00
4769,1789.237,1075.110,350911.04,4329576.28,235.09,52.11,112.04,591.40,46,16.78
4770,1764.610,1282.703,371670.25,4332039.00,138.16,6.16,131.59,163.62,4,19.33
4771,1769.242,1384.635,381863.52,4331575.82,313.50,52.84,192.99,399.22,4,22.28
4772,1772.587,1407.498,384149.83,4331241.26,359.27,92.34,260.40,568.82,7,26.24
4773,1774.525,1431.671,386567.10,4331047.46,491.67,117.17,136.77,608.84,5,28.57
4774,1774.236,1042.084,347608.39,4331076.39,169.18,34.76,134.43,341.19,7,20.65
4775,1778.192,1162.065,359606.54,4330680.81,303.46,24.89,151.59,340.84,8,21.76
4776,1771.279,1328.790,376278.99,4331372.07,173.41,35.78,116.07,375.67,9,18.24
4777,1791.751,1478.682,391268.19,4329324.88,269.98,72.21,115.22,567.01,47,17.03
4778,1775.399,1481.031,391503.11,4330960.15,298.27,40.54,201.10,338.81,7,16.00
4779,1778.793,1131.454,356545.40,4330620.73,311.50,111.92,172.17,781.02,9,24.65
4780,1782.228,1193.729,362772.93,4330277.25,172.30,56.65,102.64,336.98,6,23.01
4781,1784.219,1226.097,366009.72,4330078.06,200.06,33.71,115.27,237.39,8,19.53
4782,1783.951,925.790,335979.04,4330104.88,191.58,59.88,118.56,264.37,4,18.96
4783,1785.296,1028.150,346215.03,4329970.42,205.80,49.60,138.97,294.87,14,17.95
4784,1790.795,1145.311,357931.09,4329420.51,285.30,70.93,140.39,501.71,23,16.08
4785,1788.115,1341.961,377596.07,4329688.51,287.23,73.14,192.02,431.54,10,21.01
4786,1784.686,1502.910,393691.02,4330031.40,338.03,59.10,168.40,560.68,7,19.17
4787,1784.522,1521.917,395591.72,4330047.76,215.36,75.50,109.09,344.05,9,17.79
4788,1784.868,1540.845,397484.53,4330013.19,212.38,82.91,129.47,783.63,5,19.39
4789,1797.220,1314.889,374888.94,4328777.96,343.72,59.71,169.40,518.41,12,22.76
4790,1784.023,1378.892,381289.22,4330097.67,429.33,88.97,178.02,577.42,4,53.36
4791,1788.996,1427.446,386144.58,4329600.39,273.09,30.78,201.32,407.93,6,20.82
4792,1784.062,1599.535,403353.54,4330093.84,260.23,43.35,195.80,409.01,4,23.44
4793,1788.387,1617.440,405143.97,4329661.35,280.26,33.41,174.19,425.03,8,19.51
4794,1799.702,905.524,333952.42,4328529.80,335.52,134.14,151.60,622.38,14,18.32
4795,1800.117,1232.782,366678.20,4328488.30,205.02,36.33,126.14,374.87,12,16.67
4796,1794.821,1358.946,379294.63,4329017.91,404.72,71.10,333.62,621.93,5,25.97
4797,1801.407,1609.192,404319.22,4328359.28,224.99,91.73,106.02,473.17,18,17.40
4798,1799.659,1131.830,356583.05,4328534.06,377.97,56.92,246.45,504.77,7,18.29
4799,1799.457,1345.305,377930.53,4328554.34,302.36,54.88,224.36,661.23,14,22.33
4800,1799.171,1444.755,387875.49,4328582.89,473.28,29.58,404.52,541.76,7,17.61
4801,1801.170,1516.212,395021.21,4328383.01,260.00,108.57,145.02,521.02,7,22.81
4802,1804.636,1531.793,396579.34,4328036.42,195.93,46.11,104.51,337.39,18,14.94
4803,1800.938,932.006,336600.63,4328406.23,249.33,76.13,171.29,447.34,8,26.20
4804,1798.717,1011.132,344513.23,4328628.32,251.11,68.85,139.51,569.18,8,17.92
4805,1800.131,1370.429,380442.88,4328486.93,338.62,120.24,208.61,581.77,5,31.13
4806,1795.111,1462.187,389618.73,4328988.88,357.76,19.20,324.62,467.26,4,32.16
4807,1804.326,870.913,330491.32,4328067.37,253.99,8.14,195.05,406.09,6,31.51
4808,1807.791,1098.325,353232.52,4327720.89,371.47,52.81,180.44,481.28,26,21.49
4809,1817.778,1514.568,394856.77,4326722.19,271.21,72.21,134.59,485.98,32,20.29
4810,1809.855,1586.328,402032.77,4327514.51,265.62,50.33,142.74,315.95,11,21.31
4811,1804.493,953.581,338758.06,4328050.70,312.30,66.03,233.45,426.40,5,23.13
4812,1805.904,996.108,343010.81,4327909.55,145.22,38.71,106.51,408.46,5,17.83
4813,1803.576,1027.058,346105.83,4328142.40,167.59,1.80,142.44,195.29,5,19.12
4814,1809.352,1164.586,359858.61,4327564.80,198.36,49.03,109.98,466.83,6,20.96
4815,1806.953,1195.272,362927.18,4327804.72,276.18,65.51,129.35,449.11,11,18.15
4816,1807.388,1400.522,383452.16,4327761.16,441.69,105.16,316.55,952.00,8,24.72
4817,1809.053,928.379,336237.93,4327594.70,328.24,74.58,242.71,412.32,4,26.71
4818,1815.878,1039.157,347315.67,4326912.18,257.80,54.60,143.23,490.56,17,13.61
4819,1812.613,1218.629,365262.89,4327238.67,221.74,27.69,170.83,586.49,9,26.49
4820,1809.329,1303.172,373717.19,4327567.07,319.62,77.68,241.93,515.72,5,24.39
4821,1811.584,1322.996,375699.56,4327341.60,516.82,92.50,340.35,791.90,9,39.90
4822,1820.490,1609.908,404390.83,4326451.01,273.23,67.34,102.12,551.13,33,20.21
4823,1817.001,957.496,339149.64,4326799.88,407.54,100.39,187.03,743.87,15,26.82
4824,1823.345,996.445,343044.53,4326165.46,448.32,162.56,174.86,672.95,17,30.59
4825,1816.122,1288.694,372269.36,4326887.81,210.02,28.05,148.53,270.65,7,14.88
4826,1820.599,1412.828,384682.82,4326440.10,553.05,138.38,408.78,877.04,9,17.35
4827,1813.623,1449.882,388388.20,4327137.69,228.47,45.41,135.62,284.75,8,15.46
4828,1819.252,1122.712,355671.23,4326574.84,259.81,26.51,189.73,356.35,10,17.95
4829,1824.826,1538.779,397277.85,4326017.40,393.81,154.58,135.43,686.95,17,24.48
4830,1817.711,1565.580,399957.95,4326728.91,256.23,50.97,133.38,344.37,11,21.93
4831,1823.740,1355.469,378946.92,4326125.98,226.97,57.88,153.47,517.43,4,20.76
4832,1820.127,1468.111,390211.09,4326487.31,156.95,29.58,110.52,209.56,4,16.84
4833,1821.509,1493.052,392705.18,4326349.06,351.53,87.49,225.03,551.62,6,24.41
4834,1830.705,938.807,337280.67,4325429.51,195.34,26.04,148.98,343.84,11,15.46
4835,1828.878,1138.143,357214.32,4325612.17,259.64,24.36,173.00,662.03,7,25.53
4836,1827.924,1165.671,359967.13,4325707.64,282.01,55.34,133.67,357.50,6,23.74
4837,1822.949,1329.277,376327.74,4326205.11,697.06,82.15,286.56,902.41,5,85.86
4838,1823.444,1387.340,382134.04,4326155.63,438.29,51.48,370.39,810.87,4,51.10
4839,1842.648,1448.823,388282.28,4324235.23,214.61,35.56,101.53,370.47,30,15.37
4840,1829.275,1051.423,348542.28,4325572.53,281.22,37.94,229.79,356.91,6,14.26
4841,1840.515,1061.514,349551.42,4324448.55,349.78,87.99,117.37,697.92,22,17.25
4842,1828.651,1114.339,354833.89,4325634.89,290.86,46.06,244.80,480.29,5,25.21
4843,1833.440,1413.165,384716.48,4325156.00,801.18,67.85,712.36,1118.71,6,37.63
4844,1831.732,1484.572,391857.24,4325326.83,211.97,7.25,150.01,225.85,4,19.62
4845,1836.003,1556.095,399009.54,4324899.69,313.52,30.33,258.01,360.88,17,26.20
4846,1841.312,1105.242,353924.16,4324368.78,257.08,54.34,142.73,474.85,7,26.85
4847,1832.786,1204.681,363868.14,4325221.38,309.25,20.33,242.94,334.98,4,18.65
4848,1833.701,1302.621,373662.06,4325129.85,156.16,8.55,147.61,273.37,5,17.14
4849,1850.171,1586.194,402019.36,4323482.93,316.69,66.90,147.66,489.89,26,21.81
4850,1843.653,1014.533,344853.27,4324134.71,258.94,93.11,105.51,378.63,15,19.73
4851,1846.777,1037.334,347133.41,4323822.31,363.30,73.20,195.46,478.26,13,17.41
4852,1841.142,1089.295,352329.54,4324385.77,172.01,26.87,129.53,316.38,6,20.58
4853,1842.907,1147.354,358135.40,4324209.35,219.62,47.70,114.75,360.24,8,23.80
4854,1835.670,1354.417,378841.67,4324933.04,276.81,34.24,193.28,311.65,4,20.33
4855,1844.762,1374.838,380883.85,4324023.76,256.42,40.23,115.76,408.41,12,22.33
4856,1842.114,1411.100,384510.04,4324288.65,504.13,229.39,252.89,785.67,4,37.04
4857,1838.726,1531.422,396542.24,4324627.43,238.35,61.37,150.06,307.41,4,22.02
4858,1846.372,947.031,338103.10,4323862.80,431.70,59.00,230.19,490.98,4,24.42
4859,1851.696,961.421,339542.13,4323330.41,238.06,35.74,131.01,669.72,20,16.49
4860,1846.548,1130.064,356406.35,4323845.20,267.15,108.07,123.57,534.36,18,25.05
4861,1846.667,1216.183,365018.25,4323833.32,420.67,99.58,302.35,652.06,5,42.60
4862,1848.178,1252.601,368660.11,4323682.19,139.14,13.28,119.34,197.91,6,14.74
4863,1846.583,1279.296,371329.58,4323841.67,171.54,1.74,160.37,202.00,5,14.50
4864,1847.309,1470.841,390484.06,4323769.08,238.49,70.47,148.93,312.29,6,15.70
4865,1854.232,1342.635,377663.51,4323076.83,155.18,37.06,101.16,251.83,15,16.28
4866,1856.026,1482.321,391632.14,4322897.43,256.60,39.02,131.40,305.17,10,20.57
4867,1851.283,1509.780,394377.96,4323371.70,268.46,40.50,216.86,308.96,5,25.84
4868,1859.764,948.459,338245.94,4322523.63,267.38,40.92,175.09,339.94,5,21.50
4869,1852.582,995.840,342984.04,4323241.77,206.93,42.45,151.34,311.36,6,15.29
4870,1855.287,1110.414,354441.38,4322971.29,161.49,7.56,126.57,169.05,3,15.33
4871,1859.575,1149.880,358387.95,4322542.45,290.41,44.95,125.56,338.33,8,21.51
4872,1861.193,1229.130,366312.99,4322380.71,276.19,62.83,176.06,522.55,30,24.69
4873,1860.268,1317.054,375105.37,4322473.21,212.11,10.75,171.59,238.78,6,22.97
4874,1856.732,1390.369,382436.95,4322826.76,292.41,62.35,136.21,469.63,6,22.07
4875,1857.834,1435.183,386918.35,4322716.63,278.70,26.08,232.71,344.10,8,15.05
4876,1858.672,1496.042,393004.25,4322632.82,209.46,10.45,192.49,292.72,6,16.54
4877,1854.987,1019.370,345336.97,4323001.34,215.32,57.41,157.91,307.49,5,15.99
4878,1857.888,1128.886,356288.58,4322711.24,244.55,33.31,113.81,277.86,5,16.10
4879,1870.423,973.368,340736.81,4321457.73,377.64,76.25,169.96,541.28,15,23.55
4880,1859.499,1059.580,349358.04,4322550.06,161.38,31.74,118.75,216.26,4,15.75
4881,1863.892,1075.376,350937.55,4322110.76,156.18,20.32,107.68,176.59,4,14.44
4882,1867.637,1328.164,376216.42,4321736.35,220.92,67.04,110.15,480.32,5,13.87
4883,1864.345,1422.629,385662.90,4322065.54,162.40,28.27,110.56,220.44,4,18.40
4884,1864.591,1460.589,389458.90,4322040.89,218.95,41.82,149.79,274.44,10,15.17
4885,1871.349,1532.050,396604.98,4321365.08,195.52,40.25,129.27,336.54,16,16.47
4886,1865.402,989.652,342365.18,4321959.79,195.75,15.82,160.57,221.83,4,15.88
4887,1880.675,1029.849,346384.88,4320432.51,383.59,93.50,160.37,761.62,44,19.92
4888,1867.363,1472.543,390654.25,4321763.71,216.50,26.57,171.97,250.64,4,16.85
4889,1867.893,1578.257,401225.70,4321710.75,153.14,6.81,146.33,358.08,5,14.12
4890,1874.608,1621.393,405539.32,4321039.17,221.69,38.23,140.33,269.99,11,14.95
4891,1871.462,1166.729,360072.94,4321353.78,210.24,54.32,102.25,380.17,8,19.44
4892,1870.698,1194.243,362824.26,4321430.18,266.26,20.92,103.04,306.77,4,18.49
4893,1874.360,1336.891,377089.12,4321064.01,208.74,40.63,127.21,431.89,8,17.51
4894,1876.263,1404.224,383822.42,4320873.73,244.87,38.53,115.75,396.06,13,19.77
4895,1871.910,1497.611,393161.12,4321308.98,174.47,26.18,121.18,292.43,7,12.19
4896,1872.735,1515.105,394910.53,4321226.49,215.43,33.28,152.68,419.59,5,25.76
4897,1871.744,1276.555,371055.50,4321325.61,235.78,29.05,200.61,286.16,4,22.48
4898,1882.738,1439.418,387341.81,4320226.22,183.08,31.56,102.29,262.54,10,16.31
4899,1879.491,1477.884,391188.38,4320550.94,377.35,72.38,290.23,652.06,4,29.04
4900,1880.917,998.188,343218.84,4320408.30,149.23,18.41,129.38,299.96,7,15.22
4901,1887.068,1145.757,357975.69,4319793.19,147.79,38.01,108.22,480.19,14,13.52
4902,1881.181,1359.012,379301.16,4320381.94,208.59,33.48,113.15,340.81,6,21.95
4903,1882.474,1063.533,349753.29,4320252.56,330.99,69.97,211.78,413.80,4,32.78
4904,1883.275,1265.657,369965.66,4320172.53,190.77,9.03,116.64,220.85,6,13.86
4905,1882.036,1103.044,353704.39,4320296.37,189.77,13.09,134.85,204.30,4,16.61
4906,1888.524,1421.297,385529.70,4319647.59,256.80,31.04,208.02,439.89,11,23.20
4907,1888.919,1318.043,375204.33,4319608.10,323.72,51.15,106.46,623.64,8,28.94
4908,1892.496,1344.752,377875.21,4319250.36,373.97,110.69,256.54,708.21,15,21.37
4909,1899.599,1374.214,380821.41,4318540.12,328.81,61.62,146.41,488.50,13,30.36
4910,1891.906,1391.967,382596.71,4319309.37,147.83,15.07,132.76,199.98,5,14.55
4911,1893.425,1405.998,383999.79,4319157.54,194.00,21.48,159.75,288.28,4,20.67
4912,1890.709,1480.521,391452.13,4319429.06,231.93,47.39,142.96,283.67,5,24.93
4913,1893.254,1554.158,398815.85,4319174.64,204.48,72.09,122.17,377.14,11,20.08
4914,1898.478,1187.343,362134.30,4318652.25,208.01,44.55,115.33,396.49,10,21.18
4915,1890.276,1582.943,401694.31,4319472.36,208.87,7.46,186.77,216.88,4,20.12
4916,1893.055,1641.128,407512.82,4319194.47,376.16,68.62,259.55,444.78,5,31.07
4917,1900.243,1664.001,409800.14,4318475.67,728.43,129.23,296.59,1038.89,15,31.62
4918,1902.332,1066.665,350066.47,4318266.80,195.48,41.82,108.07,326.94,16,19.05
4919,1912.112,1096.637,353063.69,4317288.75,208.56,56.67,106.05,508.44,41,15.05
4920,1898.540,1618.908,405290.82,4318645.96,177.31,31.06,126.24,219.69,5,15.89
4921,1904.475,1046.114,348011.41,4318052.54,461.97,69.46,279.69,666.64,9,35.77
4922,1903.858,1145.568,357956.79,4318114.19,422.97,29.26,304.86,476.39,11,15.68
4923,1911.111,1408.498,384249.83,4317388.89,281.22,69.11,129.04,599.10,31,19.72
4924,1898.318,1499.456,393345.62,4318668.16,172.46,17.50,151.23,209.85,4,18.72
4925,1904.339,1546.418,398041.81,4318066.09,226.46,56.51,154.78,339.59,4,18.01
4926,1912.428,1340.353,377435.31,4317257.19,352.60,51.27,204.02,619.89,15,27.96
4927,1906.395,1439.037,387303.66,4317860.54,185.69,66.75,111.75,298.11,7,20.65
4928,1912.978,1650.471,408447.07,4317202.19,294.19,82.76,142.14,509.82,15,21.99
4929,1909.429,1682.960,411696.03,4317557.11,381.63,83.24,298.39,540.61,5,28.29
4930,1907.014,1080.688,351468.76,4317798.60,222.93,17.51,136.76,240.44,3,23.95
4931,1914.861,1161.198,359519.83,4317013.87,333.66,145.47,136.27,697.13,9,22.37
4932,1903.709,1316.403,375040.33,4318129.11,285.89,80.76,199.78,466.26,4,28.24
4933,1920.986,1565.548,399954.80,4316401.37,337.41,85.90,127.55,642.59,25,19.51
4934,1926.809,999.167,343316.69,4315819.08,293.70,84.71,177.87,477.21,10,24.94
4935,1911.583,1219.900,365390.00,4317341.67,175.30,43.87,131.43,273.66,7,19.50
4936,1910.563,1275.135,370913.46,4317443.70,156.56,13.47,122.80,177.68,4,15.33
4937,1915.910,1356.483,379048.34,4316909.02,178.81,6.99,108.03,434.98,7,20.64
4938,1916.213,1591.250,402524.97,4316878.72,250.19,77.62,127.64,375.58,10,17.84
4939,1912.268,1612.484,404648.44,4317273.25,126.60,15.65,108.56,304.06,6,16.18
4940,1919.817,1690.741,412474.13,4316518.32,375.46,59.00,237.25,481.97,4,40.80
4941,1918.083,1138.845,357284.52,4316691.69,296.74,50.24,225.12,392.15,4,16.30
4942,1922.657,1173.691,360769.10,4316234.25,395.36,21.54,235.96,441.93,7,22.49
4943,1922.231,1183.854,361785.39,4316276.86,173.08,15.16,145.45,216.77,4,13.91
4944,1919.687,1268.831,370283.13,4316531.31,173.85,1.07,172.03,318.96,4,12.96
4945,1925.874,1493.484,392748.36,4315912.59,232.24,26.52,149.10,333.64,10,16.24
4946,1921.507,1545.397,397939.68,4316349.27,423.99,85.21,185.27,509.20,7,17.83
4947,1925.440,1661.084,409508.35,4315955.98,272.04,18.56,198.77,346.29,8,23.63
4948,1925.254,1067.316,350131.65,4315974.62,226.22,44.73,158.35,385.45,4,24.95
4949,1929.321,1126.569,356056.91,4315567.86,228.13,77.88,116.61,430.51,12,17.53
4950,1928.250,1259.791,369379.09,4315674.99,469.10,83.81,340.51,552.92,5,15.52
4951,1926.596,1460.148,389414.81,4315840.39,208.79,22.67,141.13,257.65,8,18.53
4952,1928.095,1613.709,404770.85,4315690.47,232.68,49.35,154.92,282.03,5,20.07
4953,1923.356,1680.046,411404.60,4316164.38,297.40,36.70,199.87,334.11,3,19.35
4954,1935.357,1192.882,362688.23,4314964.26,162.77,25.29,108.70,204.31,11,16.14
4955,1936.735,1481.557,391555.74,4314826.54,218.15,30.03,167.25,497.15,10,20.39
4956,1936.197,1041.160,347515.99,4314880.29,461.87,129.64,200.88,740.87,12,24.88
4957,1934.921,1223.336,365733.61,4315007.90,226.18,23.73,186.14,282.46,4,19.07
4958,1936.827,1255.802,368980.19,4314817.27,315.83,30.75,152.62,350.40,4,15.47
4959,1932.325,1274.849,370884.92,4315267.46,336.16,47.90,170.57,412.73,5,41.11
4960,1937.898,1354.780,378878.01,4314710.15,172.37,49.61,108.61,266.27,9,20.41
4961,1937.389,1406.487,384048.71,4314761.12,203.89,64.48,105.06,404.30,12,21.72
4962,1936.380,1431.473,386547.32,4314861.96,236.63,7.09,138.50,262.42,5,19.19
4963,1938.227,1512.581,394658.12,4314677.35,195.42,46.40,108.26,329.46,18,18.98
4964,1940.186,1530.397,396439.74,4314481.40,411.12,113.21,197.02,712.04,10,22.22
4965,1930.053,1597.161,403116.14,4315494.72,279.81,13.45,259.28,293.64,4,24.58
4966,1937.463,1606.376,404037.64,4314753.70,351.58,37.01,249.11,419.38,6,31.44
4967,1930.523,1649.671,408367.13,4315447.70,307.45,99.19,141.46,560.97,4,19.76
4968,1941.959,1109.119,354311.93,4314304.13,310.66,33.11,264.55,420.00,4,16.82
4969,1952.727,1270.637,370463.69,4313227.29,292.24,108.70,113.62,746.36,16,28.53
4970,1942.001,1297.984,373198.37,4314299.93,169.03,34.41,102.48,304.97,15,17.90
4971,1943.267,1628.997,406299.74,4314173.29,214.75,17.82,188.89,235.82,4,26.96
4972,1940.691,1666.039,410003.89,4314430.93,287.01,98.01,154.13,414.93,4,19.18
4973,1943.623,1218.074,365207.43,4314137.67,243.90,5.50,236.84,268.63,4,21.27
4974,1950.803,1490.032,392403.21,4313419.70,222.32,69.04,125.34,345.20,11,17.75
4975,1951.663,1140.183,357418.34,4313333.73,301.18,39.18,133.65,426.54,7,38.10
4976,1946.192,1159.423,359342.26,4313880.78,284.63,25.82,134.80,310.46,7,16.80
4977,1951.548,1237.419,367141.93,4313345.16,337.24,123.29,156.65,600.44,12,20.69
4978,1960.864,1565.817,399981.75,4312413.63,313.74,86.46,140.14,787.35,16,18.94
4979,1951.971,1063.202,349720.24,4313302.95,439.67,58.56,342.95,727.27,4,43.31
4980,1945.010,1253.856,368785.63,4313998.96,208.79,25.21,167.59,239.37,4,14.90
4981,1953.635,1300.103,373410.28,4313136.52,168.03,26.94,131.16,255.37,6,20.58
4982,1950.428,1314.623,374862.27,4313457.21,209.34,35.49,162.74,250.62,4,14.67
4983,1953.646,1361.773,379577.26,4313135.42,196.44,28.45,127.07,262.08,5,16.24
4984,1958.734,1673.063,410706.29,4312626.57,302.69,18.65,210.44,321.34,5,31.77
4985,1958.747,1216.224,365022.37,4312625.29,370.86,90.30,237.43,682.96,16,22.21
4986,1957.982,1387.484,382148.35,4312701.84,214.97,59.72,122.79,328.74,9,16.55
4987,1955.280,1445.859,387985.88,4312972.00,162.26,43.67,117.85,349.91,8,16.85
4988,1953.266,1605.572,403957.20,4313173.37,242.43,45.77,181.54,291.91,6,23.44
4989,1957.823,1627.335,406133.51,4312717.67,529.46,87.10,317.78,703.73,8,32.66
4990,1966.916,1102.153,353615.32,4311808.38,249.48,42.31,151.76,547.13,22,22.27
4991,1963.274,1505.826,393982.61,4312172.64,313.51,48.23,202.71,596.74,13,30.00
4992,1964.499,1534.682,396868.24,4312050.11,653.53,45.08,434.96,735.31,4,20.17
4993,1963.305,1120.874,355487.43,4312169.49,190.64,53.50,137.13,371.85,5,22.70
4994,1961.611,1347.470,378147.03,4312338.95,336.27,98.63,146.92,434.90,7,32.80
4995,1965.524,1402.702,383670.18,4311947.59,297.33,15.60,243.27,402.87,5,19.64
4996,1964.994,1416.982,385098.18,4312000.56,357.41,55.38,259.32,562.57,9,24.15
4997,1967.286,1068.702,350270.20,4311771.36,590.18,65.25,488.31,771.33,8,29.62
4998,1962.141,1200.129,363412.89,4312285.86,290.01,71.26,195.11,406.27,4,20.86
4999,1979.219,1300.137,373413.66,4310578.06,254.95,54.10,130.56,448.69,23,22.27
5000,1966.624,1338.348,377234.75,4311837.59,215.45,67.72,138.04,404.40,11,17.88
5001,1964.942,1429.546,386354.55,4312005.84,286.65,39.56,229.46,420.16,6,13.41
5002,1967.418,1453.755,388775.53,4311758.18,446.78,80.30,343.88,603.43,9,20.26
5003,1967.605,1481.255,391525.55,4311739.50,256.98,59.68,151.25,404.95,7,22.24
5004,2007.463,1582.044,401604.40,4307753.73,302.81,106.66,104.25,758.97,68,20.28
5005,1980.789,1179.895,361389.46,4310421.07,239.77,35.40,161.33,415.61,25,17.49
5006,1970.430,1235.163,366916.31,4311457.04,404.72,136.18,233.93,700.06,8,17.61
5007,1973.617,1282.000,371599.96,4311138.26,158.13,27.14,102.50,237.82,7,11.80
5008,1974.080,1524.889,395888.90,4311092.01,492.31,156.61,335.70,732.95,5,48.60
5009,1978.137,1544.787,397878.72,4310686.25,503.05,50.48,369.22,583.36,6,20.07
5010,1979.899,1078.165,351216.54,4310510.13,492.66,126.36,131.84,619.01,7,25.10
5011,1975.037,1258.496,369249.57,4310996.35,364.56,113.77,183.85,694.75,6,17.58
5012,1974.481,1316.771,375077.05,4311051.90,186.22,50.36,121.75,259.32,4,16.22
5013,1976.267,1378.131,381213.09,4310873.27,252.00,70.00,106.13,322.01,5,24.43
5014,1972.075,1438.927,387292.75,4311292.53,442.83,65.82,261.91,544.99,6,24.75
5015,1978.345,1470.340,390433.98,4310665.52,442.44,98.50,222.88,540.94,7,19.91
5016,1980.799,1575.793,400979.28,4310420.11,225.94,64.78,129.24,333.02,11,22.14
5017,1982.480,1106.884,354088.41,4310252.02,158.66,2.91,153.55,170.80,4,17.67
5018,1982.014,1150.997,358499.67,4310298.58,203.41,34.61,147.02,245.08,6,18.44
5019,1977.608,1409.802,384380.20,4310739.20,498.32,45.82,250.37,712.54,7,29.51
5020,1981.202,1554.455,398845.53,4310379.77,206.49,65.52,106.24,321.95,5,18.98
5021,1975.927,1622.702,405670.19,4310907.32,564.09,33.30,498.64,644.27,4,13.49
5022,1983.684,1093.252,352725.19,4310131.61,136.66,11.91,116.55,260.43,7,17.92
5023,1995.399,1484.546,391854.60,4308960.12,411.49,122.30,118.78,712.12,23,18.12
5024,1986.519,1654.482,408848.23,4309848.11,336.08,48.34,246.18,446.58,8,30.61
5025,1989.224,1680.804,411480.44,4309577.65,1421.73,248.86,1098.01,2050.03,6,49.52
5026,1994.095,1236.621,367062.08,4309090.47,259.27,104.25,148.14,396.82,8,13.47
5027,2000.637,1298.079,373207.88,4308436.28,201.49,28.89,138.99,328.73,12,24.23
5028,1996.049,1429.379,386337.90,4308895.09,770.22,34.83,631.50,864.87,8,19.68
5029,1990.911,1472.766,390676.57,4309408.95,504.58,33.85,470.73,686.44,3,50.89
5030,1990.580,1544.879,397887.94,4309442.01,217.10,30.82,144.82,270.53,4,15.45
5031,1991.920,1583.564,401756.43,4309308.03,221.86,36.09,142.08,275.65,4,16.90
5032,1998.255,1220.170,365416.96,4308674.45,301.89,68.83,112.68,484.61,13,19.39
5033,1997.219,1250.034,368403.38,4308778.08,641.62,59.95,570.29,744.04,4,39.18
5034,1986.648,1264.010,369800.97,4309835.16,458.20,81.46,339.95,583.05,4,23.41
5035,1998.139,1271.135,370513.49,4308686.06,336.30,55.62,267.01,507.66,7,17.17
5036,2001.782,1384.702,381870.23,4308321.80,373.06,101.55,240.38,661.87,5,22.54
5037,2000.615,1449.580,388358.04,4308438.47,1057.29,143.47,506.07,1260.60,8,46.91
5038,2002.434,1082.640,351664.02,4308256.58,538.79,108.06,196.73,646.85,5,19.20
5039,2004.484,1176.755,361075.52,4308051.56,332.56,17.78,281.66,453.73,5,39.77
5040,2004.227,1237.433,367143.31,4308077.28,186.99,13.64,168.93,282.19,4,18.12
5041,2000.499,1364.915,379891.49,4308450.06,228.08,27.05,164.08,319.10,5,19.38
5042,2016.118,1100.717,353471.73,4306888.24,268.00,62.70,146.79,521.60,32,20.13
5043,2008.438,1250.506,368450.59,4307656.24,280.30,15.70,203.09,366.56,7,12.86
5044,2005.558,1349.432,378343.21,4307944.19,163.51,11.71,143.40,232.62,4,15.34
5045,2004.260,1527.911,396191.14,4308073.96,185.88,22.93,162.96,269.82,5,18.03
5046,2010.786,1553.339,398733.92,4307421.43,163.02,40.32,101.39,388.43,22,16.84
5047,2008.994,1638.649,407264.92,4307600.62,142.71,24.61,105.52,254.24,8,12.64
5048,2009.517,1127.300,356129.97,4307548.30,165.83,25.02,117.49,368.66,10,15.66
5049,2007.466,1193.783,362778.30,4307753.44,248.61,34.81,162.98,306.13,6,25.25
5050,2012.031,1378.520,381252.02,4307296.95,338.40,75.94,129.45,414.34,9,19.12
5051,2013.346,1082.291,351629.12,4307165.39,578.88,11.32,498.15,590.19,5,30.77
5052,2023.426,1280.946,371494.57,4306157.38,264.50,43.52,199.04,472.64,11,14.44
5053,2017.442,1368.151,380215.06,4306755.77,232.62,103.97,102.01,365.51,6,17.49
5054,2018.876,1199.509,363350.92,4306612.41,308.76,16.59,247.40,341.84,4,20.23
5055,2021.466,1263.712,369771.22,4306353.44,519.73,22.56,415.53,557.37,6,26.48
5056,2019.748,1492.104,392610.42,4306525.22,713.70,11.37,643.96,752.95,5,31.93
5057,2025.240,1516.275,395027.48,4305976.00,389.32,91.28,201.75,637.59,18,21.64
5058,2028.701,1532.674,396667.40,4305629.90,188.12,41.46,111.01,402.54,11,16.66
5059,2023.355,1115.845,354984.52,4306164.45,266.35,16.86,249.49,363.21,5,14.09
5060,2031.483,1360.333,379433.29,4305351.71,209.57,44.41,112.81,302.76,18,14.52
5061,2029.875,1382.857,381685.72,4305512.46,428.70,112.38,262.15,669.90,17,18.57
5062,2027.100,1421.433,385543.32,4305790.04,454.87,20.99,405.61,788.72,5,45.34
5063,2025.199,1436.606,387060.60,4305980.07,379.74,52.89,298.50,593.45,7,32.21
5064,2026.971,1594.042,402804.24,4305802.91,340.80,100.74,240.06,810.68,5,23.18
5065,2042.634,1074.309,350830.86,4304236.65,466.55,153.25,173.79,1105.59,25,30.62
5066,2031.515,1168.952,360295.21,4305348.54,174.67,14.47,100.61,239.46,11,19.97
5067,2025.207,1179.876,361387.62,4305979.30,170.60,18.79,137.38,229.33,5,19.49
5068,2028.252,1308.906,374290.62,4305674.78,279.15,38.76,192.75,398.62,11,13.50
5069,2038.192,1238.840,367283.97,4304680.78,286.92,49.36,153.87,467.83,27,20.39
5070,2028.262,1297.817,373181.73,4305673.77,349.97,40.55,171.58,518.35,6,30.11
5071,2039.219,1062.947,349694.67,4304578.06,711.32,397.49,288.10,1294.19,8,41.53
5072,2034.280,1411.112,384511.19,4305072.05,568.02,51.47,457.28,631.56,4,31.29
5073,2034.865,1480.288,391428.79,4305013.53,462.62,118.10,170.42,602.27,6,22.55
5074,2044.638,1120.338,355433.79,4304036.15,334.33,63.19,193.31,418.68,7,14.30
5075,2051.846,1266.258,370025.83,4303315.41,259.61,95.18,137.45,546.08,20,20.20
5076,2047.054,1451.410,388541.02,4303794.57,736.89,125.99,326.77,1122.82,27,35.98
5077,2046.354,1496.712,393071.22,4303864.60,333.87,48.80,187.05,490.37,14,17.78
5078,2040.865,1698.733,413273.25,4304413.55,898.66,271.41,445.18,1377.00,4,53.32
5079,2047.931,1300.036,373403.64,4303706.92,344.81,69.96,138.63,463.34,11,25.40
5080,2042.972,1411.872,384587.23,4304202.80,561.98,25.90,427.22,591.69,4,39.42
5081,2046.468,1513.264,394726.45,4303853.24,206.25,28.29,113.46,300.70,7,15.78
5082,2048.387,1586.885,402088.54,4303661.34,218.84,52.82,119.62,326.80,8,16.01
5083,2046.186,1136.720,357072.04,4303881.37,179.93,1.51,176.57,332.67,5,15.84
5084,2047.978,1182.064,361606.36,4303702.25,165.64,24.96,137.56,368.47,6,20.13
5085,2054.045,1284.273,371827.35,4303095.51,282.50,11.93,189.51,364.31,8,22.08
5086,2048.794,1355.579,378957.87,4303620.59,174.21,24.98,117.84,261.87,8,16.55
5087,2050.363,1381.264,381526.39,4303463.74,406.69,111.05,267.68,685.68,6,25.40
5088,2051.046,1421.560,385556.04,4303395.45,415.70,22.10,257.72,604.54,7,20.54
5089,2058.260,1109.100,354310.01,4302674.01,325.84,43.47,176.44,460.70,16,20.43
5090,2048.231,1394.039,382803.92,4303676.87,463.33,25.68,373.26,502.81,4,10.60
5091,2053.312,1407.649,384164.95,4303168.78,639.73,61.91,554.97,809.49,7,37.53
5092,2057.165,1147.068,358106.84,4302783.49,185.89,30.48,124.65,356.22,9,15.08
5093,2056.800,1363.806,379780.57,4302820.04,336.73,96.47,155.22,585.41,11,22.64
5094,2055.413,1472.982,390698.15,4302958.70,333.57,84.01,187.44,577.57,8,33.32
5095,2061.616,1599.419,403341.93,4302338.44,192.66,37.59,103.66,617.77,14,19.80
5096,2064.332,1297.614,373161.37,4302066.84,269.78,73.66,122.60,477.55,13,19.43
5097,2062.310,1318.010,375201.04,4302268.99,210.60,33.67,157.46,422.11,11,16.64
5098,2078.666,1630.570,406457.04,4300633.39,399.44,88.79,170.21,1414.79,32,22.78
5099,2060.483,1514.713,394871.33,4302451.66,210.37,25.85,175.01,270.33,4,15.79
5100,2064.116,1705.368,413936.78,4302088.39,256.87,57.26,199.61,462.64,7,19.79
5101,2067.267,1748.208,418220.77,4301773.27,510.32,171.25,302.37,708.83,7,20.65
5102,2071.554,1076.474,351047.44,4301344.63,522.71,82.83,305.47,711.08,11,29.20
5103,2070.703,1464.057,389805.69,4301429.73,402.75,88.01,301.03,811.47,8,33.24
5104,2072.459,1494.631,392863.07,4301254.06,242.72,54.33,112.48,433.00,22,15.09
5105,2064.473,1649.207,408320.71,4302052.69,685.78,78.77,538.31,1185.44,8,30.09
5106,2075.463,1476.976,391097.57,4300953.70,230.95,62.15,162.76,341.38,5,20.94
5107,2076.586,1684.964,411896.37,4300841.40,216.38,32.85,144.37,346.18,17,16.13
5108,2082.581,1240.612,367461.17,4300241.93,185.48,40.34,121.21,518.00,17,17.07
5109,2079.343,1285.670,371967.03,4300565.68,296.44,21.79,198.79,327.24,6,20.71
5110,2077.671,1373.944,380794.37,4300732.92,303.57,79.64,140.86,678.29,15,23.02
5111,2081.226,1400.033,383403.29,4300377.40,454.97,72.36,248.39,695.93,14,13.97
5112,2089.453,1660.482,409448.21,4299554.72,277.20,65.50,137.14,805.75,19,18.25
5113,2074.136,1136.627,357062.69,4301086.44,301.95,7.34,292.42,338.19,4,35.21
5114,2075.196,1252.498,368649.77,4300980.36,166.46,6.39,128.30,173.70,4,12.16
5115,2080.004,1306.255,374025.50,4300499.62,239.30,35.85,153.72,333.24,7,23.76
5116,2094.211,1419.597,385359.70,4299078.85,352.20,83.67,153.16,524.83,31,17.63
5117,2086.663,1710.754,414475.35,4299833.67,204.36,67.70,104.00,479.29,27,15.89
5118,2085.924,1736.643,417064.34,4299907.64,262.26,49.90,149.74,579.40,17,24.91
5119,2093.061,1517.592,395159.22,4299193.91,263.83,45.23,114.46,534.56,24,14.52
5120,2079.011,1536.454,397045.41,4300598.87,271.14,53.56,211.10,416.57,5,14.79
5121,2080.889,1573.193,400719.29,4300411.12,209.67,54.38,139.08,291.52,6,20.92
5122,2095.850,1147.512,358151.22,4298914.97,375.32,86.15,146.04,612.93,15,26.66
5123,2089.651,1446.226,388022.64,4299534.88,277.51,79.99,173.60,569.04,14,23.21
5124,2091.510,1481.201,391520.08,4299349.04,214.14,37.97,143.31,392.95,11,16.22
5125,2085.772,1546.512,398051.17,4299922.78,244.58,11.59,127.85,256.62,4,21.01
5126,2093.906,1395.509,382950.95,4299109.41,454.94,47.98,277.91,534.98,4,21.55
5127,2096.609,1609.060,404306.05,4298839.07,327.39,60.46,189.04,508.45,12,20.54
5128,2098.826,1280.449,371444.95,4298617.43,254.41,47.71,146.24,396.64,8,24.94
5129,2100.775,1134.779,356877.93,4298422.46,185.71,22.56,127.21,210.23,4,14.12
5130,2104.877,1389.021,382302.12,4298012.28,179.37,15.25,137.11,285.23,6,17.00
5131,2102.937,1577.904,401190.35,4298206.32,257.21,23.70,228.40,655.08,6,22.73
5132,2112.343,1548.089,398208.95,4297265.67,315.91,89.15,124.18,515.31,27,15.69
5133,2116.342,1595.687,402968.72,4296865.75,411.14,123.22,135.27,680.73,17,24.58
5134,2112.440,1431.628,386562.82,4297255.99,204.85,82.42,122.43,367.90,5,26.73
5135,2112.911,1448.982,388298.16,4297208.89,169.32,37.25,102.88,336.46,6,19.75
5136,2115.166,1500.155,393415.47,4296983.43,153.97,44.41,109.56,265.23,7,13.44
5137,2119.789,1575.931,400993.05,4296521.06,402.62,62.32,298.59,574.35,16,29.89
5138,2115.643,1637.334,407133.44,4296935.70,342.29,72.24,129.31,418.12,9,23.57
5139,2114.060,1655.889,408988.94,4297093.95,215.07,43.49,125.24,258.56,7,15.15
5140,2108.766,1681.943,411594.34,4297623.37,169.96,26.19,102.82,312.54,7,13.39
5141,2119.901,1296.221,373022.06,4296509.93,247.97,60.20,103.93,409.28,15,21.48
5142,2109.424,1482.228,391622.84,4297557.65,164.73,39.44,104.87,260.45,4,15.41
5143,2112.305,1704.805,413880.52,4297269.49,265.69,30.91,211.58,325.99,4,22.99
5144,2117.996,1728.108,416210.80,4296700.43,167.30,28.08,124.04,300.53,6,16.36
5145,2115.162,1717.402,415140.17,4296983.77,304.22,146.59,139.96,450.80,3,24.25
5146,2124.947,1166.695,360069.45,4296005.33,332.41,133.17,149.04,511.82,7,33.08
5147,2123.523,1419.463,385346.34,4296147.71,301.15,50.05,213.24,408.06,6,11.37
5148,2121.387,1486.705,392070.51,4296361.29,221.05,33.41,173.37,285.37,6,17.17
5149,2128.703,1682.996,411699.61,4295629.66,158.91,33.44,101.36,428.49,24,13.78
5150,2126.834,1281.350,371534.98,4295816.55,179.26,13.37,154.53,214.33,4,17.85
5151,2125.791,1337.053,377105.28,4295920.91,289.98,17.43,244.23,317.21,6,22.13
5152,2132.684,1430.978,386497.79,4295231.55,192.12,27.71,117.46,425.46,11,16.21
5153,2131.178,1525.454,395945.44,4295382.21,305.50,52.78,212.42,475.13,13,18.79
5154,2130.582,1556.548,399054.81,4295441.84,377.90,126.39,195.01,504.29,5,24.65
5155,2132.053,1352.929,378692.92,4295294.75,293.26,28.24,192.73,467.41,7,25.41
5156,2128.639,1403.981,383798.09,4295636.12,166.30,3.78,100.97,172.88,5,19.94
5157,2139.307,1602.961,403696.09,4294569.35,440.19,92.20,224.07,921.49,15,23.23
5158,2136.559,1150.716,358471.58,4294844.15,182.40,33.00,149.40,387.75,7,15.05
5159,2139.911,1276.168,371016.83,4294508.91,199.30,43.31,131.49,278.87,12,20.93
5160,2138.157,1297.438,373143.82,4294684.34,200.57,60.15,132.37,305.54,7,15.98
5161,2140.429,1388.604,382260.37,4294457.10,419.35,160.96,129.97,754.23,17,25.21
5162,2134.345,1491.245,392524.51,4295065.46,178.96,34.70,104.70,221.18,4,17.20
5163,2137.105,1710.986,414498.64,4294789.49,241.70,53.04,138.29,338.09,10,19.69
5164,2135.460,1728.779,416277.91,4294954.04,206.28,62.59,137.92,316.20,6,24.39
5165,2136.734,1129.376,356337.60,4294826.59,192.10,17.71,162.60,266.03,4,20.46
5166,2141.660,1407.766,384176.56,4294334.02,200.83,41.20,159.63,278.63,9,19.20
5167,2145.028,1534.573,396857.32,4293997.20,262.51,48.15,200.79,408.69,9,19.44
5168,2139.279,1547.015,398101.52,4294572.06,394.88,48.74,213.79,484.70,4,21.25
5169,2145.591,1584.477,401847.74,4293940.92,345.53,84.93,242.32,636.22,8,21.84
5170,2140.688,1615.954,404995.41,4294431.23,290.25,79.76,153.05,408.83,5,17.92
5171,2150.097,1342.614,377661.40,4293490.31,247.16,75.77,125.00,589.26,28,18.63
5172,2144.102,1563.260,399726.03,4294089.83,482.33,87.68,382.47,728.23,4,38.29
5173,2157.420,1458.394,389239.42,4292758.00,239.39,30.37,103.01,412.24,24,19.30
5174,2144.170,1513.417,394741.66,4294083.01,249.48,76.55,131.58,344.93,4,18.78
5175,2156.175,1132.272,356627.24,4292882.54,179.09,50.83,119.89,322.11,12,15.19
5176,2153.440,1295.091,372909.13,4293156.01,171.88,4.64,165.21,337.71,6,21.47
5177,2154.392,1372.407,380640.67,4293060.78,397.96,138.96,163.93,636.96,14,26.33
5178,2150.749,1658.279,409227.92,4293425.12,345.20,22.44,190.55,373.26,4,22.06
5179,2148.027,1779.252,421325.23,4293697.27,210.65,56.10,149.25,313.35,4,16.93
5180,2151.503,1791.825,422582.54,4293349.66,248.06,50.61,161.67,362.63,6,18.57
5181,2168.143,1802.976,423697.59,4291685.68,200.70,39.32,115.09,362.30,22,17.47
5182,2154.399,1147.182,358118.23,4293060.06,224.67,44.41,170.56,501.42,6,22.63
5183,2162.154,1260.681,369468.13,4292284.62,295.55,71.80,156.41,454.63,21,20.99
5184,2155.053,1315.635,374963.52,4292994.73,188.77,34.89,123.67,341.78,4,21.04
5185,2158.486,1493.735,392773.54,4292651.42,216.40,43.16,153.54,283.13,6,17.28
5186,2152.976,1545.298,397929.83,4293202.42,262.06,31.32,177.34,338.20,7,15.08
5187,2157.817,1567.700,400170.03,4292718.28,198.94,29.04,137.39,292.99,7,12.63
5188,2168.566,1658.676,409267.63,4291643.44,246.07,67.77,128.29,623.91,21,19.18
5189,2158.023,1158.505,359250.54,4292697.75,304.76,3.34,242.11,369.66,5,19.91
5190,2169.459,1508.600,394260.00,4291554.09,206.27,53.02,152.92,478.81,20,23.76
5191,2157.681,1524.397,395839.68,4292731.87,180.33,18.20,129.46,258.84,6,13.52
5192,2160.363,1581.776,401577.56,4292463.71,293.18,124.09,140.21,478.26,9,31.09
5193,2162.376,1749.827,418382.67,4292262.41,217.95,31.02,104.88,318.32,13,19.00
5194,2167.198,1234.350,366835.04,4291780.21,198.83,49.76,131.58,375.35,11,21.25
5195,2162.205,1286.501,372050.08,4292279.49,232.08,31.33,128.77,266.28,4,19.68
5196,2167.688,1185.500,361950.00,4291731.17,220.57,72.25,109.46,354.77,8,17.00
5197,2170.368,1391.436,382543.56,4291463.22,276.48,67.10,168.77,507.00,9,17.97
5198,2168.611,1545.681,397968.13,4291638.88,256.57,58.60,149.99,445.06,6,17.76
5199,2174.539,1215.232,364923.18,4291046.12,187.09,49.84,124.36,343.00,8,21.71
5200,2165.063,1300.078,373407.77,4291993.68,260.14,20.80,152.50,309.19,5,26.47
5201,2168.546,1479.193,391319.34,4291645.38,161.47,19.94,134.16,196.76,4,15.86
5202,2167.594,1719.552,415355.18,4291740.59,208.54,13.22,178.21,255.10,6,20.86
5203,2181.131,1426.899,386089.87,4290386.94,178.96,7.77,114.32,321.43,15,20.38
5204,2180.017,1561.658,399565.78,4290498.26,248.83,40.15,208.68,390.27,7,21.44
5205,2180.065,1368.912,380291.24,4290493.53,329.07,17.52,310.15,409.14,4,37.31
5206,2190.821,1543.692,397769.18,4289417.88,280.62,38.10,188.50,347.65,14,18.52
5207,2180.551,1754.537,418853.65,4290444.94,163.61,9.76,135.13,179.15,4,16.90
5208,2181.389,1129.615,356361.46,4290361.07,149.72,37.37,112.35,240.56,5,13.51
5209,2182.485,1151.712,358571.23,4290251.47,283.04,23.19,190.84,315.76,5,16.17
5210,2188.877,1399.161,383316.15,4289612.26,304.18,109.02,120.03,567.35,25,22.28
5211,2183.253,1494.088,392808.77,4290174.66,234.93,46.51,104.72,287.47,7,21.15
5212,2180.321,1711.709,414570.92,4290467.86,317.59,29.60,255.44,578.03,5,27.60
5213,2186.509,1740.993,417499.32,4289849.12,127.52,17.96,107.22,187.60,7,13.10
5214,2186.271,1262.476,369647.61,4289872.93,183.54,8.11,172.70,230.58,4,18.14
5215,2181.846,1531.853,396585.33,4290315.44,212.65,19.93,112.80,232.83,4,15.25
5216,2194.278,1636.871,407087.11,4289072.22,183.82,47.90,105.61,303.24,19,13.38
5217,2187.058,1660.002,409400.20,4289794.17,231.15,71.41,145.18,578.61,7,17.71
5218,2191.054,1161.332,359533.21,4289394.60,223.38,23.43,112.77,382.75,12,14.69
5219,2197.354,1185.820,361982.00,4288764.62,252.47,58.39,142.56,408.22,26,19.00
5220,2192.644,1454.643,388864.33,4289235.58,149.29,23.70,113.33,182.73,4,15.94
5221,2191.000,1527.783,396178.29,4289399.97,149.96,9.65,113.66,162.36,4,14.05
5222,2192.929,1721.986,415598.65,4289207.14,170.72,15.89,129.73,188.88,4,14.92
5223,2191.844,1752.333,418633.31,4289315.64,217.71,13.08,196.18,277.37,4,21.76
5224,2198.056,1274.415,370841.48,4288694.35,220.74,35.98,165.81,320.13,8,24.16
5225,2194.512,1291.432,372543.19,4289048.79,140.89,18.94,121.59,189.58,6,17.58
5226,2194.860,1437.419,387141.94,4289014.01,232.92,24.36,112.73,285.75,5,13.13
5227,2199.723,1507.325,394132.49,4288527.69,270.70,3.38,235.63,276.52,4,17.65
5228,2199.394,1773.956,420795.63,4288560.56,221.84,53.53,158.21,328.71,6,27.27
5229,2210.705,1234.861,366886.11,4287429.53,196.65,69.64,101.69,462.46,41,19.98
5230,2201.017,1463.070,389707.00,4288398.32,183.39,14.67,104.59,198.06,5,18.69
5231,2202.201,1618.809,405280.88,4288279.86,170.25,27.56,101.49,243.81,12,19.79
5232,2206.503,1695.237,412923.70,4287849.73,295.04,100.63,175.01,401.90,6,23.33
5233,2206.331,1749.827,418382.73,4287866.92,206.90,41.67,144.25,453.94,14,15.62
5234,2207.858,1130.311,356431.13,4287714.23,221.79,24.26,121.54,314.88,10,14.18
5235,2208.998,1326.802,376080.16,4287600.16,191.20,10.87,173.04,318.54,4,17.85
5236,2207.210,1370.250,380425.03,4287779.04,347.75,215.90,114.55,563.65,7,17.71
5237,2204.815,1659.842,409384.23,4288018.55,125.34,15.28,102.08,245.43,6,14.35
5238,2207.717,1153.243,358724.35,4287728.28,310.96,48.27,262.69,424.73,5,21.12
5239,2212.564,1415.698,384969.82,4287243.64,378.87,37.29,140.27,438.69,8,33.57
5240,2209.226,1776.526,421052.58,4287577.42,364.08,22.51,321.91,453.11,4,29.65
5241,2211.476,1164.440,359844.00,4287352.38,279.35,49.51,205.22,356.27,4,20.58
5242,2221.351,1183.992,361799.21,4286364.93,320.61,50.84,192.60,434.83,15,19.93
5243,2214.551,1197.617,363161.73,4287044.86,280.96,17.79,240.12,405.82,5,17.95
5244,2216.576,1342.680,377667.96,4286842.38,228.28,35.61,177.95,394.16,7,14.32
5245,2218.827,1461.813,389581.26,4286617.33,200.53,29.01,171.52,266.46,5,24.84
5246,2223.367,1317.165,375116.53,4286163.32,275.51,60.87,154.35,497.07,18,23.86
5247,2221.129,1388.752,382275.17,4286387.06,319.61,87.71,142.45,413.03,8,21.37
5248,2217.061,1496.847,393084.66,4286793.93,234.77,42.59,179.53,307.09,6,21.54
5249,2221.431,1551.533,398553.29,4286356.89,211.33,58.17,121.06,481.68,13,24.52
5250,2221.281,1754.842,418884.16,4286371.90,395.63,75.61,181.16,663.70,18,23.69
5251,2228.655,1355.050,378905.01,4285634.52,364.47,34.60,269.64,458.47,14,14.66
5252,2225.533,1624.138,405813.75,4285946.68,201.07,36.01,119.08,476.29,23,23.52
5253,2222.633,1286.875,372087.52,4286236.69,163.14,8.21,154.93,383.49,5,22.35
5254,2228.039,1374.397,380839.69,4285696.12,374.84,15.71,229.31,396.49,6,26.74
5255,2229.882,1665.898,409989.76,4285511.76,185.85,28.80,140.90,362.11,13,19.71
5256,2224.351,1728.061,416206.12,4286064.87,135.69,31.41,104.28,223.47,5,16.64
5257,2228.847,1789.314,422331.37,4285615.33,234.05,28.82,129.37,302.54,7,18.95
5258,2231.184,1121.322,355532.17,4285381.65,444.78,95.95,336.24,580.41,4,22.10
5259,2230.897,1172.959,360695.92,4285410.25,186.68,47.08,113.26,233.77,5,19.04
5260,2240.163,1252.876,368687.58,4284483.66,153.36,35.78,106.37,491.51,11,14.81
5261,2230.797,1404.126,383812.63,4285420.26,226.73,12.74,179.38,403.40,8,14.05
5262,2234.951,1773.660,420766.01,4285004.88,321.69,111.64,144.24,659.94,10,18.90
5263,2230.396,1147.245,358124.53,4285460.40,202.16,50.03,110.04,295.55,4,19.66
5264,2240.180,1319.937,375393.66,4284481.95,317.94,87.41,166.02,571.29,12,19.44
5265,2249.425,1338.976,377297.58,4283557.48,353.78,65.99,160.66,641.06,28,17.38
5266,2233.978,1389.592,382359.15,4285102.22,262.01,58.72,119.46,330.20,4,20.04
5267,2242.317,1452.199,388619.92,4284268.30,251.69,42.45,180.98,470.06,13,18.50
5268,2237.009,1497.384,393138.44,4284799.13,223.36,33.09,166.37,287.83,4,20.31
5269,2242.203,1130.747,356474.69,4284279.70,279.44,54.35,161.89,476.10,10,19.07
5270,2249.309,1416.689,385068.88,4283569.07,320.94,62.76,141.18,762.61,30,15.86
5271,2245.511,1576.399,401039.86,4283948.85,201.93,46.97,135.87,395.88,12,18.76
5272,2242.128,1643.797,407779.73,4284287.18,376.94,84.33,169.94,467.23,6,14.57
5273,2236.621,1689.933,412393.25,4284837.85,233.91,59.85,154.91,306.54,6,19.80
5274,2242.934,1727.679,416167.95,4284206.58,171.86,31.95,112.64,332.57,8,16.19
5275,2240.594,1745.291,417929.13,4284440.63,340.94,74.39,251.17,480.13,6,29.37
5276,2243.563,1304.631,373863.05,4284143.75,273.47,70.98,170.35,501.94,8,20.92
5277,2241.653,1514.138,394813.81,4284334.75,164.82,31.91,132.91,292.03,7,20.60
5278,2242.703,1685.316,411931.55,4284229.67,174.92,20.99,116.47,241.04,7,15.12
5279,2251.460,1178.997,361299.71,4283353.96,161.68,36.13,107.89,529.07,10,15.76
5280,2268.189,1381.294,381529.45,4281681.10,408.12,78.73,133.82,664.01,29,21.48
5281,2241.746,1464.418,389841.80,4284325.40,154.19,10.91,136.52,260.53,4,14.49
5282,2243.913,1560.854,399485.39,4284108.71,218.93,9.58,155.96,228.51,3,11.30
5283,2251.125,1615.765,404976.46,4283387.46,211.65,28.94,100.20,327.56,13,16.45
5284,2255.140,1650.073,408407.33,4282986.02,477.87,59.87,291.16,730.92,16,26.07
5285,2245.354,1807.023,424102.32,4283964.64,553.26,165.20,388.06,906.47,5,21.95
5286,2255.420,1145.979,357997.93,4282958.03,178.01,17.59,128.75,264.38,14,20.79
5287,2252.605,1241.056,367505.57,4283239.46,223.54,26.84,168.49,310.40,8,20.18
5288,2252.459,1356.772,379077.22,4283254.07,517.38,57.60,334.18,630.23,6,26.23
5289,2248.169,1600.329,403432.88,4283683.09,216.55,3.91,128.44,222.20,4,21.90
5290,2249.500,1670.401,410440.11,4283550.02,199.41,35.22,110.91,279.54,6,16.48
5291,2255.919,1585.915,401991.46,4282908.09,159.73,13.59,103.69,188.63,5,11.84
5292,2257.937,1683.804,411780.42,4282706.26,244.59,74.03,155.44,338.07,4,21.59
5293,2253.043,1694.250,412824.98,4283195.73,269.18,34.75,119.31,313.13,4,26.92
5294,2253.220,1786.098,422009.80,4283178.04,463.90,52.73,383.09,772.10,9,27.13
5295,2261.401,1464.320,389832.02,4282359.93,255.12,60.78,133.21,456.16,12,20.52
5296,2253.601,1548.093,398209.32,4283139.87,242.38,72.85,149.80,383.54,4,13.43
5297,2261.022,1818.688,425268.77,4282397.75,513.23,129.15,282.59,702.92,5,24.58
5298,2266.195,1235.210,366920.97,4281880.50,187.88,12.68,115.03,279.44,11,16.07
5299,2261.675,1283.022,371702.17,4282332.47,189.84,49.18,136.80,316.38,4,16.46
5300,2269.890,1520.948,395494.78,4281510.97,192.29,43.51,126.82,295.09,11,15.96
5301,2263.326,1536.768,397076.85,4282167.36,223.87,69.61,126.43,391.89,8,18.20
5302,2267.956,1721.506,415550.61,4281704.39,337.78,66.40,249.48,532.34,10,16.12
5303,2269.294,1176.688,361068.76,4281570.56,401.59,60.33,221.81,538.44,15,21.25
5304,2274.428,1215.660,364966.02,4281057.15,237.78,41.74,145.76,363.60,20,18.52
5305,2270.856,1638.745,407274.50,4281414.43,362.06,127.35,136.08,639.28,20,17.83
5306,2263.794,1701.723,413572.34,4282120.64,277.68,21.12,242.24,320.34,4,24.81
5307,2272.275,1747.720,418172.03,4281272.54,441.30,49.29,341.61,593.56,15,16.01
5308,2266.224,1804.131,423813.13,4281877.60,368.64,35.15,234.49,493.46,6,29.06
5309,2281.306,1347.276,378127.57,4280369.38,237.50,46.08,164.45,466.23,21,13.76
5310,2274.752,1674.260,410826.00,4281024.80,304.34,90.53,148.73,668.66,15,22.76
5311,2272.999,1779.841,421384.08,4281200.12,409.24,58.93,218.25,634.99,14,24.17
5312,2273.646,1591.419,402541.91,4281135.42,193.51,14.23,179.28,221.70,5,18.13
5313,2278.395,1149.734,358373.44,4280660.55,223.80,54.67,101.82,596.25,8,22.90
5314,2278.674,1274.401,370840.10,4280632.58,332.63,27.76,256.05,381.58,4,21.22
5315,2292.356,1366.258,380025.75,4279264.40,316.61,62.93,137.14,555.58,24,19.93
5316,2275.180,1450.641,388464.06,4280982.03,225.87,36.83,155.48,276.47,4,23.52
5317,2287.625,1475.574,390957.36,4279737.49,347.76,107.74,177.88,627.56,20,25.57
5318,2285.812,1621.696,405569.61,4279918.76,261.45,48.85,105.51,363.31,24,19.86
5319,2277.133,1700.117,413411.68,4280786.69,207.98,17.51,152.33,231.22,5,14.71
5320,2285.626,1812.357,424635.66,4279937.37,272.51,29.91,165.57,319.01,14,20.85
5321,2280.694,1877.119,431111.86,4280430.59,183.09,39.50,100.48,284.13,8,17.53
5322,2291.765,1134.287,356828.65,4279323.45,317.66,55.79,179.74,418.89,15,22.13
5323,2285.851,1262.901,369690.13,4279914.90,189.43,46.03,121.57,254.62,8,13.60
5324,2289.022,1317.618,375161.79,4279597.81,204.32,34.54,129.42,283.67,6,21.55
5325,2299.189,1594.526,402852.58,4278581.14,162.60,47.23,103.66,300.03,16,13.45
5326,2286.902,1198.575,363257.47,4279809.77,343.03,66.86,214.92,439.66,7,30.12
5327,2289.378,1446.707,388070.71,4279562.24,398.57,32.73,289.71,467.95,10,22.10
5328,2278.537,1460.671,389467.11,4280646.33,268.53,108.27,160.25,394.94,3,20.08
5329,2288.068,1653.649,408764.95,4279693.21,285.58,24.07,252.33,457.76,6,24.35
5330,2289.795,1681.448,411544.79,4279520.49,225.37,21.96,104.54,334.17,12,20.91
5331,2290.245,1700.798,413479.79,4279475.52,270.06,49.21,157.11,583.59,5,20.65
5332,2293.819,1720.555,415455.54,4279118.14,310.26,70.29,102.52,457.48,13,19.27
5333,2291.941,1156.546,359054.63,4279305.86,213.50,37.67,156.37,401.33,6,20.58
5334,2292.355,1175.883,360988.27,4279264.48,237.00,56.90,159.14,523.49,10,24.72
5335,2288.120,1496.282,393028.22,4279688.05,202.13,45.79,151.17,256.53,4,23.14
5336,2293.800,1740.941,417494.11,4279120.02,498.88,61.37,376.05,685.94,7,17.64
5337,2301.304,1785.039,421903.91,4278369.58,258.82,54.80,135.50,450.95,14,22.61
5338,2292.240,1863.266,429726.65,4279276.05,213.77,43.84,117.04,355.43,7,18.98
5339,2294.254,1249.527,368352.74,4279074.62,152.33,33.94,118.38,278.26,5,16.00
5340,2299.097,1271.165,370516.53,4278590.34,294.17,56.19,140.13,402.82,13,20.92
5341,2294.072,1296.792,373079.16,4279092.84,235.71,17.42,137.08,269.08,6,22.03
5342,2302.572,1383.876,381787.58,4278242.85,227.62,59.75,115.62,513.80,18,16.84
5343,2296.236,1397.865,383186.48,4278876.41,328.84,55.26,270.23,480.80,8,26.65
5344,2287.836,1523.160,395716.05,4279716.41,216.93,27.10,156.50,249.84,4,20.21
5345,2293.778,1557.700,399169.96,4279122.17,177.49,13.77,155.31,192.16,4,17.62
5346,2294.017,1579.555,401355.53,4279098.26,248.84,58.18,121.13,366.34,7,18.10
5347,2300.951,1234.803,366880.35,4278404.90,123.63,8.68,106.72,203.20,4,14.94
5348,2306.284,1407.308,384130.80,4277871.58,304.65,78.71,191.27,405.85,11,22.90
5349,2297.102,1506.779,394077.90,4278789.76,274.46,39.20,177.60,461.70,6,19.04
5350,2299.859,1522.877,395687.72,4278514.06,232.93,52.07,167.64,344.75,7,23.18
5351,2294.698,1546.286,398028.61,4279030.17,177.16,26.73,138.35,223.30,4,18.45
5352,2295.762,1569.394,400339.39,4278923.76,179.00,15.78,161.17,207.31,4,9.87
5353,2317.219,1636.580,407057.99,4276778.11,132.56,25.21,101.72,438.42,21,15.72
5354,2296.871,1759.489,419348.89,4278812.85,439.46,18.33,380.95,467.34,4,20.77
5355,2310.056,1196.920,363092.04,4277494.44,362.55,68.42,144.52,588.16,23,28.07
5356,2299.822,1219.638,365363.80,4278517.80,233.96,66.55,122.07,346.14,7,21.78
5357,2311.126,1432.680,386667.96,4277387.36,277.49,60.31,141.42,452.21,28,17.65
5358,2300.632,1484.060,391805.99,4278436.85,314.04,50.97,224.62,374.54,4,18.32
5359,2317.440,1498.019,393201.88,4276756.00,337.73,54.33,203.82,445.04,27,22.54
5360,2308.483,1723.081,415708.07,4277651.66,344.06,33.45,205.44,378.12,8,17.61
5361,2301.129,1877.429,431142.95,4278387.07,224.64,39.38,126.95,304.25,6,23.58
5362,2299.005,1326.792,376079.23,4278599.51,229.98,2.06,211.55,232.92,4,24.56
5363,2310.243,1741.223,417522.28,4277475.73,482.59,183.71,246.97,666.31,7,24.45
5364,2306.133,1810.801,424480.12,4277886.72,205.31,42.33,152.95,273.74,5,14.39
5365,2303.702,1826.403,426040.30,4278129.83,155.87,12.29,138.50,371.71,5,20.52
5366,2314.189,1133.091,356709.10,4277081.06,436.18,160.66,100.30,799.29,15,19.68
5367,2313.379,1250.195,368419.49,4277162.12,245.53,49.15,179.00,381.02,12,23.51
5368,2313.005,1463.699,389769.88,4277199.50,161.85,49.30,111.04,271.67,4,18.20
5369,2314.996,1688.677,412267.75,4277000.41,217.62,69.23,132.94,462.54,14,16.86
5370,2328.875,1706.297,414029.68,4275612.52,264.91,63.03,103.95,517.64,37,23.31
5371,2319.465,1767.820,420181.98,4276553.51,305.70,79.78,174.68,505.54,12,20.51
5372,2319.259,1207.332,364133.20,4276574.12,258.70,34.12,171.77,365.37,8,23.38
5373,2318.795,1403.524,383752.43,4276620.46,248.73,51.56,167.48,493.30,6,20.89
5374,2319.646,1453.294,388729.35,4276535.44,248.49,13.19,175.75,262.48,4,13.00
5375,2319.338,1562.272,399627.18,4276566.19,171.28,33.99,123.34,403.40,13,17.93
5376,2316.838,1853.266,428726.64,4276816.16,192.49,50.93,141.56,274.27,5,25.20
5377,2336.915,1258.635,369263.48,4274808.49,541.41,103.89,130.79,944.70,28,22.08
5378,2324.738,1278.352,371235.20,4276026.23,196.84,36.20,118.81,321.31,14,20.63
5379,2325.076,1477.710,391171.03,4275992.43,226.57,26.95,151.05,379.86,14,19.94
5380,2320.395,1733.972,416797.18,4276460.54,470.50,38.69,400.94,550.60,8,25.95
5381,2321.917,1542.681,397668.11,4276308.32,276.01,34.92,241.09,315.58,3,27.49
5382,2326.803,1580.461,401446.12,4275819.71,166.01,23.10,103.43,260.16,12,17.88
5383,2323.467,1756.698,419069.76,4276153.31,239.92,27.09,202.74,377.69,6,25.12
5384,2324.491,1783.458,421745.76,4276050.92,233.80,93.69,137.06,367.27,5,23.41
5385,2328.762,1800.949,423494.88,4275623.82,245.16,98.13,126.78,519.82,8,14.35
5386,2330.019,1362.298,379629.77,4275498.05,235.78,50.45,132.87,320.46,8,19.61
5387,2324.272,1429.287,386328.65,4276072.76,159.75,10.01,134.12,250.82,6,11.13
5388,2325.135,1815.359,424935.88,4275986.53,214.44,98.86,111.63,330.62,6,14.64
5389,2326.941,1183.716,361771.58,4275805.95,217.10,57.37,122.02,429.90,6,18.26
5390,2331.724,1330.931,376493.09,4275327.64,189.37,25.16,159.32,281.25,7,22.35
5391,2326.208,1518.741,395274.08,4275879.17,283.22,32.50,150.55,321.13,4,24.35
5392,2330.217,1618.334,405233.39,4275478.33,227.02,77.87,101.63,592.31,9,17.22
5393,2337.544,1202.079,363607.95,4274745.55,391.96,20.64,327.97,543.99,9,17.70
5394,2340.010,1307.108,374110.82,4274499.02,206.75,41.36,128.08,327.24,14,19.26
5395,2335.905,1375.038,380903.80,4274909.49,279.88,25.91,227.12,326.01,4,23.04
5396,2340.067,1434.434,386843.36,4274493.31,241.06,44.50,117.30,602.88,13,17.11
5397,2334.276,1826.293,426029.30,4275072.43,165.71,57.70,108.01,519.06,5,19.77
5398,2335.979,1869.428,430342.77,4274902.08,226.92,15.73,111.66,252.30,4,30.20
5399,2346.468,1366.718,380071.81,4273853.20,215.47,31.53,104.49,268.85,6,15.87
5400,2344.250,1466.452,390045.22,4274074.97,169.66,20.97,106.74,258.29,9,15.08
5401,2353.974,1481.958,391595.82,4273102.56,248.30,61.28,177.51,534.08,14,18.51
5402,2343.554,1539.114,397311.43,4274144.57,438.68,51.43,150.93,531.75,11,28.70
5403,2349.494,1563.058,399705.84,4273550.61,293.84,54.37,114.07,498.93,27,18.22
5404,2343.916,1813.339,424733.93,4274108.41,328.83,79.10,138.97,446.10,6,19.42
5405,2352.985,1218.921,365292.09,4273201.53,404.37,116.85,156.62,801.58,26,24.54
5406,2347.871,1739.381,417338.13,4273712.91,191.86,30.12,161.74,307.03,5,17.64
5407,2355.164,1289.396,372339.62,4272983.56,350.79,85.80,207.62,873.22,15,26.02
5408,2356.621,1332.664,376666.36,4272837.91,261.45,57.23,144.19,402.24,18,19.07
5409,2356.273,1399.180,383317.98,4272872.74,443.40,72.46,213.20,539.79,9,25.78
5410,2358.081,1411.734,384573.39,4272691.88,234.61,75.86,132.44,601.22,13,19.55
5411,2350.586,1631.758,406575.80,4273441.38,266.87,15.80,250.50,483.38,4,27.39
5412,2347.625,1751.896,418589.63,4273737.54,166.53,21.87,131.82,206.10,4,20.30
5413,2362.379,1844.301,427830.08,4272262.12,277.73,63.30,173.16,429.88,15,13.80
5414,2359.418,1271.535,370553.46,4272558.17,302.35,69.70,172.25,458.73,8,21.33
5415,2356.191,1311.800,374580.01,4272880.86,376.84,61.32,315.52,518.86,5,31.88
5416,2362.727,1500.864,393486.38,4272227.34,369.93,86.56,203.24,577.85,16,22.05
5417,2357.416,1524.801,395880.08,4272758.43,213.08,72.50,104.23,680.94,16,14.54
5418,2354.517,1782.480,421647.97,4273048.28,172.08,46.88,111.45,405.29,6,18.60
5419,2361.463,1193.592,362759.19,4272353.69,299.91,97.44,145.09,460.50,6,23.38
5420,2359.402,1342.459,377645.91,4272559.82,297.26,46.32,229.40,466.41,7,27.32
5421,2360.702,1363.017,379701.68,4272429.81,227.16,27.96,197.38,364.99,9,14.54
5422,2364.333,1374.121,380812.08,4272066.70,237.63,59.78,153.59,505.80,14,19.68
5423,2360.167,1456.535,389053.47,4272483.30,199.58,28.38,105.29,230.40,8,18.23
5424,2358.307,1577.377,401137.74,4272669.33,397.22,144.51,229.30,612.09,5,28.79
5425,2362.862,1696.051,413005.09,4272213.77,178.06,29.16,139.37,219.31,6,17.19
5426,2366.214,1734.157,416815.72,4271878.61,249.86,52.12,142.39,456.92,17,15.41
5427,2368.610,1753.033,418703.30,4271638.96,263.04,56.86,167.88,608.38,9,22.41
5428,2366.649,1801.196,423519.55,4271835.07,231.08,20.96,130.15,326.15,13,20.25
5429,2364.860,1824.196,425819.57,4272014.00,383.22,108.39,188.02,507.10,6,33.20
5430,2376.337,1276.568,371056.79,4270866.26,336.83,90.73,129.23,643.52,27,23.26
5431,2369.066,1385.482,381948.25,4271593.39,200.45,4.76,177.53,230.14,5,18.06
5432,2376.391,1426.881,386088.11,4270860.89,278.31,69.30,143.99,525.32,38,14.82
5433,2376.831,1608.429,404242.95,4270816.92,280.62,58.60,112.97,465.62,24,23.12
5434,2371.729,1679.215,411321.54,4271327.10,203.81,60.53,131.25,350.83,9,20.67
5435,2368.326,1713.567,414756.74,4271667.43,234.60,51.43,158.42,355.81,7,22.31
5436,2367.144,1510.153,394415.34,4271785.60,261.44,26.06,234.33,305.92,4,19.56
5437,2381.286,1576.488,401048.82,4270371.41,302.74,53.81,206.31,418.08,12,22.49
5438,2380.366,1860.397,429439.75,4270463.41,256.11,70.98,138.98,613.38,14,24.62
5439,2380.736,1193.045,362704.53,4270426.40,291.81,90.94,120.39,648.55,16,15.37
5440,2373.292,1236.860,367086.03,4271170.75,568.48,66.88,432.07,671.16,6,21.65
5441,2381.156,1296.571,373057.06,4270384.41,213.52,49.14,154.83,285.68,8,19.03
5442,2374.219,1320.230,375423.04,4271078.10,455.99,67.68,335.77,571.73,9,37.02
5443,2377.949,1357.531,379153.08,4270705.13,252.57,18.36,206.92,301.12,9,16.98
5444,2372.216,1558.198,399219.83,4271278.40,304.17,82.01,115.49,590.08,8,22.81
5445,2374.263,1591.521,402552.08,4271073.73,204.60,41.73,154.95,312.61,6,18.29
5446,2381.105,1625.171,405917.12,4270389.51,215.07,43.14,155.62,403.58,15,22.63
5447,2405.357,1658.763,409276.26,4267964.32,238.81,48.09,107.75,611.43,50,20.53
5448,2382.817,1229.259,366325.87,4270218.31,538.42,66.93,357.32,635.79,6,22.05
5449,2383.202,1255.150,368915.01,4270179.82,249.79,39.65,115.82,296.66,6,15.66
5450,2376.944,1390.660,382466.01,4270805.59,304.80,13.41,264.61,348.40,6,11.72
5451,2383.156,1733.923,416792.27,4270184.39,149.65,16.18,108.48,240.80,9,13.34
5452,2387.061,1539.734,397373.39,4269793.88,406.71,149.59,168.87,916.95,8,16.51
5453,2403.702,1818.246,425224.61,4268129.78,298.71,60.82,119.31,416.85,37,18.39
5454,2389.991,1873.359,430735.88,4269500.89,244.89,35.08,164.63,425.89,9,28.55
5455,2385.921,1341.935,377593.47,4269907.87,206.87,46.27,107.76,420.26,6,20.94
5456,2386.595,1397.051,383105.08,4269840.50,515.53,21.49,408.08,541.91,6,11.71
5457,2391.102,1520.707,395470.74,4269389.85,312.44,94.23,200.85,579.95,12,19.29
5458,2391.197,1750.920,418491.96,4269380.26,364.77,44.49,169.40,429.49,8,15.33
5459,2390.173,1203.836,363783.62,4269482.66,452.97,57.29,184.34,531.50,4,29.22
5460,2398.302,1228.287,366228.70,4268669.81,310.04,38.50,127.35,497.85,28,18.55
5461,2386.122,1594.695,402869.48,4269887.85,305.11,21.27,270.43,436.32,4,19.29
5462,2390.061,1773.161,420716.06,4269493.92,356.98,31.08,269.00,620.59,9,19.02
5463,2393.105,1791.149,422514.87,4269189.45,269.35,42.92,216.04,385.60,8,24.90
5464,2399.968,1851.078,428507.82,4268503.24,232.17,62.91,120.69,414.31,9,19.31
5465,2396.219,1381.390,381539.00,4268878.11,293.78,64.87,143.18,387.12,6,15.72
5466,2396.473,1564.188,399818.83,4268852.74,317.41,29.86,188.42,351.60,9,16.71
5467,2398.240,1341.841,377584.11,4268675.96,285.54,28.34,118.79,316.05,4,17.10
5468,2400.524,1363.245,379724.48,4268447.57,310.64,67.04,237.31,713.67,6,37.00
5469,2403.012,1614.299,404829.86,4268198.79,211.67,51.45,149.94,313.57,8,19.31
5470,2414.791,1632.523,406652.26,4267020.90,304.21,67.00,173.36,544.47,21,22.55
5471,2403.517,1688.045,412204.54,4268148.29,218.14,36.90,112.49,379.60,13,15.82
5472,2402.188,1873.862,430786.19,4268281.22,304.75,46.36,194.85,371.27,15,19.79
5473,2399.230,1190.233,362423.32,4268577.01,305.32,67.85,208.79,397.57,4,31.23
5474,2401.518,1294.253,372825.34,4268348.23,184.33,11.25,168.34,269.12,6,15.68
5475,2401.796,1316.695,375069.51,4268320.41,164.99,27.19,115.01,268.11,8,16.04
5476,2406.233,1349.093,378309.27,4267876.70,235.18,68.12,101.77,314.65,5,14.84
5477,2413.876,1460.770,389476.99,4267112.37,510.37,215.48,155.13,1642.29,34,21.44
5478,2417.041,1577.769,401176.85,4266795.85,341.80,55.62,173.18,685.75,28,14.04
5479,2408.125,1714.518,414851.81,4267687.55,263.55,56.39,193.26,519.64,9,19.85
5480,2408.591,1385.093,381909.30,4267640.90,403.81,65.89,203.53,496.18,9,15.51
5481,2409.227,1534.696,396869.61,4267577.35,475.54,25.61,364.46,637.29,17,17.41
5482,2408.907,1735.716,416971.65,4267609.29,266.42,44.31,178.73,340.78,5,22.67
5483,2419.791,1743.268,417726.77,4266520.87,348.78,86.92,156.04,651.91,23,19.10
5484,2404.369,1942.408,437640.80,4268063.10,271.59,27.99,116.41,307.34,4,24.75
5485,2415.931,1202.305,363630.45,4266906.91,291.17,63.09,211.36,536.29,12,21.43
5486,2414.053,1296.283,373028.26,4267094.71,254.13,54.30,166.32,308.44,3,22.50
5487,2414.351,1404.845,383884.53,4267064.89,504.90,157.23,204.70,784.41,14,23.10
5488,2419.444,1427.261,386126.06,4266555.60,419.16,93.58,142.44,719.41,24,20.66
5489,2411.493,1496.507,393050.70,4267350.73,544.73,46.41,295.46,591.14,5,19.81
5490,2421.594,1888.849,432284.89,4266340.60,273.46,79.82,171.65,551.14,25,16.10
5491,2419.142,1244.605,367860.50,4266585.77,178.20,5.15,132.09,201.31,7,19.84
5492,2411.061,1364.864,379886.40,4267393.95,314.95,18.48,291.88,376.75,4,23.06
5493,2415.195,1605.843,403984.28,4266980.52,396.96,19.59,377.36,494.79,3,26.25
5494,2416.789,1919.985,435398.48,4266821.07,203.06,50.83,128.30,419.50,7,16.83
5495,2416.530,1263.909,369790.90,4266847.03,241.55,25.13,210.09,378.78,10,23.15
5496,2424.101,1280.450,371444.98,4266089.86,252.74,50.01,159.80,517.79,14,24.74
5497,2418.341,1773.777,420777.67,4266665.86,261.16,27.81,230.74,482.26,5,32.01
5498,2421.200,1873.094,430709.39,4266379.97,181.26,45.52,135.74,407.78,5,14.33
5499,2426.335,1301.025,373502.45,4265866.50,237.62,19.28,212.97,323.05,6,25.98
5500,2434.782,1334.076,376807.59,4265021.81,245.42,36.87,155.06,491.42,25,13.56
5501,2426.094,1478.741,391274.05,4265890.65,458.91,120.71,173.01,591.18,8,16.42
5502,2421.574,1829.274,426327.42,4266342.59,164.96,34.70,130.26,263.43,9,20.53
5503,2430.576,1227.040,366103.99,4265442.42,327.31,30.08,291.93,601.26,8,32.96
5504,2434.196,1238.168,367216.81,4265080.40,329.69,75.08,209.89,456.33,6,31.12
5505,2431.874,1406.087,384008.73,4265312.58,202.28,9.24,141.43,363.98,14,23.10
5506,2427.035,1613.948,404794.82,4265796.52,381.00,96.62,253.36,630.26,12,22.68
5507,2434.244,1857.214,429121.42,4265075.58,230.85,74.73,125.05,549.45,32,21.39
5508,2429.888,1934.635,436863.55,4265511.20,283.38,69.85,121.79,443.27,17,17.82
5509,2426.385,1218.572,365257.18,4265861.45,515.76,17.62,493.59,618.69,4,33.60
5510,2433.519,1386.351,382035.08,4265148.13,411.91,17.36,372.03,630.78,7,12.89
5511,2426.791,1909.583,434358.28,4265820.86,300.89,39.75,200.56,358.39,4,32.82
5512,2443.845,1520.787,395478.70,4264115.53,524.01,141.59,189.75,846.93,17,24.44
5513,2430.643,1573.449,400744.90,4265435.74,299.39,30.29,242.22,364.59,6,19.78
5514,2435.305,1638.060,407206.03,4264969.50,488.78,62.14,302.75,596.06,4,31.54
5515,2438.599,1656.729,409072.93,4264640.10,308.32,27.38,230.07,426.37,12,16.78
5516,2432.206,1682.714,411671.36,4265279.36,299.22,31.23,143.31,330.45,7,19.85
5517,2441.450,1717.114,415111.37,4264355.03,255.35,73.08,168.03,601.62,17,17.93
5518,2445.727,1583.657,401765.68,4263927.25,288.95,25.32,240.27,388.67,13,12.61
5519,2439.135,1695.920,412991.97,4264586.53,188.37,18.99,134.93,230.30,5,17.85
5520,2440.914,1743.724,417772.37,4264408.57,509.82,30.82,331.54,540.64,7,26.24
5521,2445.330,1219.003,365300.31,4263966.98,370.02,74.92,190.34,468.22,8,23.91
5522,2449.644,1669.960,410396.03,4263535.62,245.13,29.04,126.77,475.93,19,13.31
5523,2444.187,1765.470,419946.99,4264081.32,433.38,42.12,357.37,478.12,8,17.54
5524,2445.638,1887.166,432116.65,4263936.22,186.09,35.08,151.01,308.36,5,23.73
5525,2451.724,1925.065,435906.51,4263327.61,196.33,33.53,113.71,376.00,31,16.00
5526,2449.724,1194.629,362862.90,4263527.63,795.08,79.60,682.68,1010.85,10,30.77
5527,2446.496,1248.668,368266.78,4263850.37,234.77,10.15,159.82,251.97,4,23.16
5528,2447.800,1327.958,376195.82,4263719.95,313.92,42.22,186.87,382.21,7,27.71
5529,2447.157,1378.505,381250.46,4263784.30,171.76,16.36,128.35,225.45,8,14.14
5530,2450.625,1499.949,393394.92,4263437.48,176.43,14.62,158.09,220.02,7,9.86
5531,2454.914,1708.186,414218.64,4263008.57,265.99,37.90,152.28,382.50,18,18.39
5532,2449.129,1780.290,421428.98,4263587.09,560.42,135.97,260.01,784.46,7,39.08
5533,2448.829,1875.964,430996.39,4263617.06,258.55,33.22,166.96,309.38,6,16.61
5534,2453.162,1754.793,418879.32,4263183.82,382.65,41.91,289.52,432.30,8,26.52
5535,2456.712,1857.141,429114.14,4262828.84,318.34,111.70,108.50,687.28,22,21.12
5536,2454.050,1255.183,368918.29,4263095.02,135.73,20.75,106.47,202.67,4,15.30
5537,2453.908,1274.107,370810.70,4263109.19,224.40,82.94,132.14,362.09,4,25.85
5538,2452.424,1348.808,378280.82,4263257.62,233.58,52.55,141.67,302.29,6,16.45
5539,2448.773,1687.731,412173.06,4263622.70,173.55,32.41,113.21,229.49,4,19.72
5540,2451.298,1809.898,424389.77,4263370.23,406.12,52.38,329.42,487.72,4,33.44
5541,2461.359,1797.837,423183.74,4262364.05,377.51,148.31,223.61,950.73,7,44.61
5542,2456.903,1891.715,432571.54,4262809.73,282.35,58.10,148.43,587.54,9,25.16
5543,2464.889,1746.405,418040.49,4262011.14,352.20,38.59,118.41,405.71,4,22.48
5544,2464.829,1938.852,437285.19,4262017.07,272.52,50.57,125.10,337.88,10,24.25
5545,2466.436,1689.135,412313.53,4261856.39,201.43,41.25,129.06,243.14,6,16.81
5546,2472.319,1717.246,415124.61,4261268.11,234.17,39.70,143.28,326.19,8,18.37
5547,2478.253,1665.723,409972.26,4260674.74,366.61,55.25,287.14,592.86,8,30.27
5548,2481.651,1731.181,416518.07,4260334.87,424.60,90.82,314.94,681.11,8,25.04
5549,2483.135,1908.913,434291.26,4260186.53,114.44,7.59,106.85,281.63,5,14.31
5550,2484.976,1789.028,422302.77,4260002.44,788.04,99.49,332.70,887.54,7,90.19
5551,2497.053,1705.782,413978.23,4258794.71,233.61,75.97,131.49,392.32,21,16.85
5552,2505.594,1760.272,419427.19,4257940.61,329.32,106.86,104.42,723.30,46,24.21
5553,2491.135,1827.962,426196.21,4259386.53,381.33,100.87,251.14,505.05,7,40.02
5554,2488.141,1853.895,428789.49,4259685.92,386.28,44.75,251.63,460.67,4,32.08
5555,2493.196,1660.347,409434.71,4259180.40,220.99,32.20,146.26,289.66,8,19.13
5556,2496.896,1805.704,423970.44,4258810.45,337.16,12.83,316.50,415.92,4,31.45
5557,2495.124,1869.893,430389.29,4258987.59,245.17,79.48,160.98,537.68,6,26.28
5558,2503.021,1727.972,416197.18,4258197.89,277.94,58.54,219.39,405.07,5,27.22
5559,2501.489,1790.219,422421.93,4258351.13,428.44,42.07,165.07,518.41,9,27.38
5560,2507.283,1878.201,431220.15,4257771.66,183.95,22.30,154.88,264.59,8,22.93
5561,2508.490,1921.419,435541.93,4257650.96,221.83,45.47,153.02,368.89,4,19.78
5562,2513.661,1653.979,408797.93,4257133.92,205.11,32.28,149.53,357.07,10,20.87
5563,2511.379,1707.586,414158.59,4257362.07,316.61,17.17,221.79,341.53,4,15.10
5564,2512.253,1693.889,412788.90,4257274.73,226.91,39.58,165.44,465.61,6,18.82
5565,2519.589,1721.355,415535.48,4256541.15,277.03,81.61,118.18,561.74,13,26.36
5566,2521.557,1738.051,417205.11,4256344.32,184.89,38.94,128.39,371.43,14,18.79
5567,2513.218,1863.102,429710.21,4257178.19,188.07,28.28,151.48,325.68,4,23.42
5568,2520.399,1783.260,421726.05,4256460.10,158.21,24.87,107.38,232.95,5,15.15
5569,2517.327,1807.923,424192.31,4256767.30,150.67,21.17,124.32,212.10,4,16.91
5570,2519.279,1819.036,425303.62,4256572.08,158.73,13.92,113.37,273.53,7,20.06
5571,2531.074,1801.048,423504.85,4255392.58,404.66,60.91,285.37,646.73,12,22.84
5572,2527.904,1832.796,426679.56,4255709.56,224.57,48.50,123.37,383.34,8,18.09
5573,2528.107,1862.452,429645.24,4255689.31,260.92,113.87,141.65,375.06,5,20.75
5574,2536.131,1848.670,428267.02,4254886.88,360.28,18.61,247.55,395.14,8,28.81
5575,2536.997,1875.553,430955.28,4254800.27,208.79,30.51,178.07,416.45,7,22.32
5576,2538.092,1958.939,439293.94,4254690.75,196.58,76.48,106.42,370.08,14,17.73
5577,2532.430,2006.450,444045.00,4255257.00,415.78,69.51,338.99,726.40,6,34.30
5578,2538.431,1712.650,414664.96,4254656.89,297.15,32.98,133.48,346.86,8,12.14
5579,2540.714,1975.409,440940.93,4254428.57,222.26,44.51,152.09,267.68,5,13.75
5580,2565.040,1750.062,418406.25,4251995.97,482.03,229.59,116.37,1233.04,36,29.33
5581,2553.667,1813.035,424703.49,4253133.26,240.61,98.83,101.17,671.63,21,23.11
5582,2544.762,1838.361,427236.07,4254023.77,229.42,66.29,144.74,355.21,4,29.48
5583,2548.904,1860.950,429495.01,4253609.56,300.37,115.06,171.82,520.31,11,17.38
5584,2567.289,1991.247,442524.69,4251771.15,281.98,79.74,129.84,805.84,35,26.03
5585,2560.818,1839.445,427344.52,4252418.18,203.99,47.47,117.47,403.91,11,19.21
5586,2561.531,1906.548,434054.83,4252346.89,199.07,41.01,123.61,510.54,18,12.63
5587,2563.612,1784.063,421806.30,4252138.81,295.69,36.81,127.81,337.74,5,16.13
5588,2568.742,1731.490,416548.96,4251625.80,256.48,15.69,207.15,396.71,12,20.90
5589,2569.037,1925.213,435921.31,4251596.34,175.97,26.53,100.19,274.41,11,16.17
5590,2581.182,1854.295,428829.50,4250381.82,404.55,100.03,207.94,643.73,15,21.92
5591,2566.826,1876.444,431044.37,4251817.38,297.20,47.63,228.05,363.53,4,14.20
5592,2586.843,1891.259,432525.91,4249815.74,292.24,91.63,162.42,567.93,10,20.85
5593,2588.114,1722.560,415655.97,4249688.63,404.87,99.68,190.36,987.98,23,26.14
5594,2591.478,1788.477,422247.66,4249352.24,649.33,129.00,290.79,979.42,13,24.02
5595,2582.561,1915.712,434971.25,4250243.90,346.91,31.98,271.04,386.37,4,18.72
5596,2590.267,1824.066,425806.62,4249473.29,175.74,31.17,144.57,312.65,9,16.53
5597,2586.513,1946.368,438036.79,4249848.74,168.25,41.84,126.41,235.61,5,19.04
5598,2597.016,1866.852,430085.18,4248798.35,417.48,150.62,197.23,847.46,11,29.66
5599,2598.235,1917.875,435187.53,4248676.54,328.25,41.01,201.56,397.61,7,15.51
5600,2600.152,1761.609,419560.90,4248484.75,827.04,51.51,669.14,1070.86,9,27.19
5601,2605.200,1943.134,437713.36,4247979.98,270.39,28.39,188.28,482.24,10,17.98
5602,2603.282,1932.963,436696.30,4248171.85,145.93,43.58,102.36,303.54,5,19.30
5603,2600.470,1972.910,440690.97,4248453.00,132.89,12.34,120.55,278.50,5,18.51
5604,2603.559,2001.890,443588.98,4248144.10,196.43,33.97,131.99,261.79,14,17.13
5605,2609.650,1811.680,424568.05,4247535.05,446.17,123.94,175.88,1408.39,16,21.14
5606,2608.812,1832.970,426697.00,4247618.82,560.53,91.29,387.97,1029.34,9,30.29
5607,2610.397,1845.442,427944.23,4247460.27,544.20,1.87,521.98,547.11,6,11.09
5608,2614.747,1926.431,436043.12,4247025.30,212.08,8.30,138.71,353.86,5,17.09
5609,2609.781,1715.843,414984.34,4247521.87,294.99,93.10,149.52,972.54,5,14.41
5610,2620.699,1948.850,438285.01,4246430.05,178.40,9.23,164.43,330.89,4,14.22
5611,2627.494,1768.498,420249.78,4245750.63,735.52,246.32,264.52,1013.52,14,27.70
5612,2620.004,1855.231,428923.13,4246499.56,504.49,43.86,438.54,566.06,4,12.13
5613,2620.642,1936.053,437005.31,4246435.77,272.49,61.10,204.99,516.95,5,18.64
5614,2615.203,1959.083,439308.29,4246979.70,154.78,7.84,143.88,408.79,6,19.20
5615,2625.551,1732.945,416694.51,4245944.92,392.93,107.67,141.40,824.68,9,36.22
5616,2625.261,1925.731,435973.06,4245973.86,445.55,153.66,252.17,655.32,9,22.60
5617,2630.811,1863.307,429730.75,4245418.93,753.29,68.73,540.53,847.75,9,24.20
5618,2632.970,1945.548,437954.78,4245202.98,275.33,70.06,122.88,711.23,12,23.59
5619,2617.697,1993.937,442793.68,4246730.30,236.62,54.50,103.94,318.78,4,16.83
5620,2630.640,1961.596,439559.58,4245436.04,277.44,90.40,187.04,426.93,3,28.02
5621,2635.305,1845.032,427903.18,4244969.45,493.53,56.48,432.77,811.55,6,24.23
5622,2639.234,1971.144,440514.43,4244576.55,178.45,46.08,131.23,252.73,6,16.13
5623,2651.235,1712.610,414661.00,4243376.50,192.10,52.97,113.69,377.56,25,15.33
5624,2637.704,1721.943,415594.25,4244729.55,234.53,65.41,163.79,545.64,4,20.27
5625,2642.881,1910.065,434406.49,4244211.85,465.66,144.93,176.66,654.80,14,18.74
5626,2646.568,1728.558,416255.76,4243843.16,208.79,31.21,138.81,293.24,5,19.61
5627,2649.621,1740.653,417465.35,4243537.91,249.39,20.14,169.29,381.33,6,22.52
5628,2657.651,1787.374,422137.41,4242734.92,305.72,82.17,117.04,833.40,10,29.31
5629,2655.105,1949.380,438338.00,4242989.52,338.65,48.97,246.31,405.21,9,22.14
5630,2651.364,1969.431,440343.08,4243363.62,184.52,16.00,145.13,686.15,10,20.93
5631,2654.344,1759.216,419321.57,4243065.63,390.13,94.54,160.46,727.76,8,25.88
5632,2662.554,1808.032,424203.24,4242244.59,159.29,28.25,106.95,404.31,12,17.29
5633,2662.245,1773.378,420737.77,4242275.46,162.72,11.36,135.67,182.90,4,20.14
5634,2658.291,1824.756,425875.60,4242670.93,182.64,69.59,112.96,642.22,4,20.67
5635,2663.876,1866.276,430027.60,4242112.38,381.52,72.58,180.06,457.96,4,19.97
5636,2666.250,1918.908,435290.84,4241874.97,528.38,59.64,345.86,743.21,12,27.90
5637,2661.360,2017.841,445184.10,4242363.99,305.24,31.75,153.86,397.93,5,25.15
5638,2670.465,1960.594,439459.44,4241453.48,227.67,26.97,187.41,265.22,6,22.52
5639,2669.743,1974.945,440894.49,4241525.68,183.84,28.11,117.79,271.90,7,15.28
5640,2668.963,2044.567,447856.68,4241603.72,122.68,6.20,116.48,185.68,5,10.06
5641,2674.520,2028.786,446278.62,4241048.02,310.14,26.88,199.68,363.57,8,18.99
5642,2674.378,1826.636,426063.61,4241062.23,243.78,27.02,114.02,273.57,4,23.70
5643,2671.119,1895.758,432975.83,4241388.07,797.37,155.49,561.83,1096.08,4,54.30
5644,2677.314,1946.557,438055.70,4240768.56,270.14,72.44,162.71,496.87,10,23.64
5645,2675.241,1702.478,413647.80,4240975.91,150.19,18.62,131.57,269.48,5,18.14
5646,2678.977,1729.874,416387.36,4240602.28,184.02,54.63,129.39,292.88,5,20.90
5647,2678.891,1846.344,428034.42,4240610.95,677.30,108.76,541.76,854.54,4,52.79
5648,2682.605,1900.804,433480.45,4240239.53,303.09,28.27,274.82,385.20,5,25.45
5649,2687.107,1823.675,425767.49,4239789.26,190.16,20.72,122.56,237.36,11,13.90
5650,2697.339,1833.805,426780.53,4238766.15,254.30,51.85,159.59,400.66,22,18.63
5651,2687.331,1882.051,431605.09,4239766.93,424.27,111.77,302.30,578.07,6,37.89
5652,2689.735,2016.426,445042.64,4239526.52,276.63,120.63,117.31,542.88,15,19.78
5653,2684.906,2040.630,447463.05,4240009.45,190.06,44.49,145.57,339.27,5,17.57
5654,2695.485,1798.838,423283.80,4238951.50,286.85,83.35,178.31,493.91,10,25.15
5655,2687.671,1866.073,430007.30,4239732.93,289.78,69.31,179.85,427.83,5,28.31
5656,2693.763,1932.543,436654.28,4239123.71,306.32,89.42,165.94,445.88,9,30.80
5657,2683.921,1990.485,442448.52,4240107.86,198.32,7.84,148.27,206.55,4,18.23
5658,2700.446,1741.594,417559.45,4238455.35,181.03,33.70,104.08,235.28,13,18.20
5659,2701.100,2038.348,447234.78,4238389.98,365.65,108.43,201.92,599.30,14,26.99
5660,2700.718,1710.628,414462.76,4238428.24,484.91,88.91,325.73,703.54,9,34.09
5661,2702.192,1946.209,438020.85,4238280.77,289.28,24.34,184.14,421.82,7,29.55
5662,2698.210,1959.441,439344.10,4238679.05,268.68,44.86,217.32,320.57,4,19.10
5663,2711.804,1723.373,415737.35,4237319.57,213.03,33.30,150.21,376.59,11,21.91
5664,2706.970,1801.672,423567.16,4237802.98,252.45,22.01,219.20,277.78,4,30.05
5665,2707.310,1883.954,431795.36,4237769.04,341.79,163.60,160.75,569.07,6,19.90
5666,2713.225,1918.848,435284.80,4237177.48,203.59,44.10,111.86,269.17,5,21.08
5667,2715.270,1937.036,437103.57,4236972.99,166.19,16.33,134.58,323.54,14,16.18
5668,2715.779,1842.916,427691.63,4236922.13,222.93,33.84,170.21,288.57,6,14.83
5669,2713.704,1897.514,433151.37,4237129.64,322.49,27.53,196.99,350.02,7,13.78
5670,2712.006,1965.563,439956.31,4237299.40,188.74,39.15,100.36,292.23,5,16.53
5671,2717.133,2023.539,445753.91,4236786.66,169.20,23.96,132.66,299.46,9,19.08
5672,2719.827,1763.410,419740.99,4236517.33,129.03,26.78,101.45,202.39,6,16.25
5673,2727.915,1850.452,428445.22,4235708.49,239.77,74.88,118.37,492.39,36,19.85
5674,2720.460,2053.330,448732.97,4236454.05,201.80,16.90,136.29,460.82,9,22.40
5675,2727.371,1750.405,418440.55,4235762.94,248.65,50.22,153.71,378.06,19,25.21
5676,2729.022,1801.270,423527.03,4235597.84,185.16,31.78,138.64,292.13,13,16.99
5677,2730.011,1888.805,432280.48,4235498.89,141.26,7.26,132.33,181.02,6,15.48
5678,2730.366,1716.898,415089.76,4235463.45,286.34,59.91,162.21,402.06,6,12.92
5679,2729.573,1919.791,435379.10,4235542.67,160.81,17.70,131.36,250.53,4,18.08
5680,2726.857,1978.303,441230.31,4235814.32,178.98,42.79,114.38,492.01,4,22.76
5681,2735.381,1995.539,442953.88,4234961.86,200.70,43.27,109.07,279.84,4,18.83
5682,2742.421,1705.311,413931.07,4234257.92,289.25,78.66,154.94,434.53,15,19.47
5683,2737.824,1728.785,416278.46,4234717.56,171.01,37.47,116.80,272.18,4,19.13
5684,2739.472,1784.676,421867.65,4234552.84,220.99,38.11,151.07,317.84,7,19.97
5685,2740.645,1955.286,438928.58,4234435.52,175.75,17.84,157.91,211.97,5,14.39
5686,2738.159,1975.751,440975.13,4234684.06,231.60,21.53,180.36,314.33,8,19.61
5687,2741.595,2063.197,449719.66,4234340.48,222.72,59.98,135.95,432.78,9,20.30
5688,2756.104,1754.065,418806.51,4232889.62,182.82,16.57,133.27,203.57,8,18.69
5689,2752.375,1908.004,434200.42,4233262.50,169.04,43.22,103.75,251.07,6,18.73
5690,2755.317,1921.220,435522.03,4232968.30,305.98,75.67,213.42,434.91,6,21.26
5691,2760.797,1991.827,442582.71,4232420.28,231.46,40.35,159.02,388.61,14,18.71
5692,2746.885,2000.696,443469.57,4233811.50,202.42,27.08,163.81,239.94,4,21.92
5693,2754.438,2068.608,450260.83,4233056.22,245.55,44.82,190.27,335.23,6,16.16
5694,2752.226,1733.062,416706.24,4233277.41,244.01,25.70,192.43,312.89,5,21.67
5695,2753.202,1768.955,420295.49,4233179.82,190.19,17.50,105.46,227.11,5,18.34
5696,2754.379,1886.600,432060.01,4233062.07,274.07,70.38,136.10,430.95,11,21.93
5697,2757.075,1719.942,415394.17,4232792.45,303.23,23.71,137.81,333.83,4,23.40
5698,2758.602,1784.527,421852.74,4232639.79,206.49,85.31,100.26,335.73,4,12.33
5699,2758.825,1817.047,425104.73,4232617.53,189.56,50.03,136.55,314.28,4,18.90
5700,2763.618,1935.297,436929.70,4232138.19,275.09,39.00,159.46,493.81,11,15.73
5701,2761.551,2024.588,445858.76,4232344.86,179.77,38.95,112.19,270.19,8,16.94
5702,2768.998,1706.002,414000.25,4231600.17,358.67,51.61,293.18,434.66,8,19.84
5703,2770.793,1809.135,424313.54,4231420.74,191.67,26.91,162.13,251.14,8,19.86
5704,2764.937,1960.090,439408.99,4232006.33,264.24,18.73,231.64,418.52,4,34.21
5705,2771.181,1786.482,422048.23,4231381.88,174.49,36.18,121.98,213.90,5,16.79
5706,2767.746,1845.883,427988.34,4231725.40,227.13,26.18,182.70,253.30,5,25.25
5707,2775.059,1920.498,435449.79,4230994.15,189.13,56.47,102.96,438.04,19,18.27
5708,2768.358,1971.151,440515.15,4231664.16,244.19,57.10,170.53,318.01,4,15.98
5709,2772.584,2051.266,448526.61,4231241.59,146.39,21.43,124.96,288.14,5,17.74
5710,2780.160,1758.390,419239.01,4230483.97,151.10,31.76,116.17,223.89,7,19.32
5711,2775.845,1943.831,437783.05,4230915.55,185.44,30.32,138.05,240.73,10,18.15
5712,2786.079,1831.820,426581.99,4229892.10,174.92,26.03,113.43,330.22,15,22.37
5713,2776.269,1990.620,442461.99,4230873.13,235.27,114.91,120.36,471.25,5,19.99
5714,2799.364,1711.653,414565.27,4228563.57,243.29,40.10,122.95,406.69,23,17.64
5715,2784.205,1912.310,434631.00,4230079.48,151.24,16.87,113.06,194.12,5,17.54
5716,2789.507,1699.989,413398.92,4229549.28,368.52,63.51,284.70,452.85,4,26.35
5717,2798.290,1992.244,442624.43,4228671.04,185.95,32.58,109.88,311.50,22,19.43
5718,2795.243,2027.868,446186.78,4228975.67,213.53,61.73,111.71,308.99,13,15.89
5719,2789.318,1799.896,423389.58,4229568.18,108.86,4.41,103.35,168.86,4,14.97
5720,2791.094,1786.315,422031.49,4229390.62,176.74,30.46,121.92,263.85,5,17.87
5721,2798.381,1947.656,438165.58,4228661.86,172.17,42.67,112.40,298.98,9,14.12
5722,2806.967,1723.513,415751.25,4227803.34,249.61,16.17,201.24,482.42,14,18.99
5723,2798.739,1740.905,417490.53,4228626.11,196.59,43.09,138.77,257.81,8,17.95
5724,2806.903,1903.250,433724.95,4227809.71,145.19,25.12,107.04,251.41,14,11.84
5725,2800.313,1968.704,440270.40,4228468.70,128.19,6.24,117.99,180.02,4,16.55
5726,2800.801,2046.994,448099.40,4228419.87,138.84,24.01,113.28,314.82,6,16.08
5727,2803.259,1808.714,424271.39,4228174.09,224.70,20.54,191.47,253.15,5,23.02
5728,2805.945,1881.878,431587.80,4227905.46,214.49,36.44,141.52,250.93,5,21.89
5729,2803.256,1924.279,435827.89,4228174.44,198.83,30.03,155.07,247.34,4,22.44
5730,2821.686,1745.644,417964.36,4226331.39,211.54,33.15,169.44,279.54,10,18.43
5731,2813.417,1803.128,423712.82,4227158.28,188.76,60.88,108.02,287.06,7,15.30
5732,2816.429,2026.697,446069.70,4226857.09,339.00,50.61,160.47,420.18,11,15.15
5733,2828.073,1820.651,425465.12,4225692.70,149.30,26.16,123.14,272.38,11,16.62
5734,2816.879,1955.035,438903.47,4226812.09,213.11,19.35,149.53,241.57,4,14.21
5735,2817.119,1978.805,441280.49,4226788.13,187.88,31.35,112.34,245.14,4,15.86
5736,2837.020,2045.140,447914.00,4224798.01,303.08,81.24,160.41,516.30,29,21.37
5737,2816.931,1776.808,421080.76,4226806.87,173.41,11.86,155.70,279.98,4,21.61
5738,2820.997,1851.206,428520.60,4226400.28,290.07,54.99,151.10,360.36,4,23.93
5739,2825.538,1940.434,437443.42,4225946.21,243.98,24.41,105.95,268.39,7,20.93
5740,2830.560,2065.555,449955.48,4225444.05,211.73,56.61,106.94,307.88,11,14.52
5741,2831.893,1723.658,415765.78,4225310.67,405.91,85.62,250.65,534.38,9,31.35
5742,2829.516,1874.892,430889.23,4225548.42,206.00,19.10,152.32,312.08,11,21.18
5743,2830.455,1997.906,443190.64,4225454.47,184.69,27.10,120.41,232.76,5,19.05
5744,2835.391,2021.176,445517.63,4224960.88,279.62,81.12,174.32,510.69,6,21.47
5745,2835.362,1806.851,424085.13,4224963.85,176.44,13.82,108.77,196.07,4,18.71
5746,2838.858,1905.930,433992.99,4224614.23,213.47,36.54,137.83,268.42,11,15.54
5747,2837.792,1849.230,428323.04,4224720.80,173.81,15.03,136.45,261.13,12,18.19
5748,2848.591,1774.840,420883.98,4223640.90,197.26,54.46,142.39,385.84,11,17.58
5749,2846.548,1952.595,438659.53,4223845.16,128.63,14.66,113.97,344.50,7,12.71
5750,2851.295,1749.546,418354.60,4223370.49,385.97,80.44,228.65,505.49,5,27.91
5751,2843.662,1978.271,441227.13,4224133.80,261.70,72.45,185.64,358.64,4,20.29
5752,2846.432,2014.951,444895.10,4223856.81,229.25,64.32,164.93,407.85,5,26.63
5753,2856.485,2061.269,449526.92,4222851.54,318.53,72.41,136.79,960.70,24,28.21
5754,2859.441,1736.086,417008.58,4222555.89,322.69,57.47,107.63,656.29,21,24.27
5755,2852.529,1701.730,413573.00,4223247.10,664.42,124.55,455.44,835.75,5,37.61
5756,2850.721,1790.393,422439.28,4223427.93,172.21,20.79,145.89,238.51,4,19.38
5757,2856.760,1838.493,427249.29,4222823.96,210.66,25.41,149.43,319.90,10,16.25
5758,2859.809,2129.347,456334.74,4222519.07,576.59,94.69,273.51,936.28,14,13.76
5759,2860.913,1870.972,430497.15,4222408.67,286.25,125.94,136.53,448.69,4,19.32
5760,2860.006,2090.669,452466.87,4222499.41,466.09,20.55,372.88,562.13,7,14.14
5761,2861.828,1710.835,414483.55,4222317.18,289.70,56.21,196.48,366.09,4,19.59
5762,2872.184,1758.315,419231.52,4221281.57,481.68,83.62,256.72,647.13,17,19.48
5763,2863.643,2016.242,445024.22,4222135.68,178.12,49.37,128.63,319.74,5,17.40
5764,2872.228,1899.971,433397.06,4221277.23,196.45,19.24,140.61,288.32,7,23.12
5765,2872.293,1784.507,421850.68,4221270.66,164.37,9.88,147.95,217.85,4,17.78
5766,2878.084,1880.921,431492.12,4220691.55,200.47,10.66,186.88,222.22,4,27.79
5767,2879.780,1989.133,442313.34,4220522.01,234.71,43.46,126.80,318.59,9,18.23
5768,2884.218,2002.576,443657.58,4220078.22,196.12,20.02,143.79,275.79,9,18.59
5769,2887.636,2023.389,445738.87,4219736.43,259.78,70.46,129.82,418.06,14,14.17
5770,2889.360,1740.941,417494.07,4219563.96,364.69,81.06,231.10,766.77,13,23.07
5771,2882.098,1854.271,428827.07,4220290.22,162.61,21.59,136.88,262.02,4,19.46
5772,2887.343,1765.247,419924.73,4219765.66,334.87,35.32,182.38,395.01,7,15.25
5773,2884.883,1964.026,439802.63,4220011.68,197.97,21.19,159.26,341.74,4,21.16
5774,2884.342,2049.974,448397.43,4220065.77,221.37,45.94,103.55,288.42,6,15.09
5775,2896.867,2035.402,446940.17,4218813.26,180.43,31.30,116.94,259.03,9,13.70
5776,2896.542,2088.752,452275.21,4218845.78,818.00,79.62,667.44,967.09,6,15.68
5777,2901.932,1752.732,418673.19,4218306.79,368.01,54.82,234.87,513.43,17,19.16
5778,2900.078,1789.632,422363.20,4218492.18,377.85,67.77,288.33,556.57,12,24.34
5779,2893.357,1883.664,431766.42,4219164.34,194.51,29.56,133.25,242.11,4,16.54
5780,2902.800,1818.763,425276.34,4218219.97,411.11,59.63,170.47,600.65,6,31.65
5781,2914.493,2134.191,456819.07,4217050.66,383.46,96.71,269.80,599.31,16,23.53
5782,2917.459,1731.958,416595.81,4216754.11,499.05,101.78,397.27,1189.26,7,30.45
5783,2908.051,1908.905,434290.52,4217694.88,163.08,47.91,114.69,261.77,6,14.67
5784,2914.214,1950.999,438499.90,4217078.62,228.46,15.63,184.04,277.42,6,19.22
5785,2916.354,2043.817,447781.68,4216864.55,402.41,49.38,217.13,451.79,11,17.89
5786,2919.451,1877.020,431102.00,4216554.91,165.29,49.20,113.55,236.33,7,20.21
5787,2933.750,1750.351,418435.11,4215124.96,784.25,80.62,389.26,1322.13,11,14.00
5788,2922.184,1769.366,420336.62,4216281.58,343.54,46.95,275.21,420.79,6,12.70
5789,2929.387,1809.773,424377.27,4215561.28,260.81,126.65,119.95,650.26,20,17.99
5790,2931.911,1905.920,433992.00,4215308.92,214.59,47.27,105.42,285.53,9,19.24
5791,2925.026,1995.562,442956.23,4215997.38,173.18,26.38,133.41,223.80,4,17.63
5792,2931.821,2019.769,445376.93,4215317.88,652.37,121.14,361.03,914.80,11,46.41
5793,2936.053,2034.510,446850.95,4214894.66,540.19,111.24,218.95,735.79,18,29.21
5794,2940.411,2093.507,452750.73,4214458.91,1019.16,147.97,754.23,1410.36,9,29.43
5795,2940.594,1921.708,435570.82,4214440.64,242.71,43.85,129.64,377.43,12,24.66
5796,2933.112,1844.473,427847.30,4215188.83,271.71,62.31,170.63,394.05,4,24.21
5797,2931.012,2068.662,450266.17,4215398.75,922.31,38.97,865.27,1113.78,4,28.13
5798,2943.376,1861.690,429569.00,4214162.43,167.22,12.00,153.83,240.95,4,19.57
5799,2947.059,2119.965,455396.53,4213794.06,533.63,239.46,294.17,901.05,7,42.29
5800,2944.905,1815.597,424959.74,4214009.46,260.92,10.12,242.65,278.22,4,23.53
5801,2946.890,1899.176,433317.56,4213811.03,249.41,4.06,224.34,256.59,4,21.39
5802,2948.769,2009.762,444376.22,4213623.08,229.55,41.81,169.89,461.81,9,20.24
5803,2948.814,2049.748,448374.76,4213618.59,295.13,43.24,251.89,598.85,5,18.73
5804,2947.004,1977.371,441137.11,4213799.62,115.68,7.99,101.22,180.96,4,12.52
5805,2953.721,1996.837,443083.67,4213127.89,290.40,41.36,223.82,388.53,8,17.36
5806,2957.659,1780.853,421485.30,4212734.06,225.90,56.42,106.22,366.63,13,16.29
5807,2959.627,1836.529,427052.88,4212537.29,317.12,68.74,226.86,606.43,8,14.19
5808,2964.268,1902.121,433612.07,4212073.23,329.90,99.02,165.76,582.66,23,20.36
5809,2960.823,1846.682,428068.23,4212417.72,474.59,132.63,324.34,607.22,5,25.31
5810,2959.894,1967.206,440120.57,4212510.61,222.19,84.80,131.66,611.45,6,13.39
5811,2963.490,2016.585,445058.49,4212151.01,394.45,74.97,271.28,827.16,13,19.27
5812,2962.719,2131.037,456503.74,4212228.06,316.78,28.92,131.07,506.41,13,19.87
5813,2968.032,1703.385,413738.46,4211696.76,455.14,109.66,296.94,766.40,15,40.23
5814,2957.625,1810.602,424460.18,4212737.46,208.81,52.35,117.89,354.09,4,18.51
5815,2969.821,1860.304,429430.37,4211517.92,224.82,40.29,127.01,335.12,12,17.03
5816,2972.716,1884.129,431812.86,4211228.36,210.07,27.78,113.90,254.06,11,17.87
5817,2965.725,1989.412,442341.24,4211927.54,304.31,75.13,121.04,466.47,13,25.82
5818,2969.294,1940.441,437444.12,4211570.64,294.19,33.10,198.78,409.31,6,21.17
5819,2971.692,1778.627,421262.73,4211330.78,425.86,6.28,418.44,441.23,4,31.85
5820,2974.395,1829.272,426327.24,4211060.50,151.65,16.08,124.74,363.59,11,15.17
5821,2975.004,2087.510,452151.05,4210999.61,396.98,82.15,144.51,759.24,13,28.82
5822,2987.115,2052.931,448693.05,4209788.51,453.21,51.13,373.32,771.52,25,26.86
5823,2981.012,1790.430,422442.97,4210398.77,234.70,61.94,116.53,630.70,16,17.36
5824,2979.009,1809.991,424399.14,4210599.12,242.86,9.74,132.83,259.77,4,24.76
5825,2981.106,2034.595,446859.52,4210389.38,477.42,65.90,367.58,647.22,4,18.57
5826,2984.946,1316.736,375073.57,4210005.37,224.34,63.61,123.29,329.66,7,17.09
5827,2981.883,1340.483,377448.33,4210311.66,352.33,38.59,253.45,482.89,10,21.85
5828,2988.525,1362.817,379681.67,4209647.47,232.35,55.50,112.50,391.18,16,15.80
5829,2986.616,1392.952,382695.22,4209838.42,206.91,33.13,112.42,286.34,14,16.78
5830,2985.556,1426.073,386007.34,4209944.36,265.23,49.97,215.27,473.24,7,17.67
5831,2985.069,1438.290,387229.02,4209993.05,218.44,21.64,169.37,243.79,4,23.33
5832,2982.556,1548.641,398264.15,4210244.42,189.16,66.01,115.23,358.42,6,14.11
5833,2980.492,1573.100,400710.05,4210450.77,203.74,68.43,115.52,576.06,6,13.71
5834,2989.717,1642.943,407694.32,4209528.32,259.16,75.70,132.60,441.16,17,21.83
5835,2987.549,1680.675,411467.51,4209745.05,628.60,114.92,460.33,912.21,8,31.23
5836,2983.446,1936.988,437098.80,4210155.40,280.66,57.93,150.46,474.09,7,30.64
5837,2990.639,2119.268,455326.82,4209436.06,229.80,54.26,106.77,656.27,27,17.31
5838,2991.296,1412.390,384639.03,4209370.41,205.39,37.53,108.63,397.20,12,13.88
5839,2987.045,1584.019,401801.91,4209795.51,128.65,14.90,113.76,249.23,5,14.11
5840,2984.496,1623.950,405794.97,4210050.35,512.63,122.76,312.10,647.71,4,52.73
5841,2990.978,1902.900,433690.04,4209402.25,213.77,48.46,121.92,318.56,12,19.36
5842,2988.370,1995.838,442983.82,4209663.03,545.54,49.00,436.75,696.98,8,22.72
5843,2992.195,1460.133,389413.27,4209280.48,221.91,25.64,192.01,329.90,9,12.54
5844,2989.583,1558.505,399250.50,4209541.67,179.92,21.21,119.66,213.46,6,13.41
5845,2994.997,1783.154,421715.39,4209000.25,247.14,65.77,123.04,541.72,11,21.35
5846,2989.991,1835.073,426907.26,4209500.91,230.18,18.70,153.91,266.45,4,19.96
5847,2984.981,1957.693,439169.28,4210001.89,276.47,40.13,232.59,341.89,4,38.93
5848,2989.619,2067.101,450110.06,4209538.13,348.57,47.53,209.73,422.66,6,19.48
5849,2992.649,2092.242,452624.21,4209235.06,299.71,99.95,138.50,403.94,5,18.45
5850,3005.085,1454.779,388877.87,4207991.53,218.57,65.75,119.43,420.93,33,19.22
5851,3011.249,1628.238,406223.75,4207375.10,178.53,44.80,107.35,291.12,26,17.23
5852,2998.018,1765.761,419976.09,4208698.19,279.22,86.74,144.48,490.21,12,22.50
5853,2995.953,1847.927,428192.68,4208904.67,236.80,29.28,144.09,565.00,9,19.36
5854,2997.537,1876.971,431097.15,4208746.25,319.20,43.22,187.86,584.31,9,25.72
5855,3001.287,1732.670,416666.95,4208371.31,880.83,99.25,691.64,1056.88,7,19.62
5856,2998.874,1748.247,418224.74,4208612.63,811.67,34.26,384.98,859.00,4,48.68
5857,3000.329,2077.481,451148.09,4208467.06,325.89,91.11,137.20,505.85,8,22.40
5858,3007.125,1535.230,396923.02,4207787.50,372.21,94.21,278.00,558.62,5,15.36
5859,3010.157,1692.048,412604.79,4207484.29,329.64,86.36,143.63,888.69,24,20.89
5860,3008.561,1711.466,414546.56,4207643.92,488.77,9.90,475.01,807.75,6,52.21
5861,3004.442,1892.427,432642.68,4208055.84,131.26,12.34,116.01,169.19,4,10.73
5862,3008.792,1490.592,392459.20,4207620.85,183.88,13.12,131.50,201.72,6,14.92
5863,3007.682,1552.845,398684.55,4207731.75,292.96,4.74,286.41,305.19,4,8.35
5864,3016.045,1573.405,400740.51,4206895.53,199.76,32.60,146.23,357.80,23,16.87
5865,3006.268,1795.464,422946.36,4207873.22,258.74,18.30,236.18,387.82,4,19.89
5866,3010.159,1844.428,427842.83,4207484.10,449.30,85.24,293.99,716.35,13,29.85
5867,3008.457,1973.957,440795.74,4207654.34,341.40,122.38,137.46,483.91,4,12.63
5868,3007.423,2033.906,446790.63,4207757.67,360.15,48.82,311.33,473.94,5,29.35
5869,3017.983,1396.523,383052.33,4206701.73,178.36,49.11,118.54,422.75,13,17.13
5870,3012.914,1522.023,395602.32,4207208.63,186.15,7.06,179.09,278.62,7,21.00
5871,3018.112,1598.640,403263.96,4206688.79,242.61,56.52,159.73,367.80,12,15.81
5872,3013.944,1670.861,410486.13,4207105.57,187.27,74.52,112.75,498.56,7,21.27
5873,3015.283,2097.778,453177.75,4206971.66,375.81,69.21,210.84,588.27,6,34.66
5874,3012.914,2113.964,454796.42,4207208.64,205.94,14.78,144.06,231.26,4,14.71
5875,3017.243,1785.637,421963.71,4206775.74,179.86,34.32,137.06,412.24,10,19.20
5876,3013.309,1946.456,438045.63,4207169.15,179.64,27.37,127.08,246.90,4,19.59
5877,3018.820,2021.014,445501.36,4206618.00,252.21,55.51,106.02,437.53,10,23.85
5878,3016.439,1327.349,376134.89,4206856.14,187.22,30.50,147.37,244.10,4,21.18
5879,3021.733,1370.418,380441.82,4206326.67,190.46,16.37,137.89,209.51,4,17.19
5880,3013.662,1383.343,381734.28,4207133.76,214.66,38.73,119.96,253.38,5,16.29
5881,3024.007,1762.105,419610.46,4206099.27,269.93,91.96,143.65,449.68,14,27.77
5882,3020.937,1826.573,426057.33,4206406.30,165.81,10.51,100.82,180.08,9,15.53
5883,3022.369,1964.418,439841.79,4206263.13,825.84,60.84,536.07,917.51,9,20.24
5884,3025.650,2124.364,455836.35,4205935.01,232.02,64.60,105.59,622.00,19,21.83
5885,3024.651,1414.493,384849.28,4206034.87,184.15,15.26,158.62,199.41,3,17.10
5886,3027.261,1513.319,394731.92,4205773.90,253.07,27.61,163.66,626.31,14,20.80
5887,3020.775,1710.058,414405.80,4206422.55,297.14,48.22,238.57,556.89,5,26.89
5888,3020.262,1721.182,415518.17,4206473.76,170.08,5.42,107.95,372.90,5,13.35
5889,3024.203,1742.042,417604.23,4206079.69,280.55,32.67,205.29,441.93,5,15.03
5890,3025.765,1867.584,430158.39,4205923.48,132.28,20.47,111.80,371.71,9,14.00
5891,3025.704,1887.027,432102.66,4205929.57,370.43,38.42,179.78,527.05,11,34.74
5892,3027.863,1358.142,379214.19,4205713.73,159.90,22.55,137.35,342.03,5,15.89
5893,3028.318,1461.831,389583.10,4205668.18,140.17,26.77,112.43,193.79,6,12.15
5894,3026.416,1536.885,397088.46,4205858.44,317.71,56.16,241.87,439.13,4,16.14
5895,3023.361,1663.057,409705.70,4206163.91,215.68,33.88,152.08,263.94,7,15.84
5896,3035.277,2074.619,450861.89,4204972.31,741.18,162.34,429.12,1302.02,12,37.55
5897,3036.338,2108.440,454243.99,4204866.25,520.58,59.43,290.25,732.58,19,25.52
5898,3030.553,1431.419,386541.94,4205444.74,179.89,45.88,113.96,300.99,12,16.87
5899,3031.928,1477.155,391115.53,4205307.19,293.85,54.68,139.12,384.00,12,20.75
5900,3034.155,1735.360,416936.00,4205084.55,248.44,91.04,146.44,346.74,4,25.49
5901,3033.392,1900.758,433475.78,4205160.84,152.40,23.66,116.12,213.13,6,18.79
5902,3040.515,1393.413,382741.35,4204448.49,197.07,50.48,121.52,342.34,25,17.64
5903,3034.374,1616.853,405085.26,4205062.62,174.59,40.31,108.19,314.47,9,18.36
5904,3036.166,1777.224,421122.37,4204883.43,184.57,40.22,144.35,291.55,3,23.41
5905,3036.888,1941.350,437534.99,4204811.23,383.94,45.61,335.20,731.56,4,41.60
5906,3041.421,1536.088,397008.77,4204357.95,247.77,88.81,138.47,435.14,16,18.61
5907,3043.041,1590.302,402430.20,4204195.92,212.27,47.77,122.41,489.16,8,15.79
5908,3037.803,2044.035,447803.55,4204719.68,715.02,116.14,456.00,893.06,6,38.22
5909,3044.278,1460.164,389416.45,4204072.22,176.98,17.08,135.50,272.45,8,23.03
5910,3045.345,1562.757,399675.74,4203965.51,178.56,48.80,114.79,261.08,10,13.47
5911,3044.518,1574.961,400896.08,4204048.21,189.56,45.38,130.04,284.48,8,18.00
5912,3042.074,1603.069,403706.92,4204292.63,194.51,26.46,154.03,222.42,4,17.09
5913,3045.284,1808.282,424228.24,4203971.64,327.24,35.38,133.51,404.43,10,23.17
5914,3043.045,1850.741,428474.10,4204195.47,162.32,2.79,138.46,167.56,5,17.10
5915,3041.957,1884.441,431844.11,4204304.26,237.96,70.66,133.13,310.20,5,24.69
5916,3049.612,1999.232,443323.20,4203538.81,212.26,17.16,130.72,297.28,22,20.23
5917,3045.795,1898.118,433211.84,4203920.54,263.56,36.70,184.42,373.53,6,18.47
5918,3052.838,1913.395,434739.54,4203216.17,207.23,51.22,130.89,304.07,10,19.08
5919,3055.880,1476.943,391094.35,4202911.98,335.19,67.66,192.64,423.91,7,14.37
5920,3051.732,1828.871,426287.07,4203326.79,302.53,13.20,220.28,332.27,5,28.04
5921,3054.060,2129.618,456361.82,4203094.02,394.58,81.79,203.70,516.52,10,23.98
5922,3054.218,2084.263,451826.26,4203078.22,358.47,63.45,249.96,429.51,5,25.48
5923,3058.611,1434.213,386821.32,4202638.92,236.00,23.12,101.35,275.73,6,21.52
5924,3063.254,1543.335,397733.54,4202174.59,247.35,49.27,103.97,316.92,8,19.32
5925,3065.949,1587.587,402158.73,4201905.11,216.68,36.85,117.43,436.56,23,13.85
5926,3060.825,1815.077,424907.71,4202417.52,223.44,54.78,154.41,379.41,6,23.60
5927,3058.928,1941.041,437504.11,4202607.18,345.94,62.35,142.63,873.21,15,31.92
5928,3059.153,2032.481,446648.13,4202584.73,204.82,38.51,160.14,262.92,5,14.14
5929,3062.114,2105.485,453948.48,4202288.58,386.79,88.25,235.88,710.40,13,29.36
5930,3063.985,2121.626,455562.63,4202101.47,275.97,43.64,188.62,404.34,7,23.14
5931,3062.969,1672.480,410647.97,4202203.09,230.07,29.91,139.63,372.11,9,22.12
5932,3065.750,1388.200,382219.98,4201924.98,387.76,60.67,317.49,683.86,8,29.65
5933,3071.673,1427.767,386176.74,4201332.65,301.23,83.90,127.83,432.00,14,18.08
5934,3064.288,1459.347,389334.74,4202071.23,264.10,52.87,210.16,360.11,4,20.28
5935,3067.443,2006.365,444036.49,4201755.69,266.89,20.97,231.87,363.47,5,26.71
5936,3066.951,1405.810,383980.99,4201804.91,254.25,57.25,120.07,372.32,7,15.96
5937,3074.507,1482.395,391639.49,4201049.32,205.38,27.67,173.68,406.60,8,19.87
5938,3069.589,1525.850,395984.97,4201541.14,220.42,15.54,104.42,279.90,7,17.96
5939,3072.410,1640.159,407415.94,4201259.04,166.31,37.81,100.46,270.17,8,17.89
5940,3070.874,1815.743,424974.28,4201412.62,200.76,17.25,174.80,246.34,4,21.87
5941,3083.173,1385.244,381924.40,4200182.74,358.06,99.81,204.37,823.67,16,25.94
5942,3071.320,1560.776,399477.60,4201368.00,175.55,7.26,162.15,304.36,4,17.79
5943,3070.036,1607.374,404137.38,4201496.42,166.68,21.09,102.68,190.68,5,15.73
5944,3076.716,1902.649,433664.88,4200828.45,239.66,49.62,185.04,297.25,4,19.69
5945,3080.035,1627.220,406121.99,4200496.45,297.07,100.45,124.68,445.09,9,19.46
5946,3080.906,1959.400,439339.96,4200409.38,175.39,25.87,111.17,258.24,8,17.95
5947,3079.842,2114.876,454887.56,4200515.82,351.05,140.46,114.51,534.43,6,24.24
5948,3079.603,2132.226,456622.60,4200539.66,219.90,69.07,129.55,390.33,8,16.25
5949,3085.694,1463.808,389780.82,4199930.61,253.95,40.86,154.99,389.86,12,20.87
5950,3086.185,1655.323,408932.28,4199881.55,228.21,39.11,189.10,315.15,9,23.91
5951,3082.541,1919.734,435373.37,4200245.89,199.61,49.34,145.23,295.79,4,14.82
5952,3085.545,2008.666,444266.59,4199945.54,308.58,4.92,299.33,338.04,4,16.88
5953,3085.424,2031.927,446592.70,4199957.63,330.08,40.03,184.45,440.83,11,30.27
5954,3094.224,1500.041,393404.15,4199077.55,183.90,30.88,141.53,287.87,12,15.62
5955,3086.616,1554.810,398881.03,4199838.36,300.07,29.51,157.10,350.06,10,24.62
5956,3094.955,1697.553,413155.25,4199004.52,193.15,52.36,139.75,341.83,9,23.56
5957,3092.519,1768.792,420279.21,4199248.07,448.00,154.36,171.50,632.92,6,46.50
5958,3093.498,1993.415,442741.53,4199150.15,190.51,31.94,114.25,248.53,15,13.61
5959,3093.976,2075.684,450968.37,4199102.41,196.58,58.08,120.00,384.74,29,14.99
5960,3102.154,1604.306,403830.59,4198284.62,217.89,43.89,128.16,370.54,39,18.94
5961,3090.712,1905.333,433933.30,4199428.83,205.58,31.00,174.58,268.18,5,10.70
5962,3094.340,1929.399,436339.85,4199065.97,377.84,59.86,225.16,486.82,10,26.71
5963,3096.475,2023.312,445731.15,4198852.52,159.23,6.00,153.22,212.91,5,19.29
5964,3094.599,2115.711,454971.10,4199040.14,233.58,76.08,112.57,442.59,4,20.12
5965,3094.431,1416.801,385080.06,4199056.86,180.75,35.49,145.26,465.61,5,16.99
5966,3095.775,2130.492,456449.22,4198922.54,231.66,51.32,158.20,367.45,6,19.80
5967,3098.584,1666.542,410054.17,4198641.57,319.78,22.30,294.43,399.73,6,31.30
5968,3119.981,1840.540,427454.00,4196501.92,253.03,54.47,115.49,593.93,51,23.75
5969,3104.912,1961.385,439538.47,4198008.81,145.60,26.21,119.38,256.97,5,17.77
5970,3115.953,1787.449,422144.85,4196904.66,414.04,51.34,312.17,553.01,8,35.41
5971,3107.041,1878.426,431242.64,4197795.86,159.77,38.59,102.51,247.68,4,13.31
5972,3109.455,2007.935,444193.50,4197554.47,179.81,25.62,139.98,290.07,10,20.29
5973,3103.128,2102.935,453693.46,4198187.21,224.24,47.42,151.34,311.28,4,23.75
5974,3107.476,1659.256,409325.59,4197752.35,253.30,37.50,181.83,332.76,4,26.75
5975,3112.179,1774.089,420808.92,4197282.06,443.27,164.07,279.20,766.97,7,43.23
5976,3112.296,1884.581,431858.12,4197270.38,153.34,48.53,100.90,710.78,6,15.99
5977,3109.326,2118.941,455294.10,4197567.38,267.73,77.50,189.55,486.09,6,29.74
5978,3112.519,1577.435,401143.52,4197248.14,258.17,30.61,150.97,297.46,4,29.50
5979,3113.032,1743.158,417715.83,4197196.76,261.37,41.40,139.29,327.36,6,24.05
5980,3120.833,1900.503,433450.28,4196416.70,605.20,26.76,297.05,706.05,11,44.20
5981,3114.267,1616.658,405065.76,4197073.29,364.24,79.22,253.14,481.03,4,28.17
5982,3121.208,1695.471,412947.07,4196379.20,171.06,10.21,160.85,338.85,5,20.91
5983,3120.087,1801.528,423552.83,4196491.33,345.04,28.38,171.68,375.81,6,30.58
5984,3119.304,1938.194,437219.37,4196569.59,243.05,81.99,100.27,447.05,7,21.24
5985,3120.077,2100.266,453426.56,4196492.27,238.57,20.51,152.11,259.08,5,13.14
5986,3119.034,2200.812,463481.20,4196596.62,195.78,70.07,105.74,289.11,4,19.80
5987,3126.246,1735.614,416961.38,4195875.44,364.67,78.09,242.61,543.64,6,35.25
5988,3120.545,2122.238,455623.84,4196445.50,373.02,20.23,336.21,452.72,5,53.55
5989,3128.945,1751.533,418553.28,4195605.48,237.56,97.88,104.81,387.42,10,25.23
5990,3129.464,1580.794,401479.40,4195553.60,262.76,51.44,173.90,346.62,7,23.40
5991,3133.293,1860.032,429403.16,4195170.66,285.26,113.70,104.99,565.49,7,19.65
5992,3141.756,1880.015,431401.54,4194324.45,308.48,70.46,210.39,524.01,16,24.75
5993,3128.996,1919.545,435354.51,4195600.37,329.09,31.84,182.06,426.54,7,21.03
5994,3134.842,1962.609,439660.86,4195015.83,196.62,40.67,104.17,373.66,10,12.69
5995,3128.311,1802.442,423644.25,4195668.89,532.21,80.50,233.14,658.42,4,56.71
5996,3139.487,1911.839,434583.87,4194551.29,189.92,16.34,107.69,279.31,5,15.56
5997,3132.382,2089.507,452350.72,4195261.75,315.51,127.51,153.59,449.18,5,24.52
5998,3140.700,1669.172,410317.24,4194429.97,197.26,27.95,155.83,225.24,6,18.70
5999,3136.978,1811.273,424527.28,4194802.21,376.01,125.36,241.73,537.15,4,29.79
6000,3141.950,1949.949,438394.95,4194304.98,268.41,55.47,146.64,388.05,6,24.68
6001,3146.836,1578.444,401244.44,4193816.42,460.48,86.32,215.14,546.80,5,19.57
6002,3145.981,1608.422,404242.22,4193901.91,356.03,70.48,285.54,492.44,5,21.62
6003,3149.656,1792.594,422659.43,4193534.36,201.12,27.31,145.11,358.46,13,15.55
6004,3144.466,1595.143,402914.33,4194053.37,307.78,74.16,219.82,464.42,4,20.45
6005,3147.939,1628.871,406287.08,4193706.07,187.64,12.28,143.00,199.92,5,20.93
6006,3146.979,1935.512,436951.16,4193802.14,405.40,122.46,198.18,689.07,7,28.58
6007,3145.282,2103.148,453714.77,4193971.76,291.64,99.35,192.29,469.40,5,22.92
6008,3151.983,2111.636,454563.63,4193301.65,234.12,31.03,170.02,285.38,10,19.56
6009,3153.325,1860.305,429430.49,4193167.50,192.55,35.93,133.71,314.26,7,16.46
6010,3148.521,2032.118,446611.82,4193647.92,412.14,136.32,274.60,607.20,5,54.09
6011,3155.175,1648.089,408208.87,4192982.50,175.67,1.59,163.71,177.33,4,20.62
6012,3161.233,1752.766,418676.63,4192376.71,399.22,105.13,174.06,587.11,29,29.09
6013,3151.665,2081.313,451531.32,4193333.54,131.40,9.85,113.54,161.00,5,11.35
6014,3152.915,2173.477,460747.74,4193208.51,843.98,159.42,461.31,1252.89,6,76.10
6015,3156.898,1594.371,402837.13,4192810.22,227.58,26.91,197.66,315.19,4,25.20
6016,3155.418,1872.439,430643.91,4192958.19,210.46,26.80,183.01,277.34,4,13.69
6017,3170.133,1922.036,435603.61,4191486.65,267.34,42.64,151.22,400.55,23,25.53
6018,3167.753,1968.622,440262.18,4191724.68,257.06,54.15,137.33,518.13,23,18.86
6019,3170.955,1709.156,414315.60,4191404.48,213.36,54.82,146.22,339.58,9,19.08
6020,3160.841,1831.771,426577.13,4192415.91,206.34,14.07,192.28,269.96,5,17.84
6021,3164.548,1893.910,432791.04,4192045.18,290.25,48.42,233.38,395.14,10,21.43
6022,3166.343,1907.972,434197.17,4191865.67,186.70,44.35,142.35,272.21,7,21.99
6023,3168.558,2003.052,443705.22,4191644.18,508.89,86.82,277.56,660.92,5,44.45
6024,3173.652,1578.039,401203.93,4191134.84,303.33,35.67,165.37,366.49,11,22.86
6025,3179.277,1880.352,431435.17,4190572.33,246.17,26.34,147.98,317.32,12,18.73
6026,3181.620,2195.849,462984.86,4190337.98,463.31,70.54,327.63,658.61,12,18.62
6027,3176.443,1723.586,415758.62,4190855.68,354.04,87.42,256.76,441.45,5,25.22
6028,3185.051,1772.156,420615.62,4189994.87,374.69,94.52,175.41,852.17,13,21.41
6029,3182.781,2080.790,451478.95,4190221.90,185.78,51.73,116.71,342.10,6,13.27
6030,3201.043,2112.930,454692.95,4188395.68,380.14,83.35,129.86,750.42,38,25.56
6031,3182.019,1981.326,441532.63,4190298.09,171.49,37.43,111.27,344.11,4,16.77
6032,3184.249,1994.053,442805.28,4190075.13,263.26,46.81,116.55,310.07,5,15.50
6033,3180.916,2033.254,446725.44,4190408.37,284.11,47.80,178.69,335.20,8,24.56
6034,3187.311,2157.932,459193.20,4189768.86,299.39,49.82,166.11,426.01,9,27.45
6035,3189.024,1585.042,401904.20,4189597.56,192.14,27.50,154.91,234.08,4,15.24
6036,3180.161,1643.549,407754.92,4190483.87,145.39,24.17,108.09,170.31,4,14.52
6037,3187.453,1746.211,418021.12,4189754.70,183.84,27.75,121.54,211.59,5,16.33
6038,3190.095,1842.121,427612.09,4189490.49,180.57,26.22,154.35,416.93,7,19.44
6039,3187.771,2124.560,455855.95,4189722.90,492.69,45.88,358.10,712.53,6,42.95
6040,3190.657,2138.059,457205.94,4189434.34,310.99,103.39,116.55,432.30,6,16.48
6041,3192.558,1606.886,404088.56,4189244.19,233.95,23.44,105.03,257.39,5,12.26
6042,3195.277,1850.355,428435.49,4188972.26,136.05,27.68,106.00,214.23,11,12.72
6043,3193.089,1894.450,432844.95,4189191.09,163.33,36.57,104.53,357.39,8,16.03
6044,3190.514,2045.697,447969.71,4189448.56,437.54,249.07,158.24,705.09,6,29.86
6045,3201.461,2165.963,459996.33,4188353.88,457.63,120.09,273.46,939.90,30,25.94
6046,3195.484,1682.952,411695.22,4188951.61,149.26,22.43,112.66,174.43,5,12.50
6047,3198.382,1705.014,413901.42,4188661.77,423.15,50.34,200.53,865.20,16,29.51
6048,3193.160,1795.901,422990.12,4189183.97,305.69,53.96,210.59,482.36,8,28.25
6049,3198.508,1949.776,438377.59,4188649.22,220.71,20.84,190.59,382.64,4,20.74
6050,3194.478,2009.810,444380.98,4189052.18,145.11,35.95,109.16,186.99,5,20.14
6051,3203.010,1735.190,416918.99,4188199.04,407.14,63.89,188.59,514.36,5,29.91
6052,3198.634,1776.900,421090.00,4188636.60,152.87,31.64,112.30,249.89,6,17.40
6053,3201.488,1970.146,440414.56,4188351.23,205.81,10.08,177.06,269.23,7,18.59
6054,3201.668,2024.937,445893.67,4188333.23,238.78,18.60,195.24,349.14,8,27.96
6055,3212.910,1942.926,437692.58,4187209.01,320.84,92.95,158.15,918.54,19,30.26
6056,3214.223,1600.785,403478.50,4187077.67,482.27,83.03,246.85,782.76,10,27.32
6057,3209.151,1750.929,418492.89,4187584.86,214.87,37.99,139.48,329.05,11,18.54
6058,3204.644,1788.492,422249.22,4188035.59,173.57,10.50,163.07,208.63,3,13.58
6059,3209.296,2065.413,449941.35,4187570.41,514.85,37.50,364.78,556.83,8,36.52
6060,3214.596,1578.420,401242.02,4187040.37,280.90,40.61,213.55,450.65,9,23.40
6061,3211.849,1767.844,420184.43,4187315.06,143.83,12.62,131.21,308.74,5,14.50
6062,3210.238,1925.326,435932.56,4187476.21,314.79,72.98,168.81,472.77,11,17.32
6063,3214.033,1958.205,439220.51,4187096.75,179.00,28.99,100.97,214.21,6,16.06
6064,3236.429,2147.333,458133.26,4184857.12,378.53,76.31,192.45,620.81,32,16.64
6065,3214.610,1637.912,407191.16,4187038.97,246.40,47.09,158.83,432.90,10,21.85
6066,3214.830,1800.333,423433.33,4187016.99,223.86,37.90,174.91,519.83,9,23.00
6067,3217.850,1874.202,430820.22,4186715.05,158.19,40.24,108.66,353.74,6,16.56
6068,3218.808,1977.611,441161.07,4186619.18,175.67,51.86,106.87,426.86,9,18.03
6069,3216.456,2023.781,445778.10,4186854.39,256.62,5.78,151.42,266.60,4,9.98
6070,3214.511,2082.939,451693.87,4187048.92,237.68,12.06,165.62,251.59,6,18.43
6071,3226.688,1711.293,414529.26,4185831.24,427.57,82.52,277.31,565.14,13,13.34
6072,3223.428,1816.042,425004.18,4186157.24,316.93,107.38,145.13,559.95,13,22.84
6073,3230.259,2193.447,462744.71,4185474.08,591.93,142.68,305.21,1157.11,19,33.16
6074,3225.970,1737.846,417184.55,4185902.97,217.97,30.93,187.03,303.51,5,20.73
6075,3230.436,1781.210,421520.96,4185456.36,264.08,108.37,101.42,459.98,12,21.38
6076,3222.791,1792.139,422613.93,4186220.86,307.99,48.17,259.82,364.66,3,19.51
6077,3222.929,2072.395,450639.50,4186207.05,217.65,73.96,130.01,329.57,6,22.04
6078,3228.276,2108.792,454279.23,4185672.41,440.67,52.28,309.97,678.05,12,36.45
6079,3227.896,1862.084,429608.45,4185710.44,220.46,55.16,154.26,280.40,4,18.30
6080,3232.159,1898.685,433268.53,4185284.08,248.35,60.68,106.33,382.28,17,21.24
6081,3227.940,1754.870,418886.98,4185706.04,211.56,46.50,118.59,265.92,4,16.79
6082,3239.829,1874.739,430873.94,4184517.12,326.75,48.22,189.52,636.18,13,23.83
6083,3230.878,2000.673,443467.25,4185412.15,176.83,22.71,135.41,263.09,4,12.11
6084,3233.895,2067.438,450143.78,4185110.47,270.00,92.88,161.61,477.23,19,19.25
6085,3233.745,1806.617,424061.74,4185125.52,324.43,27.05,263.71,353.07,4,33.88
6086,3234.326,1821.857,425585.67,4185067.43,327.01,40.88,219.82,406.56,4,23.82
6087,3239.607,1984.247,441824.70,4184539.28,254.20,50.82,186.68,641.87,14,19.39
6088,3236.646,2046.304,448030.44,4184835.40,196.11,18.57,108.28,221.99,10,15.57
6089,3238.355,2123.549,455754.85,4184664.48,418.86,89.31,325.24,921.18,8,50.27
6090,3229.630,2157.418,459141.84,4185536.98,299.37,8.95,286.55,509.68,4,24.13
6091,3254.780,1708.850,414284.97,4183022.00,442.00,78.47,179.65,704.61,27,17.02
6092,3237.936,1929.816,436381.60,4184706.43,217.52,32.71,157.71,335.66,5,25.14
6093,3250.597,1758.041,419204.12,4183440.29,241.96,31.05,198.09,462.94,11,18.46
6094,3246.548,1826.277,426027.68,4183845.18,187.44,38.58,117.19,367.71,10,17.17
6095,3247.244,1920.280,435428.02,4183775.60,136.67,4.32,132.34,196.61,5,14.57
6096,3249.195,2004.834,443883.40,4183580.51,213.72,40.94,134.03,521.44,11,16.51
6097,3246.904,2083.231,451723.13,4183809.57,329.55,23.19,250.05,356.40,8,19.35
6098,3249.960,1848.346,428234.61,4183503.98,279.92,48.93,177.25,346.76,4,15.00
6099,3253.131,1956.527,439052.70,4183186.92,306.47,81.11,141.23,566.23,13,30.12
6100,3254.398,2045.360,447935.96,4183060.24,445.49,107.96,212.14,627.71,10,18.99
6101,3258.445,1847.028,428102.83,4182655.47,167.13,20.32,102.98,240.01,14,12.50
6102,3255.356,1908.012,434201.24,4182964.40,333.22,47.01,277.12,456.73,6,35.97
6103,3259.372,1983.996,441799.58,4182562.83,376.39,74.77,188.91,577.20,16,26.03
6104,3261.543,1736.905,417090.53,4182345.69,269.52,38.42,170.72,426.81,11,19.39
6105,3260.506,1816.621,425062.11,4182449.45,129.01,27.32,101.69,274.54,5,12.39
6106,3267.876,1663.296,409729.56,4181712.42,776.06,90.71,550.64,1259.99,7,36.97
6107,3263.187,2061.909,449590.90,4182181.27,235.30,12.87,200.94,279.65,11,20.82
6108,3272.524,2126.158,456015.75,4181247.58,216.27,41.16,158.33,604.25,17,23.72
6109,3262.229,2179.994,461399.44,4182277.10,163.01,6.63,155.56,251.36,4,20.21
6110,3264.786,1876.069,431006.92,4182021.42,376.67,14.68,349.27,471.18,5,33.17
6111,3268.938,2009.344,444334.44,4181606.24,236.40,27.33,155.21,368.53,8,18.32
6112,3269.042,2156.850,459084.98,4181595.85,231.95,122.41,101.75,504.84,12,15.46
6113,3276.132,1728.167,416216.74,4180886.78,312.19,49.12,239.87,488.12,15,18.57
6114,3273.515,1858.525,429252.46,4181148.45,129.36,26.90,100.52,156.27,5,15.13
6115,3287.437,1993.043,442704.28,4179756.35,220.37,39.13,160.37,460.02,22,20.11
6116,3283.442,2027.087,446108.70,4180155.76,217.59,50.05,143.76,486.13,21,20.39
6117,3282.801,1646.693,408069.33,4180219.92,394.46,39.93,141.06,592.55,11,12.96
6118,3280.245,1707.922,414192.16,4180475.51,301.80,65.27,208.08,539.04,12,18.12
6119,3274.489,1827.320,426132.03,4181051.08,149.41,4.59,140.35,159.25,4,13.14
6120,3281.968,1848.643,428264.25,4180303.23,180.96,36.91,100.20,243.89,10,15.99
6121,3281.297,1953.388,438738.78,4180370.32,282.51,54.90,173.28,503.38,10,23.93
6122,3275.707,2099.977,453397.73,4180929.27,218.58,22.72,183.34,390.55,10,22.92
6123,3277.741,1780.643,421464.33,4180725.89,222.09,18.19,164.10,322.81,5,19.18
6124,3283.473,1906.947,434094.69,4180152.68,332.39,68.78,200.81,607.00,7,24.92
6125,3284.580,1932.875,436687.48,4180041.98,208.11,66.51,129.75,517.81,11,22.10
6126,3284.153,2151.754,458575.36,4180084.75,381.51,69.32,241.56,701.59,10,19.10
6127,3297.034,1670.378,410437.78,4178796.57,351.26,75.76,162.10,536.07,25,16.57
6128,3285.008,1976.234,441023.38,4179999.23,330.86,78.98,209.71,439.73,4,33.86
6129,3294.660,1775.242,420924.24,4179034.00,200.54,47.33,108.18,405.33,15,16.00
6130,3296.912,1879.471,431347.06,4178808.75,142.00,24.71,101.40,389.80,16,15.96
6131,3288.870,1895.754,432975.43,4179613.03,139.34,24.78,114.56,212.90,5,11.89
6132,3295.167,2203.722,463772.15,4178983.32,226.57,8.26,213.80,292.75,4,15.91
6133,3306.399,1726.338,416033.80,4177860.07,246.15,73.48,132.19,431.45,20,17.75
6134,3304.893,1753.461,418746.09,4178010.72,189.66,49.81,104.33,373.91,10,23.65
6135,3296.838,1791.091,422509.12,4178816.20,234.24,58.89,175.35,351.69,5,20.13
6136,3307.955,1695.691,412969.07,4177704.50,261.61,29.91,129.66,457.86,12,19.47
6137,3299.659,1939.275,437327.52,4178534.15,228.47,55.95,143.04,311.08,4,20.10
6138,3306.415,1981.899,441589.93,4177858.54,202.37,58.59,122.70,305.86,7,19.05
6139,3303.141,2197.239,463123.91,4178185.94,304.18,86.40,215.71,620.09,4,20.93
6140,3311.390,1927.263,436126.35,4177361.01,157.89,17.65,100.94,482.17,9,15.19
6141,3313.812,1966.017,440001.68,4177118.76,226.12,42.52,153.06,298.71,13,20.59
6142,3309.400,2109.059,454305.87,4177559.99,305.59,40.60,264.99,502.91,5,22.92
6143,3308.058,2171.046,460504.64,4177694.18,145.68,24.11,116.24,211.50,11,14.92
6144,3310.631,1824.984,425898.38,4177436.86,274.71,47.75,215.94,546.49,6,17.37
6145,3316.537,2050.409,448440.90,4176846.27,681.65,187.73,362.27,916.08,6,32.77
6146,3313.462,2077.169,451116.87,4177153.82,250.49,34.88,215.61,359.24,7,22.93
6147,3317.632,2088.399,452239.94,4176736.76,216.08,39.50,125.05,404.13,12,16.38
6148,3308.459,2141.965,457596.49,4177654.11,644.17,165.81,438.18,1142.86,4,30.12
6149,3314.168,2191.608,462560.78,4177083.19,280.31,14.53,192.40,343.97,6,24.48
6150,3316.818,1993.223,442722.28,4176818.22,387.01,70.23,257.29,518.37,6,23.09
6151,3323.754,2128.135,456213.47,4176124.61,237.91,73.59,128.91,523.68,19,15.13
6152,3322.323,1781.817,421581.70,4176267.71,213.68,47.47,134.54,329.52,11,18.51
6153,3320.703,1806.988,424098.79,4176429.73,208.26,69.59,102.51,306.17,6,17.11
6154,3319.025,1889.955,432395.45,4176597.47,475.30,112.20,177.13,797.24,8,29.13
6155,3326.502,2066.031,450003.07,4175849.82,533.49,116.11,417.38,758.38,7,69.98
6156,3321.384,1657.359,409135.89,4176361.57,167.38,9.26,109.68,180.46,4,18.29
6157,3324.404,1834.644,426864.42,4176059.63,402.40,15.78,375.55,486.32,6,13.21
6158,3323.735,2030.022,446402.15,4176126.55,463.53,23.39,440.14,570.80,5,45.52
6159,3328.387,1739.917,417391.74,4175661.29,215.20,31.17,149.99,685.92,7,19.13
6160,3329.931,2010.318,444431.76,4175506.90,248.96,82.02,129.36,473.67,8,25.08
6161,3333.764,1875.819,430981.94,4175123.60,193.04,55.85,113.04,620.23,11,15.98
6162,3335.622,2166.840,460083.99,4174937.84,215.44,29.44,141.23,281.95,10,21.51
6163,3335.928,1640.995,407499.49,4174907.20,223.70,57.66,154.88,451.91,9,17.47
6164,3331.598,1719.687,415368.74,4175340.22,325.56,5.67,161.45,333.68,4,28.13
6165,3332.840,1807.848,424184.77,4175216.00,173.62,50.02,104.38,234.12,4,18.99
6166,3339.808,1832.215,426621.46,4174519.22,155.16,19.34,135.82,238.38,11,19.09
6167,3337.114,1980.320,441431.95,4174788.55,198.21,44.13,147.43,287.40,4,15.11
6168,3337.489,1705.705,413970.47,4174751.12,222.67,39.87,131.92,276.37,7,16.99
6169,3339.342,2026.377,446037.69,4174565.84,258.83,113.29,107.89,475.28,7,26.55
6170,3346.175,2106.655,454065.46,4173882.49,296.22,54.50,140.78,688.61,16,19.28
6171,3344.371,1737.946,417194.62,4174062.89,202.21,57.03,126.84,408.60,10,14.82
6172,3342.157,1860.255,429425.49,4174284.28,196.81,25.44,142.17,222.70,4,20.05
6173,3347.892,2125.475,455947.54,4173710.77,182.22,35.32,107.45,251.37,9,15.74
6174,3348.535,1676.402,411040.23,4173646.47,276.51,53.73,169.29,463.35,4,21.05
6175,3349.659,1765.116,419911.59,4173534.07,152.17,29.82,105.09,280.27,8,18.59
6176,3361.558,1836.906,427090.62,4172344.18,191.23,37.50,105.88,413.26,37,16.47
6177,3350.793,1661.316,409531.63,4173420.72,315.24,50.64,198.93,511.13,7,19.33
6178,3347.386,1965.708,439970.78,4173761.36,180.88,5.30,173.86,197.20,4,16.50
6179,3356.700,2014.444,444844.37,4172829.95,267.97,42.97,188.84,455.37,21,21.49
6180,3357.890,1962.986,439698.61,4172710.97,142.24,8.63,131.65,153.10,4,15.66
6181,3362.587,1978.936,441293.58,4172241.34,263.49,106.12,138.42,640.06,12,23.21
6182,3361.950,2083.024,451702.36,4172304.98,426.17,126.24,203.42,571.40,9,24.69
6183,3361.651,1917.086,435108.55,4172334.87,169.84,16.45,125.58,210.87,5,19.99
6184,3367.069,2059.737,449373.66,4171793.14,210.90,48.06,117.05,410.89,9,14.97
6185,3370.953,1782.520,421652.04,4171404.65,182.01,21.69,111.98,216.96,4,18.23
6186,3372.739,2005.019,443901.89,4171226.10,344.94,41.71,227.87,485.61,13,29.04
6187,3378.308,1925.381,435938.13,4170669.19,240.30,78.41,116.25,474.67,20,17.06
6188,3378.636,1963.783,439778.35,4170636.40,214.91,25.15,151.28,257.58,6,14.75
6189,3376.665,2104.373,453837.27,4170833.46,372.75,44.05,209.34,434.36,6,27.72
6190,3379.113,1892.835,432683.54,4170588.68,244.58,38.91,106.14,284.62,5,17.12
6191,3380.376,1982.693,441669.34,4170462.42,179.49,48.92,130.56,264.32,5,13.94
6192,3383.302,2116.454,455045.36,4170169.78,195.42,36.83,100.50,398.51,7,18.40
6193,3390.990,1710.010,414400.96,4169400.97,354.81,85.47,226.27,565.47,10,15.50
6194,3389.816,2021.357,445535.69,4169518.39,513.48,53.42,294.24,566.90,5,40.62
6195,3389.450,2071.348,450534.77,4169554.98,306.71,72.51,111.86,517.90,17,26.38
6196,3388.183,1760.958,419495.81,4169681.70,243.49,2.10,210.92,246.42,4,20.52
6197,3392.896,1815.049,424904.88,4169210.39,156.33,41.07,103.77,277.71,8,14.69
6198,3390.757,1774.972,420897.16,4169424.26,134.71,27.89,106.82,191.39,5,13.88
6199,3395.909,1836.635,427063.52,4168909.13,229.84,21.15,203.39,589.33,6,20.27
6200,3392.856,1884.198,431819.82,4169214.36,299.70,23.06,136.24,334.46,4,32.26
6201,3391.129,1907.817,434181.71,4169387.06,247.34,75.99,135.98,500.48,5,20.16
6202,3409.210,1940.175,437417.53,4167579.03,290.61,69.07,115.49,454.43,18,16.85
6203,3398.325,2005.820,443981.99,4168667.49,339.26,63.90,149.22,407.10,5,19.41
6204,3398.679,2105.231,453923.06,4168632.11,640.96,148.16,434.85,852.40,7,32.05
6205,3412.383,1706.218,414021.77,4167261.68,304.63,60.27,176.02,662.17,14,18.27
6206,3403.416,1779.307,421330.73,4168158.36,285.07,56.41,106.76,341.49,5,13.40
6207,3403.442,1790.504,422450.44,4168155.84,166.82,55.75,111.07,258.53,5,15.61
6208,3405.358,1843.986,427798.65,4167964.24,156.83,16.88,139.95,228.84,5,20.13
6209,3403.301,1957.178,439117.84,4168169.88,205.26,55.95,122.91,271.03,6,16.90
6210,3404.401,1983.798,441779.81,4168059.87,207.97,29.99,141.46,258.67,6,16.39
6211,3413.511,1735.170,416917.04,4167148.92,312.50,93.71,171.90,939.14,15,20.22
6212,3406.717,2083.387,451738.73,4167828.27,519.44,37.28,447.42,585.57,4,30.34
6213,3407.825,2136.879,457087.93,4167717.49,194.20,10.10,182.02,250.72,5,23.28
6214,3410.778,1800.737,423473.72,4167422.23,233.13,50.12,143.67,283.25,5,18.34
6215,3413.167,1904.963,433896.27,4167183.34,279.80,16.59,254.10,394.41,4,20.73
6216,3410.632,2053.138,448713.84,4167436.76,398.91,55.04,237.09,453.96,11,32.16
6217,3416.076,2075.723,450972.26,4166892.38,237.76,46.00,191.76,607.77,7,19.80
6218,3417.518,1769.672,420367.20,4166748.25,270.06,59.79,175.38,415.77,11,15.09
6219,3417.420,1872.129,430612.94,4166758.05,145.32,21.53,106.13,254.63,10,19.03
6220,3411.936,1971.103,440510.26,4167306.41,137.24,29.20,108.04,179.55,5,12.35
6221,3410.030,2025.806,445980.57,4167496.96,375.92,92.67,229.05,485.89,5,34.39
6222,3433.014,1954.024,438802.38,4165198.58,375.02,58.53,172.39,515.12,19,17.19
6223,3424.815,1988.009,442200.88,4166018.53,277.99,50.79,225.26,595.09,8,20.38
6224,3435.929,1913.018,434701.79,4164907.15,239.18,51.85,102.68,344.98,37,16.28
6225,3425.236,2068.699,450269.91,4165976.44,251.58,11.59,231.20,276.70,4,19.57
6226,3435.400,1719.137,415313.68,4164960.00,275.04,57.34,133.03,446.52,20,16.76
6227,3427.926,1748.901,418290.12,4165707.41,265.39,38.90,131.21,343.75,8,15.80
6228,3446.980,2032.217,446621.69,4163802.03,185.87,54.37,106.68,431.98,20,21.40
6229,3438.670,1976.939,441093.88,4164632.97,504.75,72.52,227.00,650.73,14,27.26
6230,3437.321,2044.675,447867.53,4164767.90,254.96,21.12,153.99,483.49,9,21.81
6231,3452.826,2067.141,450114.06,4163217.37,262.09,49.60,126.81,436.35,20,19.42
6232,3442.315,1776.754,421075.42,4164268.51,232.05,39.71,131.25,373.76,11,17.12
6233,3438.362,1863.002,429700.25,4164663.83,183.90,45.25,109.35,288.58,4,15.47
6234,3443.250,1742.649,417664.87,4164175.00,329.31,95.79,201.98,433.53,5,15.50
6235,3454.349,2003.791,443779.09,4163065.07,338.42,116.35,139.73,506.64,15,26.54
6236,3443.385,1824.329,425832.90,4164161.51,196.33,35.89,151.40,356.32,6,20.28
6237,3458.438,1793.952,422795.20,4162656.20,308.91,121.85,117.62,453.31,11,21.15
6238,3454.389,1725.578,415957.79,4163061.09,288.34,45.52,176.22,396.88,10,17.31
6239,3452.083,1745.930,417992.98,4163291.75,418.65,61.16,267.38,539.54,4,30.31
6240,3458.110,1799.938,423393.83,4162688.98,311.75,23.43,288.33,345.27,3,26.15
6241,3457.484,1863.866,429786.56,4162751.56,300.47,76.38,191.58,427.57,6,15.59
6242,3456.765,1931.937,436593.70,4162823.49,413.69,45.08,302.03,555.10,5,35.63
6243,3462.714,1757.230,419122.99,4162228.57,274.71,74.96,121.16,784.85,15,20.17
6244,3462.917,1814.159,424815.89,4162208.34,156.62,28.28,122.01,306.98,7,15.37
6245,3463.069,1945.624,437962.41,4162193.07,147.13,33.37,113.76,549.14,5,16.34
6246,3469.259,2021.718,445571.75,4161574.12,216.56,61.78,118.96,338.39,16,16.58
6247,3464.242,2058.033,449203.32,4162075.82,202.31,43.30,125.65,245.61,5,11.19
6248,3465.362,1731.102,416510.21,4161963.79,258.94,64.63,178.31,454.37,4,16.47
6249,3472.915,1782.976,421697.61,4161208.52,345.61,44.44,225.51,464.51,8,22.41
6250,3477.979,1843.528,427752.82,4160702.08,350.58,41.60,178.91,655.16,19,20.53
6251,3476.090,1710.643,414464.30,4160891.01,854.97,9.89,841.05,875.88,4,18.40
6252,3471.815,1740.045,417404.51,4161318.45,226.46,63.23,146.53,438.31,4,15.70
6253,3475.350,1972.273,440627.27,4160964.96,222.35,23.66,152.74,323.37,13,15.60
6254,3473.865,1721.177,415517.71,4161113.45,646.25,46.44,578.15,713.63,4,18.50
6255,3474.430,1956.443,439044.26,4161057.01,258.77,146.87,111.90,445.39,5,23.19
6256,3476.565,2054.240,448824.03,4160843.50,266.73,61.53,131.85,339.85,8,26.92
6257,3479.112,1747.687,418168.69,4160588.83,389.27,27.45,347.78,586.37,4,20.34
6258,3482.424,1931.246,436524.56,4160257.63,200.41,50.42,111.06,302.91,18,19.68
6259,3493.340,1772.785,420678.46,4159165.97,306.97,51.28,105.86,563.37,12,19.92
6260,3487.309,1864.693,429869.25,4159769.06,223.88,40.78,154.98,291.28,7,22.82
6261,3484.345,1985.022,441902.24,4160065.51,267.55,51.38,164.22,339.68,4,13.21
6262,3495.416,1790.828,422482.84,4158958.35,374.46,43.54,312.83,614.70,9,17.20
6263,3490.543,1896.185,433018.48,4159445.68,187.24,42.11,101.62,270.92,4,11.62
6264,3501.617,1856.588,429058.78,4158338.30,356.19,71.21,162.55,545.67,8,20.89
6265,3499.189,1903.870,433786.97,4158581.07,187.69,68.72,114.39,325.81,4,19.03
6266,3497.501,1965.580,439958.03,4158749.89,234.90,13.67,165.45,258.41,4,18.66
6267,3503.336,2000.898,443489.76,4158166.39,196.27,26.37,125.78,290.70,13,15.81
6268,3507.006,1817.515,425151.52,4157799.36,326.44,20.06,258.01,414.10,10,12.58
6269,3504.303,1875.568,430956.76,4158069.70,327.15,55.76,256.35,515.10,9,21.04
6270,3512.968,1836.576,427057.57,4157203.23,260.43,25.98,228.60,409.42,12,18.17
6271,3506.266,1948.864,438286.44,4157873.40,186.86,34.19,152.67,351.80,5,20.79
6272,3522.809,1984.060,441805.95,4156219.07,242.77,58.16,118.18,509.51,27,16.56
6273,3513.609,1787.153,422115.33,4157139.09,310.72,63.72,172.57,538.10,32,17.04
6274,3514.068,1904.656,433865.65,4157093.19,246.68,50.26,119.97,336.63,12,17.44
6275,3521.896,1880.868,431486.78,4156310.42,222.02,47.65,109.17,379.22,11,16.83
6276,3515.784,1810.056,424405.57,4156921.64,193.04,5.13,170.96,201.82,4,23.58
6277,3521.126,1926.586,436058.56,4156387.39,283.30,39.88,122.80,490.01,10,26.44
6278,3532.859,1944.306,437830.62,4155214.13,283.99,88.74,107.05,520.51,27,20.43
6279,3530.903,1849.928,428392.82,4155409.67,215.53,63.31,132.81,350.63,14,12.95
6280,3536.449,1788.386,422238.61,4154855.07,338.79,47.24,228.29,452.24,13,18.65
6281,3528.089,1886.906,432090.61,4155691.10,441.38,143.36,285.02,778.86,6,25.85
6282,3542.419,1876.741,431074.11,4154258.08,277.21,40.34,139.52,603.10,19,14.94
6283,3539.288,1908.689,434268.86,4154571.18,347.96,42.25,266.37,449.01,15,17.26
6284,3539.647,1968.329,440232.94,4154535.33,480.79,51.34,317.76,617.58,10,20.01
6285,3540.571,1773.902,420790.25,4154442.95,281.98,50.19,214.25,394.72,7,26.63
6286,3538.156,2004.413,443841.26,4154684.42,265.21,54.86,187.08,320.08,5,10.52
6287,3543.275,1815.956,424995.60,4154172.47,188.53,31.90,156.63,279.33,5,20.58
6288,3544.019,1837.186,427118.59,4154098.06,271.99,43.50,222.15,349.71,10,17.93
6289,3546.810,1856.308,429030.84,4153818.99,227.91,11.04,207.95,281.93,4,15.51
6290,3551.073,1894.826,432882.64,4153392.70,433.43,26.37,244.99,463.66,4,39.77
6291,3560.944,1838.702,427270.16,4152405.57,361.38,68.81,277.40,539.58,6,16.91
6292,3558.904,1854.431,428843.11,4152609.64,348.35,17.00,232.46,365.90,4,25.17
6293,3556.258,1926.161,436016.11,4152874.18,334.82,54.60,249.04,664.37,9,30.26
6294,3567.510,1867.404,430140.45,4151749.02,301.12,64.70,217.11,444.48,11,17.01
6295,3564.151,1945.043,437904.33,4152084.92,253.82,5.73,226.06,319.54,5,14.74
6296,3574.413,1883.103,431710.28,4151058.66,374.49,76.46,249.51,526.21,20,21.46
6297,3571.155,1931.774,436577.39,4151384.53,443.83,35.89,363.75,623.13,5,31.96
6298,3578.714,1827.993,426199.27,4150628.55,211.60,25.98,173.86,292.14,5,18.30
6299,3577.705,1849.977,428397.69,4150729.47,359.05,42.40,308.72,478.41,7,17.26
6300,3573.750,1900.380,433437.97,4151124.98,334.80,17.95,302.31,495.45,4,23.00
6301,3581.790,1868.827,430282.72,4150320.96,266.38,19.82,246.56,450.88,5,9.96
6302,3584.011,1911.242,434524.22,4150098.93,354.94,51.51,180.59,406.45,7,17.14
6303,3594.778,1930.389,436438.89,4149022.21,308.75,93.72,158.94,641.08,23,20.31
6304,3592.341,1843.181,427718.09,4149265.86,763.02,114.79,205.14,957.85,6,33.68
6305,3602.291,1893.826,432782.56,4148270.92,304.66,56.81,199.28,464.27,9,13.81
6306,3603.840,1859.995,429399.46,4148116.04,277.65,36.63,236.36,334.98,6,20.52
6307,3605.650,1873.575,430757.54,4147934.96,252.70,25.80,215.15,282.20,4,11.10
6308,3608.436,1912.403,434640.33,4147656.42,331.19,46.48,148.30,377.67,5,14.74
