fid,kind,part_index,n_vertices,length_m,Id,fid,hf_est,hf_meas,hf_resid,hf_used,hf_wt,hfqc_est,hfqc_resid,hfqc_used,hfqc_wt,hftc_est,hftc_resid,hftc_used,hftc_wt,length_m,n_vertices_kept,n_vertices_raw,qc_code,source_layer,tc_code,unique_id,x_eac117,y_eac117
0,Polygon,0,1081,3382791.4,6,0,,,,,,,,,,,,,,3382791.4,1081,1334,,USGS_gbHeatFlowStudyArea.shp,,,,
103,Point,0,1,0.0,,103,,2929,,,,,,,,,,,,0.0,1,1,G,USGS_gbHeatFlowWells.shp,unmeasured,a77611f1-6154-37ae-8c8e-c57e4d390c15,-158920.6442,21495.72898
104,Point,0,1,0.0,,104,,2510,,,,,,,,,,,,0.0,1,1,G,USGS_gbHeatFlowWells.shp,unmeasured,30fb0a91-43c3-3062-a5e6-7f14ab02b0dd,-159108.4087,19448.01835
105,Point,0,1,0.0,,105,,1674,,,,,,,,,,,,0.0,1,1,G,USGS_gbHeatFlowWells.shp,unmeasured,e94cd453-0122-3fb4-9d66-4f29f843dfdc,-156547.0822,16227.14677
579,Point,0,1,0.0,,579,,381,,,,,,,,,,,,0.0,1,1,G,USGS_gbHeatFlowWells.shp,known measured,d92bf683-51c8-30a2-8a74-654c22397c44,-43324.77035,263862.7378
584,Point,0,1,0.0,,584,,98,,,,,,,,,,,,0.0,1,1,A,USGS_gbHeatFlowWells.shp,A quality,8b0e1268-9bda-32ae-9922-0d6918d44287,-201354.1153,351449.2176
585,Point,0,1,0.0,,585,,96,,,,,,,,,,,,0.0,1,1,A,USGS_gbHeatFlowWells.shp,A quality,97e5fadc-58cb-3edd-a5f0-263e8a752600,-16812.98528,26157.10412
587,Point,0,1,0.0,,587,,96,,,,,,,,,,,,0.0,1,1,A,USGS_gbHeatFlowWells.shp,A quality,00149703-6270-37b4-bfe4-bf8499ef1bf5,-222064.4925,158052.0997
589,Point,0,1,0.0,,589,,65,,,,,,,,,,,,0.0,1,1,A,USGS_gbHeatFlowWells.shp,A quality,b30c945f-4304-3ef7-be43-2590a6ae16a8,-194641.2045,166702.8377
590,Point,0,1,0.0,,590,,148,,,,,,,,,,,,0.0,1,1,A,USGS_gbHeatFlowWells.shp,A quality,46fdcaf1-1b7c-3d2d-b49c-daf5aa157acd,28009.62251,313840.7389
591,Point,0,1,0.0,,591,,50,,,,,,,,,,,,0.0,1,1,A,USGS_gbHeatFlowWells.shp,A quality,1fce421e-25c5-380b-bbba-9ea61b64a05a,45880.49649,132747.2152
592,Point,0,1,0.0,,592,,50,,,,,,,,,,,,0.0,1,1,A,USGS_gbHeatFlowWells.shp,A quality,19cc3944-7b5f-3af6-9c35-97f575f1799e,47233.10823,147707.1384
594,Point,0,1,0.0,,594,,75,,,,,,,,,,,,0.0,1,1,A,USGS_gbHeatFlowWells.shp,A quality,55b5a99b-a69d-338e-a522-1d6b9076a2af,-177598.8159,160708.7008
598,Point,0,1,0.0,,598,,38,,,,,,,,,,,,0.0,1,1,A,USGS_gbHeatFlowWells.shp,A quality,80090504-b726-3a11-8434-b31253600571,-100844.8515,227950.7213
599,Point,0,1,0.0,,599,,98,,,,,,,,,,,,0.0,1,1,A,USGS_gbHeatFlowWells.shp,A quality,5fe4ce10-14aa-39cc-b375-bca6bfe5ff83,30980.09305,340938.1068
604,Point,0,1,0.0,,604,,76,,,,,,,,,,,,0.0,1,1,A,USGS_gbHeatFlowWells.shp,A quality,ee9ea59c-60e3-3b60-882a-7c5cf99e0c9e,-146333.4174,223533.7294
606,Point,0,1,0.0,,606,,61,,,,,,,,,,,,0.0,1,1,A,USGS_gbHeatFlowWells.shp,A quality,7447712f-9222-3081-81fa-767fcfbfbd69,-137230.2162,222455.3697
607,Point,0,1,0.0,,607,,117,,,,,,,,,,,,0.0,1,1,A,USGS_gbHeatFlowWells.shp,A quality,ad1ace60-8be5-3e3d-b183-2e4bed9135b6,38399.0227,342090.5356
609,Point,0,1,0.0,,609,,86,,,,,,,,,,,,0.0,1,1,A,USGS_gbHeatFlowWells.shp,A quality,fc68028c-4403-3b7d-9a05-d2b89f6ff145,-50875.11473,336693.0936
610,Point,0,1,0.0,,610,,92,,,,,,,,,,,,0.0,1,1,A,USGS_gbHeatFlowWells.shp,A quality,f412c0c6-18c4-35eb-9ca8-21882177926e,-48708.96601,336377.1747
611,Point,0,1,0.0,,611,,54,,,,,,,,,,,,0.0,1,1,A,USGS_gbHeatFlowWells.shp,A quality,7d0669f2-dfbf-3925-920e-e818c8f990a3,-145048.609,114474.0492
612,Point,0,1,0.0,,612,,98,,,,,,,,,,,,0.0,1,1,A,USGS_gbHeatFlowWells.shp,A quality,b402e9d7-3e77-3448-af7c-0598077469b1,-234019.3504,227531.6908
614,Point,0,1,0.0,,614,,88,,,,,,,,,,,,0.0,1,1,A,USGS_gbHeatFlowWells.shp,A quality,ef468d5f-852e-3826-890e-615cf1b31648,-84701.5386,280625.712
616,Point,0,1,0.0,,616,,42,,,,,,,,,,,,0.0,1,1,A,USGS_gbHeatFlowWells.shp,A quality,04b04019-f772-3e43-a69c-b191386c7f47,-52320.34918,340566.912
617,Point,0,1,0.0,,617,,85,,,,,,,,,,,,0.0,1,1,A,USGS_gbHeatFlowWells.shp,A quality,f3d52efd-c2c3-3649-aede-90d57d2cfc9a,-53830.04834,344631.7685
618,Point,0,1,0.0,,618,,69,,,,,,,,,,,,0.0,1,1,A,USGS_gbHeatFlowWells.shp,A quality,b326d248-1d63-337e-ae84-81460e6ba2cb,-53656.89488,350410.2421
619,Point,0,1,0.0,,619,,63,,,,,,,,,,,,0.0,1,1,A,USGS_gbHeatFlowWells.shp,A quality,c08c77ca-ee57-3aa0-9efa-0b0e7527e8fe,-52922.33018,351122.1812
620,Point,0,1,0.0,,620,,107,,,,,,,,,,,,0.0,1,1,A,USGS_gbHeatFlowWells.shp,A quality,030d38ba-4f96-32ab-8b8e-0bddcc82306e,-14956.70126,4863.55417
621,Point,0,1,0.0,,621,,91,,,,,,,,,,,,0.0,1,1,A,USGS_gbHeatFlowWells.shp,A quality,9a902a84-7bbf-3516-bed6-b8922e6ce62f,-152906.7775,244682.1194
622,Point,0,1,0.0,,622,,90,,,,,,,,,,,,0.0,1,1,A,USGS_gbHeatFlowWells.shp,A quality,127a1291-017e-33f5-b840-fec2fcba35a1,-178949.9943,280115.1768
624,Point,0,1,0.0,,624,,110,,,,,,,,,,,,0.0,1,1,A,USGS_gbHeatFlowWells.shp,A quality,d30fef7b-a16b-3bc3-8ea5-d0eb3abaaebd,-236312.0271,228719.4189
625,Point,0,1,0.0,,625,,112,,,,,,,,,,,,0.0,1,1,A,USGS_gbHeatFlowWells.shp,A quality,bdbe151c-55e8-37cf-ba3f-bec87ec493f2,-164714.9089,209759.0763
626,Point,0,1,0.0,,626,,87,,,,,,,,,,,,0.0,1,1,A,USGS_gbHeatFlowWells.shp,A quality,1a067d9b-b475-3af1-8600-620664349d66,-148636.7108,186095.9119
629,Point,0,1,0.0,,629,,110,,,,,,,,,,,,0.0,1,1,A,USGS_gbHeatFlowWells.shp,A quality,cbea5b6a-f2b6-374d-afde-72f5aa262c0d,-185403.0706,144809.1152
630,Point,0,1,0.0,,630,,54,,,,,,,,,,,,0.0,1,1,A,USGS_gbHeatFlowWells.shp,A quality,b8dc3a3b-5b7c-3d5b-aebf-51fcebc4a73d,-188348.7456,141513.0084
631,Point,0,1,0.0,,631,,112,,,,,,,,,,,,0.0,1,1,A,USGS_gbHeatFlowWells.shp,A quality,6d3fbb8b-bb45-350c-bf98-49507e68dcde,-145261.1306,215178.8937
632,Point,0,1,0.0,,632,,115,,,,,,,,,,,,0.0,1,1,A,USGS_gbHeatFlowWells.shp,A quality,ab1119f7-f6d0-3175-b023-8748becd2fa2,-152509.1131,100409.3629
635,Point,0,1,0.0,,635,,97,,,,,,,,,,,,0.0,1,1,A,USGS_gbHeatFlowWells.shp,A quality,ce3da963-f47a-3f8b-a238-0f937f51677f,-103118.2571,215303.4088
636,Point,0,1,0.0,,636,,76,,,,,,,,,,,,0.0,1,1,A,USGS_gbHeatFlowWells.shp,A quality,f351f103-78bf-3c4c-87a6-f305c649cdce,-99484.4405,224963.9165
637,Point,0,1,0.0,,637,,47,,,,,,,,,,,,0.0,1,1,A,USGS_gbHeatFlowWells.shp,A quality,175e74d7-666b-367f-83f9-b22c631b024d,-100336.9951,227686.645
638,Point,0,1,0.0,,638,,16,,,,,,,,,,,,0.0,1,1,A,USGS_gbHeatFlowWells.shp,A quality,6c98232d-adb9-326c-b995-70b51b85702c,-205601.239,349484.7964
642,Point,0,1,0.0,,642,,24,,,,,,,,,,,,0.0,1,1,A,USGS_gbHeatFlowWells.shp,A quality,2604ccee-56dc-3f59-9381-7c5790a513fd,2197.014672,215000.1709
643,Point,0,1,0.0,,643,,33,,,,,,,,,,,,0.0,1,1,A,USGS_gbHeatFlowWells.shp,A quality,752003cc-f6a8-317a-94b4-d3632a924e4c,-202961.1956,349641.2731
645,Point,0,1,0.0,,645,,25,,,,,,,,,,,,0.0,1,1,A,USGS_gbHeatFlowWells.shp,A quality,775c7160-c049-3f8b-8e4b-433cb1094b21,-151485.9904,101137.8114
647,Point,0,1,0.0,,647,,111,,,,,,,,,,,,0.0,1,1,B,USGS_gbHeatFlowWells.shp,known measured,8685d720-15b8-3f47-aaf2-70e20667e1ad,-5674.021475,349268.9658
648,Point,0,1,0.0,,648,,105,,,,,,,,,,,,0.0,1,1,B,USGS_gbHeatFlowWells.shp,assumed measured,e79d76fb-7846-3356-914d-76827eabd8e7,-111448.6222,284683.0626
651,Point,0,1,0.0,,651,,54,,,,,,,,,,,,0.0,1,1,B,USGS_gbHeatFlowWells.shp,known measured,1b32cb01-3e2d-3cce-924a-633f238e0672,36020.6655,89735.35459
652,Point,0,1,0.0,,652,,117,,,,,,,,,,,,0.0,1,1,B,USGS_gbHeatFlowWells.shp,Data release - assumed measured,0ec20e99-6e36-309d-ade9-441dad73408d,-107288.9731,211546.7496
653,Point,0,1,0.0,,653,,71,,,,,,,,,,,,0.0,1,1,B,USGS_gbHeatFlowWells.shp,Data release - assumed measured,87bfadd1-3c7b-3b08-a940-b78f1592e6b1,-109641.7947,213046.4569
654,Point,0,1,0.0,,654,,113,,,,,,,,,,,,0.0,1,1,B,USGS_gbHeatFlowWells.shp,Data release - assumed measured,4aa350c8-1e04-38c5-9d1f-eacb86e1a771,-108485.6804,218444.3788
655,Point,0,1,0.0,,655,,71,,,,,,,,,,,,0.0,1,1,B,USGS_gbHeatFlowWells.shp,Data release - assumed measured,36a627fa-db3b-3f82-b5f8-3e6d1223c658,-38924.32578,247868.4612
656,Point,0,1,0.0,,656,,84,,,,,,,,,,,,0.0,1,1,B,USGS_gbHeatFlowWells.shp,Data release - assumed measured,d098ca8a-76ad-3907-ab2d-777379fbecf5,-37722.81788,252255.5043
659,Point,0,1,0.0,,659,,84,,,,,,,,,,,,0.0,1,1,B,USGS_gbHeatFlowWells.shp,known measured,48fe5e48-23f8-31b8-82c9-d59e7ebe3283,-29824.66977,320937.9164
661,Point,0,1,0.0,,661,,89,,,,,,,,,,,,0.0,1,1,B,USGS_gbHeatFlowWells.shp,Data release - assumed measured,fe3acea8-2732-3e3c-bbf5-a188e5902f6d,-168837.2194,218770.267
662,Point,0,1,0.0,,662,,54,,,,,,,,,,,,0.0,1,1,B,USGS_gbHeatFlowWells.shp,Data release - assumed measured,276650a4-2992-3f55-b99b-c56332f9bf53,-150071.4638,248551.7555
663,Point,0,1,0.0,,663,,47,,,,,,,,,,,,0.0,1,1,B,USGS_gbHeatFlowWells.shp,Data release - assumed measured,0c65ae72-f2a9-3e30-b9c1-325aa77c5943,-136516.3834,256089.2404
664,Point,0,1,0.0,,664,,74,,,,,,,,,,,,0.0,1,1,B,USGS_gbHeatFlowWells.shp,Data release - assumed measured,c0cf430f-677d-3a59-bade-e0dc23f5be12,-146452.4443,264848.1882
665,Point,0,1,0.0,,665,,76,,,,,,,,,,,,0.0,1,1,B,USGS_gbHeatFlowWells.shp,Data release - assumed measured,1ce87161-e4a5-3e04-a204-2382098d2c1d,-170287.2994,229729.6081
668,Point,0,1,0.0,,668,,79,,,,,,,,,,,,0.0,1,1,B,USGS_gbHeatFlowWells.shp,Data release - assumed measured,4ab14880-c667-340e-855f-1146b2fc103d,-144746.4062,353223.1639
674,Point,0,1,0.0,,674,,104,,,,,,,,,,,,0.0,1,1,B,USGS_gbHeatFlowWells.shp,unmeasured,5f3873d3-77dc-355a-a8b4-808788de81b5,-180171.1093,269681.9608
675,Point,0,1,0.0,,675,,117,,,,,,,,,,,,0.0,1,1,B,USGS_gbHeatFlowWells.shp,unmeasured,e38ed681-f555-36bb-bc74-64b234d2d315,-173553.9208,275140.4688
676,Point,0,1,0.0,,676,,82,,,,,,,,,,,,0.0,1,1,B,USGS_gbHeatFlowWells.shp,unmeasured,e9db12c1-b2e5-3a48-bae2-d90979da4331,-170868.4678,275269.8162
677,Point,0,1,0.0,,677,,109,,,,,,,,,,,,0.0,1,1,B,USGS_gbHeatFlowWells.shp,assumed measured,f4283146-e261-3228-a4a5-cf75361a5735,38048.90654,341551.2094
678,Point,0,1,0.0,,678,,73,,,,,,,,,,,,0.0,1,1,B,USGS_gbHeatFlowWells.shp,Data release - assumed measured,28497f3b-4f64-357b-91c2-91cc77f4f2e0,-62325.65291,181802.2841
679,Point,0,1,0.0,,679,,69,,,,,,,,,,,,0.0,1,1,B,USGS_gbHeatFlowWells.shp,Data release - assumed measured,f0ecf6a2-afef-39b9-8882-ab23617fc506,-194280.2506,275240.3519
680,Point,0,1,0.0,,680,,59,,,,,,,,,,,,0.0,1,1,B,USGS_gbHeatFlowWells.shp,unmeasured,443fa9df-1281-3d10-9817-b2c60f6fcc96,-61232.91349,136960.1336
681,Point,0,1,0.0,,681,,66,,,,,,,,,,,,0.0,1,1,B,USGS_gbHeatFlowWells.shp,unmeasured,8388d00e-49d5-3931-9486-d87345dcf8b1,-54937.06613,342354.2633
682,Point,0,1,0.0,,682,,50,,,,,,,,,,,,0.0,1,1,B,USGS_gbHeatFlowWells.shp,known measured,2758941b-4e5f-30c9-9cd1-eb5fb8b5a176,-59547.10772,343507.4038
683,Point,0,1,0.0,,683,,82,,,,,,,,,,,,0.0,1,1,B,USGS_gbHeatFlowWells.shp,unmeasured,6f571822-65e5-3168-b084-ad0ebcde95ad,-13063.88555,2619.008745
684,Point,0,1,0.0,,684,,86,,,,,,,,,,,,0.0,1,1,B,USGS_gbHeatFlowWells.shp,Data release - assumed measured,1b655213-b52b-3dcd-bca7-a9c491e8d386,-97701.38925,313452.7593
685,Point,0,1,0.0,,685,,41,,,,,,,,,,,,0.0,1,1,B,USGS_gbHeatFlowWells.shp,unmeasured,8dce5326-d87b-3089-8f5b-cd291f3859e4,-44451.2268,343409.1865
686,Point,0,1,0.0,,686,,115,,,,,,,,,,,,0.0,1,1,B,USGS_gbHeatFlowWells.shp,unmeasured,4cb1e373-4440-3468-a915-9d4a19893163,-174755.8716,271804.2166
687,Point,0,1,0.0,,687,,97,,,,,,,,,,,,0.0,1,1,B,USGS_gbHeatFlowWells.shp,unmeasured,0577def8-6547-3f16-8e85-be5b76869c95,-247700.9219,265870.2705
688,Point,0,1,0.0,,688,,41,,,,,,,,,,,,0.0,1,1,B,USGS_gbHeatFlowWells.shp,unmeasured,de0aa5a3-c716-35dd-bb93-f6ac30357310,-166553.0219,292736.6974
689,Point,0,1,0.0,,689,,112,,,,,,,,,,,,0.0,1,1,B,USGS_gbHeatFlowWells.shp,unmeasured,2c0600e0-520a-3381-a5c6-9ec58baffcea,-156240.2292,294210.4239
690,Point,0,1,0.0,,690,,110,,,,,,,,,,,,0.0,1,1,B,USGS_gbHeatFlowWells.shp,unmeasured,ce74606a-e9b3-3e52-8f63-c2aa6721cf9f,-157011.9846,297960.7803
691,Point,0,1,0.0,,691,,43,,,,,,,,,,,,0.0,1,1,B,USGS_gbHeatFlowWells.shp,assumed measured,bacdc2d0-9eba-34fc-899d-9ca0316155d7,-158194.5767,309376.3015
692,Point,0,1,0.0,,692,,79,,,,,,,,,,,,0.0,1,1,B,USGS_gbHeatFlowWells.shp,unmeasured,eb25777d-8ee0-3e11-bd86-d30e248adf60,-140281.0893,296717.2558
693,Point,0,1,0.0,,693,,117,,,,,,,,,,,,0.0,1,1,B,USGS_gbHeatFlowWells.shp,unmeasured,6f48b943-6d04-3252-a292-0e0c05322415,-146946.7011,286377.6469
694,Point,0,1,0.0,,694,,87,,,,,,,,,,,,0.0,1,1,B,USGS_gbHeatFlowWells.shp,unmeasured,a26340a8-1ed7-3f31-a234-3d7dd2ed881c,-139087.1342,300618.3422
695,Point,0,1,0.0,,695,,89,,,,,,,,,,,,0.0,1,1,B,USGS_gbHeatFlowWells.shp,unmeasured,a866a6e3-a2c0-3991-a853-d2f9310760bb,-136906.2111,296472.2563
696,Point,0,1,0.0,,696,,117,,,,,,,,,,,,0.0,1,1,B,USGS_gbHeatFlowWells.shp,unmeasured,ff274bad-9226-3f2b-99cf-06c4a2676dae,-141778.6667,307575.2298
697,Point,0,1,0.0,,697,,41,,,,,,,,,,,,0.0,1,1,B,USGS_gbHeatFlowWells.shp,unmeasured,89a65552-894c-3613-a8f9-537416a05975,-51233.7624,35828.28912
698,Point,0,1,0.0,,698,,112,,,,,,,,,,,,0.0,1,1,B,USGS_gbHeatFlowWells.shp,unmeasured,1ed8bef7-c5f0-38f2-8d55-6a5dac7410ec,-60284.6648,50272.87241
700,Point,0,1,0.0,,700,,100,,,,,,,,,,,,0.0,1,1,B,USGS_gbHeatFlowWells.shp,Data release - assumed measured,5649f4d5-fa2c-38a7-a777-d9e4fae58048,-163443.5394,293233.1547
701,Point,0,1,0.0,,701,,80,,,,,,,,,,,,0.0,1,1,B,USGS_gbHeatFlowWells.shp,Data release - assumed measured,dc5d4ff7-bc1c-35eb-b89f-fd716826c9e1,-167167.7386,297045.2014
702,Point,0,1,0.0,,702,,87,,,,,,,,,,,,0.0,1,1,B,USGS_gbHeatFlowWells.shp,unmeasured,092625e0-ec37-3f60-862d-4ede956d68c5,-158586.6159,310878.0737
703,Point,0,1,0.0,,703,,56,,,,,,,,,,,,0.0,1,1,B,USGS_gbHeatFlowWells.shp,assumed measured,35449c46-f600-320b-b49f-8800ef186eda,-193886.7309,281021.6473
706,Point,0,1,0.0,,706,,128,,,,,,,,,,,,0.0,1,1,B,USGS_gbHeatFlowWells.shp,Data release - assumed measured,14815323-8da3-3c23-992b-30a0b693327d,-92549.64161,255274.9309
707,Point,0,1,0.0,,707,,83,,,,,,,,,,,,0.0,1,1,B,USGS_gbHeatFlowWells.shp,assumed measured,0731560c-1213-36ce-96e0-c0e703de92cf,-84593.93449,269105.4457
708,Point,0,1,0.0,,708,,92,,,,,,,,,,,,0.0,1,1,B,USGS_gbHeatFlowWells.shp,assumed measured,d55a05d3-a85a-3abb-afcc-3867c06b448d,-88498.11095,260866.2234
709,Point,0,1,0.0,,709,,119,,,,,,,,,,,,0.0,1,1,B,USGS_gbHeatFlowWells.shp,known measured,560e3634-7a71-3d41-b4a8-f9b9f06cdbf7,-85672.70369,266483.501
710,Point,0,1,0.0,,710,,56,,,,,,,,,,,,0.0,1,1,B,USGS_gbHeatFlowWells.shp,assumed measured,4ed3a5ab-1165-3b23-9980-3da61a9feebf,-85696.03733,268276.66
711,Point,0,1,0.0,,711,,50,,,,,,,,,,,,0.0,1,1,B,USGS_gbHeatFlowWells.shp,known measured,79990ac6-fa50-30b3-a8a1-7082ab33344b,-84043.86634,268214.4487
712,Point,0,1,0.0,,712,,31,,,,,,,,,,,,0.0,1,1,B,USGS_gbHeatFlowWells.shp,Data release - assumed measured,b72df64e-4f45-387a-8426-e1f4db69870a,-178758.3158,248093.2473
714,Point,0,1,0.0,,714,,36,,,,,,,,,,,,0.0,1,1,B,USGS_gbHeatFlowWells.shp,assumed measured,07729258-c844-3512-afa7-714318e431ca,-84701.5386,280625.712
716,Point,0,1,0.0,,716,,28,,,,,,,,,,,,0.0,1,1,B,USGS_gbHeatFlowWells.shp,Data release - assumed measured,f71b7cdd-7007-3118-9894-a7dbea724534,-166396.9524,279845.7835
719,Point,0,1,0.0,,719,,105,,,,,,,,,,,,0.0,1,1,C,USGS_gbHeatFlowWells.shp,Data release - assumed measured,c0c58090-017d-3210-b6f7-bc87850c95ce,-77590.26285,45937.29369
720,Point,0,1,0.0,,720,,82,,,,,,,,,,,,0.0,1,1,C,USGS_gbHeatFlowWells.shp,Data release - assumed measured,bfca606b-a117-3091-ba66-5ea24c4be3f1,-167381.6028,279724.2551
721,Point,0,1,0.0,,721,,73,,,,,,,,,,,,0.0,1,1,C,USGS_gbHeatFlowWells.shp,Data release - assumed measured,3ac400cf-d8a8-36c5-a26e-9234af64516a,-193692.8385,280987.0828
722,Point,0,1,0.0,,722,,63,,,,,,,,,,,,0.0,1,1,C,USGS_gbHeatFlowWells.shp,Data release - assumed measured,8f938141-f81f-3502-a3d3-30462f71ce86,-94193.17419,40288.45763
723,Point,0,1,0.0,,723,,76,,,,,,,,,,,,0.0,1,1,C,USGS_gbHeatFlowWells.shp,assumed measured,a26ad4ee-60d8-3a9c-9c33-cccc3b558df7,-204727.1737,328206.4109
724,Point,0,1,0.0,,724,,80,,,,,,,,,,,,0.0,1,1,C,USGS_gbHeatFlowWells.shp,known measured,dddd25f0-7fee-3a09-8de6-b9a2e93bf9f5,-37928.83911,269251.468
725,Point,0,1,0.0,,725,,50,,,,,,,,,,,,0.0,1,1,C,USGS_gbHeatFlowWells.shp,known measured,19a99b35-e2ec-3d7d-988b-92d1af897435,-37239.89916,265513.1883
726,Point,0,1,0.0,,726,,84,,,,,,,,,,,,0.0,1,1,C,USGS_gbHeatFlowWells.shp,known measured,2ad84d83-caf3-388d-a36b-d88c6478a830,-136267.4862,227482.87
727,Point,0,1,0.0,,727,,109,,,,,,,,,,,,0.0,1,1,C,USGS_gbHeatFlowWells.shp,known measured,02b8c493-e31f-391b-babc-645403c5b910,-133081.3261,223305.2682
728,Point,0,1,0.0,,728,,79,,,,,,,,,,,,0.0,1,1,C,USGS_gbHeatFlowWells.shp,known measured,ef073b83-71b0-3cdd-a019-635add39d0e4,-202189.5276,354248.9507
730,Point,0,1,0.0,,730,,111,,,,,,,,,,,,0.0,1,1,C,USGS_gbHeatFlowWells.shp,Data release - assumed measured,280901c0-46f4-3750-9a93-15d1cc59e405,-13810.11005,335815.2869
731,Point,0,1,0.0,,731,,115,,,,,,,,,,,,0.0,1,1,C,USGS_gbHeatFlowWells.shp,Data release - assumed measured,139d22a8-38a5-3b4d-b220-061276108651,-22653.16669,358819.1113
732,Point,0,1,0.0,,732,,53,,,,,,,,,,,,0.0,1,1,C,USGS_gbHeatFlowWells.shp,Data release - assumed measured,eb1823f8-8894-3a95-b520-2bacf0809230,31819.71701,355681.441
734,Point,0,1,0.0,,734,,98,,,,,,,,,,,,0.0,1,1,C,USGS_gbHeatFlowWells.shp,Data release - assumed measured,f8646ed1-059d-328c-996c-7f7bdb3fb555,31468.81722,319230.8946
735,Point,0,1,0.0,,735,,91,,,,,,,,,,,,0.0,1,1,C,USGS_gbHeatFlowWells.shp,Data release - assumed measured,a085e7e7-20fd-3c65-bb17-fabe4a2dac87,51231.50359,322313.0893
736,Point,0,1,0.0,,736,,86,,,,,,,,,,,,0.0,1,1,C,USGS_gbHeatFlowWells.shp,Data release - assumed measured,89192919-9888-36b3-963c-5c2beffa202a,-5505.941436,337339.9237
737,Point,0,1,0.0,,737,,64,,,,,,,,,,,,0.0,1,1,C,USGS_gbHeatFlowWells.shp,Data release - assumed measured,f8f1789f-ba15-36af-8d81-a6d3be0f316c,64432.80773,335750.4585
738,Point,0,1,0.0,,738,,66,,,,,,,,,,,,0.0,1,1,C,USGS_gbHeatFlowWells.shp,Data release - assumed measured,9d14d2bc-ccb0-3d68-91c2-281b9dbc8a4f,-21327.88639,305540.6211
741,Point,0,1,0.0,,741,,98,,,,,,,,,,,,0.0,1,1,C,USGS_gbHeatFlowWells.shp,Data release - assumed measured,9d3442e6-23d8-382f-8bd4-98ee8438a773,-91316.17859,286894.44
742,Point,0,1,0.0,,742,,116,,,,,,,,,,,,0.0,1,1,C,USGS_gbHeatFlowWells.shp,Data release - assumed measured,2d4afc97-07f1-3efc-a619-8534077f57bb,-87736.89156,289420.4953
743,Point,0,1,0.0,,743,,82,,,,,,,,,,,,0.0,1,1,C,USGS_gbHeatFlowWells.shp,Data release - assumed measured,7996e856-7ed6-3720-adf7-e32b26e2bbf1,-113455.8861,239885.4352
744,Point,0,1,0.0,,744,,84,,,,,,,,,,,,0.0,1,1,C,USGS_gbHeatFlowWells.shp,Data release - assumed measured,31d25771-e261-3521-809f-22ccee7e21d0,-204914.1119,329779.9897
745,Point,0,1,0.0,,745,,105,,,,,,,,,,,,0.0,1,1,C,USGS_gbHeatFlowWells.shp,unmeasured,1b015b3b-5ebe-3688-ba09-97d716c56600,-54860.37056,346184.514
746,Point,0,1,0.0,,746,,42,,,,,,,,,,,,0.0,1,1,C,USGS_gbHeatFlowWells.shp,known measured,35a37885-e620-3048-9a17-5c9562badd78,-127237.7334,227918.8139
747,Point,0,1,0.0,,747,,110,,,,,,,,,,,,0.0,1,1,C,USGS_gbHeatFlowWells.shp,assumed measured,706d94b8-92f6-3e33-94af-63a763979ce2,35491.69571,344373.2547
748,Point,0,1,0.0,,748,,61,,,,,,,,,,,,0.0,1,1,C,USGS_gbHeatFlowWells.shp,Data release - assumed measured,2ef77500-f1fc-3198-9fa9-2c7d1312a7f6,-53373.92321,348817.8428
749,Point,0,1,0.0,,749,,79,,,,,,,,,,,,0.0,1,1,C,USGS_gbHeatFlowWells.shp,Data release - assumed measured,3f1bc2bd-6e56-3075-a4de-0eb81f770e71,-162110.1273,328439.1797
750,Point,0,1,0.0,,750,,107,,,,,,,,,,,,0.0,1,1,C,USGS_gbHeatFlowWells.shp,Data release - assumed measured,8a13cc83-7410-30e7-beaa-554c42326376,-169825.6592,337607.4485
751,Point,0,1,0.0,,751,,74,,,,,,,,,,,,0.0,1,1,C,USGS_gbHeatFlowWells.shp,Data release - assumed measured,58f0db05-d3b2-32b6-bbbe-e62378618cc0,-185379.8327,337493.8794
753,Point,0,1,0.0,,753,,46,,,,,,,,,,,,0.0,1,1,C,USGS_gbHeatFlowWells.shp,Data release - assumed measured,745adf3f-02b2-3df4-aebb-df79633f7637,-40745.83683,360369.3167
754,Point,0,1,0.0,,754,,98,,,,,,,,,,,,0.0,1,1,C,USGS_gbHeatFlowWells.shp,Data release - assumed measured,1af2418b-868e-3ea5-ba0b-b84b9fe710fb,-41009.26813,302177.4766
755,Point,0,1,0.0,,755,,85,,,,,,,,,,,,0.0,1,1,C,USGS_gbHeatFlowWells.shp,Data release - assumed measured,572992c5-b065-3118-b46b-e333bbe9f3ad,-42904.70761,301246.2695
756,Point,0,1,0.0,,756,,59,,,,,,,,,,,,0.0,1,1,C,USGS_gbHeatFlowWells.shp,Data release - assumed measured,25ed12ed-1464-355d-bf36-cfcab601d7c6,-72234.03862,319303.4477
757,Point,0,1,0.0,,757,,80,,,,,,,,,,,,0.0,1,1,C,USGS_gbHeatFlowWells.shp,Data release - assumed measured,2ba6eb81-366b-3543-8a93-00570ee0832d,8196.128615,325931.6387
758,Point,0,1,0.0,,758,,59,,,,,,,,,,,,0.0,1,1,C,USGS_gbHeatFlowWells.shp,assumed measured,d4164f2a-350f-3eae-90e0-130de61c2686,-84701.5386,280625.712
759,Point,0,1,0.0,,759,,54,,,,,,,,,,,,0.0,1,1,C,USGS_gbHeatFlowWells.shp,assumed measured,196b8f2f-fe33-31c5-837b-f708949a1cd8,-76322.18721,286984.6949
760,Point,0,1,0.0,,760,,76,,,,,,,,,,,,0.0,1,1,C,USGS_gbHeatFlowWells.shp,unmeasured,c20d24fe-64a9-3984-9860-b842e1031d7c,-56997.02245,147390.978
761,Point,0,1,0.0,,761,,55,,,,,,,,,,,,0.0,1,1,C,USGS_gbHeatFlowWells.shp,Data release - assumed measured,d988a939-c356-38e8-ba8c-3275092ab981,-54862.56411,342196.9428
762,Point,0,1,0.0,,762,,42,,,,,,,,,,,,0.0,1,1,C,USGS_gbHeatFlowWells.shp,unmeasured,8d66be3a-460e-3404-99b5-2ddbae63c914,-52417.56481,342393.3556
763,Point,0,1,0.0,,763,,104,,,,,,,,,,,,0.0,1,1,C,USGS_gbHeatFlowWells.shp,Data release - assumed measured,22ced0fa-ad29-363d-ac20-12c00026b7fd,-52424.31242,345204.8675
764,Point,0,1,0.0,,764,,96,,,,,,,,,,,,0.0,1,1,C,USGS_gbHeatFlowWells.shp,known measured,6308a962-9193-3d63-991b-4af8ccee2284,-52397.07074,345518.3204
765,Point,0,1,0.0,,765,,117,,,,,,,,,,,,0.0,1,1,C,USGS_gbHeatFlowWells.shp,Data release - assumed measured,e9517965-e239-3904-95dc-cacbfa46f44f,-5951.094824,348989.1521
766,Point,0,1,0.0,,766,,105,,,,,,,,,,,,0.0,1,1,C,USGS_gbHeatFlowWells.shp,Data release - assumed measured,78e769e5-cfc7-3d00-a4b4-fcb10fef52c4,-5970.840296,356325.331
767,Point,0,1,0.0,,767,,77,,,,,,,,,,,,0.0,1,1,C,USGS_gbHeatFlowWells.shp,Data release - assumed measured,b2eb293f-7baf-3f7f-abd8-8215eb94f2b8,27817.24455,313425.5592
768,Point,0,1,0.0,,768,,111,,,,,,,,,,,,0.0,1,1,C,USGS_gbHeatFlowWells.shp,Data release - assumed measured,c3f78882-48f1-3db8-b639-3658e925408a,-236766.1427,216085.9349
769,Point,0,1,0.0,,769,,111,,,,,,,,,,,,0.0,1,1,C,USGS_gbHeatFlowWells.shp,Data release - assumed measured,dd825023-5e44-364e-afde-b82211cf354c,-240486.8216,211531.2087
770,Point,0,1,0.0,,770,,52,,,,,,,,,,,,0.0,1,1,C,USGS_gbHeatFlowWells.shp,Data release - assumed measured,dfc68fed-5916-364c-b878-b97b12951894,-238602.8292,217496.4069
771,Point,0,1,0.0,,771,,120,,,,,,,,,,,,0.0,1,1,C,USGS_gbHeatFlowWells.shp,Data release - assumed measured,5d3c71f5-fbd6-3b9e-b173-6d2f1379f53b,-204190.6617,331744.8538
772,Point,0,1,0.0,,772,,73,,,,,,,,,,,,0.0,1,1,C,USGS_gbHeatFlowWells.shp,Data release - assumed measured,da972c32-c00d-3683-b9a2-f0f01da2303b,-207418.3192,330572.9205
773,Point,0,1,0.0,,773,,98,,,,,,,,,,,,0.0,1,1,C,USGS_gbHeatFlowWells.shp,Data release - assumed measured,b0d4a640-b4fb-3f70-b806-762e9dd5bd2a,-208485.5472,328370.7394
774,Point,0,1,0.0,,774,,69,,,,,,,,,,,,0.0,1,1,C,USGS_gbHeatFlowWells.shp,Data release - assumed measured,8209ef0d-adcd-39eb-9160-29d57a59b8c2,-151125.5352,289069.8803
775,Point,0,1,0.0,,775,,108,,,,,,,,,,,,0.0,1,1,C,USGS_gbHeatFlowWells.shp,Data release - assumed measured,80cb048b-0eb4-386e-8486-1b6f2a15bdcc,-128606.6667,196310.0387
776,Point,0,1,0.0,,776,,115,,,,,,,,,,,,0.0,1,1,C,USGS_gbHeatFlowWells.shp,Data release - assumed measured,67aeb64f-2c3a-36b3-964e-7090f00d6d7b,-121979.3286,278078.7869
777,Point,0,1,0.0,,777,,74,,,,,,,,,,,,0.0,1,1,C,USGS_gbHeatFlowWells.shp,Data release - assumed measured,449a16f2-86a3-3fb1-a27d-e5258c6379fc,-147032.1154,324696.9905
778,Point,0,1,0.0,,778,,71,,,,,,,,,,,,0.0,1,1,C,USGS_gbHeatFlowWells.shp,Data release - assumed measured,945557c3-9be7-3b5f-98d0-5b4bc260b26c,-146878.8557,328458.6879
779,Point,0,1,0.0,,779,,88,,,,,,,,,,,,0.0,1,1,C,USGS_gbHeatFlowWells.shp,Data release - assumed measured,65dd3d5d-158f-333b-adb7-f1f3df926c01,-166415.2874,274862.7385
780,Point,0,1,0.0,,780,,72,,,,,,,,,,,,0.0,1,1,C,USGS_gbHeatFlowWells.shp,Data release - assumed measured,d50f32ff-06e2-3c39-8409-d3f43b62bf7b,-144627.723,275775.5112
781,Point,0,1,0.0,,781,,105,,,,,,,,,,,,0.0,1,1,C,USGS_gbHeatFlowWells.shp,unmeasured,378e350b-ac10-315d-af34-298b0eb860cd,-49183.33963,338497.1576
782,Point,0,1,0.0,,782,,99,,,,,,,,,,,,0.0,1,1,C,USGS_gbHeatFlowWells.shp,Data release - assumed measured,295efc63-2f63-3926-aca0-7972c1389dee,-134865.8063,352187.3842
783,Point,0,1,0.0,,783,,96,,,,,,,,,,,,0.0,1,1,C,USGS_gbHeatFlowWells.shp,unmeasured,c9a2e3a5-fcf0-32f8-b846-909017efa3f4,-55918.58049,342495.4863
784,Point,0,1,0.0,,784,,111,,,,,,,,,,,,0.0,1,1,C,USGS_gbHeatFlowWells.shp,Data release - assumed measured,e11e6924-09a1-3b4c-8c68-5b9b442d43cb,-162320.3344,318068.0275
785,Point,0,1,0.0,,785,,76,,,,,,,,,,,,0.0,1,1,C,USGS_gbHeatFlowWells.shp,Data release - assumed measured,b8ea26e0-8811-3bc7-8d71-b663cd043be3,-182580.6329,283047.152
786,Point,0,1,0.0,,786,,63,,,,,,,,,,,,0.0,1,1,C,USGS_gbHeatFlowWells.shp,Data release - assumed measured,59fdbef1-1deb-3604-8691-82b9419c2a75,-148303.7909,301436.9921
787,Point,0,1,0.0,,787,,100,,,,,,,,,,,,0.0,1,1,C,USGS_gbHeatFlowWells.shp,unmeasured,5bfdab64-dbd3-3038-9e04-7234b208e4fb,-55312.29281,342737.7016
788,Point,0,1,0.0,,788,,71,,,,,,,,,,,,0.0,1,1,C,USGS_gbHeatFlowWells.shp,Data release - assumed measured,170f14aa-9ae5-3f94-94fe-d6d271a63345,-172538.6667,293483.1219
789,Point,0,1,0.0,,789,,109,,,,,,,,,,,,0.0,1,1,C,USGS_gbHeatFlowWells.shp,Data release - assumed measured,063b75c0-50a0-339d-8fba-a58a5a8fbeb7,-138796.1285,294655.7913
790,Point,0,1,0.0,,790,,93,,,,,,,,,,,,0.0,1,1,C,USGS_gbHeatFlowWells.shp,Data release - assumed measured,41255d8a-38db-3363-997f-69a531ff130a,-126941.4734,274816.0941
791,Point,0,1,0.0,,791,,88,,,,,,,,,,,,0.0,1,1,C,USGS_gbHeatFlowWells.shp,Data release - assumed measured,a797253f-4ea0-347e-868b-96e40f2499b4,-148501.7456,272383.1522
792,Point,0,1,0.0,,792,,57,,,,,,,,,,,,0.0,1,1,C,USGS_gbHeatFlowWells.shp,known measured,992c4a58-a155-3057-b6d2-7fc6c7a60add,-187269.4159,188537.2585
793,Point,0,1,0.0,,793,,76,,,,,,,,,,,,0.0,1,1,C,USGS_gbHeatFlowWells.shp,unmeasured,2dc7c51b-87d6-3d3b-b242-37c945c72164,-184517.3005,145910.2193
794,Point,0,1,0.0,,794,,82,,,,,,,,,,,,0.0,1,1,C,USGS_gbHeatFlowWells.shp,unmeasured,a863a9e4-5aa1-3dda-897e-c9b7d852da35,-182112.8051,144361.5156
795,Point,0,1,0.0,,795,,101,,,,,,,,,,,,0.0,1,1,C,USGS_gbHeatFlowWells.shp,Data release - assumed measured,bd7afa47-f386-324a-bd84-5d1c71848a62,-74728.87975,297367.4156
796,Point,0,1,0.0,,796,,113,,,,,,,,,,,,0.0,1,1,C,USGS_gbHeatFlowWells.shp,Data release - assumed measured,4943f536-43bf-3eb1-b03d-7694d9cf5089,-89173.08449,247260.5019
797,Point,0,1,0.0,,797,,3,,,,,,,,,,,,0.0,1,1,C,USGS_gbHeatFlowWells.shp,known measured,b80960df-c8c8-3e30-8968-7bd2188876e5,-80330.59754,245260.1124
798,Point,0,1,0.0,,798,,120,,,,,,,,,,,,0.0,1,1,C,USGS_gbHeatFlowWells.shp,Data release - assumed measured,831a4a2f-a351-3c49-b314-0c2f6704056b,-84404.45461,269394.8083
799,Point,0,1,0.0,,799,,150,,,,,,,,,,,,0.0,1,1,C,USGS_gbHeatFlowWells.shp,Data release - assumed measured,0b8ca9c4-e891-3574-9c65-337775a09186,-81708.38738,277020.3344
800,Point,0,1,0.0,,800,,159,,,,,,,,,,,,0.0,1,1,C,USGS_gbHeatFlowWells.shp,Data release - assumed measured,376f0074-6f08-3ae3-999f-c339c3d8faa1,-82190.82045,277036.4428
801,Point,0,1,0.0,,801,,66,,,,,,,,,,,,0.0,1,1,C,USGS_gbHeatFlowWells.shp,Data release - assumed measured,f7fd7854-b8d8-3247-b880-242c0c8d0b54,-98052.61747,233419.2641
802,Point,0,1,0.0,,802,,111,,,,,,,,,,,,0.0,1,1,C,USGS_gbHeatFlowWells.shp,Data release - assumed measured,9c4e903f-9bac-3746-abbf-15ec0feef62d,-50066.7209,288335.8994
803,Point,0,1,0.0,,803,,82,,,,,,,,,,,,0.0,1,1,C,USGS_gbHeatFlowWells.shp,Data release - assumed measured,2fce712c-03cc-3eb3-ac27-8e371e856c66,-60397.39177,263554.0925
809,Point,0,1,0.0,,809,,19,,,,,,,,,,,,0.0,1,1,D,USGS_gbHeatFlowWells.shp,Data release - assumed measured,444482fa-ed3a-3cd3-bb3e-8bfdf30eafde,-21385.88012,350135.4987
812,Point,0,1,0.0,,812,,4,,,,,,,,,,,,0.0,1,1,D,USGS_gbHeatFlowWells.shp,assumed measured,850e8e95-549d-3b55-bf8a-56f04581dea4,-78331.71187,184406.2252
813,Point,0,1,0.0,,813,,38,,,,,,,,,,,,0.0,1,1,D,USGS_gbHeatFlowWells.shp,Data release - assumed measured,d9a08142-5f08-3fd4-aed4-ee7251607c00,-57981.89442,343988.7441
814,Point,0,1,0.0,,814,,12,,,,,,,,,,,,0.0,1,1,D,USGS_gbHeatFlowWells.shp,Data release - assumed measured,9758381a-df1a-38d3-a986-935e539393b4,-132244.3929,209269.7636
815,Point,0,1,0.0,,815,,18,,,,,,,,,,,,0.0,1,1,D,USGS_gbHeatFlowWells.shp,Data release - assumed measured,a4fd0bf9-5dda-3e66-b2e8-b660a1908e31,-90896.92821,244453.0489
816,Point,0,1,0.0,,816,,92,,,,,,,,,,,,0.0,1,1,D,USGS_gbHeatFlowWells.shp,known measured,10b1e41c-bb2a-3f91-ada4-d999eb2b8e7e,-78297.43501,283866.3362
817,Point,0,1,0.0,,817,,164,,,,,,,,,,,,0.0,1,1,D,USGS_gbHeatFlowWells.shp,assumed measured,23eb1e04-52c0-3e85-88de-267b70c98696,-86018.95766,265814.8332
818,Point,0,1,0.0,,818,,45,,,,,,,,,,,,0.0,1,1,D,USGS_gbHeatFlowWells.shp,Data release - assumed measured,7eb47600-3e9d-380a-8c98-cc0608506f46,-40601.46831,225420.8633
819,Point,0,1,0.0,,819,,171,,,,,,,,,,,,0.0,1,1,D,USGS_gbHeatFlowWells.shp,Data release - assumed measured,f71a90d8-6ea2-3812-8e4d-7f27bf6a7524,-127402.5836,212383.1447
820,Point,0,1,0.0,,820,,29,,,,,,,,,,,,0.0,1,1,D,USGS_gbHeatFlowWells.shp,Data release - assumed measured,ba53782d-6d65-3ae6-a669-bca3c4750115,-62759.27412,181765.1312
823,Point,0,1,0.0,,823,,293,,,,,,,,,,,,0.0,1,1,G,USGS_gbHeatFlowWells.shp,assumed measured,614e9c24-fdbb-3a7c-acca-1d8a189d6821,-226492.519,204894.8328
828,Point,0,1,0.0,,828,,340,,,,,,,,,,,,0.0,1,1,G,USGS_gbHeatFlowWells.shp,known measured,f9e612d1-a517-3818-9df6-2c856c84809e,-163811.6739,257056.627
829,Point,0,1,0.0,,829,,192,,,,,,,,,,,,0.0,1,1,G,USGS_gbHeatFlowWells.shp,Data release - assumed measured,c3f96da6-8c64-37fa-84b5-598d52bbb5ec,-79952.86051,42092.8666
830,Point,0,1,0.0,,830,,385,,,,,,,,,,,,0.0,1,1,G,USGS_gbHeatFlowWells.shp,Data release - assumed measured,038f737f-8b07-3763-8180-8b5a33f8b0de,-76320.03403,42002.57559
831,Point,0,1,0.0,,831,,224,,,,,,,,,,,,0.0,1,1,G,USGS_gbHeatFlowWells.shp,Data release - assumed measured,acb67198-b1e7-3523-9a4e-57bd7aab5c0e,-76922.94224,39945.8279
832,Point,0,1,0.0,,832,,308,,,,,,,,,,,,0.0,1,1,G,USGS_gbHeatFlowWells.shp,Data release - assumed measured,43dfefce-88fd-33f6-8f4a-3c5a665e5a32,-79214.43487,42769.48995
833,Point,0,1,0.0,,833,,245,,,,,,,,,,,,0.0,1,1,G,USGS_gbHeatFlowWells.shp,Data release - assumed measured,6b1534cd-9935-3af3-8f77-53c30e526033,-80371.01716,43901.45998
834,Point,0,1,0.0,,834,,210,,,,,,,,,,,,0.0,1,1,G,USGS_gbHeatFlowWells.shp,Data release - assumed measured,68071017-91d5-34b3-81bc-7df1a103c81d,-76194.26138,39569.23572
835,Point,0,1,0.0,,835,,540,,,,,,,,,,,,0.0,1,1,G,USGS_gbHeatFlowWells.shp,Data release - assumed measured,7ec93912-3c87-3f5b-b8c1-bc88955af76f,-12391.76513,268570.6091
836,Point,0,1,0.0,,836,,506,,,,,,,,,,,,0.0,1,1,G,USGS_gbHeatFlowWells.shp,Data release - assumed measured,36d66f82-58ef-384e-a803-e95cfd704a5b,-13030.16139,266834.8255
837,Point,0,1,0.0,,837,,364,,,,,,,,,,,,0.0,1,1,G,USGS_gbHeatFlowWells.shp,Data release - assumed measured,c516f225-1bac-30cf-897d-26d1455c689c,-11161.54065,269577.2767
838,Point,0,1,0.0,,838,,163,,,,,,,,,,,,0.0,1,1,G,USGS_gbHeatFlowWells.shp,Data release - assumed measured,ab03ea62-69e4-35ed-9f0c-0c916f5692a1,-13873.95793,264135.7792
846,Point,0,1,0.0,,846,,153,,,,,,,,,,,,0.0,1,1,G,USGS_gbHeatFlowWells.shp,assumed measured,1809a192-0bae-3643-aef8-1ec1340eb518,-117545.5853,305050.8919
847,Point,0,1,0.0,,847,,123,,,,,,,,,,,,0.0,1,1,G,USGS_gbHeatFlowWells.shp,Data release - assumed measured,556044f7-4e90-3079-8425-b5c5317035b6,-170855.8936,276793.7419
848,Point,0,1,0.0,,848,,295,,,,,,,,,,,,0.0,1,1,G,USGS_gbHeatFlowWells.shp,Data release - assumed measured,a6177460-414c-3781-8506-ff60dc2500de,-171502.4455,280236.8974
849,Point,0,1,0.0,,849,,295,,,,,,,,,,,,0.0,1,1,G,USGS_gbHeatFlowWells.shp,Data release - assumed measured,1a367560-b4a4-35fc-85c6-053d04d7a82d,-170974.809,280763.6108
850,Point,0,1,0.0,,850,,69,,,,,,,,,,,,0.0,1,1,G,USGS_gbHeatFlowWells.shp,Data release - assumed measured,c63c8a51-bd29-38bf-803e-dab98233cb86,-91556.7976,40925.81961
851,Point,0,1,0.0,,851,,603,,,,,,,,,,,,0.0,1,1,G,USGS_gbHeatFlowWells.shp,Data release - assumed measured,d48f8676-17fd-3f4c-bfba-aebb611ef0be,-88004.20408,41851.26918
852,Point,0,1,0.0,,852,,768,,,,,,,,,,,,0.0,1,1,G,USGS_gbHeatFlowWells.shp,Data release - assumed measured,59526c2e-319b-3386-a063-31e7ec5bb215,-89720.741,40928.16338
853,Point,0,1,0.0,,853,,127,,,,,,,,,,,,0.0,1,1,G,USGS_gbHeatFlowWells.shp,unmeasured,f2e7ad60-2d5c-3008-8c0e-e2c925f5810e,-170505.3849,265735.7254
854,Point,0,1,0.0,,854,,184,,,,,,,,,,,,0.0,1,1,G,USGS_gbHeatFlowWells.shp,Data release - assumed measured,224f6859-2340-3a13-b4cd-f4b3039272e4,-98602.44771,222509.8816
855,Point,0,1,0.0,,855,,247,,,,,,,,,,,,0.0,1,1,G,USGS_gbHeatFlowWells.shp,Data release - assumed measured,0da6d239-b0cc-3b0c-9b15-14d74e555284,-60166.73713,46532.19745
856,Point,0,1,0.0,,856,,196,,,,,,,,,,,,0.0,1,1,G,USGS_gbHeatFlowWells.shp,Data release - assumed measured,64c694fa-3fb6-3f7f-80b0-e629cd2fbfbf,-55899.82221,43890.82283
857,Point,0,1,0.0,,857,,1674,,,,,,,,,,,,0.0,1,1,G,USGS_gbHeatFlowWells.shp,assumed measured,d288cb9a-9734-3739-b3b9-20512a1356d3,-202300.5256,324973.4446
858,Point,0,1,0.0,,858,,167,,,,,,,,,,,,0.0,1,1,G,USGS_gbHeatFlowWells.shp,assumed measured,288e1391-f50a-3bd8-9358-24867906c20f,-204509.635,323214.2487
859,Point,0,1,0.0,,859,,1820,,,,,,,,,,,,0.0,1,1,G,USGS_gbHeatFlowWells.shp,assumed measured,eae87368-5319-361f-a3b9-5cb5e5bbbcc5,-204991.5987,326756.4326
861,Point,0,1,0.0,,861,,127,,,,,,,,,,,,0.0,1,1,G,USGS_gbHeatFlowWells.shp,assumed measured,2669ade3-2cf0-39f1-a900-10de1dec9416,-84192.96901,40012.73083
870,Point,0,1,0.0,,870,,165,,,,,,,,,,,,0.0,1,1,G,USGS_gbHeatFlowWells.shp,Data release - assumed measured,84429819-527c-3802-ae27-223054cd9611,-42873.58254,264192.76
871,Point,0,1,0.0,,871,,557,,,,,,,,,,,,0.0,1,1,G,USGS_gbHeatFlowWells.shp,Data release - assumed measured,4a22ee2e-b9f7-338b-a5bd-f7b1c564af9b,-44401.84575,257668.1898
872,Point,0,1,0.0,,872,,158,,,,,,,,,,,,0.0,1,1,G,USGS_gbHeatFlowWells.shp,known measured,3caedf52-27be-302d-8d42-ada6ce27d3e8,-40611.33593,269451.2636
873,Point,0,1,0.0,,873,,155,,,,,,,,,,,,0.0,1,1,G,USGS_gbHeatFlowWells.shp,known measured,14e4f837-3e16-3e05-a684-4b3a990d8a80,-46415.724,267054.7657
874,Point,0,1,0.0,,874,,409,,,,,,,,,,,,0.0,1,1,G,USGS_gbHeatFlowWells.shp,Data release - assumed measured,d544ba3b-ad03-3897-bf86-43fd738c0de8,-41981.99325,257901.7797
875,Point,0,1,0.0,,875,,135,,,,,,,,,,,,0.0,1,1,G,USGS_gbHeatFlowWells.shp,known measured,3e3d6f70-5a92-353c-8797-094759864825,-45180.8417,260511.2675
876,Point,0,1,0.0,,876,,135,,,,,,,,,,,,0.0,1,1,G,USGS_gbHeatFlowWells.shp,known measured,be387fd4-e837-3789-ac33-bf4581494764,-45187.10476,259390.7387
877,Point,0,1,0.0,,877,,189,,,,,,,,,,,,0.0,1,1,G,USGS_gbHeatFlowWells.shp,known measured,21094854-ab46-36b0-83b7-99cd1fadea23,-45484.63505,256777.7549
878,Point,0,1,0.0,,878,,181,,,,,,,,,,,,0.0,1,1,G,USGS_gbHeatFlowWells.shp,known measured,45507902-9240-3aa3-9177-fcd1ce96b2ff,-42035.31057,267217.5207
879,Point,0,1,0.0,,879,,142,,,,,,,,,,,,0.0,1,1,G,USGS_gbHeatFlowWells.shp,Data release - assumed measured,7890dde7-b8cf-372b-9592-53a43d20d2c7,-39578.74082,263436.3814
880,Point,0,1,0.0,,880,,493,,,,,,,,,,,,0.0,1,1,G,USGS_gbHeatFlowWells.shp,Data release - assumed measured,f2a4b47a-17a0-34c1-97f5-ed8b2f8a8859,-43559.78331,262739.7249
881,Point,0,1,0.0,,881,,237,,,,,,,,,,,,0.0,1,1,G,USGS_gbHeatFlowWells.shp,Data release - assumed measured,6a266ddd-2ee5-33d0-8395-f636afb27141,-52973.03865,251220.4311
882,Point,0,1,0.0,,882,,669,,,,,,,,,,,,0.0,1,1,G,USGS_gbHeatFlowWells.shp,Data release - assumed measured,3095e832-e9dc-31e4-bca0-7df90d4394a4,-39255.24093,263692.5268
883,Point,0,1,0.0,,883,,362,,,,,,,,,,,,0.0,1,1,G,USGS_gbHeatFlowWells.shp,Data release - assumed measured,cd8ece54-0ff1-321c-803e-34c3e058f38b,-57366.52075,45951.93889
885,Point,0,1,0.0,,885,,132,,,,,,,,,,,,0.0,1,1,G,USGS_gbHeatFlowWells.shp,assumed measured,09744b13-905b-3c3e-9b14-a684b8278994,-160043.8149,308292.4653
886,Point,0,1,0.0,,886,,426,,,,,,,,,,,,0.0,1,1,G,USGS_gbHeatFlowWells.shp,assumed measured,362dd917-5a19-3ed3-a28e-9b34fc00014e,-160088.5284,306052.2774
887,Point,0,1,0.0,,887,,238,,,,,,,,,,,,0.0,1,1,G,USGS_gbHeatFlowWells.shp,known measured,1d562388-a46c-3d99-a9eb-1fceff5951cd,-131827.5235,235905.0595
888,Point,0,1,0.0,,888,,2100,,,,,,,,,,,,0.0,1,1,G,USGS_gbHeatFlowWells.shp,assumed measured,f3ab02fd-4ed8-304d-ae60-3806346a1d4c,33237.88711,343299.4317
890,Point,0,1,0.0,,890,,325,,,,,,,,,,,,0.0,1,1,G,USGS_gbHeatFlowWells.shp,known measured,53cdb952-d426-3eb6-a264-79d5ad8e7b38,32999.82975,344015.3029
891,Point,0,1,0.0,,891,,32,,,,,,,,,,,,0.0,1,1,G,USGS_gbHeatFlowWells.shp,known measured,7a5e0423-95e2-31f8-ad4b-923e95be9531,-165880.1465,254319.2981
892,Point,0,1,0.0,,892,,386,,,,,,,,,,,,0.0,1,1,G,USGS_gbHeatFlowWells.shp,known measured,9a411795-c668-38c2-8e2a-e688c0f3fe66,33272.45976,343064.352
893,Point,0,1,0.0,,893,,392,,,,,,,,,,,,0.0,1,1,G,USGS_gbHeatFlowWells.shp,known measured,bb2427d5-7d6b-32aa-a882-f4446a96dc2a,32945.92827,342838.9741
894,Point,0,1,0.0,,894,,226,,,,,,,,,,,,0.0,1,1,G,USGS_gbHeatFlowWells.shp,known measured,3bbc1bfc-b967-3aa6-b129-94bc6673e46a,31603.81074,342497.4996
895,Point,0,1,0.0,,895,,280,,,,,,,,,,,,0.0,1,1,G,USGS_gbHeatFlowWells.shp,known measured,2036a737-5e80-31c4-93aa-ccaa38e40aa6,34207.10121,342452.2621
896,Point,0,1,0.0,,896,,1238,,,,,,,,,,,,0.0,1,1,G,USGS_gbHeatFlowWells.shp,known measured,f7b5ae54-6d7e-3d7d-989a-a446bafd8438,33259.87736,342056.2048
897,Point,0,1,0.0,,897,,280,,,,,,,,,,,,0.0,1,1,G,USGS_gbHeatFlowWells.shp,assumed measured,718f380b-7303-37c8-a337-83b3491d8f1c,32690.9264,341549.81
898,Point,0,1,0.0,,898,,192,,,,,,,,,,,,0.0,1,1,G,USGS_gbHeatFlowWells.shp,known measured,1446b261-5808-3c54-aa90-eec1380e8b0a,36297.09628,344488.9003
899,Point,0,1,0.0,,899,,122,,,,,,,,,,,,0.0,1,1,G,USGS_gbHeatFlowWells.shp,Data release - assumed measured,9dd40700-a3af-3eb6-afee-a6fd9d2bd1ff,9013.173302,359565.1193
904,Point,0,1,0.0,,904,,195,,,,,,,,,,,,0.0,1,1,G,USGS_gbHeatFlowWells.shp,Data release - assumed measured,564a2290-2ef0-3d6f-93ae-a07302bcbf88,38673.2782,334026.8858
905,Point,0,1,0.0,,905,,195,,,,,,,,,,,,0.0,1,1,G,USGS_gbHeatFlowWells.shp,Data release - assumed measured,920c1b19-fcb8-372f-94f4-0bd43e923329,46251.69945,334694.5493
910,Point,0,1,0.0,,910,,124,,,,,,,,,,,,0.0,1,1,G,USGS_gbHeatFlowWells.shp,assumed measured,161fbf4a-c446-3820-8110-99437b3053ca,-27336.74648,304808.1744
911,Point,0,1,0.0,,911,,170,,,,,,,,,,,,0.0,1,1,G,USGS_gbHeatFlowWells.shp,assumed measured,98f059e1-6aa4-3683-9dec-b6be5173be40,-29148.8211,305307.4872
918,Point,0,1,0.0,,918,,167,,,,,,,,,,,,0.0,1,1,G,USGS_gbHeatFlowWells.shp,Data release - assumed measured,753d52a6-a067-3d86-a077-8d91f486ba76,-132869.5223,218022.6557
919,Point,0,1,0.0,,919,,270,,,,,,,,,,,,0.0,1,1,G,USGS_gbHeatFlowWells.shp,known measured,2448573e-3887-3eda-827a-cea1d045d08e,-27164.06652,320928.4634
920,Point,0,1,0.0,,920,,171,,,,,,,,,,,,0.0,1,1,G,USGS_gbHeatFlowWells.shp,Data release - assumed measured,ce16e1a1-0dca-3156-b455-4c18d15a125c,-94252.16993,281706.7401
921,Point,0,1,0.0,,921,,135,,,,,,,,,,,,0.0,1,1,G,USGS_gbHeatFlowWells.shp,Data release - assumed measured,63c2a6d2-c919-3686-b4b5-d5c69a9b330d,-100407.3532,283484.3761
922,Point,0,1,0.0,,922,,419,,,,,,,,,,,,0.0,1,1,G,USGS_gbHeatFlowWells.shp,known measured,7a55a1cd-c4e0-3c57-b23c-4499a55ea7de,-106476.5941,340376.9274
924,Point,0,1,0.0,,924,,252,,,,,,,,,,,,0.0,1,1,G,USGS_gbHeatFlowWells.shp,Data release - assumed measured,056b3d20-5f93-3216-8d6c-c38e53d8f378,-137531.1877,214760.2103
925,Point,0,1,0.0,,925,,507,,,,,,,,,,,,0.0,1,1,G,USGS_gbHeatFlowWells.shp,Data release - assumed measured,4c573c97-a400-3f1e-98a4-299adbfc3127,-141991.0553,210073.2909
926,Point,0,1,0.0,,926,,510,,,,,,,,,,,,0.0,1,1,G,USGS_gbHeatFlowWells.shp,Data release - assumed measured,897354a8-0796-3971-8725-4954dc28b33e,-140174.5056,213404.3571
927,Point,0,1,0.0,,927,,398,,,,,,,,,,,,0.0,1,1,G,USGS_gbHeatFlowWells.shp,Data release - assumed measured,3de856d5-fe2f-3938-b11a-bd19b280c065,-237221.4741,215112.5978
928,Point,0,1,0.0,,928,,243,,,,,,,,,,,,0.0,1,1,G,USGS_gbHeatFlowWells.shp,Data release - assumed measured,91915899-c159-3a64-add8-edf2ea202a52,-102762.5295,272622.3315
929,Point,0,1,0.0,,929,,130,,,,,,,,,,,,0.0,1,1,G,USGS_gbHeatFlowWells.shp,Data release - assumed measured,4d6f27f3-5e60-3b8e-b2fa-439033076093,-178766.6108,237332.8816
930,Point,0,1,0.0,,930,,143,,,,,,,,,,,,0.0,1,1,G,USGS_gbHeatFlowWells.shp,Data release - assumed measured,acd6bb68-bfaa-327a-addb-41e387a2b237,-84641.40217,37779.37081
933,Point,0,1,0.0,,933,,134,,,,,,,,,,,,0.0,1,1,G,USGS_gbHeatFlowWells.shp,assumed measured,7f66fdcd-55e7-3f80-9502-c4241db3ad35,-55299.9339,346949.2123
934,Point,0,1,0.0,,934,,10234,,,,,,,,,,,,0.0,1,1,G,USGS_gbHeatFlowWells.shp,known measured,279ebdff-46fd-3448-b9ed-97c900fc9a5b,-170446.5021,259289.9442
935,Point,0,1,0.0,,935,,180,,,,,,,,,,,,0.0,1,1,G,USGS_gbHeatFlowWells.shp,assumed measured,f3fca29d-f8c7-3a6e-8276-70ec3689f381,33975.71974,345509.1252
936,Point,0,1,0.0,,936,,281,,,,,,,,,,,,0.0,1,1,G,USGS_gbHeatFlowWells.shp,known measured,8f54a36e-ecae-3e0c-8a2a-2767330ad8e3,-170931.6592,258425.9858
943,Point,0,1,0.0,,943,,121,,,,,,,,,,,,0.0,1,1,G,USGS_gbHeatFlowWells.shp,Data release - assumed measured,ff46efed-cc12-3370-a2af-cb0804651d86,-137604.9689,94448.13441
944,Point,0,1,0.0,,944,,142,,,,,,,,,,,,0.0,1,1,G,USGS_gbHeatFlowWells.shp,Data release - assumed measured,d4d5d4f7-cda5-3427-982c-fdb9f28d0358,-135054.9885,91513.74535
945,Point,0,1,0.0,,945,,247,,,,,,,,,,,,0.0,1,1,G,USGS_gbHeatFlowWells.shp,Data release - assumed measured,1c5bfc55-8006-393c-b216-6955e5b85cc0,-136111.6549,88908.02325
947,Point,0,1,0.0,,947,,161,,,,,,,,,,,,0.0,1,1,G,USGS_gbHeatFlowWells.shp,Data release - assumed measured,45792591-5ec4-362d-8c9c-27f903c5b834,-132835.6434,235674.9691
948,Point,0,1,0.0,,948,,336,,,,,,,,,,,,0.0,1,1,G,USGS_gbHeatFlowWells.shp,Data release - assumed measured,4379552d-5849-3de8-868f-b55c4a269fbd,-141439.2933,211845.8648
949,Point,0,1,0.0,,949,,125,,,,,,,,,,,,0.0,1,1,G,USGS_gbHeatFlowWells.shp,Data release - assumed measured,4fac1fd9-5a7c-33b0-b4c5-aad95ccfadb3,-146952.7173,212874.1814
950,Point,0,1,0.0,,950,,180,,,,,,,,,,,,0.0,1,1,G,USGS_gbHeatFlowWells.shp,assumed measured,0108893b-c154-33e7-b565-ecd493b4ab50,36239.42578,342405.2492
951,Point,0,1,0.0,,951,,143,,,,,,,,,,,,0.0,1,1,G,USGS_gbHeatFlowWells.shp,assumed measured,b5dc20dd-9802-3455-832e-7c0e04d39492,37111.30792,340908.3209
953,Point,0,1,0.0,,953,,173,,,,,,,,,,,,0.0,1,1,G,USGS_gbHeatFlowWells.shp,unmeasured,0eb6e7f2-96e8-3022-a08b-98a9dc4c6a9b,-170342.3163,280115.1291
954,Point,0,1,0.0,,954,,3950,,,,,,,,,,,,0.0,1,1,G,USGS_gbHeatFlowWells.shp,assumed measured,49e5f87c-74fe-3a3e-8879-95fcd3fea104,-234726.0789,215779.9641
955,Point,0,1,0.0,,955,,3296,,,,,,,,,,,,0.0,1,1,G,USGS_gbHeatFlowWells.shp,assumed measured,a7e3b2d0-d324-3034-b798-2fa910e2f3ca,-235986.4359,215009.2922
956,Point,0,1,0.0,,956,,357,,,,,,,,,,,,0.0,1,1,G,USGS_gbHeatFlowWells.shp,assumed measured,dead83dc-6025-3ca9-a293-2f4e10668ea4,-12366.56535,268424.9026
957,Point,0,1,0.0,,957,,342,,,,,,,,,,,,0.0,1,1,G,USGS_gbHeatFlowWells.shp,known measured,88f8d8e6-ad59-3d32-b1a0-223dad18ebb2,-53959.139,346648.8115
958,Point,0,1,0.0,,958,,231,,,,,,,,,,,,0.0,1,1,G,USGS_gbHeatFlowWells.shp,known measured,5b505eff-1cf1-3b8e-ae2d-e3a609d79fa2,-51992.50828,348349.4999
959,Point,0,1,0.0,,959,,2262,,,,,,,,,,,,0.0,1,1,G,USGS_gbHeatFlowWells.shp,assumed measured,df9786a9-4660-3d68-93ee-2121973674d5,-234412.1888,216892.0619
960,Point,0,1,0.0,,960,,134,,,,,,,,,,,,0.0,1,1,G,USGS_gbHeatFlowWells.shp,Data release - assumed measured,7a21b111-5dc0-3294-8e7d-ab34fb93b7ff,-42973.25328,299476.4598
961,Point,0,1,0.0,,961,,175,,,,,,,,,,,,0.0,1,1,G,USGS_gbHeatFlowWells.shp,assumed measured,4f233fca-15c2-321f-a43c-7bbd7e824b40,-76191.41044,315273.3981
962,Point,0,1,0.0,,962,,142,,,,,,,,,,,,0.0,1,1,G,USGS_gbHeatFlowWells.shp,Data release - assumed measured,c40079db-488a-38fa-a391-2cdc13785649,-28401.57313,247361.529
963,Point,0,1,0.0,,963,,140,,,,,,,,,,,,0.0,1,1,G,USGS_gbHeatFlowWells.shp,unmeasured,4d78a412-a8a8-38dd-ae2d-ad8ef682b98f,-14635.2997,263573.1124
964,Point,0,1,0.0,,964,,823,,,,,,,,,,,,0.0,1,1,G,USGS_gbHeatFlowWells.shp,assumed measured,b55b4fc0-5aff-36b0-9307-fea437653290,-13073.10284,268239.2612
965,Point,0,1,0.0,,965,,265,,,,,,,,,,,,0.0,1,1,G,USGS_gbHeatFlowWells.shp,assumed measured,1cb32c16-bb1e-3589-a6ba-37eda82f01b9,-12794.13635,265997.803
966,Point,0,1,0.0,,966,,403,,,,,,,,,,,,0.0,1,1,G,USGS_gbHeatFlowWells.shp,assumed measured,d7f79860-172c-3341-8cce-e9cf2f4247c2,-13217.09387,266558.7291
967,Point,0,1,0.0,,967,,550,,,,,,,,,,,,0.0,1,1,G,USGS_gbHeatFlowWells.shp,unmeasured,be8e1db7-bf5d-3710-adb4-cfc63625fe48,-13072.79967,268426.0181
969,Point,0,1,0.0,,969,,380,,,,,,,,,,,,0.0,1,1,G,USGS_gbHeatFlowWells.shp,Data release - assumed measured,adc36f6c-b965-3cd9-aeb4-f4c48890ef56,-189760.1751,269304.3498
970,Point,0,1,0.0,,970,,380,,,,,,,,,,,,0.0,1,1,G,USGS_gbHeatFlowWells.shp,Data release - assumed measured,936da649-df36-3f5c-919c-c4cfe440caeb,-187915.2994,272063.1282
971,Point,0,1,0.0,,971,,242,,,,,,,,,,,,0.0,1,1,G,USGS_gbHeatFlowWells.shp,Data release - assumed measured,54ff1b43-4ea3-3b33-a354-37c128e815a2,-191678.5674,277755.8262
972,Point,0,1,0.0,,972,,207,,,,,,,,,,,,0.0,1,1,G,USGS_gbHeatFlowWells.shp,Data release - assumed measured,9f586c56-da90-3461-b56c-d9dbec36eb72,-190678.9053,273473.0488
973,Point,0,1,0.0,,973,,138,,,,,,,,,,,,0.0,1,1,G,USGS_gbHeatFlowWells.shp,Data release - assumed measured,04fdd3df-7f73-3e65-91d5-3ca71f55760b,-195943.0713,266089.8035
974,Point,0,1,0.0,,974,,242,,,,,,,,,,,,0.0,1,1,G,USGS_gbHeatFlowWells.shp,Data release - assumed measured,2ff72ae5-55dc-3bdf-a9d9-bd4a2a56958f,-193086.4798,268486.7172
975,Point,0,1,0.0,,975,,251,,,,,,,,,,,,0.0,1,1,G,USGS_gbHeatFlowWells.shp,assumed measured,976b7838-3f3d-3b4b-a7b8-73546d15ba5b,-84701.5386,280625.712
976,Point,0,1,0.0,,976,,184,,,,,,,,,,,,0.0,1,1,G,USGS_gbHeatFlowWells.shp,Data release - assumed measured,77b37fa9-a75b-3704-84d3-0a4328d3a38f,-74611.15761,289119.9291
977,Point,0,1,0.0,,977,,153,,,,,,,,,,,,0.0,1,1,G,USGS_gbHeatFlowWells.shp,unmeasured,7aa17d24-919c-3291-89d7-6d3af683edb8,-155621.2751,238535.7685
979,Point,0,1,0.0,,979,,764,,,,,,,,,,,,0.0,1,1,G,USGS_gbHeatFlowWells.shp,Data release - assumed measured,66fd693b-a41f-3e6f-a316-de0677efd018,-114651.2106,310958.4552
980,Point,0,1,0.0,,980,,174,,,,,,,,,,,,0.0,1,1,G,USGS_gbHeatFlowWells.shp,Data release - assumed measured,6d85539e-65bd-370b-bfa7-32fd3b25a9de,49533.50738,221558.4201
981,Point,0,1,0.0,,981,,147,,,,,,,,,,,,0.0,1,1,G,USGS_gbHeatFlowWells.shp,Data release - assumed measured,4926d402-6f9f-3323-a2e0-d4aefb1d8f4a,-219600.7915,253976.7509
982,Point,0,1,0.0,,982,,213,,,,,,,,,,,,0.0,1,1,G,USGS_gbHeatFlowWells.shp,Data release - assumed measured,f4fd7993-e7b0-3537-945a-70a0fea108f5,-219693.6203,253687.8156
983,Point,0,1,0.0,,983,,265,,,,,,,,,,,,0.0,1,1,G,USGS_gbHeatFlowWells.shp,Data release - assumed measured,b5df65d9-ecf7-3a4e-8f83-f3a8027a6cef,-219105.3756,253447.6294
985,Point,0,1,0.0,,985,,122,,,,,,,,,,,,0.0,1,1,G,USGS_gbHeatFlowWells.shp,unmeasured,ded701fc-f0f5-309a-b00a-1a9f5cc4f529,-51002.9308,340367.9824
986,Point,0,1,0.0,,986,,204,,,,,,,,,,,,0.0,1,1,G,USGS_gbHeatFlowWells.shp,assumed measured,0b6b0192-eddf-3904-b473-92cbcf9ecb85,-49439.36669,340570.9829
987,Point,0,1,0.0,,987,,131,,,,,,,,,,,,0.0,1,1,G,USGS_gbHeatFlowWells.shp,assumed measured,254bbdb6-c374-3d4c-be46-d7b8affb04c5,-48712.67523,338527.8766
988,Point,0,1,0.0,,988,,150,,,,,,,,,,,,0.0,1,1,G,USGS_gbHeatFlowWells.shp,known measured,78193d6c-2332-371e-8658-b02917b4134e,-48693.27723,338953.417
989,Point,0,1,0.0,,989,,195,,,,,,,,,,,,0.0,1,1,G,USGS_gbHeatFlowWells.shp,known measured,b2c60293-0370-3e9f-9eee-ec7548eade2c,-48221.5992,341941.2906
990,Point,0,1,0.0,,990,,301,,,,,,,,,,,,0.0,1,1,G,USGS_gbHeatFlowWells.shp,Data release - assumed measured,b0eca174-8721-34ca-8cd3-4db83633f527,-84653.44104,285196.8462
991,Point,0,1,0.0,,991,,1166,,,,,,,,,,,,0.0,1,1,G,USGS_gbHeatFlowWells.shp,assumed measured,a133587e-b8cc-3822-a405-b28388427392,-239406.8006,225816.8312
992,Point,0,1,0.0,,992,,830,,,,,,,,,,,,0.0,1,1,G,USGS_gbHeatFlowWells.shp,assumed measured,2c86d9e3-9bad-33cc-9671-11a20cc12435,-240829.5927,225859.0169
993,Point,0,1,0.0,,993,,1091,,,,,,,,,,,,0.0,1,1,G,USGS_gbHeatFlowWells.shp,assumed measured,f52c85dd-c489-344c-a8d6-5bcf709e205c,-239406.8006,225816.8312
994,Point,0,1,0.0,,994,,334,,,,,,,,,,,,0.0,1,1,G,USGS_gbHeatFlowWells.shp,assumed measured,f8469417-cb9d-3441-8e02-e1d358274130,-239075.6954,237018.5325
995,Point,0,1,0.0,,995,,880,,,,,,,,,,,,0.0,1,1,G,USGS_gbHeatFlowWells.shp,assumed measured,42ca1ac7-714b-3e00-9189-ed04a28ae342,-237992.5293,225775.1462
996,Point,0,1,0.0,,996,,126,,,,,,,,,,,,0.0,1,1,G,USGS_gbHeatFlowWells.shp,Data release - assumed measured,bde421af-0d3c-3c8f-b6f4-cb87a8a834f4,-47545.19727,341298.7777
997,Point,0,1,0.0,,997,,131,,,,,,,,,,,,0.0,1,1,G,USGS_gbHeatFlowWells.shp,Data release - assumed measured,194087fa-151d-3126-b65c-13cec8a4b924,-234395.4457,209491.7681
998,Point,0,1,0.0,,998,,491,,,,,,,,,,,,0.0,1,1,G,USGS_gbHeatFlowWells.shp,Data release - assumed measured,1db9364f-7987-30df-8c6c-6d3dc7046fe1,-235144.9507,218998.6567
999,Point,0,1,0.0,,999,,142,,,,,,,,,,,,0.0,1,1,G,USGS_gbHeatFlowWells.shp,Data release - assumed measured,01c03470-89ff-3918-bdc9-c22be832ef7b,-238136.7232,213020.3601
1000,Point,0,1,0.0,,1000,,536,,,,,,,,,,,,0.0,1,1,G,USGS_gbHeatFlowWells.shp,Data release - assumed measured,15fcc01b-359e-375b-8e87-23e1f0199c17,-236248.6471,213335.1436
1001,Point,0,1,0.0,,1001,,546,,,,,,,,,,,,0.0,1,1,G,USGS_gbHeatFlowWells.shp,Data release - assumed measured,f828c99b-9ee3-3105-9cd4-0f06ae74005d,-201826.0959,325420.8996
1002,Point,0,1,0.0,,1002,,2380,,,,,,,,,,,,0.0,1,1,G,USGS_gbHeatFlowWells.shp,assumed measured,59a2e81a-42c9-363f-9021-800d80c89e16,-202674.6156,329151.4293
1003,Point,0,1,0.0,,1003,,176,,,,,,,,,,,,0.0,1,1,G,USGS_gbHeatFlowWells.shp,assumed measured,6393e037-84c8-379c-b744-a7d0c2abc459,-204651.9251,322590.3546
1004,Point,0,1,0.0,,1004,,240,,,,,,,,,,,,0.0,1,1,G,USGS_gbHeatFlowWells.shp,Data release - assumed measured,add172dd-5c96-312f-ab4f-fccc6c9fbc19,-203285.958,320986.7069
1005,Point,0,1,0.0,,1005,,5564,,,,,,,,,,,,0.0,1,1,G,USGS_gbHeatFlowWells.shp,assumed measured,346c47df-1841-3a6a-91b6-ac1f4266790a,-234659.2341,216024.6915
1006,Point,0,1,0.0,,1006,,138,,,,,,,,,,,,0.0,1,1,G,USGS_gbHeatFlowWells.shp,unmeasured,b2667aa9-8c62-3713-bbd7-a9c096555871,-48988.475,342875.6587
1008,Point,0,1,0.0,,1008,,482,,,,,,,,,,,,0.0,1,1,G,USGS_gbHeatFlowWells.shp,assumed measured,72bf993a-699f-3956-821e-6709ae2ebdd1,-156871.112,231857.2217
1009,Point,0,1,0.0,,1009,,413,,,,,,,,,,,,0.0,1,1,G,USGS_gbHeatFlowWells.shp,assumed measured,dd2871a8-df8b-34ac-9e5e-778e48219e2b,-156403.0189,232722.4431
1010,Point,0,1,0.0,,1010,,169,,,,,,,,,,,,0.0,1,1,G,USGS_gbHeatFlowWells.shp,assumed measured,c0f18610-3df0-396f-ba23-ea76f814ae25,-157505.1433,228596.5953
1011,Point,0,1,0.0,,1011,,366,,,,,,,,,,,,0.0,1,1,G,USGS_gbHeatFlowWells.shp,assumed measured,948c78ce-e438-3078-ae2b-34a006452d14,-158014.1531,235253.2399
1012,Point,0,1,0.0,,1012,,124,,,,,,,,,,,,0.0,1,1,G,USGS_gbHeatFlowWells.shp,Data release - assumed measured,234dbad5-487c-3fa8-8a80-cdde4dc7522e,-205720.5455,237413.0303
1013,Point,0,1,0.0,,1013,,155,,,,,,,,,,,,0.0,1,1,G,USGS_gbHeatFlowWells.shp,assumed measured,b7272b2e-7f67-3591-98f9-63d47f9f9307,-175562.3041,273689.6816
1014,Point,0,1,0.0,,1014,,235,,,,,,,,,,,,0.0,1,1,G,USGS_gbHeatFlowWells.shp,Data release - assumed measured,99d2f9f7-bc1e-3203-b520-261a6ed67df5,-188572.2558,262091.9272
1015,Point,0,1,0.0,,1015,,204,,,,,,,,,,,,0.0,1,1,G,USGS_gbHeatFlowWells.shp,unmeasured,97d0a5ab-a520-36b4-91bb-834fe550e272,-139957.8825,307169.7523
1016,Point,0,1,0.0,,1016,,219,,,,,,,,,,,,0.0,1,1,G,USGS_gbHeatFlowWells.shp,unmeasured,c498bb0d-739e-3d88-807c-4ce27c6c9705,-137865.8582,297982.7144
1017,Point,0,1,0.0,,1017,,183,,,,,,,,,,,,0.0,1,1,G,USGS_gbHeatFlowWells.shp,Data release - assumed measured,3c678adf-51c6-3cfc-8e27-28b1388502b7,-182266.9158,285684.9539
1018,Point,0,1,0.0,,1018,,130,,,,,,,,,,,,0.0,1,1,G,USGS_gbHeatFlowWells.shp,unmeasured,07e93de4-9621-3d6a-94bc-62bf8f310390,-148693.1222,283421.4267
1019,Point,0,1,0.0,,1019,,171,,,,,,,,,,,,0.0,1,1,G,USGS_gbHeatFlowWells.shp,unmeasured,8d450bed-8a8c-3dee-bc3a-c4695b5cc4bd,-146214.8742,287858.4587
1020,Point,0,1,0.0,,1020,,125,,,,,,,,,,,,0.0,1,1,G,USGS_gbHeatFlowWells.shp,unmeasured,95d0f2da-ffcf-32a5-9e66-fdfa487ec538,-63637.13916,48243.10021
1021,Point,0,1,0.0,,1021,,127,,,,,,,,,,,,0.0,1,1,G,USGS_gbHeatFlowWells.shp,Data release - assumed measured,2552ceca-4503-3cb8-8989-ceecb72d64ce,-237321.5293,214610.9826
1022,Point,0,1,0.0,,1022,,277,,,,,,,,,,,,0.0,1,1,G,USGS_gbHeatFlowWells.shp,assumed measured,67c661b2-4dd4-3bf3-8a46-1aa5260d41a8,-167087.2585,253447.5442
1023,Point,0,1,0.0,,1023,,655,,,,,,,,,,,,0.0,1,1,G,USGS_gbHeatFlowWells.shp,known measured,9f254064-7d48-3e36-bb87-7b50aa429a15,-165440.2927,254231.8088
1024,Point,0,1,0.0,,1024,,132,,,,,,,,,,,,0.0,1,1,G,USGS_gbHeatFlowWells.shp,Data release - assumed measured,75739e2d-994a-3701-87d1-c8c6ccb22f4f,-138454.2867,209171.537
1027,Point,0,1,0.0,,1027,,164,,,,,,,,,,,,0.0,1,1,G,USGS_gbHeatFlowWells.shp,Data release - assumed measured,3ac1e8cc-4206-37f8-8bd7-3311377c417a,-157092.659,279404.7444
1028,Point,0,1,0.0,,1028,,127,,,,,,,,,,,,0.0,1,1,G,USGS_gbHeatFlowWells.shp,assumed measured,0e2f7299-ccb0-33df-ac44-bcd8e595c387,-157998.0884,305077.0391
1029,Point,0,1,0.0,,1029,,188,,,,,,,,,,,,0.0,1,1,G,USGS_gbHeatFlowWells.shp,assumed measured,cc37c709-f2c5-3e88-94df-df546cfa383d,-56473.49433,343585.9015
1030,Point,0,1,0.0,,1030,,192,,,,,,,,,,,,0.0,1,1,G,USGS_gbHeatFlowWells.shp,assumed measured,d36334e1-987f-333f-93ab-45bbf12a9daa,-48574.7171,339109.5049
1032,Point,0,1,0.0,,1032,,134,,,,,,,,,,,,0.0,1,1,G,USGS_gbHeatFlowWells.shp,Data release - assumed measured,2b8dd60c-d61e-3df3-b2e9-cd778dbcd0e4,-126133.3915,342063.4411
1033,Point,0,1,0.0,,1033,,127,,,,,,,,,,,,0.0,1,1,G,USGS_gbHeatFlowWells.shp,Data release - assumed measured,93246f52-8ea9-3b04-bef2-a949c1962abe,-143639.8944,293127.3414
1034,Point,0,1,0.0,,1034,,242,,,,,,,,,,,,0.0,1,1,G,USGS_gbHeatFlowWells.shp,Data release - assumed measured,dfa8e70b-2f59-39d9-9ec8-7a268345ae50,-155478.042,304467.5369
1035,Point,0,1,0.0,,1035,,397,,,,,,,,,,,,0.0,1,1,G,USGS_gbHeatFlowWells.shp,unmeasured,9a42b55d-ec86-3512-a54d-a455e82e8681,-163265.0223,308917.6781
1036,Point,0,1,0.0,,1036,,149,,,,,,,,,,,,0.0,1,1,G,USGS_gbHeatFlowWells.shp,Data release - assumed measured,a9239b4c-313e-3870-85c0-78d360bc81a8,-167219.8089,314788.631
1037,Point,0,1,0.0,,1037,,142,,,,,,,,,,,,0.0,1,1,G,USGS_gbHeatFlowWells.shp,Data release - assumed measured,1113a4ea-a7fe-30d5-ac92-ee9bebc29d80,-150822.7596,320106.558
1038,Point,0,1,0.0,,1038,,131,,,,,,,,,,,,0.0,1,1,G,USGS_gbHeatFlowWells.shp,Data release - assumed measured,1aa93040-0208-31b1-9ad8-4b803ca9711f,-168869.7329,266889.3052
1040,Point,0,1,0.0,,1040,,273,,,,,,,,,,,,0.0,1,1,G,USGS_gbHeatFlowWells.shp,Data release - assumed measured,76a953c1-5414-34a9-bdd9-24c1151c2a46,-112115.8271,281117.7838
1041,Point,0,1,0.0,,1041,,335,,,,,,,,,,,,0.0,1,1,G,USGS_gbHeatFlowWells.shp,Data release - assumed measured,41f3181e-a640-372c-a47c-f825566e85e6,-123068.2253,284381.8169
1042,Point,0,1,0.0,,1042,,209,,,,,,,,,,,,0.0,1,1,G,USGS_gbHeatFlowWells.shp,assumed measured,052a4780-f588-381e-9efb-79e05f06c716,-137485.4007,311956.1962
1043,Point,0,1,0.0,,1043,,138,,,,,,,,,,,,0.0,1,1,G,USGS_gbHeatFlowWells.shp,known measured,8d1a2e12-3812-317a-ab18-2372989031d0,-166399.2541,210914.3769
1044,Point,0,1,0.0,,1044,,194,,,,,,,,,,,,0.0,1,1,G,USGS_gbHeatFlowWells.shp,Data release - assumed measured,afaed082-e79c-3f7f-92cc-32c56eead77a,-170364.6903,285719.0768
1045,Point,0,1,0.0,,1045,,186,,,,,,,,,,,,0.0,1,1,G,USGS_gbHeatFlowWells.shp,unmeasured,ba1bd999-06b9-3e72-87dc-4841f59d623b,-170553.1417,283481.6973
1046,Point,0,1,0.0,,1046,,201,,,,,,,,,,,,0.0,1,1,G,USGS_gbHeatFlowWells.shp,Data release - assumed measured,ce8c1de1-0de1-3062-b013-eff537086039,-168849.5699,284006.097
1047,Point,0,1,0.0,,1047,,148,,,,,,,,,,,,0.0,1,1,G,USGS_gbHeatFlowWells.shp,unmeasured,483a3f12-1dd6-300a-95b1-91551ee951cd,-164753.3732,311749.4683
1048,Point,0,1,0.0,,1048,,413,,,,,,,,,,,,0.0,1,1,G,USGS_gbHeatFlowWells.shp,assumed measured,3210f5e2-c3e8-3a38-a91f-0fb70883c7c2,-161549.6573,317286.7852
1049,Point,0,1,0.0,,1049,,227,,,,,,,,,,,,0.0,1,1,G,USGS_gbHeatFlowWells.shp,unmeasured,17d9196e-efd6-32c1-987c-2e1560314ed4,-173018.1113,280358.9999
1050,Point,0,1,0.0,,1050,,181,,,,,,,,,,,,0.0,1,1,G,USGS_gbHeatFlowWells.shp,unmeasured,f4eb65fd-c1cd-3695-8895-6d02bca2ad43,-169899.475,281039.6816
1051,Point,0,1,0.0,,1051,,166,,,,,,,,,,,,0.0,1,1,G,USGS_gbHeatFlowWells.shp,unmeasured,c9adc20a-7b82-3e85-89c8-254ddccef435,-171055.4756,279756.6828
1052,Point,0,1,0.0,,1052,,211,,,,,,,,,,,,0.0,1,1,G,USGS_gbHeatFlowWells.shp,Data release - assumed measured,071d4cc4-4320-3ff9-a90d-a2b071cbebfc,-215408.4782,235927.6413
1053,Point,0,1,0.0,,1053,,189,,,,,,,,,,,,0.0,1,1,G,USGS_gbHeatFlowWells.shp,Data release - assumed measured,06e8b76e-0927-3de6-b70f-413207a43901,-147134.2368,245101.7437
1054,Point,0,1,0.0,,1054,,318,,,,,,,,,,,,0.0,1,1,G,USGS_gbHeatFlowWells.shp,Data release - assumed measured,5ab2bcb2-c2be-3d89-a67d-0ca016dead6d,-9829.170192,271233.8868
1055,Point,0,1,0.0,,1055,,460,,,,,,,,,,,,0.0,1,1,G,USGS_gbHeatFlowWells.shp,Data release - assumed measured,26317d50-fe63-38ad-bd11-53c212b2ed7e,-9729.691452,269407.3641
1056,Point,0,1,0.0,,1056,,541,,,,,,,,,,,,0.0,1,1,G,USGS_gbHeatFlowWells.shp,known measured,27aeced1-be95-3358-be87-d555f21fca24,-168216.8679,256306.6561
1057,Point,0,1,0.0,,1057,,136,,,,,,,,,,,,0.0,1,1,G,USGS_gbHeatFlowWells.shp,Data release - assumed measured,49782e13-ac8e-3564-b3a4-b7a86eefbe7b,34038.50969,346528.668
1058,Point,0,1,0.0,,1058,,207,,,,,,,,,,,,0.0,1,1,G,USGS_gbHeatFlowWells.shp,Data release - assumed measured,3dce7dcf-333f-327b-946e-1943dad74686,-221682.3335,208872.9668
1060,Point,0,1,0.0,,1060,,1397,,,,,,,,,,,,0.0,1,1,G,USGS_gbHeatFlowWells.shp,assumed measured,fa47e744-b14f-3b57-a15a-fc25b847363b,34800.10317,343182.9021
1061,Point,0,1,0.0,,1061,,194,,,,,,,,,,,,0.0,1,1,G,USGS_gbHeatFlowWells.shp,assumed measured,dff6e858-f833-3c83-8d9f-8f13210e5619,-185985.2245,144448.6241
1062,Point,0,1,0.0,,1062,,405,,,,,,,,,,,,0.0,1,1,G,USGS_gbHeatFlowWells.shp,assumed measured,7921ef15-2b53-3fb2-9aff-1a0586e72962,-186293.3281,143521.364
1063,Point,0,1,0.0,,1063,,520,,,,,,,,,,,,0.0,1,1,G,USGS_gbHeatFlowWells.shp,assumed measured,51ad7e91-10bb-3ac5-a12c-c6fd492a8b87,-187145.4219,143914.5188
1064,Point,0,1,0.0,,1064,,392,,,,,,,,,,,,0.0,1,1,G,USGS_gbHeatFlowWells.shp,assumed measured,06279d56-79ef-3939-9af3-64d613cb88e2,-185010.8291,143118.5526
1065,Point,0,1,0.0,,1065,,148,,,,,,,,,,,,0.0,1,1,G,USGS_gbHeatFlowWells.shp,assumed measured,c0c90a18-30a5-3b17-8a2d-b8a642964a70,-183087.5066,145691.2403
1066,Point,0,1,0.0,,1066,,466,,,,,,,,,,,,0.0,1,1,G,USGS_gbHeatFlowWells.shp,assumed measured,dfb5152f-ffc8-3d8e-b4ac-523a2ae52288,-186516.3294,146329.2546
1067,Point,0,1,0.0,,1067,,196,,,,,,,,,,,,0.0,1,1,G,USGS_gbHeatFlowWells.shp,assumed measured,94f43590-cf50-30fb-9992-ae64c9a1f1f2,-141797.8514,209890.5776
1068,Point,0,1,0.0,,1068,,206,,,,,,,,,,,,0.0,1,1,G,USGS_gbHeatFlowWells.shp,Data release - assumed measured,6b1bcab3-8317-3151-ab03-d4eb1c85daa0,-82980.06897,291622.1273
1069,Point,0,1,0.0,,1069,,206,,,,,,,,,,,,0.0,1,1,G,USGS_gbHeatFlowWells.shp,unmeasured,8ecc158f-9e33-3d18-bd08-0cf373d8e61e,30871.89614,300780.9241
1074,Point,0,1,0.0,,1074,,222,,,,,,,,,,,,0.0,1,1,G,USGS_gbHeatFlowWells.shp,Data release - assumed measured,8f85d2c9-ab69-309b-9ea1-e417c5b71253,-77044.42928,280436.7425
1075,Point,0,1,0.0,,1075,,708,,,,,,,,,,,,0.0,1,1,G,USGS_gbHeatFlowWells.shp,Data release - assumed measured,5ae10293-04df-39af-b17b-f240cdad0731,-84150.75525,244384.1323
1076,Point,0,1,0.0,,1076,,838,,,,,,,,,,,,0.0,1,1,G,USGS_gbHeatFlowWells.shp,Data release - assumed measured,be1fda94-40c1-3970-8c22-12b537be5e20,-84121.38109,244469.3791
1077,Point,0,1,0.0,,1077,,141,,,,,,,,,,,,0.0,1,1,G,USGS_gbHeatFlowWells.shp,unmeasured,f948dd25-59a5-3db6-a500-392a3ba9ac3b,-71925.27292,278910.3261
1078,Point,0,1,0.0,,1078,,510,,,,,,,,,,,,0.0,1,1,G,USGS_gbHeatFlowWells.shp,Data release - assumed measured,f94b246a-7415-3936-aa5b-15cbad1b60e9,-89851.12075,258976.1329
1079,Point,0,1,0.0,,1079,,249,,,,,,,,,,,,0.0,1,1,G,USGS_gbHeatFlowWells.shp,Data release - assumed measured,5e277b4f-e645-3edd-ace5-6668b56a6fd3,-88651.32512,258503.4156
1080,Point,0,1,0.0,,1080,,2790,,,,,,,,,,,,0.0,1,1,G,USGS_gbHeatFlowWells.shp,Data release - assumed measured,91f35349-26fa-3b55-a2c8-a6aad3eb7a1c,-91155.74731,257668.4242
1081,Point,0,1,0.0,,1081,,155,,,,,,,,,,,,0.0,1,1,G,USGS_gbHeatFlowWells.shp,assumed measured,3ea38cf9-a367-3e63-b26a-d8f599e034d9,-77753.36625,275378.8348
1082,Point,0,1,0.0,,1082,,183,,,,,,,,,,,,0.0,1,1,G,USGS_gbHeatFlowWells.shp,Data release - assumed measured,02380121-31d2-32ba-b292-0ab170e4dedb,-68789.7942,272888.1952
1083,Point,0,1,0.0,,1083,,134,,,,,,,,,,,,0.0,1,1,G,USGS_gbHeatFlowWells.shp,assumed measured,6af50b13-6251-300d-91a5-afc07db61f8a,-49183.68572,293103.442
1084,Point,0,1,0.0,,1084,,140,,,,,,,,,,,,0.0,1,1,G,USGS_gbHeatFlowWells.shp,assumed measured,67588346-2929-3b54-9d18-804b17076c1c,-78768.12278,274660.3496
1085,Point,0,1,0.0,,1085,,203,,,,,,,,,,,,0.0,1,1,G,USGS_gbHeatFlowWells.shp,unmeasured,caa0cfdc-5a81-37d9-ade9-c1e60e9d1231,-78137.12471,274228.4013
1086,Point,0,1,0.0,,1086,,390,,,,,,,,,,,,0.0,1,1,G,USGS_gbHeatFlowWells.shp,assumed measured,367d4ef1-8be1-379b-91b7-01fbd915fdcc,-76863.17926,274597.1301
1087,Point,0,1,0.0,,1087,,353,,,,,,,,,,,,0.0,1,1,G,USGS_gbHeatFlowWells.shp,unmeasured,3f29ed64-1d3f-3732-b39b-f4fe81fe7ba6,-76403.64823,274828.0683
1088,Point,0,1,0.0,,1088,,201,,,,,,,,,,,,0.0,1,1,G,USGS_gbHeatFlowWells.shp,unmeasured,452a4b99-decc-317e-b6ab-f8db9f7fb309,-75465.26079,274651.1434
1089,Point,0,1,0.0,,1089,,608,,,,,,,,,,,,0.0,1,1,G,USGS_gbHeatFlowWells.shp,Data release - assumed measured,1325c95e-6d2e-33ae-8ad6-c18f2c03ef4a,-106967.1323,217180.1388
1090,Point,0,1,0.0,,1090,,226,,,,,,,,,,,,0.0,1,1,G,USGS_gbHeatFlowWells.shp,Data release - assumed measured,b47365a2-dfd5-3ee4-8c83-9792f13cf308,-106744.8806,214621.7863
1091,Point,0,1,0.0,,1091,,146,,,,,,,,,,,,0.0,1,1,G,USGS_gbHeatFlowWells.shp,assumed measured,86eedc6a-5375-3b4c-a663-ae80e6b80751,-106368.3072,214056.4505
1092,Point,0,1,0.0,,1092,,352,,,,,,,,,,,,0.0,1,1,G,USGS_gbHeatFlowWells.shp,Data release - assumed measured,36313d23-eb75-3473-8345-fd6a1fc1bdd0,-98283.19947,224698.8774
1093,Point,0,1,0.0,,1093,,211,,,,,,,,,,,,0.0,1,1,G,USGS_gbHeatFlowWells.shp,Data release - assumed measured,7e3a74cf-4c5e-3eea-8e71-2cd0d4cb42f5,-96438.72914,229544.5588
1094,Point,0,1,0.0,,1094,,268,,,,,,,,,,,,0.0,1,1,G,USGS_gbHeatFlowWells.shp,Data release - assumed measured,dc8f2fd2-5092-3138-a6ec-7faf5d447eb6,-98791.40143,225190.7933
1095,Point,0,1,0.0,,1095,,83,,,,,,,,,,,,0.0,1,1,G,USGS_gbHeatFlowWells.shp,assumed measured,8a621a4c-aef4-36bb-8c3e-f683368b9fac,-98812.21072,224182.3738
1096,Point,0,1,0.0,,1096,,169,,,,,,,,,,,,0.0,1,1,G,USGS_gbHeatFlowWells.shp,Data release - assumed measured,d810e738-985e-3d3d-8a7a-c8dc9d755ddb,-95596.25507,223706.704
1097,Point,0,1,0.0,,1097,,48,,,,,,,,,,,,0.0,1,1,G,USGS_gbHeatFlowWells.shp,Data release - assumed measured,d891da1f-e81b-3f7e-ab25-441be40cd6f8,-96502.02122,227090.8991
1098,Point,0,1,0.0,,1098,,151,,,,,,,,,,,,0.0,1,1,G,USGS_gbHeatFlowWells.shp,Data release - assumed measured,18968cd1-2cd2-32c2-960f-cc10d1560aa1,-93340.53387,224935.659
1099,Point,0,1,0.0,,1099,,37,,,,,,,,,,,,0.0,1,1,G,USGS_gbHeatFlowWells.shp,Data release - assumed measured,cdb960e0-6c4e-32a2-919a-597cf5e72de5,-97851.72231,225381.1324
1100,Point,0,1,0.0,,1100,,3464,,,,,,,,,,,,0.0,1,1,B,USGS_gbHeatFlowWells.shp,Data release - assumed measured,dc734d3c-a452-302a-b231-fbff44d14e32,-134823.5463,203080.0812
1101,Point,0,1,0.0,,1101,,582,,,,,,,,,,,,0.0,1,1,C,USGS_gbHeatFlowWells.shp,Data release - assumed measured,70b20b88-6c0c-337b-92b7-039ded0ee020,-135741.975,209484.4109
1102,Point,0,1,0.0,,1102,,3410,,,,,,,,,,,,0.0,1,1,C,USGS_gbHeatFlowWells.shp,Data release - assumed measured,ab0a1821-e45d-3e05-9d38-adacd4ae49e1,-135053.7729,204653.1537
1103,Point,0,1,0.0,,1103,,8,,,,,,,,,,,,0.0,1,1,C,USGS_gbHeatFlowWells.shp,Data release - assumed measured,39c073e4-bf19-3890-a044-f1ef538500fb,-130445.4651,209621.7502
1104,Point,0,1,0.0,,1104,,2017,,,,,,,,,,,,0.0,1,1,C,USGS_gbHeatFlowWells.shp,Data release - assumed measured,3d1ff449-7f87-37b8-a77c-858f9c922c7f,-136291.8066,207251.8683
1105,Point,0,1,0.0,,1105,,2326,,,,,,,,,,,,0.0,1,1,C,USGS_gbHeatFlowWells.shp,Data release - assumed measured,7c7e6783-5c93-3a63-9620-ec2c4a72d45d,-133996.898,201385.068
1106,Point,0,1,0.0,,1106,,515,,,,,,,,,,,,0.0,1,1,B,USGS_gbHeatFlowWells.shp,Data release - assumed measured,b7a0dfa9-4236-31b1-beeb-555fe4af3478,-136695.6044,203559.7264
1107,Point,0,1,0.0,,1107,,84,,,,,,,,,,,,0.0,1,1,A,USGS_gbHeatFlowWells.shp,A quality,0b738c71-8656-3df3-a438-8c909961c08c,-127150.4104,196455.2683
1108,Point,0,1,0.0,,1108,,59,,,,,,,,,,,,0.0,1,1,A,USGS_gbHeatFlowWells.shp,A quality,c2cd6883-e6c2-3a98-a186-4f5c2d084064,-122334.4905,203891.2117
1109,Point,0,1,0.0,,1109,,71,,,,,,,,,,,,0.0,1,1,B,USGS_gbHeatFlowWells.shp,Data release - assumed measured,5a4ea31c-5116-3232-a605-8f39dda41324,-119970.6315,201950.5027
1110,Point,0,1,0.0,,1110,,946,,,,,,,,,,,,0.0,1,1,C,USGS_gbHeatFlowWells.shp,Data release - assumed measured,d17fc1a8-e205-3414-97e0-1ab2f14f26e4,-132243.6623,209314.5872
1111,Point,0,1,0.0,,1111,,63,,,,,,,,,,,,0.0,1,1,C,USGS_gbHeatFlowWells.shp,Data release - assumed measured,2b524334-c41e-33b3-a6ac-be338b5f7db4,-132902.7751,210782.4747
1112,Point,0,1,0.0,,1112,,82,,,,,,,,,,,,0.0,1,1,B,USGS_gbHeatFlowWells.shp,known measured,f104f54c-d4a8-32a5-a15e-723e2f4cc8c3,-79477.08066,248210.1933
1113,Point,0,1,0.0,,1113,,100,,,,,,,,,,,,0.0,1,1,C,USGS_gbHeatFlowWells.shp,known measured,b9ca933e-42c2-31d5-a73d-c35b518e1c04,-76071.51036,242607.7991
1114,Point,0,1,0.0,,1114,,44,,,,,,,,,,,,0.0,1,1,B,USGS_gbHeatFlowWells.shp,known measured,0ee6efb6-41bb-33b4-9109-a1445c81f322,-83986.37194,239458.5668
1115,Point,0,1,0.0,,1115,,2569,,,,,,,,,,,,0.0,1,1,G,USGS_gbHeatFlowWells.shp,unmeasured,ffee78e5-0a4a-3d2d-ae49-855845e46fa3,-71693.98637,279313.8771
1116,Point,0,1,0.0,,1116,,59,,,,,,,,,,,,0.0,1,1,A,USGS_gbHeatFlowWells.shp,A quality,7830efc6-9659-3acc-a496-fb6d9b289338,-104468.0195,338021.2254
1117,Point,0,1,0.0,,1117,,654,,,,,,,,,,,,0.0,1,1,G,USGS_gbHeatFlowWells.shp,assumed measured,5a790a2d-b4e5-34b1-bdbb-904b5358feb3,-105896.4248,346115.7995
1118,Point,0,1,0.0,,1118,,37,,,,,,,,,,,,0.0,1,1,B,USGS_gbHeatFlowWells.shp,Data release - assumed measured,21958b54-ce7d-3299-8f39-6275966d6ed3,-103452.6243,337268.6466
1119,Point,0,1,0.0,,1119,,80,,,,,,,,,,,,0.0,1,1,B,USGS_gbHeatFlowWells.shp,Data release - assumed measured,1e331836-f157-3272-82e2-da9ea04132aa,-103905.9566,336658.399
1120,Point,0,1,0.0,,1120,,341,,,,,,,,,,,,0.0,1,1,G,USGS_gbHeatFlowWells.shp,Data release - assumed measured,025df123-3c76-3094-ba99-fa5d175f1348,-27406.67247,321388.5822
1121,Point,0,1,0.0,,1121,,188,,,,,,,,,,,,0.0,1,1,B,USGS_gbHeatFlowWells.shp,Data release - assumed measured,a17612b6-7c09-380b-a3e6-2072ea99fa73,10896.35873,342811.7691
1122,Point,0,1,0.0,,1122,,111,,,,,,,,,,,,0.0,1,1,D,USGS_gbHeatFlowWells.shp,Data release - assumed measured,8f158491-b755-3564-9b80-158ca808e251,38780.1129,344881.4426
1123,Point,0,1,0.0,,1123,,42,,,,,,,,,,,,0.0,1,1,B,USGS_gbHeatFlowWells.shp,Data release - assumed measured,d25b8a2f-b3ab-36f4-9764-67490844e43e,11553.04389,341614.1964
1125,Point,0,1,0.0,,1125,,173,,,,,,,,,,,,0.0,1,1,D,USGS_gbHeatFlowWells.shp,Data release - assumed measured,b9efe757-761b-3ea5-b4ef-b5e331cc57bc,46631.97088,314174.18
1126,Point,0,1,0.0,,1126,,810,,,,,,,,,,,,0.0,1,1,G,USGS_gbHeatFlowWells.shp,Data release - assumed measured,5866e5d0-5497-3f61-9729-99900c12f844,46961.08066,315531.6561
1128,Point,0,1,0.0,,1128,,45,,,,,,,,,,,,0.0,1,1,D,USGS_gbHeatFlowWells.shp,Data release - assumed measured,8fd500b1-1995-3fe0-9777-9da92c85554b,43859.81739,287919.6635
1129,Point,0,1,0.0,,1129,,249,,,,,,,,,,,,0.0,1,1,G,USGS_gbHeatFlowWells.shp,Data release - assumed measured,e001063a-a004-3c14-adaa-07c85a181fff,45381.5282,328080.4623
1133,Point,0,1,0.0,,1133,,116,,,,,,,,,,,,0.0,1,1,D,USGS_gbHeatFlowWells.shp,Data release - assumed measured,a81c2d56-5822-3c85-9f17-2265a9c20054,-40708.40127,306590.0882
1134,Point,0,1,0.0,,1134,,643,,,,,,,,,,,,0.0,1,1,G,USGS_gbHeatFlowWells.shp,Data release - assumed measured,395310ce-cc02-3894-ba4a-4ff7da3115a6,-54669.39408,348333.7675
1135,Point,0,1,0.0,,1135,,140,,,,,,,,,,,,0.0,1,1,G,USGS_gbHeatFlowWells.shp,Data release - assumed measured,7a5aea0b-bfb9-3802-8294-ee6c070a1b78,-153321.7696,260425.7039
1136,Point,0,1,0.0,,1136,,331,,,,,,,,,,,,0.0,1,1,G,USGS_gbHeatFlowWells.shp,Data release - assumed measured,59f95b39-72c1-3ff6-ba3d-5de767fc6f5a,-163893.0244,252631.1231
1137,Point,0,1,0.0,,1137,,45,,,,,,,,,,,,0.0,1,1,C,USGS_gbHeatFlowWells.shp,Data release - assumed measured,aa734b6a-3fcc-3029-89a6-4394e4e7fe9a,-113651.9748,239854.5678
1138,Point,0,1,0.0,,1138,,53,,,,,,,,,,,,0.0,1,1,C,USGS_gbHeatFlowWells.shp,Data release - assumed measured,8372331e-b64f-38c4-839a-77c4bb35515d,-110193.7543,259497.211
1139,Point,0,1,0.0,,1139,,72,,,,,,,,,,,,0.0,1,1,C,USGS_gbHeatFlowWells.shp,Data release - assumed measured,58698dd5-bbc6-301e-ae6b-e48e654d4435,-57962.84091,228068.4556
1140,Point,0,1,0.0,,1140,,176,,,,,,,,,,,,0.0,1,1,D,USGS_gbHeatFlowWells.shp,Data release - assumed measured,fecd880b-bd52-3884-95f8-76ebccc2c2ca,-42666.82072,264807.9558
1141,Point,0,1,0.0,,1141,,42,,,,,,,,,,,,0.0,1,1,X,USGS_gbHeatFlowWells.shp,X quality,a2c0f786-e2f6-3f19-a0ed-a3ebbcd93c86,-48869.47213,83636.02275
1142,Point,0,1,0.0,,1142,,142,,,,,,,,,,,,0.0,1,1,A,USGS_gbHeatFlowWells.shp,A quality,e53c624b-0c66-324c-bbad-de2e7847c82e,6597.817689,104543.7388
1143,Point,0,1,0.0,,1143,,136,,,,,,,,,,,,0.0,1,1,D,USGS_gbHeatFlowWells.shp,Data release - assumed measured,b639c710-feed-377c-800e-38cd4c8e7b0e,-158494.9713,232000.9488
1144,Point,0,1,0.0,,1144,,3430,,,,,,,,,,,,0.0,1,1,G,USGS_gbHeatFlowWells.shp,Data release - assumed measured,c55de79a-daa2-351e-86c5-39bc52eaea49,-158210.575,210328.3967
1145,Point,0,1,0.0,,1145,,50,,,,,,,,,,,,0.0,1,1,A,USGS_gbHeatFlowWells.shp,A quality,dee5a563-75b6-35e5-8a33-33452d75bfbe,-96884.8129,115916.9124
1160,Point,0,1,0.0,,1160,,214,,,,,,,,,,,,0.0,1,1,G,USGS_gbHeatFlowWells.shp,Data release - assumed measured,0ff41f99-b4bc-3aab-b80a-e307381978c8,66220.14932,203331.2101
1161,Point,0,1,0.0,,1161,,75,,,,,,,,,,,,0.0,1,1,C,USGS_gbHeatFlowWells.shp,Data release - assumed measured,98f15b9e-9a48-32e4-8ddc-f2cad0bf6515,71370.20488,208407.1599
1162,Point,0,1,0.0,,1162,,440,,,,,,,,,,,,0.0,1,1,G,USGS_gbHeatFlowWells.shp,Data release - assumed measured,761ce1e7-dd86-3454-baea-84204131da51,-8648.242421,306054.7969
1164,Point,0,1,0.0,,1164,,115,,,,,,,,,,,,0.0,1,1,C,USGS_gbHeatFlowWells.shp,Data release - assumed measured,3c985af3-e4b4-3d94-9063-af727fc7584e,70196.52329,247117.1747
1165,Point,0,1,0.0,,1165,,147,,,,,,,,,,,,0.0,1,1,C,USGS_gbHeatFlowWells.shp,Data release - assumed measured,b40bc8c8-6a6a-3f54-a026-522891da29cb,25619.89855,315345.082
1169,Point,0,1,0.0,,1169,,87,,,,,,,,,,,,0.0,1,1,B,USGS_gbHeatFlowWells.shp,Data release - assumed measured,e42b55e3-0e05-3ea6-a794-0d9d893562dc,-20695.96601,347669.5719
1170,Point,0,1,0.0,,1170,,143,,,,,,,,,,,,0.0,1,1,G,USGS_gbHeatFlowWells.shp,Data release - assumed measured,6524fa5c-7241-3138-8219-9cb2a1d48408,-25168.03056,206707.9835
1171,Point,0,1,0.0,,1171,,69,,,,,,,,,,,,0.0,1,1,D,USGS_gbHeatFlowWells.shp,Data release - assumed measured,d9708510-945e-3eb1-b48a-67cf4f3ef040,-11171.58031,225123.4874
1172,Point,0,1,0.0,,1172,,142,,,,,,,,,,,,0.0,1,1,C,USGS_gbHeatFlowWells.shp,Data release - assumed measured,8812ffdd-090f-3102-be6b-14954f71124a,-77.93899806,196134.3015
1173,Point,0,1,0.0,,1173,,114,,,,,,,,,,,,0.0,1,1,D,USGS_gbHeatFlowWells.shp,Data release - assumed measured,0954c25e-12bc-36c7-add5-3dab84e8fb11,-4615.57357,277179.0101
1174,Point,0,1,0.0,,1174,,174,,,,,,,,,,,,0.0,1,1,G,USGS_gbHeatFlowWells.shp,Data release - assumed measured,1027ff10-ccfe-3107-a9d3-69c1dd085fa7,-13073.64765,77886.43112
1175,Point,0,1,0.0,,1175,,108,,,,,,,,,,,,0.0,1,1,C,USGS_gbHeatFlowWells.shp,Data release - assumed measured,b42c933f-5f37-3b7a-82da-d058371e5ffc,-79613.06664,324257.8048
1176,Point,0,1,0.0,,1176,,50,,,,,,,,,,,,0.0,1,1,C,USGS_gbHeatFlowWells.shp,Data release - assumed measured,0fc21d1d-8d70-3100-8dc0-ab95b5e5e633,-113856.846,66981.15335
1177,Point,0,1,0.0,,1177,,64,,,,,,,,,,,,0.0,1,1,C,USGS_gbHeatFlowWells.shp,Data release - assumed measured,2777c683-5f9d-307e-af4e-d345b3118cfe,-130651.4948,76903.64031
1178,Point,0,1,0.0,,1178,,56,,,,,,,,,,,,0.0,1,1,C,USGS_gbHeatFlowWells.shp,assumed measured,a32825d1-ee94-3824-b5b8-d2260920954a,-227131.4303,245721.3289
1179,Point,0,1,0.0,,1179,,64,,,,,,,,,,,,0.0,1,1,B,USGS_gbHeatFlowWells.shp,Data release - assumed measured,90a36600-c2ba-3fa4-beff-1fc5e141abb3,-86994.26884,95652.24524
1183,Point,0,1,0.0,,1183,,98,,,,,,,,,,,,0.0,1,1,C,USGS_gbHeatFlowWells.shp,Data release - assumed measured,39041a90-8865-3ef6-a12f-f589b32e83b5,-232285.2698,305647.9839
1184,Point,0,1,0.0,,1184,,184,,,,,,,,,,,,0.0,1,1,G,USGS_gbHeatFlowWells.shp,Data release - assumed measured,ef9e0f0a-f5d3-3db7-80ab-000fe7c04057,-240761.088,310459.7457
1185,Point,0,1,0.0,,1185,,92,,,,,,,,,,,,0.0,1,1,X,USGS_gbHeatFlowWells.shp,X quality,d1f2b9b7-c341-35b8-a6e4-f79a8e981946,-244996.7396,257678.5662
1186,Point,0,1,0.0,,1186,,64,,,,,,,,,,,,0.0,1,1,B,USGS_gbHeatFlowWells.shp,Data release - assumed measured,63f449c9-e10e-3032-ae0e-745c193babf2,-61419.42718,33775.3813
1187,Point,0,1,0.0,,1187,,246,,,,,,,,,,,,0.0,1,1,G,USGS_gbHeatFlowWells.shp,Data release - assumed measured,e0b1deaf-97d1-384a-91fe-deef52c9bfe0,-34973.45889,-1457.037425
1189,Point,0,1,0.0,,1189,,80,,,,,,,,,,,,0.0,1,1,D,USGS_gbHeatFlowWells.shp,Data release - assumed measured,9c2d1e77-d6db-366c-9b3a-d9f36e0d5e3d,-197601.7678,138319.1034
1190,Point,0,1,0.0,,1190,,47,,,,,,,,,,,,0.0,1,1,B,USGS_gbHeatFlowWells.shp,Data release - assumed measured,48c8ff44-bc45-3fed-a6e7-1896d20900ab,-195331.6692,171932.5755
1191,Point,0,1,0.0,,1191,,112,,,,,,,,,,,,0.0,1,1,C,USGS_gbHeatFlowWells.shp,Data release - assumed measured,5532e174-9ab5-371a-8749-15ac2b3c3d00,-153487.4052,169995.1129
1192,Point,0,1,0.0,,1192,,113,,,,,,,,,,,,0.0,1,1,X,USGS_gbHeatFlowWells.shp,X quality,bbbd19fc-6d9b-3d5f-a0bb-f38e44cb2b99,-79553.60857,23730.09856
1193,Point,0,1,0.0,,1193,,204,,,,,,,,,,,,0.0,1,1,G,USGS_gbHeatFlowWells.shp,Data release - assumed measured,db4a8fe0-9d3b-35e5-b931-c48cbb653148,42185.92414,73389.07426
1194,Point,0,1,0.0,,1194,,120,,,,,,,,,,,,0.0,1,1,G,USGS_gbHeatFlowWells.shp,Data release - assumed measured,a98e8dc3-5a57-3a83-971c-3052efa12811,59578.06438,94221.35138
1195,Point,0,1,0.0,,1195,,90,,,,,,,,,,,,0.0,1,1,B,USGS_gbHeatFlowWells.shp,Data release - assumed measured,c0749da3-c2c1-315f-b3fb-a2f0f7bbc4ed,58610.35973,99998.09937
1196,Point,0,1,0.0,,1196,,81,,,,,,,,,,,,0.0,1,1,C,USGS_gbHeatFlowWells.shp,Data release - assumed measured,983e2d0d-d205-371c-8f28-75cbfd786ed4,4408.764531,138414.2156
1197,Point,0,1,0.0,,1197,,208,,,,,,,,,,,,0.0,1,1,D,USGS_gbHeatFlowWells.shp,Data release - assumed measured,7ee08a0f-9482-32ca-89a9-87e5292cc78f,-107149.352,317083.9765
1198,Point,0,1,0.0,,1198,,36,,,,,,,,,,,,0.0,1,1,B,USGS_gbHeatFlowWells.shp,Data release - assumed measured,7e07a5ac-538b-3515-a4d3-181cf2a871dd,-110214.4799,305551.864
1206,Point,0,1,0.0,,1206,,92,,,,,,,,,,,,0.0,1,1,C,USGS_gbHeatFlowWells.shp,Data release - assumed measured,6cea183b-6447-3713-b967-e32166f0844c,-85808.02526,359438.9213
1207,Point,0,1,0.0,,1207,,166,,,,,,,,,,,,0.0,1,1,D,USGS_gbHeatFlowWells.shp,Data release - assumed measured,6eb7c1e6-a7fb-3dd3-b3ce-87a350761d33,-89519.47166,337077.1967
1208,Point,0,1,0.0,,1208,,132,,,,,,,,,,,,0.0,1,1,G,USGS_gbHeatFlowWells.shp,Data release - assumed measured,bc3f01f9-84b6-3644-a061-ec0e81c5fea0,-239233.7487,329074.6096
1214,Point,0,1,0.0,,1214,,645,,,,,,,,,,,,0.0,1,1,C,USGS_gbHeatFlowWells.shp,Data release - assumed measured,485f363d-ac68-3204-b8db-32b29c45965e,-57384.17137,45918.43617
1215,Point,0,1,0.0,,1215,,113,,,,,,,,,,,,0.0,1,1,B,USGS_gbHeatFlowWells.shp,Data release - assumed measured,439cf5c6-c270-30f3-8156-a1dc147b5d58,-58225.13177,50183.41467
1216,Point,0,1,0.0,,1216,,196,,,,,,,,,,,,0.0,1,1,B,USGS_gbHeatFlowWells.shp,Data release - assumed measured,dea519c6-9e56-345a-a04d-60d895a24452,-61465.76559,47516.84286
1217,Point,0,1,0.0,,1217,,122,,,,,,,,,,,,0.0,1,1,B,USGS_gbHeatFlowWells.shp,Data release - assumed measured,4aa28f5b-d612-37a8-b311-91c6b5a1e315,-58264.52444,44579.59542
1218,Point,0,1,0.0,,1218,,218,,,,,,,,,,,,0.0,1,1,C,USGS_gbHeatFlowWells.shp,Data release - assumed measured,4c63f118-06f3-37d8-be06-93d9c6cfd758,-59732.37328,46383.35293
1219,Point,0,1,0.0,,1219,,116,,,,,,,,,,,,0.0,1,1,B,USGS_gbHeatFlowWells.shp,Data release - assumed measured,2bb3b6a3-3c1a-3d3c-a8c5-dda254abc7b9,-54349.97103,43768.4417
1220,Point,0,1,0.0,,1220,,172,,,,,,,,,,,,0.0,1,1,A,USGS_gbHeatFlowWells.shp,A quality,00be3d0f-1efa-3f1a-8323-e782b39a8d24,-82012.04109,39176.40275
1221,Point,0,1,0.0,,1221,,298,,,,,,,,,,,,0.0,1,1,A,USGS_gbHeatFlowWells.shp,A quality,574cf9f2-3f38-3a1b-8e16-5b4bfb367e77,-78326.91336,41718.67574
1222,Point,0,1,0.0,,1222,,158,,,,,,,,,,,,0.0,1,1,A,USGS_gbHeatFlowWells.shp,A quality,c21f03f6-9534-3aff-8480-7af42d5a21b4,-77438.16855,38908.26517
1223,Point,0,1,0.0,,1223,,15,,,,,,,,,,,,0.0,1,1,B,USGS_gbHeatFlowWells.shp,Data release - assumed measured,56e9163d-a663-3bc4-afce-06c735e7f6a9,-87354.91189,28471.03985
1224,Point,0,1,0.0,,1224,,45,,,,,,,,,,,,0.0,1,1,A,USGS_gbHeatFlowWells.shp,A quality,88eda853-d3ba-3f53-b354-5b9b11195f78,-43433.90134,33863.53967
1225,Point,0,1,0.0,,1225,,60,,,,,,,,,,,,0.0,1,1,A,USGS_gbHeatFlowWells.shp,A quality,598dd47f-ea78-3c0d-9c50-4af2c9f5ffdf,-49304.30442,29368.36938
1226,Point,0,1,0.0,,1226,,147,,,,,,,,,,,,0.0,1,1,A,USGS_gbHeatFlowWells.shp,A quality,e61b9773-024d-3ac7-954b-60f159be56d1,-44110.70046,36164.71778
1841,Point,0,1,0.0,,1841,,84,,,,,,,,,,,,0.0,1,1,G,USGS_gbHeatFlowWells.shp,unmeasured,5de5ffac-1803-3f4b-b37d-3f56771b62a5,-169106.1769,22078.01286
1846,Point,0,1,0.0,,1846,,75,,,,,,,,,,,,0.0,1,1,B,USGS_gbHeatFlowWells.shp,known measured,55441065-afd6-36f2-858f-1a946587c57a,-87767.6471,-10751.31634
1849,Point,0,1,0.0,,1849,,157,,,,,,,,,,,,0.0,1,1,G,USGS_gbHeatFlowWells.shp,assumed measured,d9849216-6e9a-369e-a80d-00ac70b713f2,-181604.6525,16736.96905
1868,Point,0,1,0.0,,1868,,17,,,,,,,,,,,,0.0,1,1,A,USGS_gbHeatFlowWells.shp,A quality,0a530c34-7783-3301-84dc-4d6b5e272546,-158016.4204,38673.95183
1869,Point,0,1,0.0,,1869,,57,,,,,,,,,,,,0.0,1,1,A,USGS_gbHeatFlowWells.shp,A quality,0763843c-f89f-39fc-b1fe-d083ff169005,-201653.0812,1314.394133
1902,Point,0,1,0.0,,1902,,30,,,,,,,,,,,,0.0,1,1,A,USGS_gbHeatFlowWells.shp,A quality,4d703a2d-e4a2-3e06-91f3-1272c83e8f30,-161998.1453,42853.64381
1922,Point,0,1,0.0,,1922,,88,,,,,,,,,,,,0.0,1,1,A,USGS_gbHeatFlowWells.shp,A quality,72d34741-e887-3349-abff-cc26757d9ea2,-145688.4518,20692.62307
2318,Point,0,1,0.0,,2318,,316,,,,,,,,,,,,0.0,1,1,G,USGS_gbHeatFlowWells.shp,known measured,b4a56b07-08d3-386c-bd45-d0846fb584c0,-43054.06142,261620.1973
2319,Point,0,1,0.0,,2319,,48,,,,,,,,,,,,0.0,1,1,C,USGS_gbHeatFlowWells.shp,known measured,25bcf0cf-1030-3381-9707-e033afe7f667,-56193.36336,262821.508
2321,Point,0,1,0.0,,2321,,71,,,,,,,,,,,,0.0,1,1,A,USGS_gbHeatFlowWells.shp,A quality,f4f6c185-bcd6-375a-ac62-7673afc85c8d,-191964.6512,361468.7717
2323,Point,0,1,0.0,,2323,,53,,,,,,,,,,,,0.0,1,1,A,USGS_gbHeatFlowWells.shp,A quality,a4fdb0b8-ed81-36e8-bf2a-d1ab278926b7,68957.91831,121700.3948
2325,Point,0,1,0.0,,2325,,75,,,,,,,,,,,,0.0,1,1,A,USGS_gbHeatFlowWells.shp,A quality,9f0f4c6d-4e0f-3903-9189-86dc5f8adb80,5679.310393,119551.2044
2327,Point,0,1,0.0,,2327,,82,,,,,,,,,,,,0.0,1,1,A,USGS_gbHeatFlowWells.shp,A quality,df98bdc5-59d6-380c-a6df-1aeb98c0370c,-228076.2022,199333.2306
2328,Point,0,1,0.0,,2328,,79,,,,,,,,,,,,0.0,1,1,A,USGS_gbHeatFlowWells.shp,A quality,c2cd0005-d3d9-3dbd-b05f-b53fe1f93e3d,-68473.23068,24561.63889
2330,Point,0,1,0.0,,2330,,91,,,,,,,,,,,,0.0,1,1,A,USGS_gbHeatFlowWells.shp,A quality,0347106b-198a-3e7c-b83a-1708d6fdaf22,-113449.382,308297.1916
2331,Point,0,1,0.0,,2331,,90,,,,,,,,,,,,0.0,1,1,A,USGS_gbHeatFlowWells.shp,A quality,fc227eb3-ff1c-3a09-8cd2-d198637ab8c3,-113674.558,309667.2871
2332,Point,0,1,0.0,,2332,,101,,,,,,,,,,,,0.0,1,1,A,USGS_gbHeatFlowWells.shp,A quality,6427f5ce-e2c8-3c3f-89e4-fdd71e83bb0c,-112060.5968,312311.1229
2333,Point,0,1,0.0,,2333,,63,,,,,,,,,,,,0.0,1,1,A,USGS_gbHeatFlowWells.shp,A quality,8ca38a15-5f4d-3255-af59-9e1765969335,-122349.7178,204014.7377
2334,Point,0,1,0.0,,2334,,76,,,,,,,,,,,,0.0,1,1,A,USGS_gbHeatFlowWells.shp,A quality,3a672d57-756b-3371-a1ba-5fd495f40741,-171242.0652,250994.0489
2335,Point,0,1,0.0,,2335,,106,,,,,,,,,,,,0.0,1,1,A,USGS_gbHeatFlowWells.shp,A quality,4a56281b-ff46-3f74-a5b1-75770490ee52,-41051.19867,265718.4239
2336,Point,0,1,0.0,,2336,,116,,,,,,,,,,,,0.0,1,1,A,USGS_gbHeatFlowWells.shp,A quality,2f62ce07-2d91-36d3-a88f-fd226a0dc306,-232991.8407,231538.1248
2337,Point,0,1,0.0,,2337,,120,,,,,,,,,,,,0.0,1,1,A,USGS_gbHeatFlowWells.shp,A quality,daf2536e-bfa7-3f3c-bcfe-ee792d473e54,46402.83086,315420.1022
2340,Point,0,1,0.0,,2340,,115,,,,,,,,,,,,0.0,1,1,A,USGS_gbHeatFlowWells.shp,A quality,fecd8d88-e081-3fe6-adbf-3259eb66e6df,-151904.9598,208246.331
2342,Point,0,1,0.0,,2342,,76,,,,,,,,,,,,0.0,1,1,A,USGS_gbHeatFlowWells.shp,A quality,af257358-323d-3207-8ddf-ff44b474270c,-153446.3711,217063.2601
2343,Point,0,1,0.0,,2343,,112,,,,,,,,,,,,0.0,1,1,A,USGS_gbHeatFlowWells.shp,A quality,27b128ab-c465-37ac-bbbd-63fce9af4eb7,-146952.7173,212874.1814
2346,Point,0,1,0.0,,2346,,110,,,,,,,,,,,,0.0,1,1,A,USGS_gbHeatFlowWells.shp,A quality,191d4af0-eb44-3202-bcac-5d1ba10a1ad6,-51050.9918,342048.478
2347,Point,0,1,0.0,,2347,,76,,,,,,,,,,,,0.0,1,1,A,USGS_gbHeatFlowWells.shp,A quality,d443f890-9cb2-3d95-89e8-9d7c32c3174b,-52187.59072,345460.9415
2348,Point,0,1,0.0,,2348,,56,,,,,,,,,,,,0.0,1,1,A,USGS_gbHeatFlowWells.shp,A quality,c29d504b-661b-39c6-8dc7-415068546fc9,-106120.8704,345861.1393
2349,Point,0,1,0.0,,2349,,77,,,,,,,,,,,,0.0,1,1,A,USGS_gbHeatFlowWells.shp,A quality,59b6fe79-4b7c-32d8-97ce-27103a66c50c,-107128.4409,351889.8237
2351,Point,0,1,0.0,,2351,,41,,,,,,,,,,,,0.0,1,1,A,USGS_gbHeatFlowWells.shp,A quality,aa94eb4e-336c-3222-8bc9-3e8a53320628,-63807.38125,174902.014
2352,Point,0,1,0.0,,2352,,115,,,,,,,,,,,,0.0,1,1,A,USGS_gbHeatFlowWells.shp,A quality,50801a9e-48a9-3c6a-b90e-e0c410f8d918,-154126.7454,98757.94609
2354,Point,0,1,0.0,,2354,,71,,,,,,,,,,,,0.0,1,1,A,USGS_gbHeatFlowWells.shp,A quality,9091de5b-0c6a-3607-bee4-95a2e4c6cde1,-17872.90702,5429.634818
2355,Point,0,1,0.0,,2355,,87,,,,,,,,,,,,0.0,1,1,A,USGS_gbHeatFlowWells.shp,A quality,bc3efaa1-d4ff-3f9b-b0ca-086054fbb240,-14807.85589,6544.342544
2356,Point,0,1,0.0,,2356,,89,,,,,,,,,,,,0.0,1,1,A,USGS_gbHeatFlowWells.shp,A quality,905f6a22-9dad-313b-b5fa-d58c9c9f8b31,-53373.08462,337627.9042
2357,Point,0,1,0.0,,2357,,45,,,,,,,,,,,,0.0,1,1,A,USGS_gbHeatFlowWells.shp,A quality,7fe92cfe-cb12-33e1-ac16-0b7cda54272d,-155996.5589,241871.8671
2362,Point,0,1,0.0,,2362,,107,,,,,,,,,,,,0.0,1,1,A,USGS_gbHeatFlowWells.shp,A quality,ba821ffe-b2ce-325b-86a1-0729c324df9c,-160180.4501,208734.2047
2363,Point,0,1,0.0,,2363,,71,,,,,,,,,,,,0.0,1,1,A,USGS_gbHeatFlowWells.shp,A quality,91db1874-556e-37e1-8e2b-666561c8c1f9,-197976.5122,353963.9507
2367,Point,0,1,0.0,,2367,,104,,,,,,,,,,,,0.0,1,1,A,USGS_gbHeatFlowWells.shp,A quality,d04f8ece-c06e-3c52-99cf-3fa21f087ff5,-83293.23712,270313.3156
2368,Point,0,1,0.0,,2368,,41,,,,,,,,,,,,0.0,1,1,A,USGS_gbHeatFlowWells.shp,A quality,b998b96b-4444-3cec-b7eb-ceb3b00c0655,-74668.08348,264704.4596
2369,Point,0,1,0.0,,2369,,117,,,,,,,,,,,,0.0,1,1,A,USGS_gbHeatFlowWells.shp,A quality,79d51e6b-091f-3aa0-9da4-2b6abff47044,-57928.18487,279077.6091
2370,Point,0,1,0.0,,2370,,102,,,,,,,,,,,,0.0,1,1,A,USGS_gbHeatFlowWells.shp,A quality,dc629da4-ded4-392d-9a24-d37604cac31b,-83005.85133,270243.1134
2371,Point,0,1,0.0,,2371,,66,,,,,,,,,,,,0.0,1,1,A,USGS_gbHeatFlowWells.shp,A quality,9292e4ac-e622-309d-9cb3-eceaf7e9330a,-86263.58727,269100.7351
2372,Point,0,1,0.0,,2372,,95,,,,,,,,,,,,0.0,1,1,A,USGS_gbHeatFlowWells.shp,A quality,50b5eed8-b0ee-3761-bc2f-3860a5cb1f2c,-78764.14217,274200.8858
2373,Point,0,1,0.0,,2373,,74,,,,,,,,,,,,0.0,1,1,A,USGS_gbHeatFlowWells.shp,A quality,2ebb6d5f-b08d-3e01-9840-ff27780400a8,-60846.21773,301698.2247
2374,Point,0,1,0.0,,2374,,114,,,,,,,,,,,,0.0,1,1,A,USGS_gbHeatFlowWells.shp,A quality,78366d7f-7f4e-33dc-bf3c-57e616918811,-100512.0923,225245.5714
2383,Point,0,1,0.0,,2383,,59,,,,,,,,,,,,0.0,1,1,B,USGS_gbHeatFlowWells.shp,assumed measured,99b38885-ce9e-335b-81d8-825c40a5d6e2,-91058.6118,46207.02084
2384,Point,0,1,0.0,,2384,,63,,,,,,,,,,,,0.0,1,1,B,USGS_gbHeatFlowWells.shp,Data release - assumed measured,70945a23-709e-3184-9781-b0f97d46d9f1,-119922.1159,202342.0818
2385,Point,0,1,0.0,,2385,,71,,,,,,,,,,,,0.0,1,1,B,USGS_gbHeatFlowWells.shp,Data release - assumed measured,a4de8ceb-8fb6-330f-a4a8-143884e7e0ae,-111530.7598,204139.219
2388,Point,0,1,0.0,,2388,,112,,,,,,,,,,,,0.0,1,1,B,USGS_gbHeatFlowWells.shp,Data release - assumed measured,6fb21991-a26a-3e29-8554-834fac8d08f6,-38081.56185,257221.331
2389,Point,0,1,0.0,,2389,,76,,,,,,,,,,,,0.0,1,1,B,USGS_gbHeatFlowWells.shp,Data release - assumed measured,ef907e25-355c-3ec7-bbc0-618cb1e387e7,-38536.62841,259677.5104
2390,Point,0,1,0.0,,2390,,51,,,,,,,,,,,,0.0,1,1,B,USGS_gbHeatFlowWells.shp,Data release - assumed measured,e5be1cce-79ca-3229-bdfa-07a6f1eb828c,-193159.4981,359895.6054
2392,Point,0,1,0.0,,2392,,89,,,,,,,,,,,,0.0,1,1,B,USGS_gbHeatFlowWells.shp,Data release - assumed measured,81b68a2d-5b6f-3811-8d87-ed9fc7497ab2,-157849.2365,202116.0911
2393,Point,0,1,0.0,,2393,,79,,,,,,,,,,,,0.0,1,1,B,USGS_gbHeatFlowWells.shp,Data release - assumed measured,b8f97f66-a894-3757-85fb-8ef189bcb28d,-157482.5527,213520.0902
2394,Point,0,1,0.0,,2394,,100,,,,,,,,,,,,0.0,1,1,B,USGS_gbHeatFlowWells.shp,Data release - assumed measured,cbf0bf71-a223-3988-9018-bbee63e1a3ca,-153031.7322,229071.261
2395,Point,0,1,0.0,,2395,,92,,,,,,,,,,,,0.0,1,1,B,USGS_gbHeatFlowWells.shp,Data release - assumed measured,58b6ed08-0e9f-3a42-b1df-789373bf83eb,-117280.4379,280978.4862
2396,Point,0,1,0.0,,2396,,54,,,,,,,,,,,,0.0,1,1,B,USGS_gbHeatFlowWells.shp,Data release - assumed measured,ce7a5dbd-7098-3ade-a26b-cda745fb730d,-159326.8566,345614.417
2405,Point,0,1,0.0,,2405,,112,,,,,,,,,,,,0.0,1,1,B,USGS_gbHeatFlowWells.shp,unmeasured,c2ed1c5b-fb42-346c-bbbd-67c9b3f2fa8d,-179585.5977,264251.7074
2406,Point,0,1,0.0,,2406,,28,,,,,,,,,,,,0.0,1,1,B,USGS_gbHeatFlowWells.shp,assumed measured,778d036c-6e98-3487-8ee1-458abbe51bd4,-170687.7538,277133.8708
2407,Point,0,1,0.0,,2407,,68,,,,,,,,,,,,0.0,1,1,B,USGS_gbHeatFlowWells.shp,known measured,4b75b432-64d8-3ba5-9583-82722f72512d,-47334.22769,342888.0875
2410,Point,0,1,0.0,,2410,,69,,,,,,,,,,,,0.0,1,1,B,USGS_gbHeatFlowWells.shp,Data release - assumed measured,4925eb8b-d9b8-30f3-8717-61e669f65b2e,-194828.3961,259561.7641
2411,Point,0,1,0.0,,2411,,104,,,,,,,,,,,,0.0,1,1,B,USGS_gbHeatFlowWells.shp,Data release - assumed measured,6715b98c-ca26-3659-835a-21bc13a3e959,-192702.4202,277444.0332
2412,Point,0,1,0.0,,2412,,83,,,,,,,,,,,,0.0,1,1,B,USGS_gbHeatFlowWells.shp,known measured,2f164974-fd5a-3613-a122-9005809bf93e,-55295.91725,343891.3002
2413,Point,0,1,0.0,,2413,,71,,,,,,,,,,,,0.0,1,1,B,USGS_gbHeatFlowWells.shp,known measured,21bc0d4e-3e0d-3f5a-b17a-bdd5a94006ea,-54149.96209,340780.7193
2414,Point,0,1,0.0,,2414,,105,,,,,,,,,,,,0.0,1,1,B,USGS_gbHeatFlowWells.shp,known measured,47d9a976-c67e-391b-a2d5-b22b922d70b2,-62155.78977,353540.8602
2415,Point,0,1,0.0,,2415,,84,,,,,,,,,,,,0.0,1,1,B,USGS_gbHeatFlowWells.shp,known measured,b4d286b7-f7a9-3238-9a68-d541f3fd88cc,-58250.13848,348650.3139
2416,Point,0,1,0.0,,2416,,66,,,,,,,,,,,,0.0,1,1,B,USGS_gbHeatFlowWells.shp,Data release - assumed measured,1b539c74-86ee-35f9-be5c-d206c676a678,-147880.659,312167.396
2417,Point,0,1,0.0,,2417,,84,,,,,,,,,,,,0.0,1,1,B,USGS_gbHeatFlowWells.shp,unmeasured,7a9e5e26-4eae-3fb4-9797-cd366e594a88,-153562.9961,301629.2818
2418,Point,0,1,0.0,,2418,,56,,,,,,,,,,,,0.0,1,1,B,USGS_gbHeatFlowWells.shp,unmeasured,d263ce24-590f-3095-8326-9c2e7b759fc9,-187735.3468,284611.5846
2419,Point,0,1,0.0,,2419,,97,,,,,,,,,,,,0.0,1,1,B,USGS_gbHeatFlowWells.shp,Data release - assumed measured,d48edf07-60bc-3d00-bf02-983801edd44f,-201673.0912,246092.0278
2420,Point,0,1,0.0,,2420,,97,,,,,,,,,,,,0.0,1,1,B,USGS_gbHeatFlowWells.shp,unmeasured,9f1c46c9-165a-3878-b698-ad23acff2255,-163747.8325,285208.0521
2421,Point,0,1,0.0,,2421,,69,,,,,,,,,,,,0.0,1,1,B,USGS_gbHeatFlowWells.shp,unmeasured,ae03d716-2170-30c6-9f7d-049475e4295d,-160933.6933,298972.2558
2422,Point,0,1,0.0,,2422,,54,,,,,,,,,,,,0.0,1,1,B,USGS_gbHeatFlowWells.shp,unmeasured,2aeb011b-364a-3da9-9582-4b29f34aa608,-152040.4267,300292.986
2423,Point,0,1,0.0,,2423,,120,,,,,,,,,,,,0.0,1,1,B,USGS_gbHeatFlowWells.shp,unmeasured,c1bd2cd6-66cb-3d40-9a63-192fb9e4a435,-156577.4594,305796.2092
2424,Point,0,1,0.0,,2424,,87,,,,,,,,,,,,0.0,1,1,B,USGS_gbHeatFlowWells.shp,unmeasured,e41ebb22-9a04-313f-8192-99e9cd2ad50d,-143202.5804,290792.4643
2425,Point,0,1,0.0,,2425,,115,,,,,,,,,,,,0.0,1,1,B,USGS_gbHeatFlowWells.shp,unmeasured,19917935-5d54-385a-b119-3f8ebabf8953,-147255.9229,284889.1553
2426,Point,0,1,0.0,,2426,,83,,,,,,,,,,,,0.0,1,1,B,USGS_gbHeatFlowWells.shp,Data release - assumed measured,0107fe63-27db-3907-bfce-e29a22389aaf,-165343.2479,289910.1094
2427,Point,0,1,0.0,,2427,,54,,,,,,,,,,,,0.0,1,1,B,USGS_gbHeatFlowWells.shp,unmeasured,7b38df4e-e8ff-3cf0-ba92-f2034708e426,-135944.6362,303365.7715
2428,Point,0,1,0.0,,2428,,71,,,,,,,,,,,,0.0,1,1,B,USGS_gbHeatFlowWells.shp,unmeasured,b98051ec-9e79-3039-809b-73a73a4aa699,-141719.2629,310935.6207
2429,Point,0,1,0.0,,2429,,99,,,,,,,,,,,,0.0,1,1,B,USGS_gbHeatFlowWells.shp,unmeasured,9644bcc2-9a32-3798-ae32-981b416d91bd,-63086.55707,44316.01422
2430,Point,0,1,0.0,,2430,,120,,,,,,,,,,,,0.0,1,1,B,USGS_gbHeatFlowWells.shp,unmeasured,3b4a8066-a52f-322e-974d-6ec94021befa,-58011.36916,22610.31576
2432,Point,0,1,0.0,,2432,,69,,,,,,,,,,,,0.0,1,1,B,USGS_gbHeatFlowWells.shp,unmeasured,97021413-c22b-3e2e-8dfc-c4c8bf0ac5a7,-164845.4707,307269.1969
2433,Point,0,1,0.0,,2433,,92,,,,,,,,,,,,0.0,1,1,B,USGS_gbHeatFlowWells.shp,Data release - assumed measured,daea9769-0002-3fe6-b97a-0a195a4a402f,-84371.9054,267646.391
2434,Point,0,1,0.0,,2434,,111,,,,,,,,,,,,0.0,1,1,B,USGS_gbHeatFlowWells.shp,assumed measured,e978ecb4-054a-36e9-acec-f3fc4980a593,-85498.65081,266907.4659
2435,Point,0,1,0.0,,2435,,69,,,,,,,,,,,,0.0,1,1,B,USGS_gbHeatFlowWells.shp,Data release - assumed measured,b46c1595-e45e-3dd7-b549-48ed7673ce3b,-70782.30166,263985.8761
2436,Point,0,1,0.0,,2436,,69,,,,,,,,,,,,0.0,1,1,B,USGS_gbHeatFlowWells.shp,assumed measured,f4d31fa2-4814-3c52-bc93-17e518da6ae8,-87225.43871,260090.3513
2437,Point,0,1,0.0,,2437,,101,,,,,,,,,,,,0.0,1,1,B,USGS_gbHeatFlowWells.shp,assumed measured,88eea2b2-9807-3997-894e-72df8cc08ccd,-87335.47586,261682.8018
2438,Point,0,1,0.0,,2438,,36,,,,,,,,,,,,0.0,1,1,B,USGS_gbHeatFlowWells.shp,unmeasured,ca7d3fd9-ca4d-3ce8-af13-44e05ec32f3e,-57088.05213,296068.7177
2439,Point,0,1,0.0,,2439,,63,,,,,,,,,,,,0.0,1,1,B,USGS_gbHeatFlowWells.shp,assumed measured,0cdc0765-a8bf-3616-9598-9d9f4091b008,-87478.12591,260261.1716
2440,Point,0,1,0.0,,2440,,108,,,,,,,,,,,,0.0,1,1,B,USGS_gbHeatFlowWells.shp,assumed measured,cdc7fa30-970f-3c92-bd28-635972b685c1,-87299.60728,261861.7008
2441,Point,0,1,0.0,,2441,,53,,,,,,,,,,,,0.0,1,1,B,USGS_gbHeatFlowWells.shp,Data release - assumed measured,829c7a7a-9b38-3dd7-baf5-5d9520591214,-99726.37991,214160.6125
2443,Point,0,1,0.0,,2443,,38,,,,,,,,,,,,0.0,1,1,B,USGS_gbHeatFlowWells.shp,Data release - assumed measured,62ccdde5-7bad-3bd2-9d0e-539cb22ba9a8,-136075.0618,269653.3677
2444,Point,0,1,0.0,,2444,,11,,,,,,,,,,,,0.0,1,1,B,USGS_gbHeatFlowWells.shp,Data release - assumed measured,4c79a20f-e129-3099-b457-971a921af30b,-113694.8067,269978.8943
2445,Point,0,1,0.0,,2445,,31,,,,,,,,,,,,0.0,1,1,B,USGS_gbHeatFlowWells.shp,unmeasured,524bcc33-5872-3049-9afc-539791c3f549,-132499.6191,299012.8857
2446,Point,0,1,0.0,,2446,,35,,,,,,,,,,,,0.0,1,1,B,USGS_gbHeatFlowWells.shp,Data release - assumed measured,b744bc03-a7f3-381b-811c-af5726133034,-177424.9962,291662.0036
2447,Point,0,1,0.0,,2447,,38,,,,,,,,,,,,0.0,1,1,B,USGS_gbHeatFlowWells.shp,Data release - assumed measured,9958137e-ab2e-3281-9b6e-1a0306469277,-176619.4989,283425.8474
2451,Point,0,1,0.0,,2451,,50,,,,,,,,,,,,0.0,1,1,C,USGS_gbHeatFlowWells.shp,Data release - assumed measured,4ee48d4f-7b3d-3b53-97fd-2efce2420164,-127814.1973,93079.67003
2452,Point,0,1,0.0,,2452,,58,,,,,,,,,,,,0.0,1,1,C,USGS_gbHeatFlowWells.shp,Data release - assumed measured,68c8b948-02fc-3969-bf09-3fc8886e6b6e,-186319.8024,276912.6866
2453,Point,0,1,0.0,,2453,,104,,,,,,,,,,,,0.0,1,1,C,USGS_gbHeatFlowWells.shp,Data release - assumed measured,d2bfa29f-96f0-3f1c-85c6-f482846ab9d7,-90061.36916,39256.19155
2454,Point,0,1,0.0,,2454,,84,,,,,,,,,,,,0.0,1,1,C,USGS_gbHeatFlowWells.shp,Data release - assumed measured,5ce833d7-e81a-381b-bb33-5f820b8e3a4c,-40355.10463,260806.9441
2455,Point,0,1,0.0,,2455,,76,,,,,,,,,,,,0.0,1,1,C,USGS_gbHeatFlowWells.shp,known measured,30ce95d6-5da6-3a1c-b1e4-866224ae9c75,-48342.7171,251938.4913
2456,Point,0,1,0.0,,2456,,42,,,,,,,,,,,,0.0,1,1,C,USGS_gbHeatFlowWells.shp,known measured,4de9ac1d-79c8-39c2-8756-08a25f76e74d,-139251.6577,227365.4958
2457,Point,0,1,0.0,,2457,,79,,,,,,,,,,,,0.0,1,1,C,USGS_gbHeatFlowWells.shp,assumed measured,b0f58d2e-0de2-3e67-b16e-a62609974f5d,-178712.9008,327358.7311
2458,Point,0,1,0.0,,2458,,111,,,,,,,,,,,,0.0,1,1,C,USGS_gbHeatFlowWells.shp,Data release - assumed measured,2de04f81-a6f3-39d9-8061-4ccbc324c9ed,18531.86673,337942.2488
2460,Point,0,1,0.0,,2460,,87,,,,,,,,,,,,0.0,1,1,C,USGS_gbHeatFlowWells.shp,Data release - assumed measured,9ee949b3-8b00-3d5f-8f44-b26cf678dc54,57792.35803,326581.1633
2461,Point,0,1,0.0,,2461,,80,,,,,,,,,,,,0.0,1,1,C,USGS_gbHeatFlowWells.shp,Data release - assumed measured,21dcfd70-c451-367b-ae10-d66a724a73a5,60969.74339,336899.4062
2462,Point,0,1,0.0,,2462,,52,,,,,,,,,,,,0.0,1,1,C,USGS_gbHeatFlowWells.shp,Data release - assumed measured,43fc4dbb-ddfd-323a-bcf1-be74bfa0ec0f,-84735.65685,285421.8137
2463,Point,0,1,0.0,,2463,,87,,,,,,,,,,,,0.0,1,1,C,USGS_gbHeatFlowWells.shp,Data release - assumed measured,31c85e88-ed62-373c-8a4e-6fb2a785f353,-108347.9771,296932.6079
2464,Point,0,1,0.0,,2464,,92,,,,,,,,,,,,0.0,1,1,C,USGS_gbHeatFlowWells.shp,Data release - assumed measured,cb700449-8736-3c36-86dc-bf1848ecb8c7,-53614.44643,231299.7112
2465,Point,0,1,0.0,,2465,,53,,,,,,,,,,,,0.0,1,1,C,USGS_gbHeatFlowWells.shp,Data release - assumed measured,563c3284-53b4-3107-ad12-d3ba611d6ae6,-76114.20622,213570.6266
2466,Point,0,1,0.0,,2466,,110,,,,,,,,,,,,0.0,1,1,C,USGS_gbHeatFlowWells.shp,assumed measured,920dbec4-19bd-3d79-8c1c-947a44243ec6,37176.51888,344929.7911
2467,Point,0,1,0.0,,2467,,99,,,,,,,,,,,,0.0,1,1,C,USGS_gbHeatFlowWells.shp,assumed measured,972f8949-428d-329b-80c6-3db98ad41921,29113.7657,343731.3167
2468,Point,0,1,0.0,,2468,,71,,,,,,,,,,,,0.0,1,1,C,USGS_gbHeatFlowWells.shp,Data release - assumed measured,1c4ac020-c48d-3adf-b950-7849a9f60e42,-179614.496,317182.2381
2469,Point,0,1,0.0,,2469,,82,,,,,,,,,,,,0.0,1,1,C,USGS_gbHeatFlowWells.shp,Data release - assumed measured,a50df562-c092-3f00-ac4a-dae6ac6a2430,-188158.5075,315832.0138
2470,Point,0,1,0.0,,2470,,92,,,,,,,,,,,,0.0,1,1,C,USGS_gbHeatFlowWells.shp,Data release - assumed measured,a5d543f9-67f9-34d6-b408-f7d12b2ab591,-178209.3091,334843.3533
2472,Point,0,1,0.0,,2472,,119,,,,,,,,,,,,0.0,1,1,C,USGS_gbHeatFlowWells.shp,known measured,eb68b21b-0022-34d7-800b-f96e6c5172a6,-113965.6813,335383.164
2473,Point,0,1,0.0,,2473,,94,,,,,,,,,,,,0.0,1,1,C,USGS_gbHeatFlowWells.shp,Data release - assumed measured,8b1b36a1-ea64-3352-918f-a845cc3977f3,-43454.33056,358412.4244
2475,Point,0,1,0.0,,2475,,109,,,,,,,,,,,,0.0,1,1,C,USGS_gbHeatFlowWells.shp,Data release - assumed measured,fc399e52-80c1-3c2c-9644-b3653316df4e,-90272.54116,174912.8759
2476,Point,0,1,0.0,,2476,,113,,,,,,,,,,,,0.0,1,1,C,USGS_gbHeatFlowWells.shp,assumed measured,0845f88e-b6d5-3385-b6aa-5db2ae5dd258,-84701.5386,280625.712
2477,Point,0,1,0.0,,2477,,68,,,,,,,,,,,,0.0,1,1,C,USGS_gbHeatFlowWells.shp,Data release - assumed measured,4f31e5d9-72a8-3e17-8148-ddad5ee48489,-56127.59293,345017.2092
2478,Point,0,1,0.0,,2478,,85,,,,,,,,,,,,0.0,1,1,C,USGS_gbHeatFlowWells.shp,Data release - assumed measured,b56088f4-0901-39f5-889e-372a124967f3,-51689.26281,343340.704
2480,Point,0,1,0.0,,2480,,63,,,,,,,,,,,,0.0,1,1,C,USGS_gbHeatFlowWells.shp,Data release - assumed measured,9ad6250d-c863-389b-94a3-eeca9e46e8e6,-196508.1134,239347.4271
2482,Point,0,1,0.0,,2482,,62,,,,,,,,,,,,0.0,1,1,C,USGS_gbHeatFlowWells.shp,Data release - assumed measured,c123efaf-5bfb-3735-9a6c-97cef589e588,-208163.1513,321347.3768
2483,Point,0,1,0.0,,2483,,59,,,,,,,,,,,,0.0,1,1,C,USGS_gbHeatFlowWells.shp,assumed measured,860cc02b-6219-3125-9c0e-1943065c56fe,-166757.9821,228187.7762
2484,Point,0,1,0.0,,2484,,66,,,,,,,,,,,,0.0,1,1,C,USGS_gbHeatFlowWells.shp,Data release - assumed measured,8038d5d1-24d2-3e29-b44b-644535ff22b0,-123221.36,196114.5568
2485,Point,0,1,0.0,,2485,,82,,,,,,,,,,,,0.0,1,1,C,USGS_gbHeatFlowWells.shp,Data release - assumed measured,cff67df5-1794-30c0-9083-ee7f7b34e159,-120435.8934,199390.6044
2486,Point,0,1,0.0,,2486,,69,,,,,,,,,,,,0.0,1,1,C,USGS_gbHeatFlowWells.shp,Data release - assumed measured,cf5fad80-a999-3780-ab54-3173ca995e4f,-122418.9021,203959.7368
2487,Point,0,1,0.0,,2487,,87,,,,,,,,,,,,0.0,1,1,C,USGS_gbHeatFlowWells.shp,Data release - assumed measured,fee99967-1afb-335e-9f36-751e22c63cd3,-134867.4319,210725.2099
2488,Point,0,1,0.0,,2488,,65,,,,,,,,,,,,0.0,1,1,C,USGS_gbHeatFlowWells.shp,unmeasured,b795991f-6e33-36c9-b7cf-b538ff0b88be,-57311.07155,343871.8953
2489,Point,0,1,0.0,,2489,,82,,,,,,,,,,,,0.0,1,1,C,USGS_gbHeatFlowWells.shp,Data release - assumed measured,7a321b41-885b-3f4b-bf0b-b7cc5c9ef022,-142774.7023,299006.026
2490,Point,0,1,0.0,,2490,,79,,,,,,,,,,,,0.0,1,1,C,USGS_gbHeatFlowWells.shp,Data release - assumed measured,f6e2dd0a-196b-3a0c-aed1-84adcbc262f7,-112127.2981,316580.7154
2491,Point,0,1,0.0,,2491,,73,,,,,,,,,,,,0.0,1,1,C,USGS_gbHeatFlowWells.shp,Data release - assumed measured,7959a8b9-fb3f-3aaa-9add-9e6e974bc344,-113912.7389,321378.6286
2492,Point,0,1,0.0,,2492,,113,,,,,,,,,,,,0.0,1,1,C,USGS_gbHeatFlowWells.shp,Data release - assumed measured,a18ee5f7-0426-3a9a-8146-5578a87b8733,-115513.6065,315474.8316
2493,Point,0,1,0.0,,2493,,58,,,,,,,,,,,,0.0,1,1,C,USGS_gbHeatFlowWells.shp,Data release - assumed measured,3c7d133f-b58c-35f1-bf76-fc8c5dfef171,-140112.0802,287025.1285
2494,Point,0,1,0.0,,2494,,108,,,,,,,,,,,,0.0,1,1,C,USGS_gbHeatFlowWells.shp,Data release - assumed measured,dfc966b2-4087-3468-ad70-1e91ef087e39,-137911.5478,331245.5759
2495,Point,0,1,0.0,,2495,,117,,,,,,,,,,,,0.0,1,1,C,USGS_gbHeatFlowWells.shp,unmeasured,404f9711-ab2f-34b9-bd62-337719edf8ff,-47664.0246,342498.0061
2496,Point,0,1,0.0,,2496,,117,,,,,,,,,,,,0.0,1,1,C,USGS_gbHeatFlowWells.shp,Data release - assumed measured,f69016d6-a8e6-311f-8196-c9b011115922,-158468.0526,291232.147
2497,Point,0,1,0.0,,2497,,44,,,,,,,,,,,,0.0,1,1,C,USGS_gbHeatFlowWells.shp,Data release - assumed measured,b3d8c42b-f10f-3782-975d-6486ab5ef058,-150078.3614,287787.7043
2498,Point,0,1,0.0,,2498,,104,,,,,,,,,,,,0.0,1,1,C,USGS_gbHeatFlowWells.shp,Data release - assumed measured,14f38af7-e760-3b25-9a47-7c5887e171ad,-110685.9643,286622.2563
2499,Point,0,1,0.0,,2499,,92,,,,,,,,,,,,0.0,1,1,C,USGS_gbHeatFlowWells.shp,Data release - assumed measured,30f95e33-92ac-3bff-9e92-9683a6b7e2cf,-145986.4,242278.9475
2500,Point,0,1,0.0,,2500,,44,,,,,,,,,,,,0.0,1,1,C,USGS_gbHeatFlowWells.shp,Data release - assumed measured,e343cffb-249c-39c8-856e-1876866d6580,-196835.0072,360433.7133
2501,Point,0,1,0.0,,2501,,52,,,,,,,,,,,,0.0,1,1,C,USGS_gbHeatFlowWells.shp,Data release - assumed measured,4c54f433-0bb1-382a-a85a-3977a3be883d,-76878.56061,293354.1632
2502,Point,0,1,0.0,,2502,,187,,,,,,,,,,,,0.0,1,1,C,USGS_gbHeatFlowWells.shp,Data release - assumed measured,2cab6be3-e8db-3a46-b8ec-3c633c36ee9c,-101703.6653,274625.9323
2503,Point,0,1,0.0,,2503,,137,,,,,,,,,,,,0.0,1,1,C,USGS_gbHeatFlowWells.shp,Data release - assumed measured,f0af7e11-b73f-3fdc-92d3-95dacc7ffbcc,-76596.06538,254680.6021
2504,Point,0,1,0.0,,2504,,67,,,,,,,,,,,,0.0,1,1,C,USGS_gbHeatFlowWells.shp,Data release - assumed measured,51ef52ea-d3fb-3869-8c34-44d75d66f038,-115105.0447,198942.9426
2514,Point,0,1,0.0,,2514,,39,,,,,,,,,,,,0.0,1,1,D,USGS_gbHeatFlowWells.shp,known measured,2587eab8-0e4b-3b94-a13f-3f1f32c2bdda,-48380.0941,269307.3642
2515,Point,0,1,0.0,,2515,,25,,,,,,,,,,,,0.0,1,1,D,USGS_gbHeatFlowWells.shp,known measured,74d2c72f-4160-324a-8ceb-04f2df99a878,-197287.3631,360108.806
2518,Point,0,1,0.0,,2518,,11,,,,,,,,,,,,0.0,1,1,D,USGS_gbHeatFlowWells.shp,assumed measured,9572c4c0-cc5b-3c2e-88fd-554015cc9155,-224470.2777,262181.8524
2519,Point,0,1,0.0,,2519,,21,,,,,,,,,,,,0.0,1,1,D,USGS_gbHeatFlowWells.shp,Data release - assumed measured,2e39378a-a270-3955-b8b5-90c36eaef63d,-231723.0195,222274.7862
2520,Point,0,1,0.0,,2520,,20,,,,,,,,,,,,0.0,1,1,D,USGS_gbHeatFlowWells.shp,assumed measured,e7ae7c67-86ce-337b-a45f-209212084a41,-131343.8855,311136.136
2524,Point,0,1,0.0,,2524,,335,,,,,,,,,,,,0.0,1,1,G,USGS_gbHeatFlowWells.shp,assumed measured,a1612c0a-12ac-374d-b5b3-d5664b5abde5,-198526.3601,355467.715
2525,Point,0,1,0.0,,2525,,157,,,,,,,,,,,,0.0,1,1,G,USGS_gbHeatFlowWells.shp,assumed measured,3890fab6-b607-347a-b995-e05b9ed894ca,-47667.36985,341937.972
2526,Point,0,1,0.0,,2526,,1841,,,,,,,,,,,,0.0,1,1,G,USGS_gbHeatFlowWells.shp,assumed measured,d8b130c0-3d05-3d84-a933-d9916d120c51,-198524.965,355523.6994
2536,Point,0,1,0.0,,2536,,203,,,,,,,,,,,,0.0,1,1,G,USGS_gbHeatFlowWells.shp,Data release - assumed measured,9208ed38-343e-368e-8edc-5652b05c6ee6,-85377.84653,41754.68235
2537,Point,0,1,0.0,,2537,,146,,,,,,,,,,,,0.0,1,1,G,USGS_gbHeatFlowWells.shp,Data release - assumed measured,f0974288-8083-3e51-8cd6-8e7a651392b6,-84320.43418,41048.93711
2538,Point,0,1,0.0,,2538,,400,,,,,,,,,,,,0.0,1,1,G,USGS_gbHeatFlowWells.shp,known measured,86c39a80-6f60-33b4-af96-18b3b8bdfeb3,-167332.5643,260457.6269
2539,Point,0,1,0.0,,2539,,1410,,,,,,,,,,,,0.0,1,1,G,USGS_gbHeatFlowWells.shp,known measured,82214a78-b2f5-34f5-adbe-56f18e401b37,-156860.6427,258678.1153
2540,Point,0,1,0.0,,2540,,127,,,,,,,,,,,,0.0,1,1,G,USGS_gbHeatFlowWells.shp,assumed measured,b96408b8-58e3-39d4-bbb5-53ebb930d023,-160738.2723,249373.4013
2541,Point,0,1,0.0,,2541,,192,,,,,,,,,,,,0.0,1,1,G,USGS_gbHeatFlowWells.shp,Data release - assumed measured,5bfdcba7-0ad5-36f7-988c-ed9cc0ad1364,-78866.92667,41746.21858
2542,Point,0,1,0.0,,2542,,292,,,,,,,,,,,,0.0,1,1,G,USGS_gbHeatFlowWells.shp,Data release - assumed measured,6ff6ce16-76ca-3d89-8edc-cacea06237c2,-76619.68276,40693.97273
2543,Point,0,1,0.0,,2543,,335,,,,,,,,,,,,0.0,1,1,G,USGS_gbHeatFlowWells.shp,Data release - assumed measured,e615aafd-2b5e-3d64-9e21-a40fc3a7d2bd,-77496.37095,40141.70644
2544,Point,0,1,0.0,,2544,,336,,,,,,,,,,,,0.0,1,1,G,USGS_gbHeatFlowWells.shp,Data release - assumed measured,32b091fe-3920-3ce0-b5c1-4b9e5638f169,-81229.27303,45221.21007
2545,Point,0,1,0.0,,2545,,455,,,,,,,,,,,,0.0,1,1,G,USGS_gbHeatFlowWells.shp,Data release - assumed measured,c419b1e3-03e1-32c9-9f95-cce93ca20753,-78333.45116,43792.28246
2546,Point,0,1,0.0,,2546,,418,,,,,,,,,,,,0.0,1,1,G,USGS_gbHeatFlowWells.shp,Data release - assumed measured,9d819b43-5526-3ca6-afef-cd6995133874,-12137.40374,268648.6582
2547,Point,0,1,0.0,,2547,,427,,,,,,,,,,,,0.0,1,1,G,USGS_gbHeatFlowWells.shp,Data release - assumed measured,a7ff40e7-9545-36a5-906b-75eadfcbf530,-12136.31449,269376.9826
2548,Point,0,1,0.0,,2548,,326,,,,,,,,,,,,0.0,1,1,G,USGS_gbHeatFlowWells.shp,Data release - assumed measured,2565af73-7e2a-3a6d-87f2-771d494eb24f,-12298.13505,268839.3905
2549,Point,0,1,0.0,,2549,,280,,,,,,,,,,,,0.0,1,1,G,USGS_gbHeatFlowWells.shp,Data release - assumed measured,8d8bac38-097a-36f8-af28-f4663c9b0815,-134824.1897,88146.9951
2550,Point,0,1,0.0,,2550,,234,,,,,,,,,,,,0.0,1,1,G,USGS_gbHeatFlowWells.shp,Data release - assumed measured,324f8e8c-92f2-32d8-9a7b-20b212a95495,-84074.04523,286412.0998
2551,Point,0,1,0.0,,2551,,527,,,,,,,,,,,,0.0,1,1,G,USGS_gbHeatFlowWells.shp,Data release - assumed measured,1fa7d313-c045-3027-8b20-34f830fe4c7d,-12011.56591,267785.6897
2561,Point,0,1,0.0,,2561,,380,,,,,,,,,,,,0.0,1,1,G,USGS_gbHeatFlowWells.shp,Data release - assumed measured,991bf67f-76f6-3dbf-8fac-e52a6d8993bb,-188108.2011,271787.4285
2562,Point,0,1,0.0,,2562,,218,,,,,,,,,,,,0.0,1,1,G,USGS_gbHeatFlowWells.shp,assumed measured,6c7586db-d46a-3eec-9bd7-0674c048c087,-172374.1599,277879.5949
2563,Point,0,1,0.0,,2563,,328,,,,,,,,,,,,0.0,1,1,G,USGS_gbHeatFlowWells.shp,Data release - assumed measured,1f153beb-b1ca-327c-ad06-6894f3bc3e43,-190630.169,278392.1863
2564,Point,0,1,0.0,,2564,,197,,,,,,,,,,,,0.0,1,1,G,USGS_gbHeatFlowWells.shp,Data release - assumed measured,22441988-9c36-317f-8f41-dae421aac0c4,-170547.942,278535.5368
2565,Point,0,1,0.0,,2565,,123,,,,,,,,,,,,0.0,1,1,G,USGS_gbHeatFlowWells.shp,Data release - assumed measured,5f2a493f-987b-3010-990c-8ffee2bb44c0,-178790.778,280294.6879
2566,Point,0,1,0.0,,2566,,318,,,,,,,,,,,,0.0,1,1,G,USGS_gbHeatFlowWells.shp,Data release - assumed measured,922026d2-d973-3520-a450-bd2f41a6a7f8,-173244.735,280319.0496
2567,Point,0,1,0.0,,2567,,247,,,,,,,,,,,,0.0,1,1,G,USGS_gbHeatFlowWells.shp,Data release - assumed measured,86cdf0ba-083f-3d9b-9a6c-ce4aff19821a,-58438.183,44659.27805
2568,Point,0,1,0.0,,2568,,184,,,,,,,,,,,,0.0,1,1,G,USGS_gbHeatFlowWells.shp,Data release - assumed measured,a9f3f072-e8fe-3786-a826-0ca1650e1273,-92464.95674,40246.58711
2569,Point,0,1,0.0,,2569,,235,,,,,,,,,,,,0.0,1,1,G,USGS_gbHeatFlowWells.shp,Data release - assumed measured,8d56fd6b-7078-3cfe-b811-4f8487e14619,-87157.51604,43779.51607
2570,Point,0,1,0.0,,2570,,420,,,,,,,,,,,,0.0,1,1,G,USGS_gbHeatFlowWells.shp,Data release - assumed measured,b2e8c57a-c368-3e8a-a5f3-403418a16af6,-92838.23899,39473.63197
2571,Point,0,1,0.0,,2571,,352,,,,,,,,,,,,0.0,1,1,G,USGS_gbHeatFlowWells.shp,assumed measured,97c2ba09-7f00-3663-8310-dad0d982d1f0,-185010.8291,143118.5526
2573,Point,0,1,0.0,,2573,,293,,,,,,,,,,,,0.0,1,1,G,USGS_gbHeatFlowWells.shp,assumed measured,3663c988-26e4-3fa5-8f0d-3c89bcc4fcd6,-132453.8405,231958.8878
2574,Point,0,1,0.0,,2574,,736,,,,,,,,,,,,0.0,1,1,G,USGS_gbHeatFlowWells.shp,assumed measured,27250d17-a2ae-36a8-b1a0-a6c35490aa7b,-132470.8666,231959.1666
2575,Point,0,1,0.0,,2575,,43,,,,,,,,,,,,0.0,1,1,G,USGS_gbHeatFlowWells.shp,Data release - assumed measured,7bdf73d8-6c0c-32fd-8641-7d19f3f0deb0,-105970.0187,215149.6128
2576,Point,0,1,0.0,,2576,,155,,,,,,,,,,,,0.0,1,1,G,USGS_gbHeatFlowWells.shp,Data release - assumed measured,50326f9e-984d-3603-b681-990de81d68a7,-98491.03315,219751.443
2577,Point,0,1,0.0,,2577,,586,,,,,,,,,,,,0.0,1,1,G,USGS_gbHeatFlowWells.shp,Data release - assumed measured,57ce532b-c349-390c-8ad3-53a7289a5658,-97223.11866,227346.0841
2578,Point,0,1,0.0,,2578,,1564,,,,,,,,,,,,0.0,1,1,G,USGS_gbHeatFlowWells.shp,assumed measured,d95232e4-ff06-3a46-94ee-0cdd3dc0fae1,-201381.8639,329017.9143
2579,Point,0,1,0.0,,2579,,120,,,,,,,,,,,,0.0,1,1,G,USGS_gbHeatFlowWells.shp,Data release - assumed measured,cf9f839e-e31a-349d-a7b1-5f4a148441ce,-58861.75697,46343.50082
2580,Point,0,1,0.0,,2580,,131,,,,,,,,,,,,0.0,1,1,G,USGS_gbHeatFlowWells.shp,Data release - assumed measured,9d54c23e-6774-32e1-a4b5-ffbeb7956581,-90917.10298,43360.36129
2581,Point,0,1,0.0,,2581,,204,,,,,,,,,,,,0.0,1,1,G,USGS_gbHeatFlowWells.shp,assumed measured,2a1af14a-8109-3bf8-94d0-16a6c67cb17f,-203584.6582,321498.5699
2582,Point,0,1,0.0,,2582,,1185,,,,,,,,,,,,0.0,1,1,G,USGS_gbHeatFlowWells.shp,assumed measured,57e48542-bf94-3580-98e6-04be620c32c2,-116072.4784,305970.612
2583,Point,0,1,0.0,,2583,,632,,,,,,,,,,,,0.0,1,1,G,USGS_gbHeatFlowWells.shp,assumed measured,dcf53050-4f7a-3014-9df2-8f40a024565d,-201675.0206,324733.5386
2584,Point,0,1,0.0,,2584,,130,,,,,,,,,,,,0.0,1,1,G,USGS_gbHeatFlowWells.shp,assumed measured,03b03c37-4870-32f6-8a71-002309f2c0b1,-58573.10406,46520.78689
2585,Point,0,1,0.0,,2585,,159,,,,,,,,,,,,0.0,1,1,G,USGS_gbHeatFlowWells.shp,Data release - assumed measured,dac9c6b4-0331-3e62-b822-810df945356d,-84956.69013,43876.21117
2586,Point,0,1,0.0,,2586,,127,,,,,,,,,,,,0.0,1,1,G,USGS_gbHeatFlowWells.shp,unmeasured,db33fb00-422a-3110-9b94-89bb7b938de5,-98181.26802,354347.2108
2587,Point,0,1,0.0,,2587,,140,,,,,,,,,,,,0.0,1,1,G,USGS_gbHeatFlowWells.shp,Data release - assumed measured,d8cec824-d14d-32c5-9778-0c52385e4598,-53765.74528,42509.33315
2588,Point,0,1,0.0,,2588,,167,,,,,,,,,,,,0.0,1,1,G,USGS_gbHeatFlowWells.shp,assumed measured,8bec98b4-afb8-3751-ba7f-0129de13e74a,-58142.87594,45778.0116
2589,Point,0,1,0.0,,2589,,127,,,,,,,,,,,,0.0,1,1,G,USGS_gbHeatFlowWells.shp,unmeasured,c547329b-45a9-38a3-b634-9769f2f2ac32,-101260.3095,354012.3428
2591,Point,0,1,0.0,,2591,,127,,,,,,,,,,,,0.0,1,1,G,USGS_gbHeatFlowWells.shp,assumed measured,8f26f30f-391b-30b7-82e1-f7ddb862dfa6,-85377.84653,41754.68235
2592,Point,0,1,0.0,,2592,,326,,,,,,,,,,,,0.0,1,1,G,USGS_gbHeatFlowWells.shp,Data release - assumed measured,128006c7-708d-3875-b21f-c40f2630682e,-58859.1264,46713.34764
2602,Point,0,1,0.0,,2602,,288,,,,,,,,,,,,0.0,1,1,G,USGS_gbHeatFlowWells.shp,Data release - assumed measured,acfbdbea-81c4-3cde-8bf8-7c823d4ad4bd,-43775.67475,266718.8038
2603,Point,0,1,0.0,,2603,,279,,,,,,,,,,,,0.0,1,1,G,USGS_gbHeatFlowWells.shp,Data release - assumed measured,6200c851-8237-315d-9019-f3ce3b9bc085,-41714.18453,268668.7967
2604,Point,0,1,0.0,,2604,,133,,,,,,,,,,,,0.0,1,1,G,USGS_gbHeatFlowWells.shp,known measured,3683f04e-e550-3c45-945b-100152b06d7d,-42496.45486,260123.1832
2605,Point,0,1,0.0,,2605,,185,,,,,,,,,,,,0.0,1,1,G,USGS_gbHeatFlowWells.shp,known measured,7d39b7c8-fd57-3399-9265-2466ae460ed7,-40127.32349,258844.8399
2606,Point,0,1,0.0,,2606,,135,,,,,,,,,,,,0.0,1,1,G,USGS_gbHeatFlowWells.shp,known measured,8cbc4065-580b-3c4b-9908-ad199f201f82,-45724.17178,264436.2407
2607,Point,0,1,0.0,,2607,,512,,,,,,,,,,,,0.0,1,1,G,USGS_gbHeatFlowWells.shp,Data release - assumed measured,54c3b66a-e822-3e15-b4c4-83cd9917effa,-42768.99295,259922.9213
2608,Point,0,1,0.0,,2608,,270,,,,,,,,,,,,0.0,1,1,G,USGS_gbHeatFlowWells.shp,Data release - assumed measured,b1a6f045-3306-347f-a7a8-567fa153e76e,-41671.24631,263850.297
2609,Point,0,1,0.0,,2609,,223,,,,,,,,,,,,0.0,1,1,G,USGS_gbHeatFlowWells.shp,known measured,4fcbd608-bcf8-3c8f-871f-b6a11a22ae9f,-44620.44978,259574.3493
2610,Point,0,1,0.0,,2610,,1118,,,,,,,,,,,,0.0,1,1,G,USGS_gbHeatFlowWells.shp,known measured,5650938e-897c-3ccd-9e8f-3ce6a62e69eb,-41902.76738,265536.0351
2611,Point,0,1,0.0,,2611,,141,,,,,,,,,,,,0.0,1,1,G,USGS_gbHeatFlowWells.shp,Data release - assumed measured,e78a78ce-08b7-3463-a452-8750218cf75b,-83953.15011,48050.48143
2612,Point,0,1,0.0,,2612,,1209,,,,,,,,,,,,0.0,1,1,G,USGS_gbHeatFlowWells.shp,known measured,7d10ab44-93db-3987-b53d-57c072ab7ce7,-170585.0187,255145.8828
2613,Point,0,1,0.0,,2613,,7610,,,,,,,,,,,,0.0,1,1,G,USGS_gbHeatFlowWells.shp,known measured,7d7b823d-a0bb-3464-9fdc-2a3dd847f89f,-170065.348,260458.7394
2614,Point,0,1,0.0,,2614,,280,,,,,,,,,,,,0.0,1,1,G,USGS_gbHeatFlowWells.shp,assumed measured,f7537813-4491-3b38-bb74-719e8ee66634,32346.31177,343687.7951
2615,Point,0,1,0.0,,2615,,220,,,,,,,,,,,,0.0,1,1,G,USGS_gbHeatFlowWells.shp,assumed measured,7d96d520-b2c4-324e-9788-e3a5ed454d24,36451.73131,345553.6809
2616,Point,0,1,0.0,,2616,,218,,,,,,,,,,,,0.0,1,1,G,USGS_gbHeatFlowWells.shp,known measured,0efe0a9e-02e1-397e-82ff-af6ee4ec0a36,-199899.1689,356252.6795
2617,Point,0,1,0.0,,2617,,418,,,,,,,,,,,,0.0,1,1,G,USGS_gbHeatFlowWells.shp,known measured,6db0e9ce-e7ba-362d-822d-d8876602082f,-200030.5688,355695.7851
2618,Point,0,1,0.0,,2618,,820,,,,,,,,,,,,0.0,1,1,G,USGS_gbHeatFlowWells.shp,assumed measured,f5067510-261c-38af-8b8f-0ad2142f56bb,34197.80937,344614.0043
2619,Point,0,1,0.0,,2619,,4206,,,,,,,,,,,,0.0,1,1,G,USGS_gbHeatFlowWells.shp,known measured,a23b85cb-be23-3c4b-b43e-f1d0ca75cd84,-171279.5592,258433.368
2620,Point,0,1,0.0,,2620,,1578,,,,,,,,,,,,0.0,1,1,G,USGS_gbHeatFlowWells.shp,known measured,606153f7-17a3-3fad-981c-af8c52d6d09f,-171295.8241,258467.3382
2621,Point,0,1,0.0,,2621,,159,,,,,,,,,,,,0.0,1,1,G,USGS_gbHeatFlowWells.shp,known measured,c905325c-b346-3382-a8e0-8d6651888d22,34143.04203,341723.9201
2622,Point,0,1,0.0,,2622,,242,,,,,,,,,,,,0.0,1,1,G,USGS_gbHeatFlowWells.shp,known measured,6caa6f8e-dc15-3c1e-bff1-1a034cdae074,32128.8952,341390.699
2623,Point,0,1,0.0,,2623,,4200,,,,,,,,,,,,0.0,1,1,G,USGS_gbHeatFlowWells.shp,assumed measured,4978e035-747e-3c18-9e46-417e83a1b48b,34136.26854,343303.2358
2624,Point,0,1,0.0,,2624,,1400,,,,,,,,,,,,0.0,1,1,G,USGS_gbHeatFlowWells.shp,assumed measured,f9ba5fb6-f7a1-3424-898d-8cc6229ef897,34179.35972,343045.794
2630,Point,0,1,0.0,,2630,,124,,,,,,,,,,,,0.0,1,1,G,USGS_gbHeatFlowWells.shp,assumed measured,0bd8b1eb-66f7-3d10-88d4-904405fe231b,35554.1557,324703.5851
2631,Point,0,1,0.0,,2631,,190,,,,,,,,,,,,0.0,1,1,G,USGS_gbHeatFlowWells.shp,Data release - assumed measured,051a0ce6-1d8a-3474-8849-dbdf904212b6,44071.70726,316949.1578
2639,Point,0,1,0.0,,2639,,277,,,,,,,,,,,,0.0,1,1,G,USGS_gbHeatFlowWells.shp,Data release - assumed measured,cd534569-ff36-32ad-8232-05a8f8088d15,-4730.284191,327426.0216
2641,Point,0,1,0.0,,2641,,121,,,,,,,,,,,,0.0,1,1,G,USGS_gbHeatFlowWells.shp,Data release - assumed measured,3095aa63-0283-3d42-a0e8-72866073d7ca,-30149.61614,303888.3473
2645,Point,0,1,0.0,,2645,,186,,,,,,,,,,,,0.0,1,1,G,USGS_gbHeatFlowWells.shp,assumed measured,9e250503-c0dc-3c72-8433-8de51d38e589,-16207.87704,147025.7
2646,Point,0,1,0.0,,2646,,272,,,,,,,,,,,,0.0,1,1,G,USGS_gbHeatFlowWells.shp,assumed measured,13af3795-2aa7-308f-81e5-2843bf2144ce,-15216.43599,148178.2602
2647,Point,0,1,0.0,,2647,,233,,,,,,,,,,,,0.0,1,1,G,USGS_gbHeatFlowWells.shp,Data release - assumed measured,f9c86c98-642f-3192-8a05-7c3b5a829995,-85106.91266,290299.8023
2648,Point,0,1,0.0,,2648,,204,,,,,,,,,,,,0.0,1,1,G,USGS_gbHeatFlowWells.shp,Data release - assumed measured,97e9b11e-1759-3818-8af2-e5be47c88d08,-86829.45823,287337.7567
2649,Point,0,1,0.0,,2649,,160,,,,,,,,,,,,0.0,1,1,G,USGS_gbHeatFlowWells.shp,Data release - assumed measured,8949ddbd-ab64-3bf3-b429-f936e1822262,-98171.59455,293361.9713
2650,Point,0,1,0.0,,2650,,242,,,,,,,,,,,,0.0,1,1,G,USGS_gbHeatFlowWells.shp,Data release - assumed measured,bbf78046-f045-3f9a-abe2-2ba711ef4cab,-82015.03725,38873.80271
2651,Point,0,1,0.0,,2651,,545,,,,,,,,,,,,0.0,1,1,G,USGS_gbHeatFlowWells.shp,known measured,61ec357c-a887-3ecc-a6f8-af8e0937e779,-104905.9922,342484.5299
2655,Point,0,1,0.0,,2655,,1511,,,,,,,,,,,,0.0,1,1,G,USGS_gbHeatFlowWells.shp,Data release - assumed measured,a8719a9e-0c23-3ef6-911d-da5d5f143908,-202260.4323,324894.0001
2657,Point,0,1,0.0,,2657,,171,,,,,,,,,,,,0.0,1,1,G,USGS_gbHeatFlowWells.shp,Data release - assumed measured,72d8f1a9-6814-3b23-9d17-735b5e53f08c,-140955.3647,207757.4249
2658,Point,0,1,0.0,,2658,,163,,,,,,,,,,,,0.0,1,1,G,USGS_gbHeatFlowWells.shp,Data release - assumed measured,d143c881-4e50-398d-bd4a-2b9e64c8ef7f,-145672.8791,210463.593
2659,Point,0,1,0.0,,2659,,288,,,,,,,,,,,,0.0,1,1,G,USGS_gbHeatFlowWells.shp,Data release - assumed measured,4dc1257b-95a0-3028-bcf4-39acaff3cc30,-54371.36418,346505.9971
2660,Point,0,1,0.0,,2660,,134,,,,,,,,,,,,0.0,1,1,G,USGS_gbHeatFlowWells.shp,known measured,d7290da5-09a3-3122-8d06-0407dd778d24,-135101.1289,225894.1865
2661,Point,0,1,0.0,,2661,,372,,,,,,,,,,,,0.0,1,1,G,USGS_gbHeatFlowWells.shp,assumed measured,2accd3ad-7975-3da0-820c-d1d7915817a4,-55080.93497,348280.5949
2662,Point,0,1,0.0,,2662,,570,,,,,,,,,,,,0.0,1,1,G,USGS_gbHeatFlowWells.shp,assumed measured,97d41d6d-710a-31e3-ba84-5cc8b9267fda,34758.44156,345030.8655
2663,Point,0,1,0.0,,2663,,418,,,,,,,,,,,,0.0,1,1,G,USGS_gbHeatFlowWells.shp,assumed measured,7db592c4-2996-3732-ae1f-db7127f95be8,-54262.60722,348924.6384
2664,Point,0,1,0.0,,2664,,224,,,,,,,,,,,,0.0,1,1,G,USGS_gbHeatFlowWells.shp,Data release - assumed measured,398cdab7-941e-326d-9ee6-1d72d9542e0f,-53294.18184,346935.5676
2674,Point,0,1,0.0,,2674,,289,,,,,,,,,,,,0.0,1,1,G,USGS_gbHeatFlowWells.shp,assumed measured,0b492cbf-a91a-3819-a504-9c1f82afb7eb,-199254.8512,355855.6179
2675,Point,0,1,0.0,,2675,,556,,,,,,,,,,,,0.0,1,1,G,USGS_gbHeatFlowWells.shp,Data release - assumed measured,a95215e1-82a2-3ea3-9143-e47f14bd35f8,-139349.3173,211753.6636
2676,Point,0,1,0.0,,2676,,155,,,,,,,,,,,,0.0,1,1,G,USGS_gbHeatFlowWells.shp,Data release - assumed measured,da0f7010-b9ea-300e-a495-6a6682286771,-144083.9545,211948.4408
2677,Point,0,1,0.0,,2677,,56,,,,,,,,,,,,0.0,1,1,G,USGS_gbHeatFlowWells.shp,assumed measured,2b904194-8114-3480-a179-1db56de30d0d,-134664.1922,202382.4847
2679,Point,0,1,0.0,,2679,,166,,,,,,,,,,,,0.0,1,1,G,USGS_gbHeatFlowWells.shp,assumed measured,37a06f48-9d50-32ac-b116-51dd92609143,-142634.5627,210869.204
2680,Point,0,1,0.0,,2680,,126,,,,,,,,,,,,0.0,1,1,G,USGS_gbHeatFlowWells.shp,assumed measured,8cb2d731-5f3d-3b99-972a-a24ad9b07816,-142488.4799,210922.6817
2681,Point,0,1,0.0,,2681,,176,,,,,,,,,,,,0.0,1,1,G,USGS_gbHeatFlowWells.shp,assumed measured,7c339003-1504-3dff-a291-bf565ea92b1b,-178443.3102,271137.8773
2682,Point,0,1,0.0,,2682,,135,,,,,,,,,,,,0.0,1,1,G,USGS_gbHeatFlowWells.shp,unmeasured,01166638-ea8b-3881-b535-84a612d1cb4d,-177491.9253,269435.6912
2683,Point,0,1,0.0,,2683,,155,,,,,,,,,,,,0.0,1,1,G,USGS_gbHeatFlowWells.shp,unmeasured,19de846b-bb92-3fb9-aaf8-9bdd68f31e70,-173602.4024,279437.6596
2684,Point,0,1,0.0,,2684,,206,,,,,,,,,,,,0.0,1,1,G,USGS_gbHeatFlowWells.shp,unmeasured,397207c5-f055-3ff9-86ef-290f65ed66ad,-176998.471,272600.3588
2686,Point,0,1,0.0,,2686,,146,,,,,,,,,,,,0.0,1,1,G,USGS_gbHeatFlowWells.shp,assumed measured,797cb7bb-4094-3bb1-8ed4-56fe859dfe6f,34172.56738,340715.9433
2687,Point,0,1,0.0,,2687,,126,,,,,,,,,,,,0.0,1,1,G,USGS_gbHeatFlowWells.shp,assumed measured,0df3b74b-36cd-314c-b3b1-55dffaba7bcd,39327.43004,342845.5388
2688,Point,0,1,0.0,,2688,,251,,,,,,,,,,,,0.0,1,1,G,USGS_gbHeatFlowWells.shp,assumed measured,99081383-b7e2-3498-888f-7b1bf43b0aba,34665.17246,341390.1446
2689,Point,0,1,0.0,,2689,,293,,,,,,,,,,,,0.0,1,1,G,USGS_gbHeatFlowWells.shp,assumed measured,0692c831-3651-3363-babd-c24286dcd8e5,34870.90134,342354.3357
2690,Point,0,1,0.0,,2690,,569,,,,,,,,,,,,0.0,1,1,G,USGS_gbHeatFlowWells.shp,assumed measured,3fa357b7-0a87-3922-8506-bf85d10ed45f,34868.69042,342858.368
2691,Point,0,1,0.0,,2691,,155,,,,,,,,,,,,0.0,1,1,G,USGS_gbHeatFlowWells.shp,assumed measured,68b988b2-b941-3544-8d31-8f14c9f2028e,37111.30792,340908.3209
2692,Point,0,1,0.0,,2692,,132,,,,,,,,,,,,0.0,1,1,G,USGS_gbHeatFlowWells.shp,assumed measured,1aafbe04-e8cf-3d14-8165-7e4832667305,37181.45745,342073.5574
2693,Point,0,1,0.0,,2693,,128,,,,,,,,,,,,0.0,1,1,G,USGS_gbHeatFlowWells.shp,assumed measured,f9334f57-4835-3dc1-b195-239253ac24e1,-234678.8167,230073.3294
2694,Point,0,1,0.0,,2694,,181,,,,,,,,,,,,0.0,1,1,G,USGS_gbHeatFlowWells.shp,assumed measured,041563e5-8d7d-339c-a7c4-fcd00a14a1e8,-198531.3793,281508.5259
2695,Point,0,1,0.0,,2695,,145,,,,,,,,,,,,0.0,1,1,G,USGS_gbHeatFlowWells.shp,assumed measured,51f68786-8e03-353b-a73a-43677f576168,-172881.0872,280169.2716
2696,Point,0,1,0.0,,2696,,4252,,,,,,,,,,,,0.0,1,1,G,USGS_gbHeatFlowWells.shp,assumed measured,d65ea5ef-cce8-36e0-8d7d-b0db2667f08b,-233349.8595,214058.489
2697,Point,0,1,0.0,,2697,,2780,,,,,,,,,,,,0.0,1,1,G,USGS_gbHeatFlowWells.shp,assumed measured,d7b1e5ac-7a7b-3e75-a2f2-50e7c9260ab6,-234602.7709,215025.2049
2698,Point,0,1,0.0,,2698,,3584,,,,,,,,,,,,0.0,1,1,G,USGS_gbHeatFlowWells.shp,assumed measured,30f9ee19-1104-3b00-85e4-987acc3dff87,-234533.876,215045.6355
2699,Point,0,1,0.0,,2699,,8052,,,,,,,,,,,,0.0,1,1,G,USGS_gbHeatFlowWells.shp,assumed measured,35f20c3b-1cbf-3efe-adbd-4215ca7a834f,-234473.5123,215066.3133
2700,Point,0,1,0.0,,2700,,265,,,,,,,,,,,,0.0,1,1,G,USGS_gbHeatFlowWells.shp,known measured,2d684de9-9b63-3210-a10c-91ffa7f085d0,-48419.91127,339702.2439
2701,Point,0,1,0.0,,2701,,208,,,,,,,,,,,,0.0,1,1,G,USGS_gbHeatFlowWells.shp,known measured,b96d30b2-4eb4-3522-852c-97d2acf6cda3,-50060.20021,339342.7013
2702,Point,0,1,0.0,,2702,,146,,,,,,,,,,,,0.0,1,1,G,USGS_gbHeatFlowWells.shp,known measured,d3c73c8c-48f4-3b39-88c0-0ed41ec0e2de,-49539.93919,337894.4767
2703,Point,0,1,0.0,,2703,,123,,,,,,,,,,,,0.0,1,1,G,USGS_gbHeatFlowWells.shp,known measured,f641ba67-b56f-3ba2-9951-2b2a121bc540,-102366.7333,351659.2784
2704,Point,0,1,0.0,,2704,,209,,,,,,,,,,,,0.0,1,1,G,USGS_gbHeatFlowWells.shp,known measured,4a03b8f5-5e8c-3846-9f5e-77dca0d41430,-109509.2756,347721.5804
2705,Point,0,1,0.0,,2705,,179,,,,,,,,,,,,0.0,1,1,G,USGS_gbHeatFlowWells.shp,known measured,24bd04e5-f425-3961-aa0c-8135529ae740,-107735.729,348537.5662
2706,Point,0,1,0.0,,2706,,595,,,,,,,,,,,,0.0,1,1,G,USGS_gbHeatFlowWells.shp,Data release - assumed measured,1fd667f7-28ba-39af-940f-d35a629e6a05,-39977.07599,300995.8985
2707,Point,0,1,0.0,,2707,,135,,,,,,,,,,,,0.0,1,1,G,USGS_gbHeatFlowWells.shp,Data release - assumed measured,68d1052b-54d0-30a7-85dd-66a13dba5b82,-203656.8404,326274.1088
2708,Point,0,1,0.0,,2708,,218,,,,,,,,,,,,0.0,1,1,G,USGS_gbHeatFlowWells.shp,assumed measured,3b8728bc-17e6-3439-a45e-d28bc3ec5630,-75983.67458,322366.6277
2709,Point,0,1,0.0,,2709,,148,,,,,,,,,,,,0.0,1,1,G,USGS_gbHeatFlowWells.shp,assumed measured,160bf05a-89ba-3dfc-a51e-5bd86db73b57,-76360.28911,312287.4742
2710,Point,0,1,0.0,,2710,,207,,,,,,,,,,,,0.0,1,1,G,USGS_gbHeatFlowWells.shp,known measured,db17700a-7354-3f02-8058-e3f8be6fe30b,-76377.07272,325548.1931
2711,Point,0,1,0.0,,2711,,138,,,,,,,,,,,,0.0,1,1,G,USGS_gbHeatFlowWells.shp,Data release - assumed measured,181b8056-e626-3043-8b88-a329dd1cd11b,-21774.60174,236508.3901
2712,Point,0,1,0.0,,2712,,145,,,,,,,,,,,,0.0,1,1,G,USGS_gbHeatFlowWells.shp,assumed measured,2bbfb126-325f-3240-a6f4-f2d27b191e2b,13863.56177,210715.7952
2713,Point,0,1,0.0,,2713,,190,,,,,,,,,,,,0.0,1,1,G,USGS_gbHeatFlowWells.shp,assumed measured,b2c1d9f4-2a4d-360c-829e-3c248c60d7a8,-22949.66729,222129.8235
2714,Point,0,1,0.0,,2714,,391,,,,,,,,,,,,0.0,1,1,G,USGS_gbHeatFlowWells.shp,Data release - assumed measured,0065bab9-be34-373d-aab9-601e25d40e65,-11941.17148,269544.7684
2715,Point,0,1,0.0,,2715,,439,,,,,,,,,,,,0.0,1,1,G,USGS_gbHeatFlowWells.shp,Data release - assumed measured,7ca53e8e-2aa1-31b8-b58d-305ca8954ea6,-11658.70852,269544.3657
2716,Point,0,1,0.0,,2716,,290,,,,,,,,,,,,0.0,1,1,G,USGS_gbHeatFlowWells.shp,Data release - assumed measured,f953da85-4611-3ff7-903d-e45a4a93a270,-44196.24337,259572.0239
2717,Point,0,1,0.0,,2717,,339,,,,,,,,,,,,0.0,1,1,G,USGS_gbHeatFlowWells.shp,unmeasured,50ed7751-ee9b-3044-bb9f-477b6845b352,-8409.293731,270660.8409
2718,Point,0,1,0.0,,2718,,268,,,,,,,,,,,,0.0,1,1,G,USGS_gbHeatFlowWells.shp,assumed measured,b6fb3b34-847c-3faf-9b76-de7336bcaeda,-12366.27857,268611.6595
2719,Point,0,1,0.0,,2719,,400,,,,,,,,,,,,0.0,1,1,G,USGS_gbHeatFlowWells.shp,assumed measured,563358dc-3897-3313-ab14-818d324a0777,-11376.51787,269357.2167
2720,Point,0,1,0.0,,2720,,423,,,,,,,,,,,,0.0,1,1,G,USGS_gbHeatFlowWells.shp,unmeasured,f8b7582a-31d8-3928-862a-2ed001c9acbb,-11376.78172,269170.4604
2721,Point,0,1,0.0,,2721,,211,,,,,,,,,,,,0.0,1,1,G,USGS_gbHeatFlowWells.shp,unmeasured,da37c3d1-b28f-3786-bff6-fee09eeb7d77,-8832.925173,270661.2945
2722,Point,0,1,0.0,,2722,,211,,,,,,,,,,,,0.0,1,1,G,USGS_gbHeatFlowWells.shp,unmeasured,43488220-4af8-3298-a10d-b55cfe2280d2,-9256.127164,271035.2584
2723,Point,0,1,0.0,,2723,,234,,,,,,,,,,,,0.0,1,1,G,USGS_gbHeatFlowWells.shp,unmeasured,e56d92fc-c9d6-34f9-a058-87c4313f9aa2,-13075.20795,266932.0036
2726,Point,0,1,0.0,,2726,,173,,,,,,,,,,,,0.0,1,1,G,USGS_gbHeatFlowWells.shp,Data release - assumed measured,c891389a-b9bc-313a-92ed-cd3918106a22,-183119.8681,270495.6454
2727,Point,0,1,0.0,,2727,,380,,,,,,,,,,,,0.0,1,1,G,USGS_gbHeatFlowWells.shp,Data release - assumed measured,c11f282c-ede9-3f9b-b65d-4b5d901b4e31,-188608.7186,271406.8512
2728,Point,0,1,0.0,,2728,,277,,,,,,,,,,,,0.0,1,1,G,USGS_gbHeatFlowWells.shp,Data release - assumed measured,3f4ecbe5-9331-38c2-b105-d9b51fe501f7,-187455.2323,273621.5191
2729,Point,0,1,0.0,,2729,,242,,,,,,,,,,,,0.0,1,1,G,USGS_gbHeatFlowWells.shp,Data release - assumed measured,74961294-3632-30c7-841a-26747eb479b9,-190805.4941,278855.8596
2730,Point,0,1,0.0,,2730,,380,,,,,,,,,,,,0.0,1,1,G,USGS_gbHeatFlowWells.shp,assumed measured,52f6dd94-bece-39e6-a2db-cdb5139cf2cb,-191431.0048,270352.6184
2731,Point,0,1,0.0,,2731,,346,,,,,,,,,,,,0.0,1,1,G,USGS_gbHeatFlowWells.shp,Data release - assumed measured,fce1e6d6-49e5-3232-ac58-2505229c1a6e,-186279.8815,273145.9295
2732,Point,0,1,0.0,,2732,,242,,,,,,,,,,,,0.0,1,1,G,USGS_gbHeatFlowWells.shp,Data release - assumed measured,162ae7e4-f291-3149-bc87-721cc8238821,-184932.409,272778.6382
2733,Point,0,1,0.0,,2733,,150,,,,,,,,,,,,0.0,1,1,G,USGS_gbHeatFlowWells.shp,assumed measured,0fb9ce6e-d9a9-34dd-90d7-9a58043c938a,-187352.9199,307016.3927
2734,Point,0,1,0.0,,2734,,2660,,,,,,,,,,,,0.0,1,1,G,USGS_gbHeatFlowWells.shp,assumed measured,94d55eb2-21ac-35f7-b1e8-5d0226f448da,-234602.7709,215025.2049
2735,Point,0,1,0.0,,2735,,748,,,,,,,,,,,,0.0,1,1,G,USGS_gbHeatFlowWells.shp,assumed measured,9f3e396d-8406-32f2-9715-6f87c5fae59d,-234747.8035,215029.4032
2736,Point,0,1,0.0,,2736,,380,,,,,,,,,,,,0.0,1,1,G,USGS_gbHeatFlowWells.shp,Data release - assumed measured,6dba990d-0a67-3abd-b888-fea68db05280,-187923.1357,271727.0653
2738,Point,0,1,0.0,,2738,,124,,,,,,,,,,,,0.0,1,1,G,USGS_gbHeatFlowWells.shp,assumed measured,4adf4304-4231-334d-b6df-55670d4ea7f5,-235310.0631,230932.5151
2739,Point,0,1,0.0,,2739,,229,,,,,,,,,,,,0.0,1,1,G,USGS_gbHeatFlowWells.shp,unmeasured,df01bf3b-a934-3d25-8426-0f564c3e0b20,-153419.5519,97997.36718
2741,Point,0,1,0.0,,2741,,2510,,,,,,,,,,,,0.0,1,1,G,USGS_gbHeatFlowWells.shp,known measured,f2cdd0c9-25a0-39ed-9359-78a8485615f9,-132491.5205,229135.0659
2742,Point,0,1,0.0,,2742,,147,,,,,,,,,,,,0.0,1,1,G,USGS_gbHeatFlowWells.shp,Data release - assumed measured,bb37af1d-0f99-34c6-9be8-221699a999bc,-50784.62122,340355.389
2743,Point,0,1,0.0,,2743,,134,,,,,,,,,,,,0.0,1,1,G,USGS_gbHeatFlowWells.shp,assumed measured,7218e4a2-e9d1-3950-a9aa-086287acbbc2,-60853.2246,345096.6083
2744,Point,0,1,0.0,,2744,,188,,,,,,,,,,,,0.0,1,1,G,USGS_gbHeatFlowWells.shp,Data release - assumed measured,7f2823bc-3a25-3088-b3fa-d62468de2cbf,-56510.88426,343048.5142
2746,Point,0,1,0.0,,2746,,2999,,,,,,,,,,,,0.0,1,1,G,USGS_gbHeatFlowWells.shp,assumed measured,ffbee2d2-4441-35c8-bd05-e080347b3b4e,-239406.8006,225816.8312
2747,Point,0,1,0.0,,2747,,358,,,,,,,,,,,,0.0,1,1,G,USGS_gbHeatFlowWells.shp,assumed measured,855a3269-7ee7-385d-9dd3-5545f1d760e6,-237992.5293,225775.1462
2748,Point,0,1,0.0,,2748,,1381,,,,,,,,,,,,0.0,1,1,G,USGS_gbHeatFlowWells.shp,assumed measured,8120680f-81db-3dda-86e5-091f05cba88a,-239406.8006,225816.8312
2749,Point,0,1,0.0,,2749,,1658,,,,,,,,,,,,0.0,1,1,G,USGS_gbHeatFlowWells.shp,assumed measured,56c357c7-bc73-39aa-84b1-7050b17949cb,-239406.8006,225816.8312
2750,Point,0,1,0.0,,2750,,754,,,,,,,,,,,,0.0,1,1,G,USGS_gbHeatFlowWells.shp,assumed measured,414759c4-c83f-318c-8d31-53fb105af5ab,-239406.8006,225816.8312
2751,Point,0,1,0.0,,2751,,4728,,,,,,,,,,,,0.0,1,1,G,USGS_gbHeatFlowWells.shp,assumed measured,7f78bfd5-8962-32c3-9202-cc15dda42c71,-234616.5905,215137.7245
2752,Point,0,1,0.0,,2752,,144,,,,,,,,,,,,0.0,1,1,G,USGS_gbHeatFlowWells.shp,Data release - assumed measured,923bb6c5-70b8-3f1d-88d6-6cad62c9d508,-8005.62215,341598.4376
2753,Point,0,1,0.0,,2753,,322,,,,,,,,,,,,0.0,1,1,G,USGS_gbHeatFlowWells.shp,Data release - assumed measured,6a9113d9-5fc1-30f4-8577-82fc825092c6,-234483.2928,212364.5508
2754,Point,0,1,0.0,,2754,,2189,,,,,,,,,,,,0.0,1,1,G,USGS_gbHeatFlowWells.shp,Data release - assumed measured,23ac5942-9b47-3d77-a2bc-fac13c40cd2a,-234790.2959,216510.5887
2755,Point,0,1,0.0,,2755,,163,,,,,,,,,,,,0.0,1,1,G,USGS_gbHeatFlowWells.shp,Data release - assumed measured,e8624aba-fa06-3cc1-9fb6-9c55ed1825f4,-233177.1258,213235.059
2757,Point,0,1,0.0,,2757,,306,,,,,,,,,,,,0.0,1,1,G,USGS_gbHeatFlowWells.shp,Data release - assumed measured,36e3e729-c008-3c50-b42a-f7f056f23352,-207132.3897,318855.2594
2758,Point,0,1,0.0,,2758,,573,,,,,,,,,,,,0.0,1,1,G,USGS_gbHeatFlowWells.shp,assumed measured,4295c239-c039-3d0d-bb58-7dcf94061caa,34299.03212,342553.4674
2759,Point,0,1,0.0,,2759,,1960,,,,,,,,,,,,0.0,1,1,G,USGS_gbHeatFlowWells.shp,assumed measured,43fd5622-aade-35e7-8389-eaf187b70d28,35386.68736,343443.1082
2760,Point,0,1,0.0,,2760,,363,,,,,,,,,,,,0.0,1,1,G,USGS_gbHeatFlowWells.shp,assumed measured,3d8fca75-b56f-35b8-b005-7f835181efd1,-155884.5483,231344.9883
2761,Point,0,1,0.0,,2761,,46,,,,,,,,,,,,0.0,1,1,G,USGS_gbHeatFlowWells.shp,assumed measured,241a7328-1311-32aa-9b0b-9ebacb18b603,-156447.6137,231736.9444
2762,Point,0,1,0.0,,2762,,1029,,,,,,,,,,,,0.0,1,1,G,USGS_gbHeatFlowWells.shp,assumed measured,d7946eaf-982a-3ab1-8e3d-0f7cf51c7dcb,-158952.0533,233444.6128
2763,Point,0,1,0.0,,2763,,166,,,,,,,,,,,,0.0,1,1,G,USGS_gbHeatFlowWells.shp,Data release - assumed measured,80e36b3f-b90a-3aff-a2b7-a451ac5b0ccb,-150804.315,248901.6409
2764,Point,0,1,0.0,,2764,,341,,,,,,,,,,,,0.0,1,1,G,USGS_gbHeatFlowWells.shp,unmeasured,5f372512-f00b-34fc-8ffa-42b99ee98367,-177600.2231,270932.4555
2765,Point,0,1,0.0,,2765,,228,,,,,,,,,,,,0.0,1,1,G,USGS_gbHeatFlowWells.shp,Data release - assumed measured,8e75ea45-75dc-3549-b40a-e52c843d0fa9,-147562.2248,291244.8701
2766,Point,0,1,0.0,,2766,,246,,,,,,,,,,,,0.0,1,1,G,USGS_gbHeatFlowWells.shp,assumed measured,efc5d8ee-caf8-3c4d-8cd6-e9e737ed3527,-146348.9781,288234.4253
2767,Point,0,1,0.0,,2767,,221,,,,,,,,,,,,0.0,1,1,G,USGS_gbHeatFlowWells.shp,Data release - assumed measured,71703ac5-1906-31b6-8d4a-5a0c7b603316,-145779.7873,280753.294
2768,Point,0,1,0.0,,2768,,183,,,,,,,,,,,,0.0,1,1,G,USGS_gbHeatFlowWells.shp,Data release - assumed measured,7fba4d38-e72b-36a3-8df4-809e3d9e2dfd,-142440.2395,325700.7137
2769,Point,0,1,0.0,,2769,,211,,,,,,,,,,,,0.0,1,1,G,USGS_gbHeatFlowWells.shp,Data release - assumed measured,3cefb122-b843-399a-85ab-c568ce547d82,-134754.125,298863.6646
2770,Point,0,1,0.0,,2770,,140,,,,,,,,,,,,0.0,1,1,G,USGS_gbHeatFlowWells.shp,unmeasured,1fda30fb-088d-38c4-9881-1c9a290d1487,-175408.9416,274246.7115
2771,Point,0,1,0.0,,2771,,142,,,,,,,,,,,,0.0,1,1,G,USGS_gbHeatFlowWells.shp,Data release - assumed measured,f956925a-561b-32ba-a0bf-a01ec56c148d,-182968.866,277138.4244
2772,Point,0,1,0.0,,2772,,138,,,,,,,,,,,,0.0,1,1,G,USGS_gbHeatFlowWells.shp,assumed measured,bc92737e-d285-32f4-bde1-37b55c66c353,-159663.8622,284939.1551
2773,Point,0,1,0.0,,2773,,143,,,,,,,,,,,,0.0,1,1,G,USGS_gbHeatFlowWells.shp,assumed measured,acbca782-b951-3572-9a16-3e343553b594,-149655.42,322471.1709
2774,Point,0,1,0.0,,2774,,183,,,,,,,,,,,,0.0,1,1,G,USGS_gbHeatFlowWells.shp,unmeasured,ec83841b-19a1-3016-b149-759bf758bae9,-143839.4839,286694.9972
2775,Point,0,1,0.0,,2775,,168,,,,,,,,,,,,0.0,1,1,G,USGS_gbHeatFlowWells.shp,unmeasured,273f29a0-2c6e-3df0-bbe1-716e06b75b46,-136312.607,306546.7243
2776,Point,0,1,0.0,,2776,,148,,,,,,,,,,,,0.0,1,1,G,USGS_gbHeatFlowWells.shp,unmeasured,5cf3cc53-47ec-375a-a26e-99f97f7e0221,-145626.1721,312499.6055
2777,Point,0,1,0.0,,2777,,121,,,,,,,,,,,,0.0,1,1,G,USGS_gbHeatFlowWells.shp,known measured,21413c15-6a96-38ed-8829-600ff1869575,-170414.2226,259210.8046
2778,Point,0,1,0.0,,2778,,222,,,,,,,,,,,,0.0,1,1,G,USGS_gbHeatFlowWells.shp,assumed measured,6b378ca7-37a0-336e-8227-27586579eb58,-57996.15053,45586.45116
2779,Point,0,1,0.0,,2779,,178,,,,,,,,,,,,0.0,1,1,G,USGS_gbHeatFlowWells.shp,unmeasured,e3b995bf-d049-3438-aff6-1e5fb7a17954,-156578.5391,98804.23101
2780,Point,0,1,0.0,,2780,,184,,,,,,,,,,,,0.0,1,1,G,USGS_gbHeatFlowWells.shp,Data release - assumed measured,188ea6fb-fece-37ff-add7-600007b2b34a,-78724.14155,286077.8512
2781,Point,0,1,0.0,,2781,,395,,,,,,,,,,,,0.0,1,1,G,USGS_gbHeatFlowWells.shp,known measured,9a91a1b0-f4be-3ca2-b641-9c0a274d15d7,-160149.9339,258462.543
2782,Point,0,1,0.0,,2782,,183,,,,,,,,,,,,0.0,1,1,G,USGS_gbHeatFlowWells.shp,Data release - assumed measured,567a639f-aa19-3261-930f-2209c1fd62c2,-144649.8573,312093.4978
2784,Point,0,1,0.0,,2784,,181,,,,,,,,,,,,0.0,1,1,G,USGS_gbHeatFlowWells.shp,Data release - assumed measured,a76b223f-375b-31df-8955-44dd9474a724,-147730.5516,314211.3562
2786,Point,0,1,0.0,,2786,,176,,,,,,,,,,,,0.0,1,1,G,USGS_gbHeatFlowWells.shp,Data release - assumed measured,3fcd1e6f-bb82-3f3a-971e-ee207e7c9db7,-177347.961,275970.3188
2787,Point,0,1,0.0,,2787,,139,,,,,,,,,,,,0.0,1,1,G,USGS_gbHeatFlowWells.shp,Data release - assumed measured,f8860967-eb3a-3883-9432-15303b0fe0a5,-184965.2458,282406.782
2789,Point,0,1,0.0,,2789,,130,,,,,,,,,,,,0.0,1,1,G,USGS_gbHeatFlowWells.shp,assumed measured,7dfe01a8-9380-3102-a33b-9f4130134351,-50742.63829,341676.8664
2790,Point,0,1,0.0,,2790,,226,,,,,,,,,,,,0.0,1,1,G,USGS_gbHeatFlowWells.shp,assumed measured,193a3570-6731-3b35-9bfd-1ecaf6c6c33c,-48395.93471,339500.4717
2791,Point,0,1,0.0,,2791,,272,,,,,,,,,,,,0.0,1,1,G,USGS_gbHeatFlowWells.shp,Data release - assumed measured,b8c2da63-2c12-390e-86e6-d74620963e93,-145798.9418,323072.2451
2792,Point,0,1,0.0,,2792,,142,,,,,,,,,,,,0.0,1,1,G,USGS_gbHeatFlowWells.shp,Data release - assumed measured,6465d061-cad2-3e72-a123-5533be482658,-120956.3474,289795.6399
2794,Point,0,1,0.0,,2794,,155,,,,,,,,,,,,0.0,1,1,G,USGS_gbHeatFlowWells.shp,unmeasured,427db02e-88a9-3561-afcf-f5580faca744,-61645.06278,353436.0979
2796,Point,0,1,0.0,,2796,,131,,,,,,,,,,,,0.0,1,1,G,USGS_gbHeatFlowWells.shp,Data release - assumed measured,df81a73b-80bb-3f12-afa5-b4736c1a1ca4,-162080.3153,311881.7298
2797,Point,0,1,0.0,,2797,,466,,,,,,,,,,,,0.0,1,1,G,USGS_gbHeatFlowWells.shp,Data release - assumed measured,9499b531-9ce9-3f03-a3b2-223c498ddc63,-154677.0682,316807.496
2798,Point,0,1,0.0,,2798,,134,,,,,,,,,,,,0.0,1,1,G,USGS_gbHeatFlowWells.shp,assumed measured,4925a1ab-b41a-3a4c-b72e-e7f0a44e7c0b,-55914.50729,343077.9278
2799,Point,0,1,0.0,,2799,,246,,,,,,,,,,,,0.0,1,1,G,USGS_gbHeatFlowWells.shp,Data release - assumed measured,76f3adec-118e-391e-91fb-6b2b4d2bbddf,-155063.4099,304085.9912
2800,Point,0,1,0.0,,2800,,121,,,,,,,,,,,,0.0,1,1,G,USGS_gbHeatFlowWells.shp,unmeasured,b12c732f-0f1d-3fd6-9d68-0f49dda4e8e4,-56019.26077,343705.9247
2801,Point,0,1,0.0,,2801,,161,,,,,,,,,,,,0.0,1,1,G,USGS_gbHeatFlowWells.shp,Data release - assumed measured,a4b08582-c67f-3270-8535-c36918feeedb,-143851.4299,271816.8665
2802,Point,0,1,0.0,,2802,,166,,,,,,,,,,,,0.0,1,1,G,USGS_gbHeatFlowWells.shp,Data release - assumed measured,74095b09-6ef5-3b07-8a09-84ec0273c9c7,-157251.2458,275619.9347
2803,Point,0,1,0.0,,2803,,125,,,,,,,,,,,,0.0,1,1,G,USGS_gbHeatFlowWells.shp,known measured,0c10ed7c-720e-37b5-a5cf-7ea58e8c2468,-148765.7491,186845.5711
2804,Point,0,1,0.0,,2804,,135,,,,,,,,,,,,0.0,1,1,G,USGS_gbHeatFlowWells.shp,assumed measured,f13e3cf6-d23b-35b0-b98c-b825c81a3a63,-145162.3834,212748.5413
2805,Point,0,1,0.0,,2805,,138,,,,,,,,,,,,0.0,1,1,G,USGS_gbHeatFlowWells.shp,assumed measured,edeb9298-a4eb-3003-96a8-44a3618e65fd,-145471.7726,219292.5563
2806,Point,0,1,0.0,,2806,,130,,,,,,,,,,,,0.0,1,1,G,USGS_gbHeatFlowWells.shp,known measured,f4b43c90-7f8e-36a1-86ce-180071835b37,-163876.3247,208994.8005
2807,Point,0,1,0.0,,2807,,132,,,,,,,,,,,,0.0,1,1,G,USGS_gbHeatFlowWells.shp,known measured,7aebd288-b5ec-3144-8c5d-9da386d70200,-162588.2346,209342.5467
2808,Point,0,1,0.0,,2808,,140,,,,,,,,,,,,0.0,1,1,G,USGS_gbHeatFlowWells.shp,unmeasured,63220682-1120-32ea-baa3-e4416479d703,-170412.1588,283478.7073
2809,Point,0,1,0.0,,2809,,527,,,,,,,,,,,,0.0,1,1,G,USGS_gbHeatFlowWells.shp,unmeasured,4b498fb9-7e11-3455-9f3b-27608b66efda,-187766.7665,271163.0172
2810,Point,0,1,0.0,,2810,,168,,,,,,,,,,,,0.0,1,1,G,USGS_gbHeatFlowWells.shp,unmeasured,f82dd237-4666-34bf-b75f-c9f1afce86eb,-180150.239,270615.4805
2811,Point,0,1,0.0,,2811,,128,,,,,,,,,,,,0.0,1,1,G,USGS_gbHeatFlowWells.shp,assumed measured,16934452-54d6-3799-813f-654b6d512072,-214434.0595,235210.4438
2812,Point,0,1,0.0,,2812,,622,,,,,,,,,,,,0.0,1,1,G,USGS_gbHeatFlowWells.shp,assumed measured,ddc8e19a-f421-39a1-991e-fc67ffd1cf29,-216439.6601,234516.4932
2813,Point,0,1,0.0,,2813,,138,,,,,,,,,,,,0.0,1,1,G,USGS_gbHeatFlowWells.shp,Data release - assumed measured,f153e769-2ed6-3e3e-ae6b-ff1b1c3b02b8,-213578.1507,235374.6395
2814,Point,0,1,0.0,,2814,,138,,,,,,,,,,,,0.0,1,1,G,USGS_gbHeatFlowWells.shp,Data release - assumed measured,55269a65-b035-36ba-8e6e-ed1671886d42,-215533.8795,236547.553
2815,Point,0,1,0.0,,2815,,176,,,,,,,,,,,,0.0,1,1,G,USGS_gbHeatFlowWells.shp,assumed measured,38803a05-4256-3883-a18e-db6b29ff9d4b,-213411.693,236304.4499
2816,Point,0,1,0.0,,2816,,167,,,,,,,,,,,,0.0,1,1,G,USGS_gbHeatFlowWells.shp,Data release - assumed measured,5f632ced-459e-361a-97db-4d6d05a81ab5,-13574.81692,265547.1247
2817,Point,0,1,0.0,,2817,,167,,,,,,,,,,,,0.0,1,1,G,USGS_gbHeatFlowWells.shp,Data release - assumed measured,91fc557b-baf0-3b46-8e66-fc9405c81b78,-13941.00475,264595.305
2818,Point,0,1,0.0,,2818,,134,,,,,,,,,,,,0.0,1,1,G,USGS_gbHeatFlowWells.shp,assumed measured,323fadcf-26c9-32c9-b562-62f39542700b,-14594.56954,264215.4789
2819,Point,0,1,0.0,,2819,,398,,,,,,,,,,,,0.0,1,1,G,USGS_gbHeatFlowWells.shp,assumed measured,a1eaf8e2-462b-3c98-b806-cfa93c794659,-12995.89454,267058.8758
2820,Point,0,1,0.0,,2820,,866,,,,,,,,,,,,0.0,1,1,G,USGS_gbHeatFlowWells.shp,assumed measured,039a0f99-36df-31c9-a4f2-282e628f53e3,-132209.0584,232347.1584
2821,Point,0,1,0.0,,2821,,315,,,,,,,,,,,,0.0,1,1,G,USGS_gbHeatFlowWells.shp,known measured,d356bb0e-338f-326f-bb28-da0c45ccd09a,-157734.7531,260858.2363
2822,Point,0,1,0.0,,2822,,105,,,,,,,,,,,,0.0,1,1,G,USGS_gbHeatFlowWells.shp,known measured,df98c8a2-2c3f-3bd9-b347-137e5299dbe8,-197544.128,355499.3288
2823,Point,0,1,0.0,,2823,,682,,,,,,,,,,,,0.0,1,1,G,USGS_gbHeatFlowWells.shp,assumed measured,8dca1705-94ce-397d-b6ec-10f472639217,-198941.8942,355623.7308
2824,Point,0,1,0.0,,2824,,144,,,,,,,,,,,,0.0,1,1,G,USGS_gbHeatFlowWells.shp,assumed measured,a4f99ba4-4e98-32df-b4d8-a21b0f2fcfce,-236485.7055,231527.3467
2830,Point,0,1,0.0,,2830,,145,,,,,,,,,,,,0.0,1,1,G,USGS_gbHeatFlowWells.shp,Data release - assumed measured,df0a88cc-bebc-3035-ab23-71fc1803885a,-227675.695,218568.6762
2831,Point,0,1,0.0,,2831,,1549,,,,,,,,,,,,0.0,1,1,G,USGS_gbHeatFlowWells.shp,Data release - assumed measured,2c88b743-1398-35f2-8063-ac2e30b05d11,-227733.3812,216514.8714
2832,Point,0,1,0.0,,2832,,734,,,,,,,,,,,,0.0,1,1,G,USGS_gbHeatFlowWells.shp,assumed measured,e4c2c4f6-e699-3e88-b82d-cf8307ee13b8,-187415.1708,144668.11
2833,Point,0,1,0.0,,2833,,183,,,,,,,,,,,,0.0,1,1,G,USGS_gbHeatFlowWells.shp,assumed measured,b0bc5d0c-80ef-3138-be94-3923a7f1ba02,-184120.7352,144406.455
2834,Point,0,1,0.0,,2834,,245,,,,,,,,,,,,0.0,1,1,G,USGS_gbHeatFlowWells.shp,assumed measured,f8c94ccd-3e8b-3f09-af1a-8af0cb8fc741,-185841.8033,144445.3635
2835,Point,0,1,0.0,,2835,,176,,,,,,,,,,,,0.0,1,1,G,USGS_gbHeatFlowWells.shp,assumed measured,bbfd1651-fd47-3786-a37c-39173250928e,-187712.4924,150467.4259
2836,Point,0,1,0.0,,2836,,275,,,,,,,,,,,,0.0,1,1,G,USGS_gbHeatFlowWells.shp,assumed measured,2e0b9cd0-9314-3a8f-877c-83d93b67b5bf,-184306.2127,142542.0966
2837,Point,0,1,0.0,,2837,,331,,,,,,,,,,,,0.0,1,1,G,USGS_gbHeatFlowWells.shp,assumed measured,3b61a750-162f-3a29-baac-5fe81f3d5074,-187577.7503,150090.6208
2839,Point,0,1,0.0,,2839,,375,,,,,,,,,,,,0.0,1,1,G,USGS_gbHeatFlowWells.shp,assumed measured,adcb78d0-dce2-3b7c-9455-90ff44f9f1ab,-153089.3734,100233.2999
2840,Point,0,1,0.0,,2840,,131,,,,,,,,,,,,0.0,1,1,G,USGS_gbHeatFlowWells.shp,Data release - assumed measured,f5928d9e-f579-3b68-b065-3eb478ba73da,-82707.49947,295933.0158
2841,Point,0,1,0.0,,2841,,123,,,,,,,,,,,,0.0,1,1,G,USGS_gbHeatFlowWells.shp,Data release - assumed measured,ff8afe6c-464b-3d9f-b175-baedb4d6bf77,-80508.37555,289479.3302
2842,Point,0,1,0.0,,2842,,257,,,,,,,,,,,,0.0,1,1,G,USGS_gbHeatFlowWells.shp,Data release - assumed measured,a7122d9e-c875-3c69-8293-6248868ca516,-90954.23557,243893.3588
2843,Point,0,1,0.0,,2843,,194,,,,,,,,,,,,0.0,1,1,G,USGS_gbHeatFlowWells.shp,Data release - assumed measured,9dc24c1d-990c-3c93-bec5-8b4464a2ec85,-87156.34683,259417.2401
2844,Point,0,1,0.0,,2844,,414,,,,,,,,,,,,0.0,1,1,G,USGS_gbHeatFlowWells.shp,Data release - assumed measured,839768d6-96b1-3ac0-aa4b-15f5c74a7bab,-72836.19158,277865.2331
2845,Point,0,1,0.0,,2845,,613,,,,,,,,,,,,0.0,1,1,G,USGS_gbHeatFlowWells.shp,assumed measured,0a335cba-8b19-3903-8110-35a2f0ce563c,-60298.6706,280137.0525
2846,Point,0,1,0.0,,2846,,775,,,,,,,,,,,,0.0,1,1,G,USGS_gbHeatFlowWells.shp,unmeasured,9d00b830-095f-3470-adb1-2dfdac65aa90,-77212.10172,274421.183
2847,Point,0,1,0.0,,2847,,121,,,,,,,,,,,,0.0,1,1,G,USGS_gbHeatFlowWells.shp,unmeasured,6f99f5a4-79f8-37b8-b172-e219499e0548,-74788.15011,275518.8321
2848,Point,0,1,0.0,,2848,,335,,,,,,,,,,,,0.0,1,1,G,USGS_gbHeatFlowWells.shp,assumed measured,2a7f696a-fe1a-3554-9e12-4d47dce8570a,-71753.35967,278729.5077
2849,Point,0,1,0.0,,2849,,508,,,,,,,,,,,,0.0,1,1,G,USGS_gbHeatFlowWells.shp,Data release - assumed measured,f4c1a725-a050-30f1-be0e-a2844baf256b,-85184.30471,232479.3411
2850,Point,0,1,0.0,,2850,,250,,,,,,,,,,,,0.0,1,1,G,USGS_gbHeatFlowWells.shp,Data release - assumed measured,83d592f4-5ac6-393d-bb33-fe82b673bd41,-105435.8398,258594.8745
2851,Point,0,1,0.0,,2851,,346,,,,,,,,,,,,0.0,1,1,G,USGS_gbHeatFlowWells.shp,Data release - assumed measured,e65e9a26-9da9-3f3f-81ef-d91be7889927,-107823.772,217550.1272
2852,Point,0,1,0.0,,2852,,191,,,,,,,,,,,,0.0,1,1,G,USGS_gbHeatFlowWells.shp,Data release - assumed measured,e3698c8a-7195-3ed3-9542-fa94cb9fb0ae,-108176.5875,217958.3097
2853,Point,0,1,0.0,,2853,,269,,,,,,,,,,,,0.0,1,1,G,USGS_gbHeatFlowWells.shp,Data release - assumed measured,c0a6a0fe-f88a-3e5c-bdd0-f6679d50c40c,-107685.8793,216371.463
2854,Point,0,1,0.0,,2854,,407,,,,,,,,,,,,0.0,1,1,G,USGS_gbHeatFlowWells.shp,Data release - assumed measured,5b35d244-3823-3436-9512-2fba9ba0cddc,-105993.1285,215340.4534
2855,Point,0,1,0.0,,2855,,247,,,,,,,,,,,,0.0,1,1,G,USGS_gbHeatFlowWells.shp,Data release - assumed measured,2a19f30b-3d96-39e0-9f0b-6439e73fae57,-105911.0399,213131.4041
2856,Point,0,1,0.0,,2856,,279,,,,,,,,,,,,0.0,1,1,G,USGS_gbHeatFlowWells.shp,Data release - assumed measured,081bf114-bd05-30f7-980e-fd875168942d,-106368.3072,214056.4505
2857,Point,0,1,0.0,,2857,,195,,,,,,,,,,,,0.0,1,1,G,USGS_gbHeatFlowWells.shp,Data release - assumed measured,37c9a2cb-ac87-3ef9-8832-c4b1aab8b2e7,-106938.0684,213559.576
2858,Point,0,1,0.0,,2858,,95,,,,,,,,,,,,0.0,1,1,G,USGS_gbHeatFlowWells.shp,Data release - assumed measured,cab72a72-30b8-327f-afd8-2a90f000f10e,-107294.6203,215637.7561
2859,Point,0,1,0.0,,2859,,216,,,,,,,,,,,,0.0,1,1,G,USGS_gbHeatFlowWells.shp,Data release - assumed measured,8d607a49-a5c7-30b6-a7c9-b2c5a7c3a466,-106744.8806,214621.7863
2860,Point,0,1,0.0,,2860,,375,,,,,,,,,,,,0.0,1,1,G,USGS_gbHeatFlowWells.shp,Data release - assumed measured,6208926a-d73b-3ba3-bbe1-04752022a6df,-97577.82211,230432.3791
2861,Point,0,1,0.0,,2861,,436,,,,,,,,,,,,0.0,1,1,B,USGS_gbHeatFlowWells.shp,assumed measured,24f0b713-d141-306b-ae37-7e2e13141a19,-97851.72231,225381.1324
2862,Point,0,1,0.0,,2862,,121,,,,,,,,,,,,0.0,1,1,G,USGS_gbHeatFlowWells.shp,Data release - assumed measured,65e0619e-c9fb-38a5-804e-62549dcc9269,-97789.10587,226333.0172
2863,Point,0,1,0.0,,2863,,145,,,,,,,,,,,,0.0,1,1,G,USGS_gbHeatFlowWells.shp,Data release - assumed measured,a7bdd65a-57f1-3c6a-9e94-aebc03a18467,-95409.34497,226551.2118
2864,Point,0,1,0.0,,2864,,130,,,,,,,,,,,,0.0,1,1,G,USGS_gbHeatFlowWells.shp,Data release - assumed measured,d33f54a0-9336-32b3-98bd-d7bbd78376f2,-98667.70078,220650.2107
2865,Point,0,1,0.0,,2865,,218,,,,,,,,,,,,0.0,1,1,G,USGS_gbHeatFlowWells.shp,Data release - assumed measured,b1ce7750-64ac-309d-8a73-033cae86d70a,-99377.23299,227450.663
2866,Point,0,1,0.0,,2866,,184,,,,,,,,,,,,0.0,1,1,G,USGS_gbHeatFlowWells.shp,Data release - assumed measured,6033dd58-7f28-3b21-ab23-d84f1a50e1aa,-98660.11076,226175.4586
2867,Point,0,1,0.0,,2867,,26,,,,,,,,,,,,0.0,1,1,G,USGS_gbHeatFlowWells.shp,Data release - assumed measured,dac91dc9-e25f-3534-b5af-da344c4d9661,-96869.18949,224170.1167
2868,Point,0,1,0.0,,2868,,247,,,,,,,,,,,,0.0,1,1,C,USGS_gbHeatFlowWells.shp,Data release - assumed measured,76299b7d-08fd-334a-8bcd-0ba3ecaf3b84,-133007.3612,204395.2071
2869,Point,0,1,0.0,,2869,,117,,,,,,,,,,,,0.0,1,1,A,USGS_gbHeatFlowWells.shp,A quality,9ba6ef5c-8ad1-3a95-b784-c8f6bc6b3c25,-128773.6911,212733.4504
2870,Point,0,1,0.0,,2870,,3038,,,,,,,,,,,,0.0,1,1,C,USGS_gbHeatFlowWells.shp,Data release - assumed measured,d54f8ce3-2578-3799-bbe5-5a260251ec72,-134635.8924,209241.8121
2871,Point,0,1,0.0,,2871,,151,,,,,,,,,,,,0.0,1,1,B,USGS_gbHeatFlowWells.shp,Data release - assumed measured,0bcc0f02-a819-391a-86bd-5b14c637b867,-137682.6477,210862.1449
2872,Point,0,1,0.0,,2872,,866,,,,,,,,,,,,0.0,1,1,B,USGS_gbHeatFlowWells.shp,Data release - assumed measured,c568151c-9e06-3076-8a06-0fb0bc20922d,-133554.8933,202274.5017
2873,Point,0,1,0.0,,2873,,54,,,,,,,,,,,,0.0,1,1,A,USGS_gbHeatFlowWells.shp,A quality,533d9593-a02b-3cf7-9347-bfd017cf40a8,-123138.3914,195945.1643
2874,Point,0,1,0.0,,2874,,67,,,,,,,,,,,,0.0,1,1,A,USGS_gbHeatFlowWells.shp,A quality,0f58616e-2ce7-3cd2-a286-e02ccd1771f4,-120353.8988,199154.0032
2875,Point,0,1,0.0,,2875,,105,,,,,,,,,,,,0.0,1,1,A,USGS_gbHeatFlowWells.shp,A quality,6dde4c66-b04a-3913-a186-68a1b9e4ae5f,-139293.9925,206518.1883
2876,Point,0,1,0.0,,2876,,4774,,,,,,,,,,,,0.0,1,1,C,USGS_gbHeatFlowWells.shp,Data release - assumed measured,8321a24c-e48c-3dae-a5e8-302c5e3f0633,-135259.6267,207682.9571
2877,Point,0,1,0.0,,2877,,3305,,,,,,,,,,,,0.0,1,1,C,USGS_gbHeatFlowWells.shp,Data release - assumed measured,077ddf27-9bff-3566-82fb-43009fd98e01,-134715.8052,204423.3571
2878,Point,0,1,0.0,,2878,,100,,,,,,,,,,,,0.0,1,1,B,USGS_gbHeatFlowWells.shp,known measured,7920c37b-3f3a-326e-a501-f9d75dd67619,-88787.83428,239879.662
2879,Point,0,1,0.0,,2879,,111,,,,,,,,,,,,0.0,1,1,B,USGS_gbHeatFlowWells.shp,known measured,0319672f-d8d9-37af-814a-b319f97f427f,-88600.88889,243743.9511
2880,Point,0,1,0.0,,2880,,193,,,,,,,,,,,,0.0,1,1,B,USGS_gbHeatFlowWells.shp,assumed measured,a0d3cdcc-6451-3af7-8f1d-7a56acaa02f4,-72723.99372,276790.7759
2881,Point,0,1,0.0,,2881,,658,,,,,,,,,,,,0.0,1,1,G,USGS_gbHeatFlowWells.shp,assumed measured,6f7ae57a-9686-347d-bd12-ce86fdffe695,-105638.5235,346079.7597
2882,Point,0,1,0.0,,2882,,57,,,,,,,,,,,,0.0,1,1,A,USGS_gbHeatFlowWells.shp,A quality,c2842887-9e56-324e-a328-ff784bafa095,-105594.1036,338013.6343
2883,Point,0,1,0.0,,2883,,71,,,,,,,,,,,,0.0,1,1,A,USGS_gbHeatFlowWells.shp,A quality,b3b0cfd9-2962-3755-92c9-a52b220d98fa,-104387.1347,338423.4525
2884,Point,0,1,0.0,,2884,,10,,,,,,,,,,,,0.0,1,1,C,USGS_gbHeatFlowWells.shp,Data release - assumed measured,dd158145-8fd9-38ba-ab52-0afc841f7511,-102729.5755,344473.5012
2885,Point,0,1,0.0,,2885,,766,,,,,,,,,,,,0.0,1,1,G,USGS_gbHeatFlowWells.shp,Data release - assumed measured,2dccdb47-3023-345b-b9fd-0af3f3fdb1ae,-105647.4847,344769.2547
2886,Point,0,1,0.0,,2886,,41,,,,,,,,,,,,0.0,1,1,X,USGS_gbHeatFlowWells.shp,X quality,3ec9d7bd-824d-31db-b3a4-97e3059239c3,37045.11518,331655.5933
2887,Point,0,1,0.0,,2887,,225,,,,,,,,,,,,0.0,1,1,G,USGS_gbHeatFlowWells.shp,Data release - assumed measured,1443aa5d-977b-3c7a-9fe9-c38a6bc35618,46535.55998,314812.1917
2891,Point,0,1,0.0,,2891,,145,,,,,,,,,,,,0.0,1,1,G,USGS_gbHeatFlowWells.shp,Data release - assumed measured,96e05424-8384-3de1-bf49-c64637003e21,34134.62163,345644.2153
2892,Point,0,1,0.0,,2892,,25,,,,,,,,,,,,0.0,1,1,D,USGS_gbHeatFlowWells.shp,Data release - assumed measured,fc89790d-52e2-3b75-a45a-9579b1ef1806,32590.19571,345637.7446
2893,Point,0,1,0.0,,2893,,260,,,,,,,,,,,,0.0,1,1,G,USGS_gbHeatFlowWells.shp,Data release - assumed measured,e794572a-c222-3bf6-9468-0856a4c5ba2b,32785.74509,342995.1304
2894,Point,0,1,0.0,,2894,,401,,,,,,,,,,,,0.0,1,1,G,USGS_gbHeatFlowWells.shp,Data release - assumed measured,c4ccf2b9-ac2c-346c-8bf4-0dd857956873,-72547.78513,277929.8583
2895,Point,0,1,0.0,,2895,,48,,,,,,,,,,,,0.0,1,1,D,USGS_gbHeatFlowWells.shp,Data release - assumed measured,e7182fde-4013-32b0-82a1-ba01a5173170,-58245.76411,341190.3536
2896,Point,0,1,0.0,,2896,,258,,,,,,,,,,,,0.0,1,1,G,USGS_gbHeatFlowWells.shp,Data release - assumed measured,9f7a7a58-4a31-3177-9d2a-5f09588e7cef,-163004.291,255415.1303
2897,Point,0,1,0.0,,2897,,295,,,,,,,,,,,,0.0,1,1,G,USGS_gbHeatFlowWells.shp,Data release - assumed measured,54ad9607-1280-32de-85de-fddded6a6707,-173667.0069,31274.58055
2898,Point,0,1,0.0,,2898,,310,,,,,,,,,,,,0.0,1,1,G,USGS_gbHeatFlowWells.shp,Data release - assumed measured,8e241a76-f4f9-3e8f-bc0f-3ae42257b727,-158187.8385,232028.564
2899,Point,0,1,0.0,,2899,,828,,,,,,,,,,,,0.0,1,1,G,USGS_gbHeatFlowWells.shp,Data release - assumed measured,a17e0954-1d2e-373c-b99c-eb6393bc2619,-158237.1369,232556.3315
2900,Point,0,1,0.0,,2900,,321,,,,,,,,,,,,0.0,1,1,G,USGS_gbHeatFlowWells.shp,Data release - assumed measured,4c22e9dd-3fc3-3784-ae0b-731ff0c293ae,-157939.7466,235139.7104
2901,Point,0,1,0.0,,2901,,112,,,,,,,,,,,,0.0,1,1,G,USGS_gbHeatFlowWells.shp,Data release - assumed measured,51ef83a5-3f8c-3722-9654-032b03fe692d,-197368.595,359875.5461
2902,Point,0,1,0.0,,2902,,401,,,,,,,,,,,,0.0,1,1,G,USGS_gbHeatFlowWells.shp,Data release - assumed measured,c9bfdf55-88de-37a6-8637-22255dd301b0,-198939.6587,355041.0741
2903,Point,0,1,0.0,,2903,,163,,,,,,,,,,,,0.0,1,1,X,USGS_gbHeatFlowWells.shp,X quality,e302a449-1682-31ad-ad52-06815fdbfad0,-203112.7698,356210.6947
2915,Point,0,1,0.0,,2915,,210,,,,,,,,,,,,0.0,1,1,G,USGS_gbHeatFlowWells.shp,Data release - assumed measured,d2666562-eafd-3cca-9782-2d4dfe1e78ce,-8708.581528,304856.126
2916,Point,0,1,0.0,,2916,,100,,,,,,,,,,,,0.0,1,1,A,USGS_gbHeatFlowWells.shp,A quality,fc4ee6e0-b11a-35ea-874c-4630f214a6db,70932.55738,257141.9248
2918,Point,0,1,0.0,,2918,,12,,,,,,,,,,,,0.0,1,1,D,USGS_gbHeatFlowWells.shp,Data release - assumed measured,80c0d764-4709-3de2-9c7b-699016dd3f28,-18696.47253,217135.5999
2919,Point,0,1,0.0,,2919,,115,,,,,,,,,,,,0.0,1,1,G,USGS_gbHeatFlowWells.shp,Data release - assumed measured,cb3c7115-dca2-3e26-b3ed-002d0589a387,-25369.92558,210429.4168
2920,Point,0,1,0.0,,2920,,90,,,,,,,,,,,,0.0,1,1,D,USGS_gbHeatFlowWells.shp,Data release - assumed measured,60a0e401-7d7b-3356-ac85-0abe42c9ddfe,-21139.47248,199243.6416
2921,Point,0,1,0.0,,2921,,121,,,,,,,,,,,,0.0,1,1,D,USGS_gbHeatFlowWells.shp,Data release - assumed measured,3b503522-e937-3805-8de3-f3bfee1cebdc,-10858.75567,126090.8015
2922,Point,0,1,0.0,,2922,,117,,,,,,,,,,,,0.0,1,1,D,USGS_gbHeatFlowWells.shp,Data release - assumed measured,eeacbace-0378-39f7-a793-4eadcaaf8370,-7093.31203,132027.1885
2923,Point,0,1,0.0,,2923,,135,,,,,,,,,,,,0.0,1,1,D,USGS_gbHeatFlowWells.shp,assumed measured,f400f40a-8155-3339-9936-dc7369adbf0b,-9726.123887,229738.7664
2924,Point,0,1,0.0,,2924,,48,,,,,,,,,,,,0.0,1,1,C,USGS_gbHeatFlowWells.shp,Data release - assumed measured,ebadeccc-1825-3613-b2f2-80aa7d4edd42,12482.12154,163652.4645
2926,Point,0,1,0.0,,2926,,298,,,,,,,,,,,,0.0,1,1,G,USGS_gbHeatFlowWells.shp,Data release - assumed measured,cb0543b1-63a4-3729-b62c-f2e255a94017,-12263.94811,269029.8266
2927,Point,0,1,0.0,,2927,,404,,,,,,,,,,,,0.0,1,1,G,USGS_gbHeatFlowWells.shp,Data release - assumed measured,0ca9733d-11e4-318a-8e09-bc9193d83c34,-13063.93944,266913.3173
2928,Point,0,1,0.0,,2928,,132,,,,,,,,,,,,0.0,1,1,D,USGS_gbHeatFlowWells.shp,Data release - assumed measured,2ad7c5e4-4af4-39b4-ada3-c1476e0596b9,-50040.04965,248926.9229
2929,Point,0,1,0.0,,2929,,50,,,,,,,,,,,,0.0,1,1,D,USGS_gbHeatFlowWells.shp,assumed measured,11e95fcc-3871-3086-936c-a6eef4749188,-103605.7208,301811.2231
2930,Point,0,1,0.0,,2930,,121,,,,,,,,,,,,0.0,1,1,C,USGS_gbHeatFlowWells.shp,Data release - assumed measured,a2ebe550-781a-33e7-8c2d-6ae2b664e98d,-209960.5588,224035.9226
2931,Point,0,1,0.0,,2931,,63,,,,,,,,,,,,0.0,1,1,C,USGS_gbHeatFlowWells.shp,Data release - assumed measured,904bbd4b-181d-3759-8d6c-db79132c7f66,-228051.7502,181572.5997
2932,Point,0,1,0.0,,2932,,58,,,,,,,,,,,,0.0,1,1,D,USGS_gbHeatFlowWells.shp,Data release - assumed measured,7d628908-3850-353e-8907-2ef5d306825f,-32925.0902,40192.47873
2933,Point,0,1,0.0,,2933,,109,,,,,,,,,,,,0.0,1,1,C,USGS_gbHeatFlowWells.shp,Data release - assumed measured,f9764afa-713f-31a9-8624-24d1f54499d7,-161537.5274,292884.5563
2934,Point,0,1,0.0,,2934,,191,,,,,,,,,,,,0.0,1,1,G,USGS_gbHeatFlowWells.shp,Data release - assumed measured,eef66418-b5a4-329a-ad0b-3e50d7bdefae,-170631.009,278212.2965
2935,Point,0,1,0.0,,2935,,44,,,,,,,,,,,,0.0,1,1,B,USGS_gbHeatFlowWells.shp,Data release - assumed measured,168088fd-b664-3e81-b625-8b1cccfe3b7f,-114173.8827,310727.5649
2936,Point,0,1,0.0,,2936,,81,,,,,,,,,,,,0.0,1,1,B,USGS_gbHeatFlowWells.shp,Data release - assumed measured,2cc4e8fe-1873-333e-92c2-384e25dbfdfd,-169531.2146,177621.9785
2940,Point,0,1,0.0,,2940,,142,,,,,,,,,,,,0.0,1,1,G,USGS_gbHeatFlowWells.shp,Data release - assumed measured,8579270a-7ab0-3d7a-ab1b-e8fd2d55a4d8,-143278.5068,324640.1106
2941,Point,0,1,0.0,,2941,,141,,,,,,,,,,,,0.0,1,1,G,USGS_gbHeatFlowWells.shp,Data release - assumed measured,56b6cfed-feaf-34f1-8e3f-636d29a5a7b1,-239676.0213,257799.0165
2942,Point,0,1,0.0,,2942,,33,,,,,,,,,,,,0.0,1,1,D,USGS_gbHeatFlowWells.shp,Data release - assumed measured,a9b84c8e-3d5d-379d-9732-ff2c0f11472d,-229036.8365,257400.2789
2943,Point,0,1,0.0,,2943,,100,,,,,,,,,,,,0.0,1,1,G,USGS_gbHeatFlowWells.shp,Data release - assumed measured,160b1ccd-90be-3841-a20b-987399a0c1bb,-85290.05037,361639.8325
2944,Point,0,1,0.0,,2944,,143,,,,,,,,,,,,0.0,1,1,G,USGS_gbHeatFlowWells.shp,Data release - assumed measured,87ee8fb4-1dca-3fd8-b498-4daef5933d1a,-60357.65061,177248.1651
2945,Point,0,1,0.0,,2945,,136,,,,,,,,,,,,0.0,1,1,G,USGS_gbHeatFlowWells.shp,Data release - assumed measured,b83b3054-c121-3aef-9e4c-57dcdf64013c,-71159.99212,-8892.290871
2946,Point,0,1,0.0,,2946,,50,,,,,,,,,,,,0.0,1,1,X,USGS_gbHeatFlowWells.shp,X quality,a53d4c77-e875-3b4c-a4d4-9428056c2aac,-85291.12779,13531.81823
2947,Point,0,1,0.0,,2947,,130,,,,,,,,,,,,0.0,1,1,G,USGS_gbHeatFlowWells.shp,Data release - assumed measured,49c746f5-8146-30f4-afe7-73aa12b33174,-174291.4468,270288.594
2948,Point,0,1,0.0,,2948,,27,,,,,,,,,,,,0.0,1,1,X,USGS_gbHeatFlowWells.shp,X quality,842500eb-e8bb-3113-b769-64924008bae9,-133017.2049,278253.6167
2949,Point,0,1,0.0,,2949,,86,,,,,,,,,,,,0.0,1,1,B,USGS_gbHeatFlowWells.shp,Data release - assumed measured,0d51b572-563c-3bab-9959-02ff4d0f1d88,-92618.73756,85905.59802
2956,Point,0,1,0.0,,2956,,121,,,,,,,,,,,,0.0,1,1,D,USGS_gbHeatFlowWells.shp,Data release - assumed measured,3299fc2c-ab35-39db-95d3-c9e0dbed5b09,-208067.0744,321154.3805
2957,Point,0,1,0.0,,2957,,104,,,,,,,,,,,,0.0,1,1,G,USGS_gbHeatFlowWells.shp,Data release - assumed measured,e2f584a5-d8a2-3d87-8747-8d01e712d141,-48801.78196,341821.6029
2960,Point,0,1,0.0,,2960,,84,,,,,,,,,,,,0.0,1,1,C,USGS_gbHeatFlowWells.shp,Data release - assumed measured,0a3c394d-daa6-3f30-805b-b81d533e99aa,-86624.1828,347552.422
2968,Point,0,1,0.0,,2968,,213,,,,,,,,,,,,0.0,1,1,C,USGS_gbHeatFlowWells.shp,Data release - assumed measured,fb2b20a9-d289-3e25-afd4-c8c4d0a309a1,-60866.12511,46167.4346
2969,Point,0,1,0.0,,2969,,185,,,,,,,,,,,,0.0,1,1,B,USGS_gbHeatFlowWells.shp,Data release - assumed measured,a12bf656-52e6-34ef-b385-ffef9391ae31,-59709.74884,49521.49093
2970,Point,0,1,0.0,,2970,,77,,,,,,,,,,,,0.0,1,1,B,USGS_gbHeatFlowWells.shp,Data release - assumed measured,7c97a595-b447-37c7-9824-0461e6f8a9ac,-54503.55755,46907.72634
2971,Point,0,1,0.0,,2971,,334,,,,,,,,,,,,0.0,1,1,B,USGS_gbHeatFlowWells.shp,Data release - assumed measured,ce064d83-9ca9-3a1b-a269-f45c50e16c07,-84140.80858,33840.1766
2972,Point,0,1,0.0,,2972,,283,,,,,,,,,,,,0.0,1,1,A,USGS_gbHeatFlowWells.shp,A quality,22d3cc69-053e-36a3-a787-f97d6ef3b5c1,-77027.18613,40921.92257
2973,Point,0,1,0.0,,2973,,185,,,,,,,,,,,,0.0,1,1,B,USGS_gbHeatFlowWells.shp,Data release - assumed measured,8dae405a-138b-3129-8490-25e135d4e763,-79866.05678,42058.40325
2974,Point,0,1,0.0,,2974,,304,,,,,,,,,,,,0.0,1,1,A,USGS_gbHeatFlowWells.shp,A quality,b924efdc-3c4e-3458-b5cb-ff8e7f7e9cea,-76918.78722,40394.12791
2975,Point,0,1,0.0,,2975,,135,,,,,,,,,,,,0.0,1,1,B,USGS_gbHeatFlowWells.shp,Data release - assumed measured,ae28f24a-37eb-3d51-80e9-b82c5730334a,-55116.29284,67333.32626
2976,Point,0,1,0.0,,2976,,148,,,,,,,,,,,,0.0,1,1,B,USGS_gbHeatFlowWells.shp,Data release - assumed measured,98548f8a-e7af-38df-9d15-c76191249f7d,-55421.74978,67122.40683
2977,Point,0,1,0.0,,2977,,217,,,,,,,,,,,,0.0,1,1,A,USGS_gbHeatFlowWells.shp,A quality,36c06c87-f9b0-37f2-8550-6923b7fdf155,-43643.57276,37114.91904
2978,Point,0,1,0.0,,2978,,128,,,,,,,,,,,,0.0,1,1,C,USGS_gbHeatFlowWells.shp,Data release - assumed measured,be48bd48-1323-39c3-9ea9-d342f22a6362,-49233.5616,35408.96205
3582,Point,0,1,0.0,,3582,,84,,,,,,,,,,,,0.0,1,1,C,USGS_gbHeatFlowWells.shp,known measured,4e5c676e-8c6e-3fb3-bb50-23af841adc77,-134016.9913,21616.99926
3637,Point,0,1,0.0,,3637,,79,,,,,,,,,,,,0.0,1,1,A,USGS_gbHeatFlowWells.shp,A quality,9ae1b31d-cebb-3392-bb19-dec7d4a24c60,-141067.9623,18001.19769
4070,Point,0,1,0.0,,4070,,51,,,,,,,,,,,,0.0,1,1,A,USGS_gbHeatFlowWells.shp,A quality,115a6fb9-c36e-3ffe-9471-e7cbd2a3a426,-56193.36336,262821.508
4071,Point,0,1,0.0,,4071,,80,,,,,,,,,,,,0.0,1,1,A,USGS_gbHeatFlowWells.shp,A quality,6a8ff3ad-0f0f-3f24-9b19-df3ee7cf072c,32150.83128,342197.2641
4072,Point,0,1,0.0,,4072,,584,,,,,,,,,,,,0.0,1,1,G,USGS_gbHeatFlowWells.shp,assumed measured,4fd458f6-55f4-30b5-8997-e872192c470f,34132.76371,343151.0086
4074,Point,0,1,0.0,,4074,,86,,,,,,,,,,,,0.0,1,1,A,USGS_gbHeatFlowWells.shp,A quality,32c6347d-870c-35d3-bbd3-5d0c6ce4adf8,-19669.76938,341820.1502
4077,Point,0,1,0.0,,4077,,96,,,,,,,,,,,,0.0,1,1,A,USGS_gbHeatFlowWells.shp,A quality,f4003278-0369-3592-a101-fd2748eaebbb,-47767.38704,82318.16813
4078,Point,0,1,0.0,,4078,,48,,,,,,,,,,,,0.0,1,1,A,USGS_gbHeatFlowWells.shp,A quality,35f22040-5eea-3269-8064-fb4cae242d18,-236493.3653,154723.2652
4079,Point,0,1,0.0,,4079,,76,,,,,,,,,,,,0.0,1,1,A,USGS_gbHeatFlowWells.shp,A quality,f97d96ec-1bf1-3b2b-9939-b7ceb5414896,-198432.4888,351824.1452
4080,Point,0,1,0.0,,4080,,146,,,,,,,,,,,,0.0,1,1,A,USGS_gbHeatFlowWells.shp,A quality,8e555e9c-3856-33dc-a602-ba5a658a3f5b,-8475.684516,341800.5323
4081,Point,0,1,0.0,,4081,,84,,,,,,,,,,,,0.0,1,1,A,USGS_gbHeatFlowWells.shp,A quality,9bffeb2c-4e0b-37c7-85eb-f75d89bee5b4,31400.84678,164443.2861
4082,Point,0,1,0.0,,4082,,83,,,,,,,,,,,,0.0,1,1,A,USGS_gbHeatFlowWells.shp,A quality,5c1091a0-b1a2-3285-8ad9-e2d52b767f24,-75141.97966,91870.24945
4084,Point,0,1,0.0,,4084,,70,,,,,,,,,,,,0.0,1,1,A,USGS_gbHeatFlowWells.shp,A quality,57132bac-883b-3c46-9c3c-42b82a8a7e88,-44829.21778,91649.63178
4085,Point,0,1,0.0,,4085,,79,,,,,,,,,,,,0.0,1,1,A,USGS_gbHeatFlowWells.shp,A quality,0ecfe2fe-43d9-3bcd-a150-e14fc74c1c47,-140311.579,163715.786
4087,Point,0,1,0.0,,4087,,59,,,,,,,,,,,,0.0,1,1,A,USGS_gbHeatFlowWells.shp,A quality,f325954e-f6e8-3d38-bf8c-eec420334247,57192.86579,158979.3837
4088,Point,0,1,0.0,,4088,,78,,,,,,,,,,,,0.0,1,1,A,USGS_gbHeatFlowWells.shp,A quality,a1727e91-c5ef-30d5-a9cf-4ccfbb9cc878,-177558.3555,162568.8137
4089,Point,0,1,0.0,,4089,,91,,,,,,,,,,,,0.0,1,1,A,USGS_gbHeatFlowWells.shp,A quality,bfd2ad96-d7af-3d6b-b543-eec021c7ef64,-120452.8488,307558.9927
4090,Point,0,1,0.0,,4090,,98,,,,,,,,,,,,0.0,1,1,A,USGS_gbHeatFlowWells.shp,A quality,44e12827-8fe8-36e4-ac1d-6d2839d35af7,-113219.174,312652.3126
4091,Point,0,1,0.0,,4091,,67,,,,,,,,,,,,0.0,1,1,A,USGS_gbHeatFlowWells.shp,A quality,da222f24-a3eb-33ca-aefc-82eabb93eea7,-41667.03592,256443.4093
4092,Point,0,1,0.0,,4092,,100,,,,,,,,,,,,0.0,1,1,A,USGS_gbHeatFlowWells.shp,A quality,00651ecf-da8c-3907-90d7-2573b394a36b,-204700.888,331533.7962
4093,Point,0,1,0.0,,4093,,84,,,,,,,,,,,,0.0,1,1,A,USGS_gbHeatFlowWells.shp,A quality,7620d265-0546-337d-af58-9d201e727405,-43327.49702,250692.3417
4094,Point,0,1,0.0,,4094,,94,,,,,,,,,,,,0.0,1,1,A,USGS_gbHeatFlowWells.shp,A quality,b5922315-7597-39c7-aa20-ed4548eaf6e0,35716.24225,342974.1396
4095,Point,0,1,0.0,,4095,,47,,,,,,,,,,,,0.0,1,1,A,USGS_gbHeatFlowWells.shp,A quality,1b8082e2-c5f8-3876-ac15-f050a69b2abe,-132410.8393,230422.6827
4096,Point,0,1,0.0,,4096,,79,,,,,,,,,,,,0.0,1,1,A,USGS_gbHeatFlowWells.shp,A quality,8a2538b8-4abb-31b9-ab34-317b9439d327,-153150.9301,201050.9524
4097,Point,0,1,0.0,,4097,,102,,,,,,,,,,,,0.0,1,1,A,USGS_gbHeatFlowWells.shp,A quality,c99fd9a6-ac90-3e71-9701-b1730e0b7fc6,-85430.68601,47193.18619
4098,Point,0,1,0.0,,4098,,96,,,,,,,,,,,,0.0,1,1,A,USGS_gbHeatFlowWells.shp,A quality,6470fbba-849f-353e-b295-2201f98f9be1,40070.66163,343655.7211
4100,Point,0,1,0.0,,4100,,92,,,,,,,,,,,,0.0,1,1,A,USGS_gbHeatFlowWells.shp,A quality,6d08a857-2f6e-3136-b00f-b1158d0385bc,-51626.28024,340091.9419
4101,Point,0,1,0.0,,4101,,94,,,,,,,,,,,,0.0,1,1,A,USGS_gbHeatFlowWells.shp,A quality,43cfee5c-55e8-379c-861c-03814b440bea,-72361.10826,319532.3866
4102,Point,0,1,0.0,,4102,,43,,,,,,,,,,,,0.0,1,1,A,USGS_gbHeatFlowWells.shp,A quality,c8ca6d2b-a9a1-3313-be5c-68fa3da41764,-114187.9717,309936.0059
4104,Point,0,1,0.0,,4104,,104,,,,,,,,,,,,0.0,1,1,A,USGS_gbHeatFlowWells.shp,A quality,10c69656-7bf1-3888-8ca5-7c7a53ab9601,-14915.56043,264880.905
4106,Point,0,1,0.0,,4106,,66,,,,,,,,,,,,0.0,1,1,A,USGS_gbHeatFlowWells.shp,A quality,f1991c3d-7e3e-373f-b3b7-126d17f17f9a,-113318.2191,309819.0993
4107,Point,0,1,0.0,,4107,,48,,,,,,,,,,,,0.0,1,1,A,USGS_gbHeatFlowWells.shp,A quality,f6fd869e-2e49-3815-9471-f9190c438e62,-155857.4211,98790.54317
4109,Point,0,1,0.0,,4109,,94,,,,,,,,,,,,0.0,1,1,A,USGS_gbHeatFlowWells.shp,A quality,3a4aea6d-e2e4-3780-9356-59d7a27922da,-56978.77826,350433.2603
4111,Point,0,1,0.0,,4111,,82,,,,,,,,,,,,0.0,1,1,A,USGS_gbHeatFlowWells.shp,A quality,e61f7507-7545-339e-a315-1d1855a929d6,-237992.5293,225775.1462
4112,Point,0,1,0.0,,4112,,90,,,,,,,,,,,,0.0,1,1,A,USGS_gbHeatFlowWells.shp,A quality,cc397eb6-f157-35f3-b306-dc4c472358cf,-47220.25244,339437.4342
4114,Point,0,1,0.0,,4114,,97,,,,,,,,,,,,0.0,1,1,A,USGS_gbHeatFlowWells.shp,A quality,86b5858f-2f22-375b-ba28-b24504d2831d,-146934.5105,185504.5269
4115,Point,0,1,0.0,,4115,,100,,,,,,,,,,,,0.0,1,1,A,USGS_gbHeatFlowWells.shp,A quality,5a365db9-2a20-3efa-abf6-a98be139fa56,-198954.4683,354447.6482
4116,Point,0,1,0.0,,4116,,104,,,,,,,,,,,,0.0,1,1,A,USGS_gbHeatFlowWells.shp,A quality,7bb444ba-dc04-3dde-bc71-ad2c0cf3768e,-126280.4881,257513.9961
4118,Point,0,1,0.0,,4118,,84,,,,,,,,,,,,0.0,1,1,A,USGS_gbHeatFlowWells.shp,A quality,a167ec1d-1cad-3447-9225-8978c648702e,-186317.6227,148753.8254
4119,Point,0,1,0.0,,4119,,64,,,,,,,,,,,,0.0,1,1,A,USGS_gbHeatFlowWells.shp,A quality,25ca1b73-6a8f-38fe-9720-082e7f349b3f,-187218.0396,140739.6383
4120,Point,0,1,0.0,,4120,,101,,,,,,,,,,,,0.0,1,1,A,USGS_gbHeatFlowWells.shp,A quality,4c0342eb-2a17-3785-b091-2c3975e76b48,-69710.2999,279279.6536
4121,Point,0,1,0.0,,4121,,88,,,,,,,,,,,,0.0,1,1,A,USGS_gbHeatFlowWells.shp,A quality,7a533cf8-f51f-3fd4-880b-ddeba81640da,-103854.6967,215761.1225
4122,Point,0,1,0.0,,4122,,109,,,,,,,,,,,,0.0,1,1,A,USGS_gbHeatFlowWells.shp,A quality,a0f30d76-4b4f-32d1-b622-1ba05a1c4426,-102960.0159,213653.8275
4123,Point,0,1,0.0,,4123,,21,,,,,,,,,,,,0.0,1,1,A,USGS_gbHeatFlowWells.shp,A quality,858976a3-a220-3ea9-b0d8-1ee567362429,-205580.1687,350302.169
4124,Point,0,1,0.0,,4124,,36,,,,,,,,,,,,0.0,1,1,A,USGS_gbHeatFlowWells.shp,A quality,943c61bd-ddd1-3554-a061-a81baf53b38e,-165473.9971,255487.7968
4125,Point,0,1,0.0,,4125,,20,,,,,,,,,,,,0.0,1,1,A,USGS_gbHeatFlowWells.shp,A quality,711ffd1d-bb86-3aa6-8836-1e4184b4fa3e,-203355.2378,326546.58
4126,Point,0,1,0.0,,4126,,35,,,,,,,,,,,,0.0,1,1,A,USGS_gbHeatFlowWells.shp,A quality,78f0adb5-aca8-3f2c-b6b0-8e2646579c87,21908.68794,285999.5639
4127,Point,0,1,0.0,,4127,,11,,,,,,,,,,,,0.0,1,1,A,USGS_gbHeatFlowWells.shp,A quality,083ea94e-c034-37bd-b534-9d4b3bfc7935,-157572.7068,232128.6476
4131,Point,0,1,0.0,,4131,,134,,,,,,,,,,,,0.0,1,1,B,USGS_gbHeatFlowWells.shp,known measured,1589ef3c-5b9b-3d5e-99ad-bf6fddb2bfa8,-5668.795951,356728.3144
4132,Point,0,1,0.0,,4132,,105,,,,,,,,,,,,0.0,1,1,B,USGS_gbHeatFlowWells.shp,known measured,8d39bed5-2ea5-37ff-96b4-7f149544db86,20999.6611,310088.6628
4136,Point,0,1,0.0,,4136,,127,,,,,,,,,,,,0.0,1,1,B,USGS_gbHeatFlowWells.shp,known measured,332b464b-6c34-3dbe-86ea-e966c287417a,23784.94778,317557.5128
4137,Point,0,1,0.0,,4137,,64,,,,,,,,,,,,0.0,1,1,B,USGS_gbHeatFlowWells.shp,known measured,3d1cb3fe-8dba-37b3-9a42-8fda16240bbd,-117020.3477,191371.3393
4139,Point,0,1,0.0,,4139,,84,,,,,,,,,,,,0.0,1,1,B,USGS_gbHeatFlowWells.shp,Data release - assumed measured,4c52efab-bb47-3ab3-966c-7728c4243ae9,-113119.5649,207848.7322
4140,Point,0,1,0.0,,4140,,84,,,,,,,,,,,,0.0,1,1,B,USGS_gbHeatFlowWells.shp,Data release - assumed measured,37684a6c-a413-34bf-83fd-321cdab4819d,-103036.5984,218373.33
4141,Point,0,1,0.0,,4141,,29,,,,,,,,,,,,0.0,1,1,B,USGS_gbHeatFlowWells.shp,Data release - assumed measured,c0ff3810-b2e5-39c8-aaa7-d88a58556694,-102703.5096,227155.9291
4142,Point,0,1,0.0,,4142,,69,,,,,,,,,,,,0.0,1,1,B,USGS_gbHeatFlowWells.shp,Data release - assumed measured,0d1a3001-34c3-3200-bd38-26021831d3f8,-105740.3668,286477.2731
4145,Point,0,1,0.0,,4145,,118,,,,,,,,,,,,0.0,1,1,B,USGS_gbHeatFlowWells.shp,Data release - assumed measured,67d205a0-b5b9-3ade-a3af-4a219ccd5ebf,-37257.36196,255592.6679
4146,Point,0,1,0.0,,4146,,120,,,,,,,,,,,,0.0,1,1,B,USGS_gbHeatFlowWells.shp,Data release - assumed measured,7db2abb8-7674-37c4-9c5a-f04de1eb111e,-148915.1183,207339.0564
4147,Point,0,1,0.0,,4147,,82,,,,,,,,,,,,0.0,1,1,B,USGS_gbHeatFlowWells.shp,Data release - assumed measured,b127610d-7ad4-345b-bfde-8009d87fdeae,-113969.7742,261914.248
4148,Point,0,1,0.0,,4148,,77,,,,,,,,,,,,0.0,1,1,B,USGS_gbHeatFlowWells.shp,Data release - assumed measured,63f50a99-d792-30f3-908e-5ce1a70bc175,-111949.5797,246073.2236
4149,Point,0,1,0.0,,4149,,62,,,,,,,,,,,,0.0,1,1,B,USGS_gbHeatFlowWells.shp,Data release - assumed measured,6d87af21-a44d-3a72-9a19-8aa002557c22,-116642.27,235414.15
4151,Point,0,1,0.0,,4151,,84,,,,,,,,,,,,0.0,1,1,B,USGS_gbHeatFlowWells.shp,known measured,e70db76c-30d1-3517-b08d-accb9d216130,-128583.88,231134.3475
4152,Point,0,1,0.0,,4152,,64,,,,,,,,,,,,0.0,1,1,B,USGS_gbHeatFlowWells.shp,Data release - assumed measured,22d3fb44-02bc-3670-b946-93688a42bf84,-144988.5237,339885.2777
4153,Point,0,1,0.0,,4153,,74,,,,,,,,,,,,0.0,1,1,B,USGS_gbHeatFlowWells.shp,Data release - assumed measured,d9b6c528-889a-3e16-b40b-293b6eb23405,-175042.2356,348878.9253
4165,Point,0,1,0.0,,4165,,82,,,,,,,,,,,,0.0,1,1,B,USGS_gbHeatFlowWells.shp,unmeasured,1386766c-3a29-3c87-968e-d35411a65fe1,-170546.6596,277130.8784
4166,Point,0,1,0.0,,4166,,82,,,,,,,,,,,,0.0,1,1,B,USGS_gbHeatFlowWells.shp,unmeasured,3b5ab6f2-1396-3a83-82fb-da4d8800a5e0,-175190.5846,277790.9759
4167,Point,0,1,0.0,,4167,,82,,,,,,,,,,,,0.0,1,1,B,USGS_gbHeatFlowWells.shp,unmeasured,23a0ce6f-3001-3e95-bece-1e96c91d1195,-174202.9963,277769.5399
4168,Point,0,1,0.0,,4168,,56,,,,,,,,,,,,0.0,1,1,B,USGS_gbHeatFlowWells.shp,known measured,7b062352-6e71-3919-8712-40c19bc07b77,-52002.716,346781.4508
4170,Point,0,1,0.0,,4170,,104,,,,,,,,,,,,0.0,1,1,B,USGS_gbHeatFlowWells.shp,Data release - assumed measured,8f992412-9845-367b-a555-9aa38c7bfc26,-191705.2413,276635.6644
4171,Point,0,1,0.0,,4171,,69,,,,,,,,,,,,0.0,1,1,B,USGS_gbHeatFlowWells.shp,Data release - assumed measured,7b1fdcd3-1b30-3f4a-90e5-d77efbc9d0fd,-196273.7385,262959.4334
4172,Point,0,1,0.0,,4172,,84,,,,,,,,,,,,0.0,1,1,B,USGS_gbHeatFlowWells.shp,unmeasured,e84634bb-f87f-3a9e-a5b9-20e7899f60ab,-181346.2893,305197.3965
4173,Point,0,1,0.0,,4173,,42,,,,,,,,,,,,0.0,1,1,B,USGS_gbHeatFlowWells.shp,assumed measured,575c023c-fbe4-3370-a2da-26042e94f67e,-84701.5386,280625.712
4174,Point,0,1,0.0,,4174,,63,,,,,,,,,,,,0.0,1,1,B,USGS_gbHeatFlowWells.shp,assumed measured,f6887176-9645-39c0-97a7-06da3696c399,-84701.5386,280625.712
4175,Point,0,1,0.0,,4175,,109,,,,,,,,,,,,0.0,1,1,B,USGS_gbHeatFlowWells.shp,Data release - assumed measured,84d642b8-a4be-3d0a-8c55-a557a3a93a13,-77603.20732,288307.8964
4176,Point,0,1,0.0,,4176,,74,,,,,,,,,,,,0.0,1,1,B,USGS_gbHeatFlowWells.shp,unmeasured,b12c81a0-54d6-3999-8b35-1b9c47346b41,-22706.97236,103884.7096
4177,Point,0,1,0.0,,4177,,64,,,,,,,,,,,,0.0,1,1,B,USGS_gbHeatFlowWells.shp,unmeasured,f05a1f62-32d2-32d4-a024-2aa22d5a1f0b,-67638.79813,143548.9434
4178,Point,0,1,0.0,,4178,,67,,,,,,,,,,,,0.0,1,1,B,USGS_gbHeatFlowWells.shp,unmeasured,f5e10590-82b1-3e0e-ad55-861066c0b913,-56841.84357,342558.0054
4179,Point,0,1,0.0,,4179,,53,,,,,,,,,,,,0.0,1,1,B,USGS_gbHeatFlowWells.shp,known measured,7222cc33-4ded-33e6-be11-5d69b37aec6a,-59056.48401,346270.441
4180,Point,0,1,0.0,,4180,,62,,,,,,,,,,,,0.0,1,1,B,USGS_gbHeatFlowWells.shp,known measured,a9220fcd-d263-3b40-8d8c-c16816681ca3,-57946.44271,344246.116
4181,Point,0,1,0.0,,4181,,89,,,,,,,,,,,,0.0,1,1,B,USGS_gbHeatFlowWells.shp,known measured,b172ce15-0945-35e3-8548-484e9dbf81af,-59066.47694,351725.3043
4182,Point,0,1,0.0,,4182,,102,,,,,,,,,,,,0.0,1,1,B,USGS_gbHeatFlowWells.shp,known measured,08285514-498f-3dbb-ad7b-646f243a6786,-57565.27705,347043.6161
4183,Point,0,1,0.0,,4183,,41,,,,,,,,,,,,0.0,1,1,B,USGS_gbHeatFlowWells.shp,assumed measured,f8eba0e1-540b-310f-aab9-f916b1bd0168,-97481.2162,285252.4249
4184,Point,0,1,0.0,,4184,,73,,,,,,,,,,,,0.0,1,1,B,USGS_gbHeatFlowWells.shp,Data release - assumed measured,aeaa58b4-7f93-30f0-8385-70007be80344,-146144.7092,280857.0338
4185,Point,0,1,0.0,,4185,,120,,,,,,,,,,,,0.0,1,1,B,USGS_gbHeatFlowWells.shp,unmeasured,6b03dbf5-b6c4-3a13-8eae-e0a15f08a2f4,-180221.2221,267441.4977
4186,Point,0,1,0.0,,4186,,52,,,,,,,,,,,,0.0,1,1,B,USGS_gbHeatFlowWells.shp,Data release - assumed measured,8fcd3b29-5988-3604-a93b-7f6eb200beb3,-191966.3294,243053.2663
4187,Point,0,1,0.0,,4187,,66,,,,,,,,,,,,0.0,1,1,B,USGS_gbHeatFlowWells.shp,unmeasured,9ca3b040-6ebc-32e5-a613-860cb584116a,-141975.3931,304403.9707
4188,Point,0,1,0.0,,4188,,55,,,,,,,,,,,,0.0,1,1,B,USGS_gbHeatFlowWells.shp,Data release - assumed measured,ccfa3bf4-54c2-3fbc-836e-753e0cf1d7d8,-174174.6885,288195.2469
4189,Point,0,1,0.0,,4189,,69,,,,,,,,,,,,0.0,1,1,B,USGS_gbHeatFlowWells.shp,unmeasured,0a6d5bf3-06a2-343b-83aa-7e23990bb621,-52965.75911,37707.15131
4190,Point,0,1,0.0,,4190,,120,,,,,,,,,,,,0.0,1,1,B,USGS_gbHeatFlowWells.shp,assumed measured,96713804-7583-37f5-a215-0b1c0e587177,-64128.80904,40961.5578
4192,Point,0,1,0.0,,4192,,107,,,,,,,,,,,,0.0,1,1,B,USGS_gbHeatFlowWells.shp,Data release - assumed measured,9a883083-1b59-3bc7-baf5-99e0d805bd5a,-171103.0199,290777.7848
4193,Point,0,1,0.0,,4193,,48,,,,,,,,,,,,0.0,1,1,B,USGS_gbHeatFlowWells.shp,unmeasured,13a16ac8-0be9-34be-9937-2339174f29e1,-168043.483,302292.9718
4194,Point,0,1,0.0,,4194,,99,,,,,,,,,,,,0.0,1,1,B,USGS_gbHeatFlowWells.shp,unmeasured,94678290-1fe7-3f75-895b-ce76d47d573d,-63934.49522,158650.8161
4195,Point,0,1,0.0,,4195,,100,,,,,,,,,,,,0.0,1,1,B,USGS_gbHeatFlowWells.shp,Data release - assumed measured,3486e2c5-41cd-329a-a4ba-9f5936a23324,-226327.4266,215914.9345
4196,Point,0,1,0.0,,4196,,50,,,,,,,,,,,,0.0,1,1,B,USGS_gbHeatFlowWells.shp,assumed measured,171c1218-e5f3-38c7-bac2-425daa2926a0,-86202.14346,268506.1784
4197,Point,0,1,0.0,,4197,,87,,,,,,,,,,,,0.0,1,1,B,USGS_gbHeatFlowWells.shp,Data release - assumed measured,ea1121e1-1f0b-3aea-aac3-67b95d863589,-73647.18666,260425.6672
4198,Point,0,1,0.0,,4198,,83,,,,,,,,,,,,0.0,1,1,B,USGS_gbHeatFlowWells.shp,Data release - assumed measured,93c4e7d9-f490-366d-94ac-1fb37439e751,-74791.60511,256861.4953
4199,Point,0,1,0.0,,4199,,76,,,,,,,,,,,,0.0,1,1,B,USGS_gbHeatFlowWells.shp,known measured,19c548c0-6845-391e-9080-2532235f3c93,-92167.88028,261938.2667
4200,Point,0,1,0.0,,4200,,91,,,,,,,,,,,,0.0,1,1,B,USGS_gbHeatFlowWells.shp,known measured,44a09760-403d-397e-9285-03e4cea2aef2,-84194.78247,268372.9067
4203,Point,0,1,0.0,,4203,,32,,,,,,,,,,,,0.0,1,1,B,USGS_gbHeatFlowWells.shp,unmeasured,3748d2e8-02df-3786-9434-5a25fe8763f7,-47314.02302,344881.7574
4207,Point,0,1,0.0,,4207,,82,,,,,,,,,,,,0.0,1,1,C,USGS_gbHeatFlowWells.shp,Data release - assumed measured,92dbe89d-395e-3065-be64-a70da716ae0c,-169602.9133,276767.2528
4208,Point,0,1,0.0,,4208,,116,,,,,,,,,,,,0.0,1,1,C,USGS_gbHeatFlowWells.shp,Data release - assumed measured,8794669a-c608-336e-81d2-8d40d4c7f583,-174039.8393,277220.5956
4209,Point,0,1,0.0,,4209,,67,,,,,,,,,,,,0.0,1,1,C,USGS_gbHeatFlowWells.shp,Data release - assumed measured,96f77bd6-27c6-3596-8558-187bf18ad8ef,-94217.68468,38131.10951
4210,Point,0,1,0.0,,4210,,74,,,,,,,,,,,,0.0,1,1,C,USGS_gbHeatFlowWells.shp,Data release - assumed measured,62ca0456-4cab-3cac-8e98-6b5be1b8fdee,-39945.57043,256132.1639
4211,Point,0,1,0.0,,4211,,95,,,,,,,,,,,,0.0,1,1,C,USGS_gbHeatFlowWells.shp,known measured,09350a0a-f8b7-3b6b-a47b-681ba59184d1,-43031.16078,265915.4843
4212,Point,0,1,0.0,,4212,,59,,,,,,,,,,,,0.0,1,1,C,USGS_gbHeatFlowWells.shp,known measured,0e25322b-4614-3ebc-8ec4-90ff52f4ebf6,-196854.398,355235.7838
4213,Point,0,1,0.0,,4213,,62,,,,,,,,,,,,0.0,1,1,C,USGS_gbHeatFlowWells.shp,Data release - assumed measured,6febb0c4-54f9-3042-98c2-d7cd8531a6cd,2663.821127,329609.5079
4214,Point,0,1,0.0,,4214,,80,,,,,,,,,,,,0.0,1,1,C,USGS_gbHeatFlowWells.shp,Data release - assumed measured,966631dc-3f9e-323a-8383-62ab78a6df58,55262.32626,343186.5839
4217,Point,0,1,0.0,,4217,,87,,,,,,,,,,,,0.0,1,1,C,USGS_gbHeatFlowWells.shp,Data release - assumed measured,bcd84637-8259-3c71-b508-960b51f0e1eb,62115.39745,333301.2741
4218,Point,0,1,0.0,,4218,,98,,,,,,,,,,,,0.0,1,1,C,USGS_gbHeatFlowWells.shp,Data release - assumed measured,bdac8459-6b54-3d13-a7d2-0c6d57c77338,-29516.01606,304098.8676
4221,Point,0,1,0.0,,4221,,58,,,,,,,,,,,,0.0,1,1,C,USGS_gbHeatFlowWells.shp,Data release - assumed measured,3c99ab79-a962-333c-937e-426b2ca62852,-86468.57447,281574.5233
4222,Point,0,1,0.0,,4222,,87,,,,,,,,,,,,0.0,1,1,C,USGS_gbHeatFlowWells.shp,Data release - assumed measured,2b6e86b5-e6b2-3eda-be47-16f211540bea,-88990.03806,283125.9056
4223,Point,0,1,0.0,,4223,,92,,,,,,,,,,,,0.0,1,1,C,USGS_gbHeatFlowWells.shp,Data release - assumed measured,dafffded-7765-3b49-ac6f-4e29a8d9a3c5,-110716.4813,203702.1593
4224,Point,0,1,0.0,,4224,,49,,,,,,,,,,,,0.0,1,1,C,USGS_gbHeatFlowWells.shp,Data release - assumed measured,09ee9a29-b9b3-3d53-851b-0c1b927a3fc7,-100327.9137,214640.7786
4225,Point,0,1,0.0,,4225,,102,,,,,,,,,,,,0.0,1,1,C,USGS_gbHeatFlowWells.shp,Data release - assumed measured,4c1a2f0c-ecd5-3a15-8b96-4061d9c1c986,-58127.24121,227711.0084
4226,Point,0,1,0.0,,4226,,92,,,,,,,,,,,,0.0,1,1,C,USGS_gbHeatFlowWells.shp,known measured,3eb0ead9-3748-320a-b3f6-8eddece6d047,-133870.9628,224528.7744
4227,Point,0,1,0.0,,4227,,110,,,,,,,,,,,,0.0,1,1,C,USGS_gbHeatFlowWells.shp,assumed measured,c990ab08-edac-32ec-9570-7f9420312fb3,32255.13087,345468.3681
4228,Point,0,1,0.0,,4228,,82,,,,,,,,,,,,0.0,1,1,C,USGS_gbHeatFlowWells.shp,Data release - assumed measured,3381cee1-88e4-3705-9145-1ed9c9dc9456,-144864.5916,360562.5411
4229,Point,0,1,0.0,,4229,,56,,,,,,,,,,,,0.0,1,1,C,USGS_gbHeatFlowWells.shp,Data release - assumed measured,730e3e73-c1c3-398d-92bc-fed1f03aef9d,-188526.313,325264.5353
4231,Point,0,1,0.0,,4231,,100,,,,,,,,,,,,0.0,1,1,C,USGS_gbHeatFlowWells.shp,Data release - assumed measured,770434c1-d1b0-3b49-9e04-5929bac72dab,-139159.6842,88028.50872
4233,Point,0,1,0.0,,4233,,80,,,,,,,,,,,,0.0,1,1,C,USGS_gbHeatFlowWells.shp,Data release - assumed measured,77c95942-b34c-3c47-930b-6dac564b730e,-11154.58107,225093.5752
4234,Point,0,1,0.0,,4234,,115,,,,,,,,,,,,0.0,1,1,C,USGS_gbHeatFlowWells.shp,Data release - assumed measured,f2dd7acb-20de-3b2d-b847-50cc4859dbc1,-93124.24049,172972.2109
4235,Point,0,1,0.0,,4235,,61,,,,,,,,,,,,0.0,1,1,C,USGS_gbHeatFlowWells.shp,unmeasured,fe0082ab-f1a2-3bb8-bfe4-9b75ea3f22d0,-188376.3774,305359.4259
4236,Point,0,1,0.0,,4236,,109,,,,,,,,,,,,0.0,1,1,C,USGS_gbHeatFlowWells.shp,assumed measured,78f7243b-9f1c-3391-8088-be1da89f0d76,-84701.5386,280625.712
4238,Point,0,1,0.0,,4238,,79,,,,,,,,,,,,0.0,1,1,C,USGS_gbHeatFlowWells.shp,Data release - assumed measured,a44a7955-4616-3cf3-b7e8-1964660ada60,-55240.08901,343465.276
4239,Point,0,1,0.0,,4239,,71,,,,,,,,,,,,0.0,1,1,C,USGS_gbHeatFlowWells.shp,Data release - assumed measured,47b86697-ae3f-32c0-a808-7077ff71e76a,-56139.59849,340917.6602
4240,Point,0,1,0.0,,4240,,57,,,,,,,,,,,,0.0,1,1,C,USGS_gbHeatFlowWells.shp,Data release - assumed measured,e09b2e56-70c3-3eb4-97a7-e87e43cf5b17,-54367.95011,340838.2086
4241,Point,0,1,0.0,,4241,,113,,,,,,,,,,,,0.0,1,1,C,USGS_gbHeatFlowWells.shp,unmeasured,85dc0ad9-3eb0-3197-a231-a179666cac81,-61878.65374,350346.5233
4242,Point,0,1,0.0,,4242,,87,,,,,,,,,,,,0.0,1,1,C,USGS_gbHeatFlowWells.shp,Data release - assumed measured,5c52eb69-8f99-32b4-b35c-8aacbd9dba4e,-52843.86542,350304.0151
4243,Point,0,1,0.0,,4243,,52,,,,,,,,,,,,0.0,1,1,C,USGS_gbHeatFlowWells.shp,Data release - assumed measured,7b7e56bf-9162-32d9-8563-48dd07c40c78,-56394.35091,352411.6174
4244,Point,0,1,0.0,,4244,,120,,,,,,,,,,,,0.0,1,1,C,USGS_gbHeatFlowWells.shp,unmeasured,28b0da5f-11b5-3a90-95a4-deb9f76eb840,-9266.314744,6162.807323
4246,Point,0,1,0.0,,4246,,45,,,,,,,,,,,,0.0,1,1,C,USGS_gbHeatFlowWells.shp,Data release - assumed measured,d98f76a6-4fec-3086-ab20-5a6bcb386eff,-235654.5251,222018.1806
4248,Point,0,1,0.0,,4248,,82,,,,,,,,,,,,0.0,1,1,C,USGS_gbHeatFlowWells.shp,Data release - assumed measured,1c82f8dd-d324-3338-8b15-a8e2495baf2d,-119695.3296,328868.3953
4249,Point,0,1,0.0,,4249,,99,,,,,,,,,,,,0.0,1,1,C,USGS_gbHeatFlowWells.shp,Data release - assumed measured,c138cc97-eea4-3981-9e80-70fd921df488,-119282.1098,322722.8159
4250,Point,0,1,0.0,,4250,,59,,,,,,,,,,,,0.0,1,1,C,USGS_gbHeatFlowWells.shp,Data release - assumed measured,02e90a50-3fbb-3571-8d0f-781126e0fb68,-155277.1818,272566.9557
4251,Point,0,1,0.0,,4251,,84,,,,,,,,,,,,0.0,1,1,C,USGS_gbHeatFlowWells.shp,unmeasured,a93b6e6a-a8f3-3f3c-8a02-2a0e7eb18704,-55627.44771,344509.6624
4252,Point,0,1,0.0,,4252,,47,,,,,,,,,,,,0.0,1,1,C,USGS_gbHeatFlowWells.shp,Data release - assumed measured,437f7ad2-d575-360a-8f4d-0ec53361ac88,-125360.9531,348458.9307
4253,Point,0,1,0.0,,4253,,90,,,,,,,,,,,,0.0,1,1,C,USGS_gbHeatFlowWells.shp,Data release - assumed measured,c62336fa-0192-3546-9366-396cf04af6e7,-151571.3163,302775.4583
4254,Point,0,1,0.0,,4254,,106,,,,,,,,,,,,0.0,1,1,C,USGS_gbHeatFlowWells.shp,Data release - assumed measured,f7b8643c-d48e-3b62-bcbd-89f5f2a06a75,-172205.6911,297185.2909
4255,Point,0,1,0.0,,4255,,75,,,,,,,,,,,,0.0,1,1,C,USGS_gbHeatFlowWells.shp,unmeasured,6fc159d8-6081-31d1-8e21-be96d901664c,-51791.72935,340485.0653
4256,Point,0,1,0.0,,4256,,71,,,,,,,,,,,,0.0,1,1,C,USGS_gbHeatFlowWells.shp,unmeasured,c1192d7c-788c-3133-aec4-51651a05dded,-51288.5032,340369.8012
4257,Point,0,1,0.0,,4257,,107,,,,,,,,,,,,0.0,1,1,C,USGS_gbHeatFlowWells.shp,Data release - assumed measured,e54e2365-fa01-325d-88db-f42baecccb12,-231724.2844,213271.9174
4258,Point,0,1,0.0,,4258,,68,,,,,,,,,,,,0.0,1,1,C,USGS_gbHeatFlowWells.shp,Data release - assumed measured,cb8bd3b7-7889-380e-9bec-c18861812184,-149479.6979,237803.4846
4259,Point,0,1,0.0,,4259,,62,,,,,,,,,,,,0.0,1,1,C,USGS_gbHeatFlowWells.shp,Data release - assumed measured,829c79ae-7695-3f82-9a86-6760a47cf131,-149805.943,253242.8778
4260,Point,0,1,0.0,,4260,,146,,,,,,,,,,,,0.0,1,1,C,USGS_gbHeatFlowWells.shp,Data release - assumed measured,3c8848aa-b83c-328d-a956-63b3bb015be8,-82025.95522,276597.7601
4261,Point,0,1,0.0,,4261,,43,,,,,,,,,,,,0.0,1,1,C,USGS_gbHeatFlowWells.shp,Data release - assumed measured,53f20404-42e4-3007-9be3-993db21f3ed5,-56112.0075,291905.126
4262,Point,0,1,0.0,,4262,,90,,,,,,,,,,,,0.0,1,1,C,USGS_gbHeatFlowWells.shp,Data release - assumed measured,223cdaca-e70d-3690-8cd1-96d719b55ebc,-82483.92035,245819.7064
4263,Point,0,1,0.0,,4263,,82,,,,,,,,,,,,0.0,1,1,C,USGS_gbHeatFlowWells.shp,Data release - assumed measured,873f82d1-bb89-3a37-8b8e-a9b864a53e81,-97412.16489,244181.5071
4264,Point,0,1,0.0,,4264,,3263,,,,,,,,,,,,0.0,1,1,C,USGS_gbHeatFlowWells.shp,Data release - assumed measured,05e65231-3c6e-3d5a-b277-da6b8dd78ec1,-74116.03901,258334.4603
4265,Point,0,1,0.0,,4265,,29,,,,,,,,,,,,0.0,1,1,D,USGS_gbHeatFlowWells.shp,known measured,cf405247-1283-32a0-ae26-366f53d54ba1,-196725.2571,360464.611
4272,Point,0,1,0.0,,4272,,33,,,,,,,,,,,,0.0,1,1,D,USGS_gbHeatFlowWells.shp,Data release - assumed measured,90b31cbf-56d7-31c1-8531-cd72bdc47041,-136935.6096,100322.2325
4274,Point,0,1,0.0,,4274,,25,,,,,,,,,,,,0.0,1,1,D,USGS_gbHeatFlowWells.shp,known measured,ae995096-225a-391f-aea0-372c4624c1bd,-236175.0578,212929.3763
4275,Point,0,1,0.0,,4275,,33,,,,,,,,,,,,0.0,1,1,D,USGS_gbHeatFlowWells.shp,Data release - assumed measured,0b69375a-a6f3-3b40-b3ca-c3b02681d681,-74691.77864,302263.2201
4276,Point,0,1,0.0,,4276,,23,,,,,,,,,,,,0.0,1,1,D,USGS_gbHeatFlowWells.shp,Data release - assumed measured,ec931a2b-d212-348e-8fcf-1ecbf8edeeaf,-101365.6006,247558.5513
4277,Point,0,1,0.0,,4277,,35,,,,,,,,,,,,0.0,1,1,D,USGS_gbHeatFlowWells.shp,Data release - assumed measured,c9c37009-a13a-37f0-9204-f5a084bbd208,-56223.70617,272252.9035
4278,Point,0,1,0.0,,4278,,48,,,,,,,,,,,,0.0,1,1,D,USGS_gbHeatFlowWells.shp,Data release - assumed measured,646f4f18-948a-3eba-b125-3b68f59905e5,-89483.54864,312229.2984
4279,Point,0,1,0.0,,4279,,222,,,,,,,,,,,,0.0,1,1,G,USGS_gbHeatFlowWells.shp,known measured,acabea3d-551d-3d06-93d1-42367fc20c91,-197881.252,358812.7414
4280,Point,0,1,0.0,,4280,,183,,,,,,,,,,,,0.0,1,1,G,USGS_gbHeatFlowWells.shp,known measured,6188bda1-ba8c-37b7-b536-8e2dc81197aa,-47092.69033,341128.0741
4281,Point,0,1,0.0,,4281,,2720,,,,,,,,,,,,0.0,1,1,G,USGS_gbHeatFlowWells.shp,assumed measured,17dd2430-72a4-35e1-9630-7bf41977b376,-198332.8414,357513.1607
4282,Point,0,1,0.0,,4282,,115,,,,,,,,,,,,0.0,1,1,G,USGS_gbHeatFlowWells.shp,known measured,46e186e2-4de5-3341-8f97-1b370bf787d4,-224807.3976,214187.2132
4289,Point,0,1,0.0,,4289,,163,,,,,,,,,,,,0.0,1,1,G,USGS_gbHeatFlowWells.shp,Data release - assumed measured,ccd186a8-b861-3f25-8341-9909b87466d2,-84034.60574,40014.86613
4290,Point,0,1,0.0,,4290,,162,,,,,,,,,,,,0.0,1,1,G,USGS_gbHeatFlowWells.shp,Data release - assumed measured,f78d555f-705f-37a2-979c-664942c480f0,-79673.3108,40352.88493
4291,Point,0,1,0.0,,4291,,294,,,,,,,,,,,,0.0,1,1,G,USGS_gbHeatFlowWells.shp,Data release - assumed measured,ccbc44a4-a013-3a71-9959-287cb24ba6f3,-77203.55649,40699.39534
4292,Point,0,1,0.0,,4292,,504,,,,,,,,,,,,0.0,1,1,G,USGS_gbHeatFlowWells.shp,Data release - assumed measured,33aa9143-bbfb-320d-84bd-bb515d593c8a,-77551.21116,42664.08672
4293,Point,0,1,0.0,,4293,,350,,,,,,,,,,,,0.0,1,1,G,USGS_gbHeatFlowWells.shp,Data release - assumed measured,62068c5a-4e7e-3558-8703-47bef7e38cbb,-77632.24769,41454.34946
4294,Point,0,1,0.0,,4294,,490,,,,,,,,,,,,0.0,1,1,G,USGS_gbHeatFlowWells.shp,Data release - assumed measured,d515f2d5-861e-34dd-9068-3dcdc1494ce5,-79209.07343,43329.8549
4295,Point,0,1,0.0,,4295,,552,,,,,,,,,,,,0.0,1,1,G,USGS_gbHeatFlowWells.shp,Data release - assumed measured,8cd3e2be-c354-30cd-a37c-f145cd61e3c7,-12385.169,267338.0454
4298,Point,0,1,0.0,,4298,,622,,,,,,,,,,,,0.0,1,1,G,USGS_gbHeatFlowWells.shp,assumed measured,c3119740-0a77-3c06-a219-290f4948fc5c,-202379.5804,330167.3891
4299,Point,0,1,0.0,,4299,,5832,,,,,,,,,,,,0.0,1,1,G,USGS_gbHeatFlowWells.shp,assumed measured,dc4e3b24-1079-3eb2-9333-d64eb681aefb,-202302.2163,327237.0516
4300,Point,0,1,0.0,,4300,,191,,,,,,,,,,,,0.0,1,1,G,USGS_gbHeatFlowWells.shp,Data release - assumed measured,cbdd18bc-d2a4-3004-8754-024baf33fa36,-177598.8413,277141.4256
4301,Point,0,1,0.0,,4301,,255,,,,,,,,,,,,0.0,1,1,G,USGS_gbHeatFlowWells.shp,Data release - assumed measured,f743d0e7-3eef-301f-85a8-d1f187d6a4e7,-175446.3469,277195.0862
4302,Point,0,1,0.0,,4302,,318,,,,,,,,,,,,0.0,1,1,G,USGS_gbHeatFlowWells.shp,Data release - assumed measured,c18d529f-c3d7-3581-900b-098a1290c803,-173365.3229,278651.7708
4303,Point,0,1,0.0,,4303,,295,,,,,,,,,,,,0.0,1,1,G,USGS_gbHeatFlowWells.shp,Data release - assumed measured,d85d2cc2-7e03-3064-adb9-f385597f652d,-171585.7384,280698.1615
4304,Point,0,1,0.0,,4304,,318,,,,,,,,,,,,0.0,1,1,G,USGS_gbHeatFlowWells.shp,Data release - assumed measured,92c1700d-94e9-39a7-b68f-66c785488e7f,-173209.2857,281965.7365
4305,Point,0,1,0.0,,4305,,220,,,,,,,,,,,,0.0,1,1,G,USGS_gbHeatFlowWells.shp,Data release - assumed measured,62b8b256-428a-3727-8f01-ac5968209240,-92466.37798,42983.34286
4306,Point,0,1,0.0,,4306,,207,,,,,,,,,,,,0.0,1,1,G,USGS_gbHeatFlowWells.shp,Data release - assumed measured,1843c8ce-c083-324c-8bd5-2420156b8121,-89095.17375,42234.6715
4307,Point,0,1,0.0,,4307,,1019,,,,,,,,,,,,0.0,1,1,G,USGS_gbHeatFlowWells.shp,Data release - assumed measured,f46de8a6-a2a9-342a-ba83-d6715f062e7c,-92473.89177,40487.66231
4308,Point,0,1,0.0,,4308,,125,,,,,,,,,,,,0.0,1,1,G,USGS_gbHeatFlowWells.shp,Data release - assumed measured,d863074a-8e14-38be-a560-5dd0a1b3da1e,-89610.05956,39208.33401
4309,Point,0,1,0.0,,4309,,613,,,,,,,,,,,,0.0,1,1,G,USGS_gbHeatFlowWells.shp,Data release - assumed measured,400fa393-8e86-332e-b468-2fc7245c41ff,-91422.91958,40289.20123
4310,Point,0,1,0.0,,4310,,672,,,,,,,,,,,,0.0,1,1,G,USGS_gbHeatFlowWells.shp,assumed measured,8c1b2907-f947-3adc-ab8f-f850fb1bc9b6,-131794.7201,230076.3888
4311,Point,0,1,0.0,,4311,,5446,,,,,,,,,,,,0.0,1,1,G,USGS_gbHeatFlowWells.shp,assumed measured,e5906b3c-cdab-3157-964d-99792fa82b16,-202160.4581,327849.7726
4312,Point,0,1,0.0,,4312,,8420,,,,,,,,,,,,0.0,1,1,G,USGS_gbHeatFlowWells.shp,assumed measured,16c5e8a6-4662-3621-9ebd-dae8d9ca4a74,-202383.6336,329009.5879
4313,Point,0,1,0.0,,4313,,3670,,,,,,,,,,,,0.0,1,1,G,USGS_gbHeatFlowWells.shp,assumed measured,4110120f-6d7b-3029-9ad7-13671999c821,-201928.8706,329020.5089
4314,Point,0,1,0.0,,4314,,130,,,,,,,,,,,,0.0,1,1,G,USGS_gbHeatFlowWells.shp,Data release - assumed measured,68cd631b-404b-3305-8d6c-a1d315eafd0b,-100501.7992,215068.8385
4315,Point,0,1,0.0,,4315,,121,,,,,,,,,,,,0.0,1,1,G,USGS_gbHeatFlowWells.shp,Data release - assumed measured,fe3e3f46-a302-3c44-9759-c3608177be78,-130701.236,201152.0568
4316,Point,0,1,0.0,,4316,,234,,,,,,,,,,,,0.0,1,1,G,USGS_gbHeatFlowWells.shp,assumed measured,d73c5536-e45e-36f6-8f40-36f22f843e1a,-132193.041,231764.0832
4317,Point,0,1,0.0,,4317,,178,,,,,,,,,,,,0.0,1,1,G,USGS_gbHeatFlowWells.shp,assumed measured,6f9bb760-3a20-3a57-a2e1-025c66f92c2c,-201647.5948,320250.4881
4318,Point,0,1,0.0,,4318,,1820,,,,,,,,,,,,0.0,1,1,G,USGS_gbHeatFlowWells.shp,assumed measured,974e28e6-6e9a-37b7-a462-59f0bf768d5e,-202511.8773,326603.6271
4319,Point,0,1,0.0,,4319,,455,,,,,,,,,,,,0.0,1,1,G,USGS_gbHeatFlowWells.shp,assumed measured,0e16353e-ee27-3296-9c03-39fdc633a6d4,-203393.7154,323376.3103
4320,Point,0,1,0.0,,4320,,1019,,,,,,,,,,,,0.0,1,1,G,USGS_gbHeatFlowWells.shp,assumed measured,b57cb201-2de0-3e3f-93fe-96cdc5f43259,-205733.6535,326383.2834
4321,Point,0,1,0.0,,4321,,166,,,,,,,,,,,,0.0,1,1,G,USGS_gbHeatFlowWells.shp,known measured,cefc0b8c-8826-3ec4-b013-33194dfa67f8,-42834.74769,257121.8558
4331,Point,0,1,0.0,,4331,,654,,,,,,,,,,,,0.0,1,1,G,USGS_gbHeatFlowWells.shp,known measured,e6edd47b-d598-3f3c-b3df-ebed50fd0879,-41599.94621,269456.3101
4332,Point,0,1,0.0,,4332,,428,,,,,,,,,,,,0.0,1,1,G,USGS_gbHeatFlowWells.shp,known measured,4471cf06-2d99-33c9-816e-499c733fa307,-45148.4548,266300.5621
4333,Point,0,1,0.0,,4333,,267,,,,,,,,,,,,0.0,1,1,G,USGS_gbHeatFlowWells.shp,known measured,173e583e-5b7e-3755-b8cb-5564abe3efe9,-41380.60401,257129.2233
4334,Point,0,1,0.0,,4334,,175,,,,,,,,,,,,0.0,1,1,G,USGS_gbHeatFlowWells.shp,Data release - assumed measured,0a489d5c-7c9f-3125-a79c-7121fb7aa09d,-49835.0505,249104.9546
4335,Point,0,1,0.0,,4335,,238,,,,,,,,,,,,0.0,1,1,G,USGS_gbHeatFlowWells.shp,known measured,0263b15e-ef22-3a21-821a-28cf3f77d997,-41762.42937,265348.5557
4336,Point,0,1,0.0,,4336,,122,,,,,,,,,,,,0.0,1,1,G,USGS_gbHeatFlowWells.shp,unmeasured,4e21689e-2dbf-3106-a301-9a1f31129cda,-163474.102,298650.0594
4337,Point,0,1,0.0,,4337,,367,,,,,,,,,,,,0.0,1,1,G,USGS_gbHeatFlowWells.shp,unmeasured,af227075-e7db-3e9d-8d83-6bb44283ae9c,-161627.4705,306456.6667
4338,Point,0,1,0.0,,4338,,334,,,,,,,,,,,,0.0,1,1,G,USGS_gbHeatFlowWells.shp,assumed measured,80e5db57-7bcb-3dac-a11f-5bf24fe15988,-162797.5771,304239.207
4339,Point,0,1,0.0,,4339,,194,,,,,,,,,,,,0.0,1,1,G,USGS_gbHeatFlowWells.shp,unmeasured,101a39ae-16bf-30bc-b6b3-42724866a8a4,-162470.9575,306473.708
4340,Point,0,1,0.0,,4340,,234,,,,,,,,,,,,0.0,1,1,G,USGS_gbHeatFlowWells.shp,assumed measured,66a51dc0-b2c7-37e8-a79a-2abcbbb29d2d,-161608.6577,307390.075
4341,Point,0,1,0.0,,4341,,183,,,,,,,,,,,,0.0,1,1,G,USGS_gbHeatFlowWells.shp,assumed measured,d0cd92da-e074-3607-9d1e-22f1e47772df,-164791.7427,309882.7026
4342,Point,0,1,0.0,,4342,,183,,,,,,,,,,,,0.0,1,1,G,USGS_gbHeatFlowWells.shp,unmeasured,8970590a-0066-3d83-8d8a-68fa103961f8,-163846.7106,301085.6021
4343,Point,0,1,0.0,,4343,,5694,,,,,,,,,,,,0.0,1,1,G,USGS_gbHeatFlowWells.shp,known measured,4f2d691f-edb3-367f-89ec-139de18fe389,-170871.1979,259276.517
4344,Point,0,1,0.0,,4344,,7731,,,,,,,,,,,,0.0,1,1,G,USGS_gbHeatFlowWells.shp,known measured,f61da018-98fb-3681-9529-2660ff6bd01f,-170889.6948,256799.9213
4345,Point,0,1,0.0,,4345,,510,,,,,,,,,,,,0.0,1,1,G,USGS_gbHeatFlowWells.shp,known measured,257c6217-19f8-35d3-9e8b-f9fd8e967166,-131801.7223,232262.0658
4346,Point,0,1,0.0,,4346,,318,,,,,,,,,,,,0.0,1,1,G,USGS_gbHeatFlowWells.shp,known measured,975c093f-3239-3968-bb6f-ac9a811ee9f7,-198812.2213,355105.1162
4347,Point,0,1,0.0,,4347,,568,,,,,,,,,,,,0.0,1,1,G,USGS_gbHeatFlowWells.shp,known measured,0e2aed34-4793-3b85-8473-b60b748a44b9,-171243.9691,260909.5763
4348,Point,0,1,0.0,,4348,,261,,,,,,,,,,,,0.0,1,1,G,USGS_gbHeatFlowWells.shp,known measured,7e8e95d5-2865-3bdf-a97f-ae3b2b1bbf63,31885.94137,343338.7078
4349,Point,0,1,0.0,,4349,,317,,,,,,,,,,,,0.0,1,1,G,USGS_gbHeatFlowWells.shp,known measured,972c760c-ed73-3f68-a7bf-9f3ca8caa956,-170353.7386,258055.1042
4350,Point,0,1,0.0,,4350,,294,,,,,,,,,,,,0.0,1,1,G,USGS_gbHeatFlowWells.shp,known measured,b890dc25-9af0-300c-a01f-dfb6241db99a,32349.31716,342948.5446
4351,Point,0,1,0.0,,4351,,9,,,,,,,,,,,,0.0,1,1,G,USGS_gbHeatFlowWells.shp,known measured,7ad93995-065c-31a8-a049-511d4e2074f7,-163447.4104,254919.7305
4352,Point,0,1,0.0,,4352,,237,,,,,,,,,,,,0.0,1,1,G,USGS_gbHeatFlowWells.shp,known measured,2e29558c-97da-34aa-99bc-8fe70fab26e3,32526.55941,342725.242
4353,Point,0,1,0.0,,4353,,2932,,,,,,,,,,,,0.0,1,1,G,USGS_gbHeatFlowWells.shp,known measured,2f87a487-d25e-31d8-8459-03f80da35ee2,33843.83896,342965.9558
4354,Point,0,1,0.0,,4354,,384,,,,,,,,,,,,0.0,1,1,G,USGS_gbHeatFlowWells.shp,known measured,e6556d99-205b-3770-9f9b-023dab7b3589,33744.41075,342651.9022
4355,Point,0,1,0.0,,4355,,174,,,,,,,,,,,,0.0,1,1,G,USGS_gbHeatFlowWells.shp,known measured,5e5a918b-914c-3e42-b6f3-15373f897087,33074.20289,342279.4572
4356,Point,0,1,0.0,,4356,,598,,,,,,,,,,,,0.0,1,1,G,USGS_gbHeatFlowWells.shp,known measured,7bb5ca45-86fa-3bf2-816e-ac4b7076782c,35585.45773,342178.2819
4357,Point,0,1,0.0,,4357,,3271,,,,,,,,,,,,0.0,1,1,G,USGS_gbHeatFlowWells.shp,known measured,ccb7ef4d-3adf-39e3-8ca3-9d018a214108,-171312.7943,258467.6987
4358,Point,0,1,0.0,,4358,,296,,,,,,,,,,,,0.0,1,1,G,USGS_gbHeatFlowWells.shp,known measured,bd69f743-e0e1-335b-8924-1c7047c3a364,33034.07279,341831.2538
4359,Point,0,1,0.0,,4359,,2741,,,,,,,,,,,,0.0,1,1,G,USGS_gbHeatFlowWells.shp,known measured,a00fabc2-4899-38f2-b8a8-60071edd613a,-170489.7113,258450.2543
4360,Point,0,1,0.0,,4360,,303,,,,,,,,,,,,0.0,1,1,G,USGS_gbHeatFlowWells.shp,Data release - assumed measured,984500eb-b159-391d-a427-e38b394a2cb4,6547.444779,342168.5206
4361,Point,0,1,0.0,,4361,,166,,,,,,,,,,,,0.0,1,1,G,USGS_gbHeatFlowWells.shp,Data release - assumed measured,82c443f7-6320-375b-9e82-9905051ec500,-455.1110596,358921.536
4364,Point,0,1,0.0,,4364,,129,,,,,,,,,,,,0.0,1,1,G,USGS_gbHeatFlowWells.shp,Data release - assumed measured,ed43e2bd-e732-3964-b646-66d1ae431aca,-13930.01851,329665.8334
4365,Point,0,1,0.0,,4365,,233,,,,,,,,,,,,0.0,1,1,G,USGS_gbHeatFlowWells.shp,Data release - assumed measured,a000948f-7db2-3f66-8b34-5ff86c132b3a,39300.85531,349924.3242
4368,Point,0,1,0.0,,4368,,232,,,,,,,,,,,,0.0,1,1,G,USGS_gbHeatFlowWells.shp,Data release - assumed measured,81e60bf2-d992-35e0-a311-f743d4af42af,18961.83128,347878.4956
4369,Point,0,1,0.0,,4369,,168,,,,,,,,,,,,0.0,1,1,G,USGS_gbHeatFlowWells.shp,assumed measured,4ed549ce-339a-32f9-b745-76ac8b48bbcd,42983.25021,343805.3281
4374,Point,0,1,0.0,,4374,,131,,,,,,,,,,,,0.0,1,1,G,USGS_gbHeatFlowWells.shp,Data release - assumed measured,c9db039c-ed87-39a4-952d-359f5eca5522,-28622.91911,306112.2262
4375,Point,0,1,0.0,,4375,,158,,,,,,,,,,,,0.0,1,1,G,USGS_gbHeatFlowWells.shp,Data release - assumed measured,f27fca4e-12b5-31dd-b185-07656ef93b4f,-2802.317775,331625.7994
4377,Point,0,1,0.0,,4377,,344,,,,,,,,,,,,0.0,1,1,G,USGS_gbHeatFlowWells.shp,Data release - assumed measured,73adfaee-af1a-354b-ac99-1021409142b1,-85061.25401,286624.168
4378,Point,0,1,0.0,,4378,,184,,,,,,,,,,,,0.0,1,1,G,USGS_gbHeatFlowWells.shp,Data release - assumed measured,5bb97b18-af59-3b78-85c3-30c1740f2510,-82903.09478,195513.9846
4379,Point,0,1,0.0,,4379,,309,,,,,,,,,,,,0.0,1,1,G,USGS_gbHeatFlowWells.shp,Data release - assumed measured,f9741ce2-6f6c-3dd4-a26b-652f2884fefc,-201965.3634,323239.2856
4380,Point,0,1,0.0,,4380,,499,,,,,,,,,,,,0.0,1,1,G,USGS_gbHeatFlowWells.shp,Data release - assumed measured,60f4bc5f-0218-3ba3-b2f7-b396bf4f3700,-203481.3106,323244.0651
4381,Point,0,1,0.0,,4381,,218,,,,,,,,,,,,0.0,1,1,G,USGS_gbHeatFlowWells.shp,Data release - assumed measured,ecc89caf-8560-3a8d-a5ef-b7bc295c5694,-231677.2423,214918.6844
4382,Point,0,1,0.0,,4382,,187,,,,,,,,,,,,0.0,1,1,G,USGS_gbHeatFlowWells.shp,assumed measured,bd2c87d2-5f11-3fef-b742-652aa9619a80,71167.74982,357045.0512
4384,Point,0,1,0.0,,4384,,247,,,,,,,,,,,,0.0,1,1,G,USGS_gbHeatFlowWells.shp,Data release - assumed measured,8ec3d08e-5d64-3583-822e-00b0053b299b,-140631.2751,209208.9589
4385,Point,0,1,0.0,,4385,,356,,,,,,,,,,,,0.0,1,1,G,USGS_gbHeatFlowWells.shp,Data release - assumed measured,e3ec490c-758a-399b-85f5-3ca1a45ea8a1,-142725.4917,206667.44
4386,Point,0,1,0.0,,4386,,469,,,,,,,,,,,,0.0,1,1,G,USGS_gbHeatFlowWells.shp,Data release - assumed measured,15178755-7b09-365d-96d0-c768e28ec324,-138106.8051,212528.2433
4387,Point,0,1,0.0,,4387,,134,,,,,,,,,,,,0.0,1,1,G,USGS_gbHeatFlowWells.shp,Data release - assumed measured,5e87ec68-f8b7-3b7d-8aa5-48cd67675b8a,-174528.1163,237318.7936
4388,Point,0,1,0.0,,4388,,216,,,,,,,,,,,,0.0,1,1,G,USGS_gbHeatFlowWells.shp,assumed measured,3ccd81c8-9d82-3440-81a1-20b08010ca93,-123226.6456,275688.4934
4391,Point,0,1,0.0,,4391,,2761,,,,,,,,,,,,0.0,1,1,G,USGS_gbHeatFlowWells.shp,unmeasured,302e0a57-a24a-3b3a-ac7e-b9af8b788ab5,-54241.46709,348330.8562
4392,Point,0,1,0.0,,4392,,1088,,,,,,,,,,,,0.0,1,1,G,USGS_gbHeatFlowWells.shp,known measured,dc3e488c-bdad-3e05-a17d-4fe45971e0a9,-131812.14,224293.2704
4393,Point,0,1,0.0,,4393,,230,,,,,,,,,,,,0.0,1,1,G,USGS_gbHeatFlowWells.shp,assumed measured,5ecc00f4-cd26-3159-b54a-1477d7a38e22,32195.30995,341581.3878
4394,Point,0,1,0.0,,4394,,155,,,,,,,,,,,,0.0,1,1,G,USGS_gbHeatFlowWells.shp,known measured,e35537ad-0aca-3b5f-bb5b-6106453dd64a,-129097.1108,228856.0883
4395,Point,0,1,0.0,,4395,,3330,,,,,,,,,,,,0.0,1,1,G,USGS_gbHeatFlowWells.shp,known measured,c7b7193a-398e-3267-9291-1b8af79ac13b,-131775.7682,227576.6709
4396,Point,0,1,0.0,,4396,,954,,,,,,,,,,,,0.0,1,1,G,USGS_gbHeatFlowWells.shp,known measured,ee8fd63f-4bae-3ef4-92c5-65944d97a5e9,-131834.4994,230771.9348
4397,Point,0,1,0.0,,4397,,923,,,,,,,,,,,,0.0,1,1,G,USGS_gbHeatFlowWells.shp,known measured,642ef75f-b220-3e08-bfb6-98fdcce074a9,-169683.127,261683.5629
4398,Point,0,1,0.0,,4398,,1088,,,,,,,,,,,,0.0,1,1,G,USGS_gbHeatFlowWells.shp,assumed measured,bcfddd88-99cd-335e-b2bc-2f705b4275e6,-54243.75283,347994.8427
4399,Point,0,1,0.0,,4399,,430,,,,,,,,,,,,0.0,1,1,G,USGS_gbHeatFlowWells.shp,assumed measured,43b4f6fd-cf64-333f-97ef-4134c940696a,35718.90788,342380.4887
4400,Point,0,1,0.0,,4400,,150,,,,,,,,,,,,0.0,1,1,G,USGS_gbHeatFlowWells.shp,assumed measured,3169b28c-9260-3686-83f0-b4031521fb5a,38172.46285,338549.8646
4401,Point,0,1,0.0,,4401,,280,,,,,,,,,,,,0.0,1,1,G,USGS_gbHeatFlowWells.shp,assumed measured,d0fd22cd-994f-36a0-b9ef-764ad5f928ee,35519.12375,343869.3391
4402,Point,0,1,0.0,,4402,,210,,,,,,,,,,,,0.0,1,1,G,USGS_gbHeatFlowWells.shp,assumed measured,d372b262-831f-3caf-856c-19760ecd9792,35473.66239,338996.6426
4403,Point,0,1,0.0,,4403,,753,,,,,,,,,,,,0.0,1,1,G,USGS_gbHeatFlowWells.shp,assumed measured,29d6bc5f-0260-3d71-88f0-df9876359f26,-53891.31752,347992.4643
4404,Point,0,1,0.0,,4404,,624,,,,,,,,,,,,0.0,1,1,G,USGS_gbHeatFlowWells.shp,Data release - assumed measured,2c5e532f-f073-3ddb-b282-2cbd323f1422,-53871.4326,347208.271
4405,Point,0,1,0.0,,4405,,1274,,,,,,,,,,,,0.0,1,1,G,USGS_gbHeatFlowWells.shp,Data release - assumed measured,ca2b4689-a4aa-3a85-b65a-bdfcf39dc1ef,-54355.72736,347569.9786
4406,Point,0,1,0.0,,4406,,285,,,,,,,,,,,,0.0,1,1,G,USGS_gbHeatFlowWells.shp,unmeasured,eeaa59d2-490f-32b4-8657-6b62f0333b44,-54460.401,346988.2393
4407,Point,0,1,0.0,,4407,,367,,,,,,,,,,,,0.0,1,1,G,USGS_gbHeatFlowWells.shp,Data release - assumed measured,91624809-ceca-3865-8506-d8507b42b203,-54249.85765,348330.9133
4408,Point,0,1,0.0,,4408,,204,,,,,,,,,,,,0.0,1,1,G,USGS_gbHeatFlowWells.shp,Data release - assumed measured,7b1c4fb3-0e83-3889-8ce3-5adcd380eaf2,-185413.0353,306971.3052
4415,Point,0,1,0.0,,4415,,163,,,,,,,,,,,,0.0,1,1,G,USGS_gbHeatFlowWells.shp,Data release - assumed measured,c597fc63-0fe5-373b-aaa9-760962a104fc,-138098.935,90813.16199
4416,Point,0,1,0.0,,4416,,138,,,,,,,,,,,,0.0,1,1,G,USGS_gbHeatFlowWells.shp,Data release - assumed measured,04a9c923-f22c-3286-b833-a8d896ba6c5b,-134618.6818,225695.607
4417,Point,0,1,0.0,,4417,,415,,,,,,,,,,,,0.0,1,1,G,USGS_gbHeatFlowWells.shp,Data release - assumed measured,f4bbb66b-6ca3-3813-9525-6d0ef195e392,-134223.8449,228950.6424
4418,Point,0,1,0.0,,4418,,308,,,,,,,,,,,,0.0,1,1,G,USGS_gbHeatFlowWells.shp,Data release - assumed measured,71fc1c0b-87bb-3838-853a-e8dc901a36eb,-140301.2946,222351.0408
4419,Point,0,1,0.0,,4419,,125,,,,,,,,,,,,0.0,1,1,G,USGS_gbHeatFlowWells.shp,Data release - assumed measured,22ef1b9b-c49c-303f-b114-39f93c72a358,-137243.1787,236768.447
4420,Point,0,1,0.0,,4420,,296,,,,,,,,,,,,0.0,1,1,G,USGS_gbHeatFlowWells.shp,Data release - assumed measured,ffa8d46b-8a46-3dc1-b7f5-15f2d941a24b,-135991.5501,240345.0435
4421,Point,0,1,0.0,,4421,,158,,,,,,,,,,,,0.0,1,1,G,USGS_gbHeatFlowWells.shp,Data release - assumed measured,477b6e3c-751b-39f3-957b-fbeeb887c5a3,-141382.7839,215577.404
4426,Point,0,1,0.0,,4426,,3088,,,,,,,,,,,,0.0,1,1,G,USGS_gbHeatFlowWells.shp,assumed measured,fbab25ac-9182-3f15-96a5-95cc28e35910,-234531.6074,215124.0535
4427,Point,0,1,0.0,,4427,,4585,,,,,,,,,,,,0.0,1,1,G,USGS_gbHeatFlowWells.shp,assumed measured,ebadd204-f51a-37d7-8d73-beda4b8472b8,-234686.0148,215689.1085
4428,Point,0,1,0.0,,4428,,149,,,,,,,,,,,,0.0,1,1,G,USGS_gbHeatFlowWells.shp,known measured,16f703e7-6575-31c7-b6f1-89f6b2337d31,-55883.87457,349854.2773
4429,Point,0,1,0.0,,4429,,139,,,,,,,,,,,,0.0,1,1,G,USGS_gbHeatFlowWells.shp,Data release - assumed measured,9b4d4e6e-506e-3f35-9331-b6871c029b53,-179211.3559,236468.4145
4430,Point,0,1,0.0,,4430,,749,,,,,,,,,,,,0.0,1,1,G,USGS_gbHeatFlowWells.shp,assumed measured,1773ea23-7bdb-3ef8-b22d-a7e0d836a495,-132570.3803,111270.0889
4431,Point,0,1,0.0,,4431,,243,,,,,,,,,,,,0.0,1,1,G,USGS_gbHeatFlowWells.shp,assumed measured,0ae845ae-f3fb-3ba6-8eec-aa592fc0cdb4,-45564.1886,268241.41
4432,Point,0,1,0.0,,4432,,293,,,,,,,,,,,,0.0,1,1,G,USGS_gbHeatFlowWells.shp,assumed measured,5a68c234-8a32-38cd-90ef-3adcf175d0b8,-44194.21639,259941.7914
4433,Point,0,1,0.0,,4433,,693,,,,,,,,,,,,0.0,1,1,G,USGS_gbHeatFlowWells.shp,known measured,2c6825ed-3062-372b-b4b1-a66d31b860fe,-106348.3515,346849.9106
4434,Point,0,1,0.0,,4434,,143,,,,,,,,,,,,0.0,1,1,G,USGS_gbHeatFlowWells.shp,known measured,334a6f7e-2fd6-3181-8e14-be33a9b7c876,-103199.4608,347592.687
4436,Point,0,1,0.0,,4436,,1,,,,,,,,,,,,0.0,1,1,G,USGS_gbHeatFlowWells.shp,assumed measured,f66de49a-6a0b-3c52-920f-58478bc9592d,-202612.2708,326628.5822
4437,Point,0,1,0.0,,4437,,138,,,,,,,,,,,,0.0,1,1,G,USGS_gbHeatFlowWells.shp,known measured,3ad90479-afae-324b-9ff8-dec79dde9fff,-72159.57599,326629.3063
4438,Point,0,1,0.0,,4438,,136,,,,,,,,,,,,0.0,1,1,G,USGS_gbHeatFlowWells.shp,assumed measured,3e1ea028-172f-3de1-bd5a-1e29244d91b3,-75008.55272,321610.5839
4439,Point,0,1,0.0,,4439,,128,,,,,,,,,,,,0.0,1,1,G,USGS_gbHeatFlowWells.shp,assumed measured,6f9d30aa-d3b4-396f-80c3-b376a0ac5e23,16281.231,211093.8832
4440,Point,0,1,0.0,,4440,,304,,,,,,,,,,,,0.0,1,1,G,USGS_gbHeatFlowWells.shp,assumed measured,0f3c234e-5418-34d5-af7b-4261db7f1138,14720.86886,208662.6633
4441,Point,0,1,0.0,,4441,,138,,,,,,,,,,,,0.0,1,1,G,USGS_gbHeatFlowWells.shp,assumed measured,32d39b32-6aba-34e8-89bb-a6eb20c56467,-13786.34921,264131.8862
4442,Point,0,1,0.0,,4442,,367,,,,,,,,,,,,0.0,1,1,G,USGS_gbHeatFlowWells.shp,assumed measured,0812a86a-4afc-3ab9-a10b-8ca9b8826c8b,-12367.98228,267491.15
4443,Point,0,1,0.0,,4443,,482,,,,,,,,,,,,0.0,1,1,G,USGS_gbHeatFlowWells.shp,unmeasured,4001a5c4-5a32-363f-aa33-b0c6b74257f5,-12226.44399,267677.6919
4444,Point,0,1,0.0,,4444,,260,,,,,,,,,,,,0.0,1,1,G,USGS_gbHeatFlowWells.shp,unmeasured,08cf6a45-6b29-34f2-b694-2278b43b86f3,-13641.24891,266372.6886
4445,Point,0,1,0.0,,4445,,296,,,,,,,,,,,,0.0,1,1,G,USGS_gbHeatFlowWells.shp,Data release - assumed measured,71dd37be-8e77-3c69-b6f8-87b66b42df4b,-226120.2435,228428.3725
4446,Point,0,1,0.0,,4446,,426,,,,,,,,,,,,0.0,1,1,G,USGS_gbHeatFlowWells.shp,Data release - assumed measured,6b807152-f1d9-3c34-9b9b-1cbb52732cbe,-232364.8714,214758.9737
4451,Point,0,1,0.0,,4451,,124,,,,,,,,,,,,0.0,1,1,G,USGS_gbHeatFlowWells.shp,Data release - assumed measured,4c37618c-af27-3698-86bd-f640760535e0,-82877.4288,269547.0453
4452,Point,0,1,0.0,,4452,,380,,,,,,,,,,,,0.0,1,1,G,USGS_gbHeatFlowWells.shp,Data release - assumed measured,d4331411-83fb-3246-a264-5d06158b7997,-187988.4833,268926.5686
4453,Point,0,1,0.0,,4453,,173,,,,,,,,,,,,0.0,1,1,G,USGS_gbHeatFlowWells.shp,Data release - assumed measured,7cf04479-1750-3f70-a7de-14195d071c94,-188391.0038,280704.2802
4454,Point,0,1,0.0,,4454,,277,,,,,,,,,,,,0.0,1,1,G,USGS_gbHeatFlowWells.shp,Data release - assumed measured,f87e7c3b-7e6c-39cb-80af-74d5d7587612,-189418.0861,265821.7365
4455,Point,0,1,0.0,,4455,,380,,,,,,,,,,,,0.0,1,1,G,USGS_gbHeatFlowWells.shp,Data release - assumed measured,6161decc-58fb-39a6-a87f-4f98bc55b564,-187387.4576,269248.8102
4456,Point,0,1,0.0,,4456,,138,,,,,,,,,,,,0.0,1,1,G,USGS_gbHeatFlowWells.shp,Data release - assumed measured,378b7d3f-9011-3882-b1b8-be968e0a9f34,-185322.4034,274244.6304
4457,Point,0,1,0.0,,4457,,138,,,,,,,,,,,,0.0,1,1,G,USGS_gbHeatFlowWells.shp,Data release - assumed measured,6f965377-67f0-3480-afe7-d61b2d665dd6,-196052.646,268558.3442
4458,Point,0,1,0.0,,4458,,122,,,,,,,,,,,,0.0,1,1,G,USGS_gbHeatFlowWells.shp,known measured,ca69edba-784f-3a44-bb1c-5e92d26a627d,-238313.8716,226446.0834
4459,Point,0,1,0.0,,4459,,162,,,,,,,,,,,,0.0,1,1,G,USGS_gbHeatFlowWells.shp,assumed measured,aceead2f-d99a-3c36-b460-774b04e478bb,-235310.0631,230932.5151
4460,Point,0,1,0.0,,4460,,131,,,,,,,,,,,,0.0,1,1,G,USGS_gbHeatFlowWells.shp,Data release - assumed measured,7fac6a73-7c13-3a5d-abb2-16e915480b55,-218143.8502,254441.6782
4462,Point,0,1,0.0,,4462,,134,,,,,,,,,,,,0.0,1,1,G,USGS_gbHeatFlowWells.shp,assumed measured,ceefc09d-31fc-397c-8548-ad92b29a8224,-50074.1811,341135.0001
4463,Point,0,1,0.0,,4463,,235,,,,,,,,,,,,0.0,1,1,G,USGS_gbHeatFlowWells.shp,assumed measured,f2978c77-cc86-3e72-8c4b-9509a12333a1,-48173.34716,340193.6163
4464,Point,0,1,0.0,,4464,,243,,,,,,,,,,,,0.0,1,1,G,USGS_gbHeatFlowWells.shp,unmeasured,2260d67a-7443-3b74-8905-a10b466dc08e,-53686.62326,345986.1194
4465,Point,0,1,0.0,,4465,,158,,,,,,,,,,,,0.0,1,1,G,USGS_gbHeatFlowWells.shp,Data release - assumed measured,865eccfb-ac37-3c7d-9a24-7be270feda2e,-49785.05027,340360.3043
4466,Point,0,1,0.0,,4466,,328,,,,,,,,,,,,0.0,1,1,G,USGS_gbHeatFlowWells.shp,Data release - assumed measured,6669757e-3968-3b42-a5ea-da1f8335d3af,-53939.546,349549.6962
4467,Point,0,1,0.0,,4467,,378,,,,,,,,,,,,0.0,1,1,G,USGS_gbHeatFlowWells.shp,known measured,23aee8f3-5c45-3815-afca-29915f6eee4c,-53777.48483,348697.3444
4468,Point,0,1,0.0,,4468,,175,,,,,,,,,,,,0.0,1,1,G,USGS_gbHeatFlowWells.shp,assumed measured,ba57c82b-acfc-33cb-9fc2-324ccd3b10a9,-48164.03497,341739.3301
4469,Point,0,1,0.0,,4469,,143,,,,,,,,,,,,0.0,1,1,G,USGS_gbHeatFlowWells.shp,assumed measured,0eddd8f7-175c-3192-a864-f389f100d8eb,-16124.75008,4305.379153
4471,Point,0,1,0.0,,4471,,3123,,,,,,,,,,,,0.0,1,1,G,USGS_gbHeatFlowWells.shp,assumed measured,bf013255-fa3b-37f3-bb55-e2de2e978c3c,-239406.8006,225816.8312
4472,Point,0,1,0.0,,4472,,698,,,,,,,,,,,,0.0,1,1,G,USGS_gbHeatFlowWells.shp,assumed measured,ddebbcd0-878a-350b-8e5c-7926f6a6e7e6,-238018.0878,225775.8976
4473,Point,0,1,0.0,,4473,,137,,,,,,,,,,,,0.0,1,1,G,USGS_gbHeatFlowWells.shp,Data release - assumed measured,bced7ede-4c75-3870-a38d-32ccf70e5f00,23373.69543,317052.1905
4474,Point,0,1,0.0,,4474,,221,,,,,,,,,,,,0.0,1,1,G,USGS_gbHeatFlowWells.shp,Data release - assumed measured,0ff08e46-e1b4-36da-9000-afebbfb9bb7c,-237215.2261,209484.0093
4475,Point,0,1,0.0,,4475,,415,,,,,,,,,,,,0.0,1,1,G,USGS_gbHeatFlowWells.shp,Data release - assumed measured,6eded20e-5290-3dbf-b930-4c5d06ebff31,-231473.5711,219061.1587
4476,Point,0,1,0.0,,4476,,153,,,,,,,,,,,,0.0,1,1,G,USGS_gbHeatFlowWells.shp,Data release - assumed measured,bf5495a4-2828-39d5-8f1d-1dda382ab37e,-199734.9485,324864.1662
4477,Point,0,1,0.0,,4477,,269,,,,,,,,,,,,0.0,1,1,G,USGS_gbHeatFlowWells.shp,Data release - assumed measured,20f60619-57e0-3ef9-8353-94cd611649b8,-208251.6746,324420.159
4478,Point,0,1,0.0,,4478,,248,,,,,,,,,,,,0.0,1,1,G,USGS_gbHeatFlowWells.shp,assumed measured,a0599c67-61d7-3aef-bade-49d33b9f8c3b,-157297.6563,231820.6684
4479,Point,0,1,0.0,,4479,,261,,,,,,,,,,,,0.0,1,1,G,USGS_gbHeatFlowWells.shp,assumed measured,d5197436-7652-3adb-9b3c-a1c8f0190fda,-158428.5144,230609.7708
4480,Point,0,1,0.0,,4480,,1354,,,,,,,,,,,,0.0,1,1,G,USGS_gbHeatFlowWells.shp,assumed measured,d302cd10-0dd0-3ca9-ae75-7bac76923dea,-158134.4978,233451.017
4481,Point,0,1,0.0,,4481,,265,,,,,,,,,,,,0.0,1,1,G,USGS_gbHeatFlowWells.shp,assumed measured,fb00d382-08c5-3c52-8ea5-817305978e99,-159521.2325,233511.8508
4482,Point,0,1,0.0,,4482,,152,,,,,,,,,,,,0.0,1,1,G,USGS_gbHeatFlowWells.shp,Data release - assumed measured,e24fd850-8d9d-393a-b948-a390211d3736,-150556.8002,311843.7308
4483,Point,0,1,0.0,,4483,,166,,,,,,,,,,,,0.0,1,1,G,USGS_gbHeatFlowWells.shp,Data release - assumed measured,2dcc7bf8-c849-3ac1-8ee3-6c0492787f32,-143462.2094,315635.2119
4484,Point,0,1,0.0,,4484,,125,,,,,,,,,,,,0.0,1,1,G,USGS_gbHeatFlowWells.shp,unmeasured,64dafc76-1859-3829-bd91-5a24a4cbedce,-181242.0978,272321.1504
4485,Point,0,1,0.0,,4485,,130,,,,,,,,,,,,0.0,1,1,G,USGS_gbHeatFlowWells.shp,unmeasured,344d3f9f-c148-3d3e-a829-7c12b0c3f4e0,-148226.1088,316282.1605
4486,Point,0,1,0.0,,4486,,298,,,,,,,,,,,,0.0,1,1,G,USGS_gbHeatFlowWells.shp,assumed measured,54e79a13-6b29-341a-b4e4-d884fd3912d7,-145668.1564,286914.6918
4487,Point,0,1,0.0,,4487,,173,,,,,,,,,,,,0.0,1,1,G,USGS_gbHeatFlowWells.shp,assumed measured,8a45f8dd-a3dd-3b94-86e1-b25078a42988,-146073.9681,287855.8956
4488,Point,0,1,0.0,,4488,,194,,,,,,,,,,,,0.0,1,1,G,USGS_gbHeatFlowWells.shp,unmeasured,ef63f903-c1ff-31ab-9282-6c1d5e7e9bea,-135614.1796,297944.3769
4489,Point,0,1,0.0,,4489,,178,,,,,,,,,,,,0.0,1,1,G,USGS_gbHeatFlowWells.shp,assumed measured,c94e44bd-87e1-3afa-b2a7-5e506424c0f6,-139142.1332,297444.4684
4490,Point,0,1,0.0,,4490,,181,,,,,,,,,,,,0.0,1,1,G,USGS_gbHeatFlowWells.shp,unmeasured,9cc40a0e-a04d-352a-8543-9f16344d2004,-136858.4721,299272.7597
4491,Point,0,1,0.0,,4491,,135,,,,,,,,,,,,0.0,1,1,G,USGS_gbHeatFlowWells.shp,unmeasured,528d784e-27cc-34e4-8983-5b0b4a2e2e01,-139075.61,309395.3605
4492,Point,0,1,0.0,,4492,,211,,,,,,,,,,,,0.0,1,1,G,USGS_gbHeatFlowWells.shp,unmeasured,875409ce-3112-3c8a-8feb-0a570c52ae9a,-137469.2347,304698.9882
4493,Point,0,1,0.0,,4493,,142,,,,,,,,,,,,0.0,1,1,G,USGS_gbHeatFlowWells.shp,Data release - assumed measured,3476fc64-2f5d-3756-a52e-ac2904d11270,-161744.427,286661.721
4494,Point,0,1,0.0,,4494,,320,,,,,,,,,,,,0.0,1,1,G,USGS_gbHeatFlowWells.shp,assumed measured,9049db99-224b-3962-b241-dd3fcd834009,-167419.0265,256290.0561
4495,Point,0,1,0.0,,4495,,309,,,,,,,,,,,,0.0,1,1,G,USGS_gbHeatFlowWells.shp,assumed measured,cb25cd39-1279-3e66-b293-e4379568a02a,-164294.0389,255048.9988
4498,Point,0,1,0.0,,4498,,168,,,,,,,,,,,,0.0,1,1,G,USGS_gbHeatFlowWells.shp,Data release - assumed measured,0e483ffe-19d6-3f8b-9a60-d907b4869bac,-137356.0276,211495.516
4499,Point,0,1,0.0,,4499,,1543,,,,,,,,,,,,0.0,1,1,G,USGS_gbHeatFlowWells.shp,Data release - assumed measured,04bbdd2e-a636-3fbb-8309-12b4edce70d4,-134633.1728,204253.8618
4500,Point,0,1,0.0,,4500,,871,,,,,,,,,,,,0.0,1,1,G,USGS_gbHeatFlowWells.shp,Data release - assumed measured,e4c8ce9b-0c53-3c3a-a7a2-0d97a6e28111,-135161.7427,208432.3148
4501,Point,0,1,0.0,,4501,,156,,,,,,,,,,,,0.0,1,1,G,USGS_gbHeatFlowWells.shp,Data release - assumed measured,a7696f7c-c863-3807-8bf4-e0629bcf79d3,-156010.5993,287172.23
4502,Point,0,1,0.0,,4502,,204,,,,,,,,,,,,0.0,1,1,G,USGS_gbHeatFlowWells.shp,unmeasured,bc46df50-669a-31f3-93b6-c4747d7fa9c0,-171881.8275,280708.2168
4503,Point,0,1,0.0,,4503,,163,,,,,,,,,,,,0.0,1,1,G,USGS_gbHeatFlowWells.shp,assumed measured,623d6bc8-0c89-30c1-9a4c-9383ab231690,-49425.47391,340100.4361
4504,Point,0,1,0.0,,4504,,154,,,,,,,,,,,,0.0,1,1,G,USGS_gbHeatFlowWells.shp,assumed measured,b922f62e-db3c-32fe-98e2-a892e0efce3a,-117341.6453,328732.6898
4505,Point,0,1,0.0,,4505,,157,,,,,,,,,,,,0.0,1,1,G,USGS_gbHeatFlowWells.shp,Data release - assumed measured,d62bed7d-0f3a-36d9-9326-2289df997d2f,-124199.6763,276846.466
4506,Point,0,1,0.0,,4506,,251,,,,,,,,,,,,0.0,1,1,G,USGS_gbHeatFlowWells.shp,assumed measured,978ce67d-14cc-3915-9731-52ab13acb61b,-48838.05968,340007.2198
4507,Point,0,1,0.0,,4507,,234,,,,,,,,,,,,0.0,1,1,G,USGS_gbHeatFlowWells.shp,Data release - assumed measured,6104ca3e-db1e-3703-9a5a-1a87f288b577,-151514.0763,314730.2011
4508,Point,0,1,0.0,,4508,,158,,,,,,,,,,,,0.0,1,1,G,USGS_gbHeatFlowWells.shp,Data release - assumed measured,fffb7c76-4c82-3d61-aecd-f02b82358dc7,-164652.0225,282368.7962
4509,Point,0,1,0.0,,4509,,126,,,,,,,,,,,,0.0,1,1,G,USGS_gbHeatFlowWells.shp,unmeasured,db302af6-5bfe-343e-8e4b-526cf364481b,-49147.04987,341666.9029
4510,Point,0,1,0.0,,4510,,169,,,,,,,,,,,,0.0,1,1,G,USGS_gbHeatFlowWells.shp,Data release - assumed measured,d159de81-30c3-3f33-924d-a3dfcc636d2f,-183200.5129,266948.2751
4511,Point,0,1,0.0,,4511,,293,,,,,,,,,,,,0.0,1,1,G,USGS_gbHeatFlowWells.shp,assumed measured,995a4f7e-ffa7-303c-b446-6079c39f5d4f,-48264.18814,340451.787
4512,Point,0,1,0.0,,4512,,239,,,,,,,,,,,,0.0,1,1,G,USGS_gbHeatFlowWells.shp,Data release - assumed measured,9de01271-4a4c-3d54-b4f0-a135069c8799,-134839.5986,333848.3539
4513,Point,0,1,0.0,,4513,,3222,,,,,,,,,,,,0.0,1,1,C,USGS_gbHeatFlowWells.shp,Data release - assumed measured,6843b06a-c951-345f-8dd0-60afb5737ae5,-134327.5999,202063.0662
4514,Point,0,1,0.0,,4514,,136,,,,,,,,,,,,0.0,1,1,G,USGS_gbHeatFlowWells.shp,Data release - assumed measured,6ca6ead5-4f83-367d-af49-c4c2946393e4,-156397.308,293376.7732
4515,Point,0,1,0.0,,4515,,176,,,,,,,,,,,,0.0,1,1,G,USGS_gbHeatFlowWells.shp,Data release - assumed measured,d71d7428-3bb8-3f6e-988e-5af14fd14e59,-159233.8798,306595.5346
4516,Point,0,1,0.0,,4516,,152,,,,,,,,,,,,0.0,1,1,G,USGS_gbHeatFlowWells.shp,assumed measured,5f2dc286-2a63-3b9d-9d26-d3e8b682b7b1,-168765.6062,308097.7846
4517,Point,0,1,0.0,,4517,,121,,,,,,,,,,,,0.0,1,1,G,USGS_gbHeatFlowWells.shp,Data release - assumed measured,4f9fd3d4-9483-346b-a396-5f07fa065bd6,-159007.0197,310942.4223
4518,Point,0,1,0.0,,4518,,221,,,,,,,,,,,,0.0,1,1,G,USGS_gbHeatFlowWells.shp,Data release - assumed measured,982c4e2e-01bc-3a94-acd7-e55278f13545,-143892.3295,321401.9432
4519,Point,0,1,0.0,,4519,,124,,,,,,,,,,,,0.0,1,1,G,USGS_gbHeatFlowWells.shp,Data release - assumed measured,30791574-d41b-3f43-b5f1-ba00a330b926,-172482.8537,285577.4601
4521,Point,0,1,0.0,,4521,,147,,,,,,,,,,,,0.0,1,1,G,USGS_gbHeatFlowWells.shp,Data release - assumed measured,90b3a861-e2df-3f95-999f-1892464a76d9,-146270.6813,297175.2298
4522,Point,0,1,0.0,,4522,,153,,,,,,,,,,,,0.0,1,1,G,USGS_gbHeatFlowWells.shp,Data release - assumed measured,b9c34c2b-00dc-3bf1-8c89-f812d81b5d64,-142066.7992,281702.9142
4524,Point,0,1,0.0,,4524,,155,,,,,,,,,,,,0.0,1,1,G,USGS_gbHeatFlowWells.shp,assumed measured,88dd3811-5a45-358e-a00a-7431cb855606,-142708.4191,214759.9616
4525,Point,0,1,0.0,,4525,,331,,,,,,,,,,,,0.0,1,1,G,USGS_gbHeatFlowWells.shp,assumed measured,355729bc-8207-38a4-9e5b-3ef901546fdd,-142046.5085,211946.1493
4526,Point,0,1,0.0,,4526,,138,,,,,,,,,,,,0.0,1,1,G,USGS_gbHeatFlowWells.shp,known measured,e688e001-903e-3ae2-93b4-6aa975ed2af2,-159844.3623,211343.0971
4527,Point,0,1,0.0,,4527,,122,,,,,,,,,,,,0.0,1,1,G,USGS_gbHeatFlowWells.shp,known measured,135a123c-4c68-31bf-9110-4c8608484bf3,-163404.3351,211227.1734
4528,Point,0,1,0.0,,4528,,183,,,,,,,,,,,,0.0,1,1,G,USGS_gbHeatFlowWells.shp,Data release - assumed measured,41fdd2fb-6fc6-3ea0-8ba7-2326a2d42ded,-170960.2147,284237.4656
4529,Point,0,1,0.0,,4529,,183,,,,,,,,,,,,0.0,1,1,G,USGS_gbHeatFlowWells.shp,Data release - assumed measured,0a11ecd0-2669-3614-a265-be4a07337ff1,-171093.2443,284613.8617
4530,Point,0,1,0.0,,4530,,176,,,,,,,,,,,,0.0,1,1,G,USGS_gbHeatFlowWells.shp,unmeasured,3d363290-8f90-30c9-a33f-22fbb48295c7,-171913.7357,279214.6164
4531,Point,0,1,0.0,,4531,,363,,,,,,,,,,,,0.0,1,1,G,USGS_gbHeatFlowWells.shp,Data release - assumed measured,7c51c9d5-4847-36c8-93f0-7f83936b1c87,-214897.335,235936.4622
4532,Point,0,1,0.0,,4532,,1279,,,,,,,,,,,,0.0,1,1,G,USGS_gbHeatFlowWells.shp,assumed measured,a37642d6-908c-3d01-96a5-83fd95e8708f,-216014.1266,234505.1163
4533,Point,0,1,0.0,,4533,,204,,,,,,,,,,,,0.0,1,1,G,USGS_gbHeatFlowWells.shp,Data release - assumed measured,a1a54cab-0eba-3d2a-99a7-1dcb41e75406,-217007.0261,234531.6857
4534,Point,0,1,0.0,,4534,,293,,,,,,,,,,,,0.0,1,1,G,USGS_gbHeatFlowWells.shp,Data release - assumed measured,4ad5bc30-cec1-33d1-90e9-0b316e3a22f4,-12086.0864,268962.3266
4535,Point,0,1,0.0,,4535,,408,,,,,,,,,,,,0.0,1,1,G,USGS_gbHeatFlowWells.shp,Data release - assumed measured,99cc6fe1-721c-3dd6-a114-236085a53ce0,-150161.0586,242355.4093
4536,Point,0,1,0.0,,4536,,1305,,,,,,,,,,,,0.0,1,1,G,USGS_gbHeatFlowWells.shp,known measured,2a05cd63-f927-32df-98d7-150cd5b49d2e,-169778.1192,257168.7456
4537,Point,0,1,0.0,,4537,,1199,,,,,,,,,,,,0.0,1,1,G,USGS_gbHeatFlowWells.shp,assumed measured,610fe9d8-f4a8-3775-ae23-24cabf49f9f0,-114544.3447,310766.4658
4538,Point,0,1,0.0,,4538,,149,,,,,,,,,,,,0.0,1,1,G,USGS_gbHeatFlowWells.shp,assumed measured,afe85b0f-69f5-3487-85fe-5b49d1aa0a69,-116129.9099,306083.4891
4541,Point,0,1,0.0,,4541,,180,,,,,,,,,,,,0.0,1,1,G,USGS_gbHeatFlowWells.shp,Data release - assumed measured,61a87a86-e640-3467-bc5e-13353611791e,-228786.329,219534.2317
4543,Point,0,1,0.0,,4543,,1569,,,,,,,,,,,,0.0,1,1,G,USGS_gbHeatFlowWells.shp,assumed measured,605ddfd3-7bc5-347b-8ee5-55a45585e7ef,34388.78002,343158.7053
4544,Point,0,1,0.0,,4544,,2785,,,,,,,,,,,,0.0,1,1,G,USGS_gbHeatFlowWells.shp,assumed measured,b1f68604-8267-3f6e-91c1-e48b9176e652,34791.7072,343182.8655
4545,Point,0,1,0.0,,4545,,283,,,,,,,,,,,,0.0,1,1,G,USGS_gbHeatFlowWells.shp,assumed measured,2504527d-9196-3c5b-a84c-a1a6b97485e9,-186824.4326,145402.016
4546,Point,0,1,0.0,,4546,,122,,,,,,,,,,,,0.0,1,1,G,USGS_gbHeatFlowWells.shp,assumed measured,a07e9916-b109-36c0-b8e3-4950e4f804b1,-183268.5557,144013.6155
4547,Point,0,1,0.0,,4547,,464,,,,,,,,,,,,0.0,1,1,G,USGS_gbHeatFlowWells.shp,assumed measured,fe921410-9839-3146-bd32-28ff567f60b7,-187466.5075,142427.021
4548,Point,0,1,0.0,,4548,,469,,,,,,,,,,,,0.0,1,1,G,USGS_gbHeatFlowWells.shp,assumed measured,3a9cf451-aeab-3281-a06a-40d6140c60ff,-186786.0459,147082.8347
4549,Point,0,1,0.0,,4549,,153,,,,,,,,,,,,0.0,1,1,G,USGS_gbHeatFlowWells.shp,assumed measured,8838d1f7-0ff9-3824-b9fe-451a08bb1434,-186060.6687,147440.0035
4550,Point,0,1,0.0,,4550,,196,,,,,,,,,,,,0.0,1,1,G,USGS_gbHeatFlowWells.shp,assumed measured,f28febdc-15d9-3c75-812b-13bf81ddfd68,-186600.0499,148947.1293
4551,Point,0,1,0.0,,4551,,127,,,,,,,,,,,,0.0,1,1,G,USGS_gbHeatFlowWells.shp,assumed measured,d48ece47-ad97-3080-a472-553f68488b60,-188183.7986,142443.4917
4552,Point,0,1,0.0,,4552,,252,,,,,,,,,,,,0.0,1,1,G,USGS_gbHeatFlowWells.shp,unmeasured,46ae19d0-7611-33a6-a9ba-778f0eaf70ca,-185006.6044,143305.3178
4553,Point,0,1,0.0,,4553,,555,,,,,,,,,,,,0.0,1,1,G,USGS_gbHeatFlowWells.shp,assumed measured,5bca13b4-80ef-38a9-b9ad-ab92c4a3b820,-188446.2957,149736.88
4557,Point,0,1,0.0,,4557,,48,,,,,,,,,,,,0.0,1,1,G,USGS_gbHeatFlowWells.shp,assumed measured,4fc86c24-1b48-367d-b014-87a76b0f0291,-133207.6578,229617.5581
4558,Point,0,1,0.0,,4558,,784,,,,,,,,,,,,0.0,1,1,G,USGS_gbHeatFlowWells.shp,Data release - assumed measured,61037252-c063-3ef5-814c-2c70e46ed2a1,-83753.00878,287193.0947
4559,Point,0,1,0.0,,4559,,135,,,,,,,,,,,,0.0,1,1,G,USGS_gbHeatFlowWells.shp,Data release - assumed measured,b3abb3f5-d0d0-3134-8d92-f78a6b57d28e,-80343.11828,292480.4905
4560,Point,0,1,0.0,,4560,,1259,,,,,,,,,,,,0.0,1,1,G,USGS_gbHeatFlowWells.shp,Data release - assumed measured,5637908b-1c5d-35ff-b049-8b4d095768d9,-92481.17948,253839.7296
4561,Point,0,1,0.0,,4561,,123,,,,,,,,,,,,0.0,1,1,G,USGS_gbHeatFlowWells.shp,assumed measured,90b32ea3-7716-300c-93e9-9e9d9124e386,-72952.70019,275283.5111
4562,Point,0,1,0.0,,4562,,1356,,,,,,,,,,,,0.0,1,1,G,USGS_gbHeatFlowWells.shp,Data release - assumed measured,59f6e218-2064-3c35-9008-7c3d7367a15b,-91068.19459,256401.1311
4563,Point,0,1,0.0,,4563,,115,,,,,,,,,,,,0.0,1,1,G,USGS_gbHeatFlowWells.shp,assumed measured,f604eca1-642d-3dc5-bea1-3b5715330fb0,-85644.83389,265116.0985
4564,Point,0,1,0.0,,4564,,184,,,,,,,,,,,,0.0,1,1,G,USGS_gbHeatFlowWells.shp,Data release - assumed measured,c27a5528-f904-3cbe-bb0e-28e3769bd8b9,-99104.27128,223995.411
4565,Point,0,1,0.0,,4565,,301,,,,,,,,,,,,0.0,1,1,G,USGS_gbHeatFlowWells.shp,unmeasured,6851f037-4503-351d-9b61-85c3be4094e2,-72494.94023,278035.5403
4566,Point,0,1,0.0,,4566,,198,,,,,,,,,,,,0.0,1,1,G,USGS_gbHeatFlowWells.shp,assumed measured,c5583038-3a84-3726-aad8-6288bb8aafe9,-71449.6613,279567.1802
4567,Point,0,1,0.0,,4567,,148,,,,,,,,,,,,0.0,1,1,G,USGS_gbHeatFlowWells.shp,known measured,dc0b26f3-9ec3-3a67-8708-c209b0e7c6a6,-61321.37058,263605.8824
4568,Point,0,1,0.0,,4568,,67,,,,,,,,,,,,0.0,1,1,G,USGS_gbHeatFlowWells.shp,known measured,c58ce87d-ef95-3bc7-be79-65b2b8cdb31f,-92410.86501,255531.0898
4569,Point,0,1,0.0,,4569,,308,,,,,,,,,,,,0.0,1,1,G,USGS_gbHeatFlowWells.shp,known measured,6e6bc2f2-4653-3289-8bc9-6631483f9ec5,-85839.83934,265118.1625
4570,Point,0,1,0.0,,4570,,313,,,,,,,,,,,,0.0,1,1,G,USGS_gbHeatFlowWells.shp,unmeasured,56ec5f65-748b-3d6e-99f1-a5c881654769,-75765.69827,275124.5829
4571,Point,0,1,0.0,,4571,,174,,,,,,,,,,,,0.0,1,1,G,USGS_gbHeatFlowWells.shp,unmeasured,a786742b-8442-3475-87e9-6c3abf213d0f,-75298.91513,275232.2554
4572,Point,0,1,0.0,,4572,,700,,,,,,,,,,,,0.0,1,1,G,USGS_gbHeatFlowWells.shp,assumed measured,7c872240-05f5-311b-9c06-56f85d09fbe6,-76220.94026,275341.7737
4573,Point,0,1,0.0,,4573,,375,,,,,,,,,,,,0.0,1,1,G,USGS_gbHeatFlowWells.shp,Data release - assumed measured,8445153d-1822-3e31-bbf7-72cd557f28cc,-107294.6203,215637.7561
4574,Point,0,1,0.0,,4574,,199,,,,,,,,,,,,0.0,1,1,G,USGS_gbHeatFlowWells.shp,Data release - assumed measured,d7d0e148-75c7-3e55-9667-5f234705c550,-104936.5309,213253.2441
4575,Point,0,1,0.0,,4575,,223,,,,,,,,,,,,0.0,1,1,G,USGS_gbHeatFlowWells.shp,Data release - assumed measured,4b19e451-64f1-3463-8fde-e8bdd7198baa,-106935.7428,213088.8002
4576,Point,0,1,0.0,,4576,,149,,,,,,,,,,,,0.0,1,1,G,USGS_gbHeatFlowWells.shp,Data release - assumed measured,9a6e9d2d-3ba2-33a9-96d7-fb8a95e1f06e,-106460.5088,210930.6087
4577,Point,0,1,0.0,,4577,,159,,,,,,,,,,,,0.0,1,1,G,USGS_gbHeatFlowWells.shp,Data release - assumed measured,9e1b2d9a-02a2-37ba-811d-a644a68e01f1,-103994.8895,213476.4956
4578,Point,0,1,0.0,,4578,,944,,,,,,,,,,,,0.0,1,1,G,USGS_gbHeatFlowWells.shp,Data release - assumed measured,0e03504c-3a8a-34f4-9662-0b7f4e844480,-97644.62695,223473.3535
4579,Point,0,1,0.0,,4579,,135,,,,,,,,,,,,0.0,1,1,G,USGS_gbHeatFlowWells.shp,Data release - assumed measured,e7d160d1-6ed0-31f6-813c-3ec723dfce7b,-103944.4694,214081.078
4580,Point,0,1,0.0,,4580,,660,,,,,,,,,,,,0.0,1,1,G,USGS_gbHeatFlowWells.shp,Data release - assumed measured,5c5230c6-c902-3c18-969f-6b35659e8663,-105936.4247,216415.6811
4581,Point,0,1,0.0,,4581,,67,,,,,,,,,,,,0.0,1,1,G,USGS_gbHeatFlowWells.shp,Data release - assumed measured,bd69709a-406e-3895-ba65-cad81c4528e4,-107294.6203,215637.7561
4582,Point,0,1,0.0,,4582,,647,,,,,,,,,,,,0.0,1,1,G,USGS_gbHeatFlowWells.shp,Data release - assumed measured,801919a4-3336-3796-816a-be01b84d59b3,-106274.9289,215321.7264
4583,Point,0,1,0.0,,4583,,530,,,,,,,,,,,,0.0,1,1,G,USGS_gbHeatFlowWells.shp,Data release - assumed measured,83bf7192-0cda-3303-bb64-ea594c2d1057,-105993.1285,215340.4534
4584,Point,0,1,0.0,,4584,,27,,,,,,,,,,,,0.0,1,1,G,USGS_gbHeatFlowWells.shp,Data release - assumed measured,d55a4cd6-9990-358e-ad12-8221e3036a48,-95090.33044,229775.1787
4585,Point,0,1,0.0,,4585,,65,,,,,,,,,,,,0.0,1,1,G,USGS_gbHeatFlowWells.shp,Data release - assumed measured,3950ca8b-e1a0-38f4-81ad-8f1d8fdc36c5,-94040.70664,229953.4513
4586,Point,0,1,0.0,,4586,,624,,,,,,,,,,,,0.0,1,1,G,USGS_gbHeatFlowWells.shp,Data release - assumed measured,bb1319d5-a801-3af7-8c24-94eb1a63660f,-98179.47753,229274.0825
4587,Point,0,1,0.0,,4587,,1069,,,,,,,,,,,,0.0,1,1,G,USGS_gbHeatFlowWells.shp,Data release - assumed measured,8e07caa8-aa18-382f-b4be-ee5495ba2be9,-97049.19487,228352.6586
4588,Point,0,1,0.0,,4588,,34,,,,,,,,,,,,0.0,1,1,G,USGS_gbHeatFlowWells.shp,Data release - assumed measured,8092ef79-a63e-356f-83ce-84afc43c4ce5,-97488.39567,227248.4059
4589,Point,0,1,0.0,,4589,,769,,,,,,,,,,,,0.0,1,1,G,USGS_gbHeatFlowWells.shp,Data release - assumed measured,3df242a7-e77b-3930-b1f6-6e4f24410d50,-98360.0613,227729.6488
4590,Point,0,1,0.0,,4590,,213,,,,,,,,,,,,0.0,1,1,G,USGS_gbHeatFlowWells.shp,Data release - assumed measured,cf5b04d7-b926-3991-a55d-8e7461224278,-99377.23299,227450.663
4591,Point,0,1,0.0,,4591,,791,,,,,,,,,,,,0.0,1,1,G,USGS_gbHeatFlowWells.shp,Data release - assumed measured,9ca7934d-9724-32d4-8a93-592ac171ec95,-98660.11076,226175.4586
4592,Point,0,1,0.0,,4592,,141,,,,,,,,,,,,0.0,1,1,G,USGS_gbHeatFlowWells.shp,Data release - assumed measured,a99e4cc4-b185-3423-b9e8-0c91d6852c06,-99041.80508,225619.7342
4593,Point,0,1,0.0,,4593,,130,,,,,,,,,,,,0.0,1,1,G,USGS_gbHeatFlowWells.shp,assumed measured,dbd350b9-50ac-32c4-b90c-8e174d6276cd,-98584.04428,225423.6278
4594,Point,0,1,0.0,,4594,,141,,,,,,,,,,,,0.0,1,1,G,USGS_gbHeatFlowWells.shp,Data release - assumed measured,924cab3c-e9d2-31e1-988d-b99f2be16cf5,-99377.23299,227450.663
4596,Point,0,1,0.0,,4596,,238,,,,,,,,,,,,0.0,1,1,B,USGS_gbHeatFlowWells.shp,Data release - assumed measured,b8c0291a-2056-3521-8a04-1e64be18d24a,-137083.0377,205920.1224
4597,Point,0,1,0.0,,4597,,163,,,,,,,,,,,,0.0,1,1,A,USGS_gbHeatFlowWells.shp,A quality,5ee89d5b-ded4-3176-a662-c7961c0023ea,-131331.5105,202350.3485
4598,Point,0,1,0.0,,4598,,3213,,,,,,,,,,,,0.0,1,1,C,USGS_gbHeatFlowWells.shp,Data release - assumed measured,486a83c8-e61a-324f-8756-6077ef326ca4,-134728.8141,203638.9508
4599,Point,0,1,0.0,,4599,,38,,,,,,,,,,,,0.0,1,1,C,USGS_gbHeatFlowWells.shp,Data release - assumed measured,5a184ca6-e627-32d4-83f8-8b1b2113e613,-134518.9468,211145.3599
4600,Point,0,1,0.0,,4600,,2720,,,,,,,,,,,,0.0,1,1,B,USGS_gbHeatFlowWells.shp,Data release - assumed measured,ebd41b53-3075-3e34-a101-230f63214395,-135545.7177,205894.3138
4601,Point,0,1,0.0,,4601,,527,,,,,,,,,,,,0.0,1,1,B,USGS_gbHeatFlowWells.shp,Data release - assumed measured,092a959c-0ebf-3e75-ab82-a18ec2a5a89c,-133194.7388,203389.4791
4602,Point,0,1,0.0,,4602,,59,,,,,,,,,,,,0.0,1,1,B,USGS_gbHeatFlowWells.shp,Data release - assumed measured,5dec58c8-dd4c-3253-98c8-a4b9a448173c,-128197.137,205999.1711
4603,Point,0,1,0.0,,4603,,88,,,,,,,,,,,,0.0,1,1,B,USGS_gbHeatFlowWells.shp,Data release - assumed measured,f30ab3a1-3b01-390e-9a53-4b57eb71744b,-136671.6019,210060.4437
4604,Point,0,1,0.0,,4604,,1012,,,,,,,,,,,,0.0,1,1,C,USGS_gbHeatFlowWells.shp,Data release - assumed measured,f53feb46-c38e-3a55-a4bd-91c669db58b4,-133594.8345,210233.4009
4605,Point,0,1,0.0,,4605,,126,,,,,,,,,,,,0.0,1,1,A,USGS_gbHeatFlowWells.shp,A quality,98b3d66f-179e-3e64-b3c5-2e614682951b,-131508.0337,212553.1345
4606,Point,0,1,0.0,,4606,,167,,,,,,,,,,,,0.0,1,1,B,USGS_gbHeatFlowWells.shp,Data release - assumed measured,85f0ff0c-427b-300b-935d-40358a3d2d7b,-129550.0701,217565.4489
4607,Point,0,1,0.0,,4607,,1975,,,,,,,,,,,,0.0,1,1,C,USGS_gbHeatFlowWells.shp,Data release - assumed measured,633da91e-f486-37ac-bc63-4f9f64020ad3,-135780.2011,202087.2149
4608,Point,0,1,0.0,,4608,,67,,,,,,,,,,,,0.0,1,1,A,USGS_gbHeatFlowWells.shp,A quality,057b2540-9df5-3216-863e-a33ac8005394,-138750.4205,198326.3066
4609,Point,0,1,0.0,,4609,,234,,,,,,,,,,,,0.0,1,1,B,USGS_gbHeatFlowWells.shp,Data release - assumed measured,aa6313c1-4fee-3192-ae15-8b015477695c,-137103.8397,204687.4982
4610,Point,0,1,0.0,,4610,,2694,,,,,,,,,,,,0.0,1,1,C,USGS_gbHeatFlowWells.shp,Data release - assumed measured,078479c9-bd34-30c9-b609-8739e81b86a7,-135260.0586,202526.887
4611,Point,0,1,0.0,,4611,,96,,,,,,,,,,,,0.0,1,1,B,USGS_gbHeatFlowWells.shp,Data release - assumed measured,19e4524b-6380-3b9f-bcde-61d76af7c979,-127781.6023,199827.8133
4612,Point,0,1,0.0,,4612,,4314,,,,,,,,,,,,0.0,1,1,C,USGS_gbHeatFlowWells.shp,Data release - assumed measured,ab48e56e-9851-3cce-89e5-867942826464,-135159.316,208577.9907
4613,Point,0,1,0.0,,4613,,2,,,,,,,,,,,,0.0,1,1,B,USGS_gbHeatFlowWells.shp,known measured,eaebebe8-909b-3ce6-9c4a-f773f1953908,-75161.76052,243518.2373
4614,Point,0,1,0.0,,4614,,89,,,,,,,,,,,,0.0,1,1,B,USGS_gbHeatFlowWells.shp,known measured,c028116f-8268-32ab-a562-ba71f8dc05c2,-85137.10363,240849.0317
4615,Point,0,1,0.0,,4615,,207,,,,,,,,,,,,0.0,1,1,B,USGS_gbHeatFlowWells.shp,known measured,c9aa8c26-bd3f-3b56-a9bd-e0a95374c10f,-85149.42773,246138.7119
4616,Point,0,1,0.0,,4616,,401,,,,,,,,,,,,0.0,1,1,B,USGS_gbHeatFlowWells.shp,known measured,374dbb2f-0973-3908-bbe0-3d3082b67461,-84131.16473,244346.2061
4617,Point,0,1,0.0,,4617,,48,,,,,,,,,,,,0.0,1,1,B,USGS_gbHeatFlowWells.shp,known measured,c58e7d43-3c0e-3d8d-b1a9-96b8ba63f6f4,-82492.30433,245830.9987
4618,Point,0,1,0.0,,4618,,173,,,,,,,,,,,,0.0,1,1,A,USGS_gbHeatFlowWells.shp,A quality,9dc89101-0ea7-383d-a993-5d347abfc19a,-76414.47168,274490.8873
4619,Point,0,1,0.0,,4619,,675,,,,,,,,,,,,0.0,1,1,A,USGS_gbHeatFlowWells.shp,A quality,aab19dbf-69d5-3b5f-9fbe-55940729808c,-71544.49005,279087.3333
4620,Point,0,1,0.0,,4620,,188,,,,,,,,,,,,0.0,1,1,A,USGS_gbHeatFlowWells.shp,A quality,0ae43f4a-cdac-372c-a931-118ef11b7190,-75769.20528,273490.8841
4621,Point,0,1,0.0,,4621,,1084,,,,,,,,,,,,0.0,1,1,B,USGS_gbHeatFlowWells.shp,assumed measured,43da0391-5f09-3e2d-83e7-c9d20ce07eec,-71444.85242,279154.7991
4622,Point,0,1,0.0,,4622,,4145,,,,,,,,,,,,0.0,1,1,C,USGS_gbHeatFlowWells.shp,unmeasured,442155a0-9c38-3d84-a15a-ebecc1ec228c,-71746.95555,278817.3665
4623,Point,0,1,0.0,,4623,,1536,,,,,,,,,,,,0.0,1,1,G,USGS_gbHeatFlowWells.shp,Data release - assumed measured,86a356c3-b323-349b-b230-fec2febff526,-108172.6498,347390.7391
4624,Point,0,1,0.0,,4624,,78,,,,,,,,,,,,0.0,1,1,C,USGS_gbHeatFlowWells.shp,Data release - assumed measured,7c6de640-f0db-369a-ab12-8c15d63cf87d,-54994.58683,346196.6394
4625,Point,0,1,0.0,,4625,,108,,,,,,,,,,,,0.0,1,1,G,USGS_gbHeatFlowWells.shp,assumed measured,eb9f9443-c7fe-3751-a865-199539551b1a,-105083.5316,338499.8025
4626,Point,0,1,0.0,,4626,,35,,,,,,,,,,,,0.0,1,1,B,USGS_gbHeatFlowWells.shp,Data release - assumed measured,210db487-5295-366b-85f5-c6b115e92680,-103520.8378,337840.8526
4627,Point,0,1,0.0,,4627,,45,,,,,,,,,,,,0.0,1,1,A,USGS_gbHeatFlowWells.shp,A quality,08590238-7bc6-32b1-8275-97583235bf95,-103238.2175,336302.4623
4628,Point,0,1,0.0,,4628,,134,,,,,,,,,,,,0.0,1,1,C,USGS_gbHeatFlowWells.shp,Data release - assumed measured,acc5b94f-de85-33e5-8752-ac8d39331ce3,29378.32657,344841.1669
4629,Point,0,1,0.0,,4629,,164,,,,,,,,,,,,0.0,1,1,X,USGS_gbHeatFlowWells.shp,X quality,16372cd4-88d4-374e-9941-a8b3ee8a81a3,37110.09522,344772.6672
4636,Point,0,1,0.0,,4636,,29,,,,,,,,,,,,0.0,1,1,G,USGS_gbHeatFlowWells.shp,Data release - assumed measured,3485afb5-a381-3589-b7aa-d86c5ab28841,-85032.29849,267720.5599
4637,Point,0,1,0.0,,4637,,115,,,,,,,,,,,,0.0,1,1,G,USGS_gbHeatFlowWells.shp,Data release - assumed measured,03e4f83c-94aa-3da4-8c56-cab58df5c41a,-77849.967,275021.195
4638,Point,0,1,0.0,,4638,,193,,,,,,,,,,,,0.0,1,1,D,USGS_gbHeatFlowWells.shp,Data release - assumed measured,e93d90c2-91f0-3e5c-b1b8-da0b724da42c,-57856.89508,342699.706
4639,Point,0,1,0.0,,4639,,86,,,,,,,,,,,,0.0,1,1,D,USGS_gbHeatFlowWells.shp,Data release - assumed measured,576c6cad-b4af-3d15-b4ee-15f520f76f3a,-55243.64092,345380.6774
4640,Point,0,1,0.0,,4640,,205,,,,,,,,,,,,0.0,1,1,D,USGS_gbHeatFlowWells.shp,Data release - assumed measured,71c4a9ce-5982-3500-9715-d8928f05ba41,-57247.14033,342247.264
4641,Point,0,1,0.0,,4641,,26,,,,,,,,,,,,0.0,1,1,C,USGS_gbHeatFlowWells.shp,assumed measured,3cf9569e-bc87-3ea8-804c-fcd0a4b5fecc,-204879.5011,211495.7379
4642,Point,0,1,0.0,,4642,,429,,,,,,,,,,,,0.0,1,1,G,USGS_gbHeatFlowWells.shp,Data release - assumed measured,0e9da5dd-8613-3382-bbf9-b4629019f66c,-44612.58585,259462.2481
4643,Point,0,1,0.0,,4643,,643,,,,,,,,,,,,0.0,1,1,G,USGS_gbHeatFlowWells.shp,Data release - assumed measured,9a8484bd-0886-3624-8f13-b31fcdda87b4,-41942.34367,265532.5096
4644,Point,0,1,0.0,,4644,,406,,,,,,,,,,,,0.0,1,1,G,USGS_gbHeatFlowWells.shp,Data release - assumed measured,86ca697a-03b4-3500-ac2e-52de93536b0b,-41928.77029,264882.5311
4645,Point,0,1,0.0,,4645,,346,,,,,,,,,,,,0.0,1,1,G,USGS_gbHeatFlowWells.shp,Data release - assumed measured,db46c088-2be2-3d11-b7cb-a6834af97090,-41782.77844,265240.3489
4646,Point,0,1,0.0,,4646,,75,,,,,,,,,,,,0.0,1,1,C,USGS_gbHeatFlowWells.shp,Data release - assumed measured,a2abc13a-29e8-322b-8750-194ca82d15f5,-30029.90196,256593.5139
4647,Point,0,1,0.0,,4647,,24,,,,,,,,,,,,0.0,1,1,A,USGS_gbHeatFlowWells.shp,A quality,6d3b6a65-c336-3186-8867-d401e4f68649,-170305.9891,158557.8493
4648,Point,0,1,0.0,,4648,,874,,,,,,,,,,,,0.0,1,1,X,USGS_gbHeatFlowWells.shp,X quality,4ce4fc93-3a54-32a8-ab5f-2bdee320dfac,-96933.37417,231623.8239
4649,Point,0,1,0.0,,4649,,1922,,,,,,,,,,,,0.0,1,1,G,USGS_gbHeatFlowWells.shp,Data release - assumed measured,9afb3070-3fd2-3795-8b85-9289edddc2cc,-157355.3417,233234.0754
4650,Point,0,1,0.0,,4650,,1495,,,,,,,,,,,,0.0,1,1,G,USGS_gbHeatFlowWells.shp,Data release - assumed measured,1a16d208-675f-308f-955a-613c16c3273e,-156978.8931,233764.7809
4651,Point,0,1,0.0,,4651,,198,,,,,,,,,,,,0.0,1,1,G,USGS_gbHeatFlowWells.shp,Data release - assumed measured,9b6fd3ed-d442-3baf-87f3-3dd85ddc466e,-154767.2933,237656.3387
4652,Point,0,1,0.0,,4652,,1143,,,,,,,,,,,,0.0,1,1,G,USGS_gbHeatFlowWells.shp,Data release - assumed measured,cd5ed864-e617-3dda-a48a-082c07a0601d,-157873.241,233748.5504
4653,Point,0,1,0.0,,4653,,503,,,,,,,,,,,,0.0,1,1,G,USGS_gbHeatFlowWells.shp,Data release - assumed measured,b33dc8a5-1d2f-373b-9d39-b239a4429d19,-167646.2472,252708.1804
4654,Point,0,1,0.0,,4654,,74,,,,,,,,,,,,0.0,1,1,C,USGS_gbHeatFlowWells.shp,assumed measured,46060b9e-408a-30f8-a77d-e12bfd2ae912,-196793.1097,360432.6776
4655,Point,0,1,0.0,,4655,,682,,,,,,,,,,,,0.0,1,1,G,USGS_gbHeatFlowWells.shp,Data release - assumed measured,34328b8b-8e98-362f-80b2-b3eb7cd1eeb7,-200264.2827,355074.2493
4674,Point,0,1,0.0,,4674,,109,,,,,,,,,,,,0.0,1,1,D,USGS_gbHeatFlowWells.shp,Data release - assumed measured,c44d6c95-db8c-3616-a5c8-b37a37ee366a,66444.67081,206168.5833
4675,Point,0,1,0.0,,4675,,12,,,,,,,,,,,,0.0,1,1,X,USGS_gbHeatFlowWells.shp,X quality,babe425f-dc8d-3089-a152-c88c442bc3cf,-16772.23897,285363.098
4676,Point,0,1,0.0,,4676,,131,,,,,,,,,,,,0.0,1,1,X,USGS_gbHeatFlowWells.shp,X quality,5ea4825e-d01b-3e41-9caa-eb08c0cc8325,-11131.35823,291515.614
4681,Point,0,1,0.0,,4681,,472,,,,,,,,,,,,0.0,1,1,G,USGS_gbHeatFlowWells.shp,Data release - assumed measured,44417fe3-69ff-344e-b74b-2fcc0599664c,-27542.91755,320940.9612
4682,Point,0,1,0.0,,4682,,58,,,,,,,,,,,,0.0,1,1,C,USGS_gbHeatFlowWells.shp,Data release - assumed measured,a3fa5cf8-71ed-3d64-8e27-5684b3b26e8a,-8629.962042,219438.5625
4683,Point,0,1,0.0,,4683,,504,,,,,,,,,,,,0.0,1,1,G,USGS_gbHeatFlowWells.shp,Data release - assumed measured,97391694-2b16-3c37-a3a7-e05eaead127e,-23536.41956,203923.6967
4684,Point,0,1,0.0,,4684,,107,,,,,,,,,,,,0.0,1,1,D,USGS_gbHeatFlowWells.shp,Data release - assumed measured,09e54bbd-54cd-39a4-835d-d63ca72b6802,-14878.78711,130345.0827
4685,Point,0,1,0.0,,4685,,172,,,,,,,,,,,,0.0,1,1,G,USGS_gbHeatFlowWells.shp,Data release - assumed measured,959c44a3-ae29-3516-bdf1-6460d7479767,-14505.65672,126847.3693
4686,Point,0,1,0.0,,4686,,85,,,,,,,,,,,,0.0,1,1,C,USGS_gbHeatFlowWells.shp,Data release - assumed measured,fbe3f7b4-a66a-3461-8ae6-1fa9281f75f8,-18725.82688,230303.6174
4687,Point,0,1,0.0,,4687,,92,,,,,,,,,,,,0.0,1,1,D,USGS_gbHeatFlowWells.shp,Data release - assumed measured,dcb6fcf0-1104-322d-b91d-6cee20820b5d,-77.93899806,196134.3015
4688,Point,0,1,0.0,,4688,,79,,,,,,,,,,,,0.0,1,1,B,USGS_gbHeatFlowWells.shp,Data release - assumed measured,5e43c4a6-b6de-3be7-9017-8c2c698f40af,-77.93899806,196134.3015
4689,Point,0,1,0.0,,4689,,203,,,,,,,,,,,,0.0,1,1,B,USGS_gbHeatFlowWells.shp,assumed measured,5d8c9f1b-0667-399f-a60e-fec2b28acfb8,-78851.84825,41499.48759
4690,Point,0,1,0.0,,4690,,135,,,,,,,,,,,,0.0,1,1,C,USGS_gbHeatFlowWells.shp,Data release - assumed measured,85983026-36e3-3af4-ab0f-00d63b293646,-14611.40577,264282.7418
4691,Point,0,1,0.0,,4691,,168,,,,,,,,,,,,0.0,1,1,C,USGS_gbHeatFlowWells.shp,Data release - assumed measured,aad027c7-868a-3698-b881-cd6354cc7447,-13890.07477,264628.8332
4692,Point,0,1,0.0,,4692,,324,,,,,,,,,,,,0.0,1,1,G,USGS_gbHeatFlowWells.shp,Data release - assumed measured,aac4e41d-5896-3cdd-b14f-c960a7859839,-9278.743369,271009.143
4693,Point,0,1,0.0,,4693,,104,,,,,,,,,,,,0.0,1,1,D,USGS_gbHeatFlowWells.shp,Data release - assumed measured,151a2ee2-05aa-344d-a4b1-a8a55814e3e2,3817.806068,256415.6058
4694,Point,0,1,0.0,,4694,,75,,,,,,,,,,,,0.0,1,1,A,USGS_gbHeatFlowWells.shp,A quality,cc25670e-d86b-3465-83f8-09f6bfba9e1c,-27839.12637,244539.3841
4695,Point,0,1,0.0,,4695,,45,,,,,,,,,,,,0.0,1,1,C,USGS_gbHeatFlowWells.shp,Data release - assumed measured,e1a0a0ce-6389-370a-9145-ea1653bbebaa,-114621.131,124832.7132
4696,Point,0,1,0.0,,4696,,104,,,,,,,,,,,,0.0,1,1,G,USGS_gbHeatFlowWells.shp,Data release - assumed measured,73fccbe8-874a-35c9-8dfb-ed1d782f80fb,-82483.97243,73087.08698
4698,Point,0,1,0.0,,4698,,105,,,,,,,,,,,,0.0,1,1,C,USGS_gbHeatFlowWells.shp,Data release - assumed measured,0e93202e-7b2a-3092-88fa-0b58f3f68474,-17510.33848,100759.8218
4699,Point,0,1,0.0,,4699,,105,,,,,,,,,,,,0.0,1,1,G,USGS_gbHeatFlowWells.shp,Data release - assumed measured,88f0ae2a-de36-34c8-9683-7ee28a9d6c97,-115066.6622,66829.78582
4700,Point,0,1,0.0,,4700,,105,,,,,,,,,,,,0.0,1,1,D,USGS_gbHeatFlowWells.shp,Data release - assumed measured,3e24c2fe-b73d-33e5-a2e1-8eb8ca147d63,-136166.081,71948.39741
4701,Point,0,1,0.0,,4701,,68,,,,,,,,,,,,0.0,1,1,C,USGS_gbHeatFlowWells.shp,Data release - assumed measured,f5b7258e-af44-37bb-94a0-6567b10bccd9,-42985.62325,49664.42413
4702,Point,0,1,0.0,,4702,,416,,,,,,,,,,,,0.0,1,1,G,USGS_gbHeatFlowWells.shp,Data release - assumed measured,b41edafb-38b0-36ce-b104-a5f951faf098,-21181.77781,41768.16504
4703,Point,0,1,0.0,,4703,,75,,,,,,,,,,,,0.0,1,1,C,USGS_gbHeatFlowWells.shp,Data release - assumed measured,6567b751-80bd-3c89-a534-028c4a822e0b,-188801.7625,283403.7318
4704,Point,0,1,0.0,,4704,,107,,,,,,,,,,,,0.0,1,1,C,USGS_gbHeatFlowWells.shp,assumed measured,8579f954-b8f1-3172-ba6e-caa48073a4d3,-189069.3307,314385.4904
4705,Point,0,1,0.0,,4705,,96,,,,,,,,,,,,0.0,1,1,D,USGS_gbHeatFlowWells.shp,Data release - assumed measured,042498c3-1b49-3702-9d99-79a5a59d314a,-157688.736,315790.5638
4706,Point,0,1,0.0,,4706,,192,,,,,,,,,,,,0.0,1,1,C,USGS_gbHeatFlowWells.shp,Data release - assumed measured,13374ffe-79d5-3a5d-81a4-5091b740a748,-150619.8045,311632.0192
4707,Point,0,1,0.0,,4707,,138,,,,,,,,,,,,0.0,1,1,G,USGS_gbHeatFlowWells.shp,Data release - assumed measured,50d19c73-5906-38b2-9b48-36598b721386,-153027.5507,140425.1867
4708,Point,0,1,0.0,,4708,,136,,,,,,,,,,,,0.0,1,1,C,USGS_gbHeatFlowWells.shp,Data release - assumed measured,bd83deb4-960a-3954-af3d-110e9c63bf07,-161331.6985,201511.915
4709,Point,0,1,0.0,,4709,,58,,,,,,,,,,,,0.0,1,1,B,USGS_gbHeatFlowWells.shp,Data release - assumed measured,53af74e8-da6c-3eff-88e2-b78c3eb8ad32,-81515.74063,108576.2263
4711,Point,0,1,0.0,,4711,,258,,,,,,,,,,,,0.0,1,1,D,USGS_gbHeatFlowWells.shp,Data release - assumed measured,ddbb819c-4517-3fc4-93ea-7dee6c3e4eb4,-149490.7534,312036.66
4712,Point,0,1,0.0,,4712,,44,,,,,,,,,,,,0.0,1,1,C,USGS_gbHeatFlowWells.shp,Data release - assumed measured,f5992378-3207-378e-a7fa-c70f0fd76c25,-149358.9628,332179.448
4713,Point,0,1,0.0,,4713,,189,,,,,,,,,,,,0.0,1,1,G,USGS_gbHeatFlowWells.shp,Data release - assumed measured,b7fe9e77-e15b-3e6a-8671-2febe2429477,-64043.8173,45193.85468
4714,Point,0,1,0.0,,4714,,124,,,,,,,,,,,,0.0,1,1,G,USGS_gbHeatFlowWells.shp,Data release - assumed measured,76568b58-d9ab-3c10-9f6c-e4c344817398,-178644.4422,230526.2052
4715,Point,0,1,0.0,,4715,,30,,,,,,,,,,,,0.0,1,1,D,USGS_gbHeatFlowWells.shp,Data release - assumed measured,471b4b88-5db8-3ef4-92dd-f70d5bc3b4bd,-197455.3803,186266.7836
4716,Point,0,1,0.0,,4716,,66,,,,,,,,,,,,0.0,1,1,X,USGS_gbHeatFlowWells.shp,X quality,500322ea-9bdc-3a4e-8fc4-32fb96c60652,-180421.5352,182227.9748
4717,Point,0,1,0.0,,4717,,48,,,,,,,,,,,,0.0,1,1,C,USGS_gbHeatFlowWells.shp,Data release - assumed measured,fe92b470-0b5d-3eec-9bbe-94e37b4ac727,-99131.83875,87068.63812
4718,Point,0,1,0.0,,4718,,92,,,,,,,,,,,,0.0,1,1,B,USGS_gbHeatFlowWells.shp,Data release - assumed measured,f3564f3e-dfe6-36f4-8c9f-c3fc85c41b9f,-81291.64487,143333.1022
4719,Point,0,1,0.0,,4719,,128,,,,,,,,,,,,0.0,1,1,G,USGS_gbHeatFlowWells.shp,Data release - assumed measured,027ff401-c8d7-3f33-aa50-7c37a71abec2,-119975.9746,332031.8546
4720,Point,0,1,0.0,,4720,,75,,,,,,,,,,,,0.0,1,1,B,USGS_gbHeatFlowWells.shp,Data release - assumed measured,dd733a21-9712-38a8-8146-0ccf84c96618,-107605.002,329559.2476
4721,Point,0,1,0.0,,4721,,117,,,,,,,,,,,,0.0,1,1,D,USGS_gbHeatFlowWells.shp,Data release - assumed measured,b507cc60-56cc-3cdb-9e67-5c5d3fa31548,-105953.462,296609.3448
4723,Point,0,1,0.0,,4723,,69,,,,,,,,,,,,0.0,1,1,A,USGS_gbHeatFlowWells.shp,A quality,85593ba2-37db-3c54-8d17-ffca5d4640cd,-73565.68492,326530.083
4725,Point,0,1,0.0,,4725,,60,,,,,,,,,,,,0.0,1,1,C,USGS_gbHeatFlowWells.shp,Data release - assumed measured,3c181619-b4da-319c-aa8f-8e519e753bd8,-231982.0722,355799.8774
4726,Point,0,1,0.0,,4726,,193,,,,,,,,,,,,0.0,1,1,G,USGS_gbHeatFlowWells.shp,Data release - assumed measured,005efe16-9069-3394-8c67-179d932c899a,-241023.4654,310994.4147
4732,Point,0,1,0.0,,4732,,311,,,,,,,,,,,,0.0,1,1,B,USGS_gbHeatFlowWells.shp,Data release - assumed measured,bb1a7280-04d6-3952-b8ef-f43cebe136fc,-57006.51982,46375.35789
4733,Point,0,1,0.0,,4733,,157,,,,,,,,,,,,0.0,1,1,B,USGS_gbHeatFlowWells.shp,Data release - assumed measured,d7bff6de-7f81-35fa-9344-f836f59f56f9,-57974.19528,48724.59009
4734,Point,0,1,0.0,,4734,,133,,,,,,,,,,,,0.0,1,1,B,USGS_gbHeatFlowWells.shp,assumed measured,ae78a64d-8d15-3bef-9806-b690e8897fea,-62847.88417,48984.29068
4735,Point,0,1,0.0,,4735,,151,,,,,,,,,,,,0.0,1,1,B,USGS_gbHeatFlowWells.shp,Data release - assumed measured,f50cd31f-ccb2-3e5b-a5f6-82e6c245b2ff,-59316.99133,43578.33064
4736,Point,0,1,0.0,,4736,,112,,,,,,,,,,,,0.0,1,1,C,USGS_gbHeatFlowWells.shp,Data release - assumed measured,f3a46e18-5ee9-33e1-8b86-f77851912ce6,-58625.62093,42788.84551
4737,Point,0,1,0.0,,4737,,49,,,,,,,,,,,,0.0,1,1,B,USGS_gbHeatFlowWells.shp,Data release - assumed measured,d0a16633-09be-3983-a604-08cadd308490,-55178.54762,50162.56462
4738,Point,0,1,0.0,,4738,,242,,,,,,,,,,,,0.0,1,1,B,USGS_gbHeatFlowWells.shp,Data release - assumed measured,783e60de-727d-305d-aa5b-f68ae9ab3e48,-56870.85874,44569.91403
4739,Point,0,1,0.0,,4739,,136,,,,,,,,,,,,0.0,1,1,B,USGS_gbHeatFlowWells.shp,assumed measured,42ea4412-7b18-3780-b7e7-1c8f02fcb87f,-64008.19906,45294.45488
4740,Point,0,1,0.0,,4740,,504,,,,,,,,,,,,0.0,1,1,A,USGS_gbHeatFlowWells.shp,A quality,0066f0f2-de60-30ef-b518-7c68eb912741,-84554.57191,37744.85856
4741,Point,0,1,0.0,,4741,,51,,,,,,,,,,,,0.0,1,1,C,USGS_gbHeatFlowWells.shp,Data release - assumed measured,d3154c3e-17d6-33aa-936d-194dc314a194,-68687.99126,35535.98586
4742,Point,0,1,0.0,,4742,,115,,,,,,,,,,,,0.0,1,1,B,USGS_gbHeatFlowWells.shp,Data release - assumed measured,dc69792e-4b09-3117-92c2-9ee55b16178f,-75629.61647,57475.06622
4743,Point,0,1,0.0,,4743,,97,,,,,,,,,,,,0.0,1,1,B,USGS_gbHeatFlowWells.shp,Data release - assumed measured,6af521a0-c7b8-3efa-8cb1-0ae720235261,-52494.37,32750.26672
4744,Point,0,1,0.0,,4744,,249,,,,,,,,,,,,0.0,1,1,C,USGS_gbHeatFlowWells.shp,Data release - assumed measured,9f2477ee-f9b0-3d74-ad0a-21774ae79555,-41519.04952,40040.4873
5405,Point,0,1,0.0,,5405,,91,,,,,,,,,,,,0.0,1,1,A,USGS_gbHeatFlowWells.shp,A quality,35f8b341-e448-364d-820a-17bc4e80a6b4,-180897.4481,42314.35636
5413,Point,0,1,0.0,,5413,,2176,,,,,,,,,,,,0.0,1,1,G,USGS_gbHeatFlowWells.shp,unmeasured,58edb204-47f7-3be5-99c2-5a291b9dbcd8,-153439.7559,18780.92003
5414,Point,0,1,0.0,,5414,,126,,,,,,,,,,,,0.0,1,1,G,USGS_gbHeatFlowWells.shp,unmeasured,6bf952c5-03a5-3322-be3d-5caaeee6177a,-150059.4479,20591.10106
5415,Point,0,1,0.0,,5415,,711,,,,,,,,,,,,0.0,1,1,G,USGS_gbHeatFlowWells.shp,unmeasured,a43c3786-e7a2-35fc-9927-3cfb2f226198,-164025.2322,21415.62927
5416,Point,0,1,0.0,,5416,,2510,,,,,,,,,,,,0.0,1,1,G,USGS_gbHeatFlowWells.shp,unmeasured,6767c4ea-c0ce-3056-9ace-025439d8cc5e,-158071.9094,20179.24758
5498,Point,0,1,0.0,,5498,,93,,,,,,,,,,,,0.0,1,1,A,USGS_gbHeatFlowWells.shp,A quality,91da4895-72aa-3392-a601-e11a12854da5,-147211.1968,16616.97241
5499,Point,0,1,0.0,,5499,,70,,,,,,,,,,,,0.0,1,1,A,USGS_gbHeatFlowWells.shp,A quality,91ae720e-88a9-36fe-987e-cb65c89a8fb7,-143934.7339,21043.15556
5936,Point,0,1,0.0,,5936,,3,,,,,,,,,,,,0.0,1,1,D,USGS_gbHeatFlowWells.shp,Data release - assumed measured,67bc3df9-1046-375b-843f-2932704db62a,-242107.491,214472.1382
5944,Point,0,1,0.0,,5944,,43,,,,,,,,,,,,0.0,1,1,A,USGS_gbHeatFlowWells.shp,A quality,ef5a9568-015c-3aab-b12a-11812e47ab4c,-55414.15485,348630.1222
5946,Point,0,1,0.0,,5946,,88,,,,,,,,,,,,0.0,1,1,A,USGS_gbHeatFlowWells.shp,A quality,80f13f4c-2155-3875-85e7-23884b862733,-224548.4472,223530.2441
5947,Point,0,1,0.0,,5947,,102,,,,,,,,,,,,0.0,1,1,A,USGS_gbHeatFlowWells.shp,A quality,a8f3fd3d-607b-3b78-a3a4-ed4e739fe48c,-84196.81377,41636.11865
5949,Point,0,1,0.0,,5949,,89,,,,,,,,,,,,0.0,1,1,A,USGS_gbHeatFlowWells.shp,A quality,a8cbbd01-f6c7-33e6-a95a-72301f2bc606,-234594.9079,228557.3713
5952,Point,0,1,0.0,,5952,,101,,,,,,,,,,,,0.0,1,1,A,USGS_gbHeatFlowWells.shp,A quality,e5acd51e-4fd9-3793-9415-18fd29657c55,-115838.8222,308712.2903
5953,Point,0,1,0.0,,5953,,65,,,,,,,,,,,,0.0,1,1,A,USGS_gbHeatFlowWells.shp,A quality,2d2d9510-fd46-37d1-9d67-d4c40a3c5fc5,-113034.9469,305983.2605
5954,Point,0,1,0.0,,5954,,94,,,,,,,,,,,,0.0,1,1,A,USGS_gbHeatFlowWells.shp,A quality,efebbb5f-c743-3e10-8095-e0af16d64454,-113926.0776,307396.3988
5955,Point,0,1,0.0,,5955,,75,,,,,,,,,,,,0.0,1,1,A,USGS_gbHeatFlowWells.shp,A quality,2c3b70a1-1e0c-39f6-ba9b-1d02ffd419fa,-123224.5887,195901.635
5956,Point,0,1,0.0,,5956,,100,,,,,,,,,,,,0.0,1,1,A,USGS_gbHeatFlowWells.shp,A quality,200350be-6a14-302a-9746-b3dd13aa1864,-127165.0558,196612.4243
5957,Point,0,1,0.0,,5957,,54,,,,,,,,,,,,0.0,1,1,A,USGS_gbHeatFlowWells.shp,A quality,de08f1c3-eb38-3d28-a3ac-830d42d50031,-93164.26759,229887.2874
5958,Point,0,1,0.0,,5958,,75,,,,,,,,,,,,0.0,1,1,A,USGS_gbHeatFlowWells.shp,A quality,a0cb90df-161c-35b1-a154-4057c0f281f7,-120260.2076,199130.2091
5959,Point,0,1,0.0,,5959,,98,,,,,,,,,,,,0.0,1,1,A,USGS_gbHeatFlowWells.shp,A quality,0cccccc6-aeac-34f9-8a02-f49916dd961c,-204412.3623,329655.0839
5960,Point,0,1,0.0,,5960,,42,,,,,,,,,,,,0.0,1,1,A,USGS_gbHeatFlowWells.shp,A quality,2a76fb1a-3598-3ba4-9106-399d4cf7be11,-92248.79538,43352.66441
5961,Point,0,1,0.0,,5961,,69,,,,,,,,,,,,0.0,1,1,A,USGS_gbHeatFlowWells.shp,A quality,c97e2732-bfd7-38e5-a9e1-37a578bb5ec2,-73489.242,49721.94898
5962,Point,0,1,0.0,,5962,,59,,,,,,,,,,,,0.0,1,1,A,USGS_gbHeatFlowWells.shp,A quality,089cc9fb-9479-3c20-953b-b8585b129215,-202012.1886,354625.3899
5963,Point,0,1,0.0,,5963,,111,,,,,,,,,,,,0.0,1,1,A,USGS_gbHeatFlowWells.shp,A quality,3acbdc12-45e0-3b42-b8ba-39202eae4189,33693.65113,344723.8694
5964,Point,0,1,0.0,,5964,,80,,,,,,,,,,,,0.0,1,1,A,USGS_gbHeatFlowWells.shp,A quality,09fa8163-873b-3ba9-a61e-cb351e956768,34748.69456,343417.8907
5965,Point,0,1,0.0,,5965,,100,,,,,,,,,,,,0.0,1,1,A,USGS_gbHeatFlowWells.shp,A quality,ad97fc5e-3ea7-39f0-b54e-41d0d11289ad,-236917.2731,189495.0739
5966,Point,0,1,0.0,,5966,,61,,,,,,,,,,,,0.0,1,1,A,USGS_gbHeatFlowWells.shp,A quality,761f4984-ad0d-3dbf-9f57-ee9884bb4875,-72572.16709,88294.00883
5969,Point,0,1,0.0,,5969,,110,,,,,,,,,,,,0.0,1,1,A,USGS_gbHeatFlowWells.shp,A quality,eecadcfe-8c39-3977-b78e-d388f905dae2,-153292.318,211668.7916
5970,Point,0,1,0.0,,5970,,79,,,,,,,,,,,,0.0,1,1,A,USGS_gbHeatFlowWells.shp,A quality,40ecb5cf-c4ab-3ca2-81c7-2259c6bacf35,-153758.3033,214109.9837
5971,Point,0,1,0.0,,5971,,87,,,,,,,,,,,,0.0,1,1,A,USGS_gbHeatFlowWells.shp,A quality,00e21940-00ef-36d0-a7bf-022c033dfdd3,-151793.8362,214185.0825
5972,Point,0,1,0.0,,5972,,79,,,,,,,,,,,,0.0,1,1,A,USGS_gbHeatFlowWells.shp,A quality,da527d3d-81ec-3d11-afd2-63189c65c6b8,-197098.657,356552.64
5973,Point,0,1,0.0,,5973,,84,,,,,,,,,,,,0.0,1,1,A,USGS_gbHeatFlowWells.shp,A quality,0f4b9090-a094-3c08-a1af-0432edd891bd,-139190.121,232430.558
5974,Point,0,1,0.0,,5974,,56,,,,,,,,,,,,0.0,1,1,A,USGS_gbHeatFlowWells.shp,A quality,3a500bf8-b352-34f9-8eaa-82a0cff2308a,-130187.3996,241560.821
5975,Point,0,1,0.0,,5975,,89,,,,,,,,,,,,0.0,1,1,A,USGS_gbHeatFlowWells.shp,A quality,9952613c-496b-35d9-b2a1-c50da2c30a40,-139295.5312,206428.542
5976,Point,0,1,0.0,,5976,,112,,,,,,,,,,,,0.0,1,1,A,USGS_gbHeatFlowWells.shp,A quality,7f665de4-6c28-3c31-9032-eb559a55ed68,-142118.442,225689.1981
5977,Point,0,1,0.0,,5977,,102,,,,,,,,,,,,0.0,1,1,A,USGS_gbHeatFlowWells.shp,A quality,0905a7be-a4f9-3331-92b4-2420f16d6142,-148097.1974,220315.2499
5979,Point,0,1,0.0,,5979,,95,,,,,,,,,,,,0.0,1,1,A,USGS_gbHeatFlowWells.shp,A quality,23fc747a-e440-33fa-a107-baa849b81e56,-143035.6561,212333.4099
5980,Point,0,1,0.0,,5980,,69,,,,,,,,,,,,0.0,1,1,A,USGS_gbHeatFlowWells.shp,A quality,8ec63e80-65b5-374a-8ea1-a052e2f5b16e,40067.51151,344282.9573
5982,Point,0,1,0.0,,5982,,100,,,,,,,,,,,,0.0,1,1,A,USGS_gbHeatFlowWells.shp,A quality,10ef48d4-c310-3cd3-915d-2dd18a5f2358,-53286.82696,343003.9623
5983,Point,0,1,0.0,,5983,,96,,,,,,,,,,,,0.0,1,1,A,USGS_gbHeatFlowWells.shp,A quality,0ce2ee26-4ff8-39f2-ad28-aabede0aeeb7,-52344.35502,349718.2879
5984,Point,0,1,0.0,,5984,,100,,,,,,,,,,,,0.0,1,1,A,USGS_gbHeatFlowWells.shp,A quality,bc445e76-1bdf-3ef1-80c2-9ca77c6ff9cf,-75734.83233,319003.4281
5985,Point,0,1,0.0,,5985,,72,,,,,,,,,,,,0.0,1,1,A,USGS_gbHeatFlowWells.shp,A quality,dbc3b1c8-fe00-3143-bdeb-c6f72b2cca24,-71818.1066,317473.6374
5987,Point,0,1,0.0,,5987,,64,,,,,,,,,,,,0.0,1,1,A,USGS_gbHeatFlowWells.shp,A quality,e5d11126-dd3c-3759-9fdb-4eda4df5b0d7,-7319.694627,225836.3612
5988,Point,0,1,0.0,,5988,,76,,,,,,,,,,,,0.0,1,1,A,USGS_gbHeatFlowWells.shp,A quality,6c0fdf3d-262b-3901-93b8-8c94c5f7f2f2,-29641.90153,256704.1365
5990,Point,0,1,0.0,,5990,,65,,,,,,,,,,,,0.0,1,1,A,USGS_gbHeatFlowWells.shp,A quality,e35851df-5bf0-3c5d-a0ab-b5cab78106fe,-84701.5386,280625.712
5992,Point,0,1,0.0,,5992,,71,,,,,,,,,,,,0.0,1,1,A,USGS_gbHeatFlowWells.shp,A quality,13211748-f109-3089-ad02-222a4505dbf3,-71018.78625,134236.8812
5993,Point,0,1,0.0,,5993,,48,,,,,,,,,,,,0.0,1,1,A,USGS_gbHeatFlowWells.shp,A quality,e0aee565-0a04-3d65-ac1c-875a13540be2,-70552.68155,154969.0533
5994,Point,0,1,0.0,,5994,,46,,,,,,,,,,,,0.0,1,1,A,USGS_gbHeatFlowWells.shp,A quality,b94a5c31-61e3-30bd-b51b-4bdfe4d9e633,-65118.54728,153803.1069
5995,Point,0,1,0.0,,5995,,75,,,,,,,,,,,,0.0,1,1,A,USGS_gbHeatFlowWells.shp,A quality,f6a206c5-a3a5-365f-be56-8a31f1698513,-46958.67671,338203.7458
5996,Point,0,1,0.0,,5996,,57,,,,,,,,,,,,0.0,1,1,A,USGS_gbHeatFlowWells.shp,A quality,2b7b57d8-8860-349c-8ec7-0a7ec03e6bad,-57968.13099,341255.5522
5997,Point,0,1,0.0,,5997,,59,,,,,,,,,,,,0.0,1,1,A,USGS_gbHeatFlowWells.shp,A quality,77667f71-0d0a-3f3d-b856-8d0cc9cfb096,-56264.3659,353004.3232
5998,Point,0,1,0.0,,5998,,48,,,,,,,,,,,,0.0,1,1,A,USGS_gbHeatFlowWells.shp,A quality,52058b55-62e8-32b2-b792-141e3ae033fd,-96996.83311,313630.939
5999,Point,0,1,0.0,,5999,,45,,,,,,,,,,,,0.0,1,1,A,USGS_gbHeatFlowWells.shp,A quality,2b3d39e5-06d4-34ed-8366-9b7c872ab34d,-42821.85541,345069.2437
6000,Point,0,1,0.0,,6000,,99,,,,,,,,,,,,0.0,1,1,A,USGS_gbHeatFlowWells.shp,A quality,7195264d-fb7b-3cdf-af54-c63a57ade8e5,-156495.51,245535.3899
6001,Point,0,1,0.0,,6001,,102,,,,,,,,,,,,0.0,1,1,A,USGS_gbHeatFlowWells.shp,A quality,bf6bc84d-08e2-3df9-9277-f7484d4b913b,-159763.3177,229873.7973
6002,Point,0,1,0.0,,6002,,80,,,,,,,,,,,,0.0,1,1,A,USGS_gbHeatFlowWells.shp,A quality,bc7c188c-a7ef-3803-93f7-2b8191f8eeba,-167343.4959,295367.9308
6006,Point,0,1,0.0,,6006,,117,,,,,,,,,,,,0.0,1,1,A,USGS_gbHeatFlowWells.shp,A quality,567e1c69-a784-3ced-a0fa-ac7a72596d6d,-144073.8993,217959.9082
6007,Point,0,1,0.0,,6007,,988,,,,,,,,,,,,0.0,1,1,A,USGS_gbHeatFlowWells.shp,A quality,0b1801b6-5c71-3f3e-b80f-107a950fd960,-201280.99,353015.931
6012,Point,0,1,0.0,,6012,,56,,,,,,,,,,,,0.0,1,1,A,USGS_gbHeatFlowWells.shp,A quality,a5ef3a15-dd9c-3ac6-a8f2-073c151e9877,-53464.45474,311728.7449
6013,Point,0,1,0.0,,6013,,107,,,,,,,,,,,,0.0,1,1,A,USGS_gbHeatFlowWells.shp,A quality,e29b9cad-f672-352f-8a13-c9fb0184eefd,-108675.6508,215723.3905
6014,Point,0,1,0.0,,6014,,100,,,,,,,,,,,,0.0,1,1,A,USGS_gbHeatFlowWells.shp,A quality,f74a5029-e955-3ae0-8d0d-22673f40b22d,-99104.92882,223244.5096
6015,Point,0,1,0.0,,6015,,30,,,,,,,,,,,,0.0,1,1,A,USGS_gbHeatFlowWells.shp,A quality,42f3f765-daa2-3ea4-99fd-891262831eb8,-100204.4394,228760.9254
6016,Point,0,1,0.0,,6016,,36,,,,,,,,,,,,0.0,1,1,A,USGS_gbHeatFlowWells.shp,A quality,d505b8f1-81a9-30cf-ae1e-0c75b9f12e4e,-197409.6852,356862.8424
6017,Point,0,1,0.0,,6017,,36,,,,,,,,,,,,0.0,1,1,A,USGS_gbHeatFlowWells.shp,A quality,c6d7e97c-2b9c-3f9d-81ae-57e3f5cf6c0b,44814.6411,348082.964
6023,Point,0,1,0.0,,6023,,105,,,,,,,,,,,,0.0,1,1,B,USGS_gbHeatFlowWells.shp,assumed measured,a56d7a7e-9328-3e0f-8297-1a78bff67c40,-26060.95313,91568.99444
6024,Point,0,1,0.0,,6024,,301,,,,,,,,,,,,0.0,1,1,B,USGS_gbHeatFlowWells.shp,known measured,4958006a-8bdd-378b-a1b5-99f6bc7dc0dd,-103771.6675,110855.9281
6026,Point,0,1,0.0,,6026,,59,,,,,,,,,,,,0.0,1,1,B,USGS_gbHeatFlowWells.shp,Data release - assumed measured,e68bc6ce-8ef1-38b0-b982-76cfd62188d5,-94815.25182,284189.6933
6027,Point,0,1,0.0,,6027,,92,,,,,,,,,,,,0.0,1,1,B,USGS_gbHeatFlowWells.shp,Data release - assumed measured,1335cada-a784-367f-bd24-2b9679b57bcc,-38534.75385,260069.6899
6028,Point,0,1,0.0,,6028,,117,,,,,,,,,,,,0.0,1,1,B,USGS_gbHeatFlowWells.shp,known measured,1047069a-e1ce-38fb-bc0b-3c762c2295a1,-30356.24477,329531.9329
6034,Point,0,1,0.0,,6034,,84,,,,,,,,,,,,0.0,1,1,B,USGS_gbHeatFlowWells.shp,Data release - assumed measured,71ed157f-14df-3af2-947d-81214c6acccd,-156108.6308,355588.3754
6036,Point,0,1,0.0,,6036,,41,,,,,,,,,,,,0.0,1,1,B,USGS_gbHeatFlowWells.shp,Data release - assumed measured,e1ad39af-ef36-3c3d-a4f2-ae603e366da3,-183083.5111,345978.408
6047,Point,0,1,0.0,,6047,,71,,,,,,,,,,,,0.0,1,1,B,USGS_gbHeatFlowWells.shp,Data release - assumed measured,266c4d44-74d6-3a2e-b7af-386eacb0e6ea,-140642.4971,202640.6973
6048,Point,0,1,0.0,,6048,,80,,,,,,,,,,,,0.0,1,1,B,USGS_gbHeatFlowWells.shp,assumed measured,13c0f7cd-d92a-3893-a3f3-7b22de0fe2c1,-103847.9267,351936.0614
6049,Point,0,1,0.0,,6049,,59,,,,,,,,,,,,0.0,1,1,B,USGS_gbHeatFlowWells.shp,Data release - assumed measured,6d831132-1ab2-3327-bac3-3a752af8b9ca,14438.94604,207167.864
6052,Point,0,1,0.0,,6052,,104,,,,,,,,,,,,0.0,1,1,B,USGS_gbHeatFlowWells.shp,Data release - assumed measured,cf00dcc7-2eba-3130-98af-96aa19d389ca,-189485.553,277367.6534
6053,Point,0,1,0.0,,6053,,84,,,,,,,,,,,,0.0,1,1,B,USGS_gbHeatFlowWells.shp,unmeasured,47e33e22-aa84-3479-adf3-fb066ab25aa0,-183907.0958,303948.2976
6054,Point,0,1,0.0,,6054,,64,,,,,,,,,,,,0.0,1,1,B,USGS_gbHeatFlowWells.shp,unmeasured,01d6d21b-93fa-327f-a86c-d98c96b5ed49,-186716.7182,310176.6368
6055,Point,0,1,0.0,,6055,,55,,,,,,,,,,,,0.0,1,1,B,USGS_gbHeatFlowWells.shp,Data release - assumed measured,e2d9c2e8-e446-3697-86dd-3b634a96a725,-95598.95968,313053.9662
6057,Point,0,1,0.0,,6057,,75,,,,,,,,,,,,0.0,1,1,B,USGS_gbHeatFlowWells.shp,known measured,2f14b916-4436-36fa-8824-cb4081bad703,-56180.17106,341119.5721
6058,Point,0,1,0.0,,6058,,109,,,,,,,,,,,,0.0,1,1,B,USGS_gbHeatFlowWells.shp,known measured,70565221-1e1f-37a2-b107-18e434cd9bc8,-56316.5523,345600.9913
6059,Point,0,1,0.0,,6059,,46,,,,,,,,,,,,0.0,1,1,B,USGS_gbHeatFlowWells.shp,known measured,b078aabc-1e95-326d-bb53-ba9f388aaf09,-55383.78163,350590.0427
6060,Point,0,1,0.0,,6060,,49,,,,,,,,,,,,0.0,1,1,B,USGS_gbHeatFlowWells.shp,known measured,32310180-88ee-35e3-85ed-e59caabd4f36,-61056.2334,348189.6303
6061,Point,0,1,0.0,,6061,,93,,,,,,,,,,,,0.0,1,1,B,USGS_gbHeatFlowWells.shp,known measured,0a6bcfcf-6d48-3579-a351-7266bbda2a37,-51435.43037,343641.4975
6062,Point,0,1,0.0,,6062,,97,,,,,,,,,,,,0.0,1,1,B,USGS_gbHeatFlowWells.shp,unmeasured,e5028264-c27e-3c0f-a891-ee5794ee4d89,-12032.58227,9528.431025
6063,Point,0,1,0.0,,6063,,97,,,,,,,,,,,,0.0,1,1,B,USGS_gbHeatFlowWells.shp,unmeasured,f785cae8-6bd3-30c5-9924-756fb0abc570,-18305.57623,7671.973931
6064,Point,0,1,0.0,,6064,,109,,,,,,,,,,,,0.0,1,1,B,USGS_gbHeatFlowWells.shp,assumed measured,f1093ae9-6a23-3511-8c28-d31cfcfbc5d4,-201232.9679,331255.2599
6065,Point,0,1,0.0,,6065,,114,,,,,,,,,,,,0.0,1,1,B,USGS_gbHeatFlowWells.shp,Data release - assumed measured,ad502691-d968-3543-b7fa-f5c46f2f62d3,-156736.4683,283200.5888
6066,Point,0,1,0.0,,6066,,100,,,,,,,,,,,,0.0,1,1,B,USGS_gbHeatFlowWells.shp,Data release - assumed measured,574b8ec4-a7f1-3c8b-8c87-50ea4e636aaf,-199682.2256,240624.6301
6067,Point,0,1,0.0,,6067,,92,,,,,,,,,,,,0.0,1,1,B,USGS_gbHeatFlowWells.shp,unmeasured,d0935e18-e8d6-3690-81b9-bfb4da3f79cd,-174638.974,270680.9114
6068,Point,0,1,0.0,,6068,,66,,,,,,,,,,,,0.0,1,1,B,USGS_gbHeatFlowWells.shp,Data release - assumed measured,586e3bb0-4d38-37fc-aae2-b5ab9af1a73e,-204307.5447,242795.3066
6069,Point,0,1,0.0,,6069,,104,,,,,,,,,,,,0.0,1,1,B,USGS_gbHeatFlowWells.shp,unmeasured,5973d545-0173-31ba-a209-62229ac69aa1,-182830.2242,277026.9379
6070,Point,0,1,0.0,,6070,,117,,,,,,,,,,,,0.0,1,1,B,USGS_gbHeatFlowWells.shp,unmeasured,adbaccd3-57e4-35fd-846a-795a526f36ab,-154883.1269,306136.8291
6071,Point,0,1,0.0,,6071,,46,,,,,,,,,,,,0.0,1,1,B,USGS_gbHeatFlowWells.shp,unmeasured,f9828dee-eca8-3db0-8a8c-ff4ad7dc3630,-156550.2619,314386.2948
6072,Point,0,1,0.0,,6072,,110,,,,,,,,,,,,0.0,1,1,B,USGS_gbHeatFlowWells.shp,unmeasured,a158b40b-e7c2-32df-a532-c8222ed70768,-57544.92726,26903.3682
6073,Point,0,1,0.0,,6073,,79,,,,,,,,,,,,0.0,1,1,B,USGS_gbHeatFlowWells.shp,unmeasured,11ab9c06-c013-36dc-ab0d-f891ee94cff3,-58940.06485,35319.04488
6074,Point,0,1,0.0,,6074,,79,,,,,,,,,,,,0.0,1,1,B,USGS_gbHeatFlowWells.shp,unmeasured,17e13760-eb49-3b7a-901e-9e810a34fb63,-57315.55306,39043.6656
6075,Point,0,1,0.0,,6075,,120,,,,,,,,,,,,0.0,1,1,B,USGS_gbHeatFlowWells.shp,unmeasured,4ee9859f-37e8-324f-9fdb-62118b1760e3,-58888.32039,42603.90086
6076,Point,0,1,0.0,,6076,,120,,,,,,,,,,,,0.0,1,1,B,USGS_gbHeatFlowWells.shp,unmeasured,8f231c24-440e-3df6-8c94-a0e51d7016ed,-68054.8089,40432.45043
6077,Point,0,1,0.0,,6077,,82,,,,,,,,,,,,0.0,1,1,B,USGS_gbHeatFlowWells.shp,unmeasured,7470efc8-8f63-32cf-ae06-d6920b9a5d9a,-67431.25845,45657.84376
6078,Point,0,1,0.0,,6078,,69,,,,,,,,,,,,0.0,1,1,B,USGS_gbHeatFlowWells.shp,Data release - assumed measured,49a8062f-637b-3814-8b2c-afc7c7b58a40,-137283.7004,207694.5085
6079,Point,0,1,0.0,,6079,,79,,,,,,,,,,,,0.0,1,1,B,USGS_gbHeatFlowWells.shp,unmeasured,588b4d98-eb4e-3aaa-9e26-93da4d2fff78,-172090.722,277537.3147
6080,Point,0,1,0.0,,6080,,93,,,,,,,,,,,,0.0,1,1,B,USGS_gbHeatFlowWells.shp,Data release - assumed measured,7fb6cbd6-fa0b-3975-aebb-73b059b8d088,-160392.1027,304937.7897
6082,Point,0,1,0.0,,6082,,86,,,,,,,,,,,,0.0,1,1,B,USGS_gbHeatFlowWells.shp,Data release - assumed measured,707c2772-5f22-35b1-bd7c-a8e7f81ce004,-229337.4576,230200.5269
6084,Point,0,1,0.0,,6084,,122,,,,,,,,,,,,0.0,1,1,B,USGS_gbHeatFlowWells.shp,Data release - assumed measured,c8fbf5b1-b871-33db-b02f-9ff8652bcd3d,-91193.59412,255068.9989
6085,Point,0,1,0.0,,6085,,136,,,,,,,,,,,,0.0,1,1,B,USGS_gbHeatFlowWells.shp,Data release - assumed measured,7d40aeff-7d1f-3350-ae78-236f266da5c9,-91684.8439,254424.5884
6086,Point,0,1,0.0,,6086,,56,,,,,,,,,,,,0.0,1,1,B,USGS_gbHeatFlowWells.shp,assumed measured,a8672c4e-f18d-3463-9b5b-97fb0dcd2682,-92671.31215,255029.7841
6087,Point,0,1,0.0,,6087,,101,,,,,,,,,,,,0.0,1,1,B,USGS_gbHeatFlowWells.shp,Data release - assumed measured,fe0a3fc3-87e5-332a-a99f-828bd2584440,-79934.79732,272307.5065
6088,Point,0,1,0.0,,6088,,106,,,,,,,,,,,,0.0,1,1,B,USGS_gbHeatFlowWells.shp,known measured,1ae7fc5a-8a41-347c-b8df-b1a95753ae12,-79464.11236,273647.4911
6089,Point,0,1,0.0,,6089,,85,,,,,,,,,,,,0.0,1,1,B,USGS_gbHeatFlowWells.shp,Data release - assumed measured,417cd3a5-aa3f-306c-8af8-ebc10e56b209,-83125.25176,195804.587
6090,Point,0,1,0.0,,6090,,120,,,,,,,,,,,,0.0,1,1,B,USGS_gbHeatFlowWells.shp,Data release - assumed measured,ec6f20ba-d892-3cf9-b25b-81d678e613f1,-99865.88993,225820.377
6093,Point,0,1,0.0,,6093,,33,,,,,,,,,,,,0.0,1,1,B,USGS_gbHeatFlowWells.shp,unmeasured,93a590a8-9c50-3d2f-bf16-ba2985102df1,-180294.904,308161.9792
6096,Point,0,1,0.0,,6096,,44,,,,,,,,,,,,0.0,1,1,C,USGS_gbHeatFlowWells.shp,Data release - assumed measured,85a4ee4a-1c98-3606-adb2-df4f0b358d0e,-94335.47419,41952.66731
6097,Point,0,1,0.0,,6097,,120,,,,,,,,,,,,0.0,1,1,C,USGS_gbHeatFlowWells.shp,Data release - assumed measured,8c6ef46e-b0d1-393c-befd-1059555b41be,-39733.07915,264815.3989
6098,Point,0,1,0.0,,6098,,109,,,,,,,,,,,,0.0,1,1,C,USGS_gbHeatFlowWells.shp,Data release - assumed measured,71030d67-6cc5-3bc2-ba6b-eaaaaea4653a,42383.01925,322440.4573
6101,Point,0,1,0.0,,6101,,64,,,,,,,,,,,,0.0,1,1,C,USGS_gbHeatFlowWells.shp,Data release - assumed measured,7073d769-b68d-3fee-9356-5122f6d47bee,-858.7458312,344394.7737
6103,Point,0,1,0.0,,6103,,115,,,,,,,,,,,,0.0,1,1,C,USGS_gbHeatFlowWells.shp,Data release - assumed measured,74c26aa3-d4bd-3b37-8d3b-91ca5c2a56e3,-18307.55229,327871.1071
6105,Point,0,1,0.0,,6105,,111,,,,,,,,,,,,0.0,1,1,C,USGS_gbHeatFlowWells.shp,Data release - assumed measured,8088d90f-3d0d-389c-8241-ef8bc06a2502,-132361.2197,259404.554
6106,Point,0,1,0.0,,6106,,101,,,,,,,,,,,,0.0,1,1,C,USGS_gbHeatFlowWells.shp,Data release - assumed measured,c701a1d7-2a7b-34a8-82da-460c44324c44,-89904.17212,284603.9248
6107,Point,0,1,0.0,,6107,,116,,,,,,,,,,,,0.0,1,1,C,USGS_gbHeatFlowWells.shp,Data release - assumed measured,20c99421-0460-3e70-b6de-b47665dd1226,-88097.12429,302813.6733
6108,Point,0,1,0.0,,6108,,73,,,,,,,,,,,,0.0,1,1,C,USGS_gbHeatFlowWells.shp,Data release - assumed measured,d91c04de-5659-3b79-89dd-4d03eccd85cc,-96158.5369,285046.0126
6109,Point,0,1,0.0,,6109,,88,,,,,,,,,,,,0.0,1,1,C,USGS_gbHeatFlowWells.shp,Data release - assumed measured,65628e43-a291-3397-a942-236cc2fcfbf4,-108183.0251,207871.1376
6110,Point,0,1,0.0,,6110,,92,,,,,,,,,,,,0.0,1,1,C,USGS_gbHeatFlowWells.shp,Data release - assumed measured,49f4ee65-1892-3fde-8016-415e96cd237d,-108112.0158,270451.1598
6111,Point,0,1,0.0,,6111,,113,,,,,,,,,,,,0.0,1,1,C,USGS_gbHeatFlowWells.shp,Data release - assumed measured,180e48b8-d701-3756-b767-2727fbab2376,-156689.4725,266609.6827
6112,Point,0,1,0.0,,6112,,46,,,,,,,,,,,,0.0,1,1,C,USGS_gbHeatFlowWells.shp,known measured,0cece11d-7285-3de1-862a-48017d5b25ed,-132487.395,237709.0925
6113,Point,0,1,0.0,,6113,,102,,,,,,,,,,,,0.0,1,1,C,USGS_gbHeatFlowWells.shp,Data release - assumed measured,f2f0c24e-b07a-3087-aeda-3e3bb1a30ab0,-55100.39861,345458.0948
6114,Point,0,1,0.0,,6114,,59,,,,,,,,,,,,0.0,1,1,C,USGS_gbHeatFlowWells.shp,unmeasured,adbca101-97b5-3f50-8c66-c8f741a983b1,-53208.23309,349757.5981
6115,Point,0,1,0.0,,6115,,92,,,,,,,,,,,,0.0,1,1,C,USGS_gbHeatFlowWells.shp,unmeasured,51512367-43e3-3b89-8ef5-3de829d3dd09,-56282.80214,348008.9518
6116,Point,0,1,0.0,,6116,,100,,,,,,,,,,,,0.0,1,1,C,USGS_gbHeatFlowWells.shp,assumed measured,0a9926af-fffe-3459-b7e6-638f70aa9a4d,34312.61753,347190.6952
6117,Point,0,1,0.0,,6117,,69,,,,,,,,,,,,0.0,1,1,C,USGS_gbHeatFlowWells.shp,Data release - assumed measured,148292e7-5105-3992-b715-13c0c4ddfa7f,-172098.6606,317891.2239
6118,Point,0,1,0.0,,6118,,64,,,,,,,,,,,,0.0,1,1,C,USGS_gbHeatFlowWells.shp,Data release - assumed measured,bc576edc-4184-3412-9ad3-47a709b3fc31,-170281.8145,328026.3585
6119,Point,0,1,0.0,,6119,,46,,,,,,,,,,,,0.0,1,1,C,USGS_gbHeatFlowWells.shp,Data release - assumed measured,ed23d867-da98-32b0-a8e2-2a1941988883,-176551.6756,310839.0351
6120,Point,0,1,0.0,,6120,,69,,,,,,,,,,,,0.0,1,1,C,USGS_gbHeatFlowWells.shp,Data release - assumed measured,e59e5602-55e0-3866-a85d-5219b50cece0,-92786.56278,254605.2713
6121,Point,0,1,0.0,,6121,,56,,,,,,,,,,,,0.0,1,1,C,USGS_gbHeatFlowWells.shp,unmeasured,ff1e8b9b-1f11-3d1f-84e8-74eae55b82db,-70677.25296,90332.49791
6124,Point,0,1,0.0,,6124,,90,,,,,,,,,,,,0.0,1,1,C,USGS_gbHeatFlowWells.shp,Data release - assumed measured,699826d6-80da-30b2-8693-302fa8837713,22501.46361,309711.8553
6128,Point,0,1,0.0,,6128,,101,,,,,,,,,,,,0.0,1,1,C,USGS_gbHeatFlowWells.shp,Data release - assumed measured,78202e31-ef23-3915-8100-770de787a31f,-42897.23338,302646.6814
6129,Point,0,1,0.0,,6129,,96,,,,,,,,,,,,0.0,1,1,C,USGS_gbHeatFlowWells.shp,Data release - assumed measured,46d06829-ffd7-3836-b5ee-13688984e365,-41136.84758,303634.5807
6130,Point,0,1,0.0,,6130,,69,,,,,,,,,,,,0.0,1,1,C,USGS_gbHeatFlowWells.shp,Data release - assumed measured,d0a44bff-f7d4-3e07-a367-616720d973b7,-13041.47605,287847.2758
6131,Point,0,1,0.0,,6131,,80,,,,,,,,,,,,0.0,1,1,C,USGS_gbHeatFlowWells.shp,Data release - assumed measured,ee5a2674-ab1f-3b97-8374-f326a8c4f49e,-8888.542196,219487.4022
6132,Point,0,1,0.0,,6132,,87,,,,,,,,,,,,0.0,1,1,C,USGS_gbHeatFlowWells.shp,Data release - assumed measured,fa79f85f-535c-38d0-83c8-4dd3fa0e767f,-88898.7397,175088.3304
6133,Point,0,1,0.0,,6133,,93,,,,,,,,,,,,0.0,1,1,C,USGS_gbHeatFlowWells.shp,Data release - assumed measured,9b657398-8e90-32d2-b73d-f032f6ecdfd0,-86769.29728,173765.2003
6134,Point,0,1,0.0,,6134,,67,,,,,,,,,,,,0.0,1,1,C,USGS_gbHeatFlowWells.shp,assumed measured,ae4fe3e1-eca6-3d59-9996-95a65416b5cb,-84701.5386,280625.712
6135,Point,0,1,0.0,,6135,,52,,,,,,,,,,,,0.0,1,1,C,USGS_gbHeatFlowWells.shp,Data release - assumed measured,1011c903-aa36-303b-8696-40fbf3154d16,70195.09097,257034.6173
6136,Point,0,1,0.0,,6136,,42,,,,,,,,,,,,0.0,1,1,C,USGS_gbHeatFlowWells.shp,assumed measured,e785428c-6986-3874-a584-98f9d708af79,-43403.88482,356900.1438
6137,Point,0,1,0.0,,6137,,93,,,,,,,,,,,,0.0,1,1,C,USGS_gbHeatFlowWells.shp,Data release - assumed measured,2c101038-a25f-31a0-b7c9-368a38678583,-59446.76887,343450.6601
6138,Point,0,1,0.0,,6138,,85,,,,,,,,,,,,0.0,1,1,C,USGS_gbHeatFlowWells.shp,Data release - assumed measured,9f4c3f78-e723-3a14-9600-9c68624fcf5c,-54411.41289,344322.0785
6139,Point,0,1,0.0,,6139,,66,,,,,,,,,,,,0.0,1,1,C,USGS_gbHeatFlowWells.shp,Data release - assumed measured,baac6e87-d9aa-32aa-9a1c-6ca949bc1459,-55833.92456,349797.9342
6140,Point,0,1,0.0,,6140,,66,,,,,,,,,,,,0.0,1,1,C,USGS_gbHeatFlowWells.shp,Data release - assumed measured,bf33144c-e276-3b98-a071-a3a51e3c3360,-239450.0975,214819.3051
6141,Point,0,1,0.0,,6141,,100,,,,,,,,,,,,0.0,1,1,C,USGS_gbHeatFlowWells.shp,Data release - assumed measured,1f52329e-6c8b-348d-ae5c-27e8a234fb2a,-236560.5214,220205.8645
6142,Point,0,1,0.0,,6142,,63,,,,,,,,,,,,0.0,1,1,C,USGS_gbHeatFlowWells.shp,Data release - assumed measured,a059c184-b62e-338e-916b-588854d6ebef,-136755.034,339840.8892
6143,Point,0,1,0.0,,6143,,59,,,,,,,,,,,,0.0,1,1,C,USGS_gbHeatFlowWells.shp,assumed measured,8d671afc-d0d7-37e8-bae9-fffc807e5587,-162944.6999,226294.3001
6144,Point,0,1,0.0,,6144,,79,,,,,,,,,,,,0.0,1,1,C,USGS_gbHeatFlowWells.shp,Data release - assumed measured,2656496f-b31d-3da9-b7fe-95d392becca7,-119879.5605,202330.2446
6145,Point,0,1,0.0,,6145,,57,,,,,,,,,,,,0.0,1,1,C,USGS_gbHeatFlowWells.shp,Data release - assumed measured,52d73d92-385c-3120-9f1f-a7561b881634,-132899.4702,210984.1794
6147,Point,0,1,0.0,,6147,,117,,,,,,,,,,,,0.0,1,1,C,USGS_gbHeatFlowWells.shp,unmeasured,d684fc10-230e-382e-b8b3-65f9f207acb5,-50163.43371,340295.4535
6148,Point,0,1,0.0,,6148,,104,,,,,,,,,,,,0.0,1,1,C,USGS_gbHeatFlowWells.shp,Data release - assumed measured,26807c34-44ff-3154-a113-d6c9231b9376,-182949.4841,289152.2585
6149,Point,0,1,0.0,,6149,,109,,,,,,,,,,,,0.0,1,1,C,USGS_gbHeatFlowWells.shp,Data release - assumed measured,915ea617-959e-3dc7-aff0-60176e95e637,-108587.7663,329045.9976
6150,Point,0,1,0.0,,6150,,79,,,,,,,,,,,,0.0,1,1,C,USGS_gbHeatFlowWells.shp,unmeasured,176d3c8a-a70d-31e1-9814-6bd32137ace6,-55209.13597,345514.8525
6151,Point,0,1,0.0,,6151,,67,,,,,,,,,,,,0.0,1,1,C,USGS_gbHeatFlowWells.shp,unmeasured,046cf9df-c4f8-35d4-acfd-0c053e925c41,-56758.91294,342411.7972
6152,Point,0,1,0.0,,6152,,116,,,,,,,,,,,,0.0,1,1,C,USGS_gbHeatFlowWells.shp,Data release - assumed measured,2631d584-ae56-3b76-8aa2-af2fae8945b9,-142278.733,288856.1207
6153,Point,0,1,0.0,,6153,,85,,,,,,,,,,,,0.0,1,1,C,USGS_gbHeatFlowWells.shp,Data release - assumed measured,2aaf86e1-8dc2-3bc1-ae93-e41e452a5b94,-138153.9864,317188.9468
6154,Point,0,1,0.0,,6154,,119,,,,,,,,,,,,0.0,1,1,C,USGS_gbHeatFlowWells.shp,Data release - assumed measured,fabee9e8-e785-35c0-9081-78f2629ad4c1,-149530.0298,289985.0868
6155,Point,0,1,0.0,,6155,,100,,,,,,,,,,,,0.0,1,1,C,USGS_gbHeatFlowWells.shp,unmeasured,b491c629-e0fc-348e-936d-925e07314a51,-63664.60799,353619.9539
6156,Point,0,1,0.0,,6156,,99,,,,,,,,,,,,0.0,1,1,C,USGS_gbHeatFlowWells.shp,Data release - assumed measured,d8dd1b7f-b92c-3116-b932-a78774037f89,-150306.5468,307200.1591
6157,Point,0,1,0.0,,6157,,106,,,,,,,,,,,,0.0,1,1,C,USGS_gbHeatFlowWells.shp,Data release - assumed measured,18846cd2-75a6-35ae-90b1-4c6884a8ecb5,-158437.9252,318393.6562
6158,Point,0,1,0.0,,6158,,55,,,,,,,,,,,,0.0,1,1,C,USGS_gbHeatFlowWells.shp,Data release - assumed measured,64066216-4170-338b-bfeb-ae9ccd804fcd,-186052.7202,286623.4203
6159,Point,0,1,0.0,,6159,,101,,,,,,,,,,,,0.0,1,1,C,USGS_gbHeatFlowWells.shp,Data release - assumed measured,dae5be7e-ae72-3902-a058-3ac8b749faa6,-154103.8519,289567.2091
6160,Point,0,1,0.0,,6160,,98,,,,,,,,,,,,0.0,1,1,C,USGS_gbHeatFlowWells.shp,Data release - assumed measured,b9d1ba35-86dd-3b20-a831-c86eda7818a5,-142050.7272,330253.701
6161,Point,0,1,0.0,,6161,,86,,,,,,,,,,,,0.0,1,1,C,USGS_gbHeatFlowWells.shp,Data release - assumed measured,254ee3d4-9f59-3dde-8b75-3306c397c5a0,-186507.3838,276737.7062
6162,Point,0,1,0.0,,6162,,82,,,,,,,,,,,,0.0,1,1,C,USGS_gbHeatFlowWells.shp,Data release - assumed measured,b8e9eb45-6daa-3893-8252-a70bd3a640a8,-182612.1261,289110.9607
6163,Point,0,1,0.0,,6163,,102,,,,,,,,,,,,0.0,1,1,C,USGS_gbHeatFlowWells.shp,Data release - assumed measured,2b44a929-421f-37e5-8991-0bb8061fcee6,-111329.3175,276792.6804
6164,Point,0,1,0.0,,6164,,63,,,,,,,,,,,,0.0,1,1,C,USGS_gbHeatFlowWells.shp,Data release - assumed measured,2ddbe9d7-2c8a-3ac4-b442-9e078a1a0208,-131359.8271,330698.3339
6165,Point,0,1,0.0,,6165,,64,,,,,,,,,,,,0.0,1,1,C,USGS_gbHeatFlowWells.shp,Data release - assumed measured,96b7c6dd-86aa-34b7-be5a-67661a78262c,-142825.0449,300923.0272
6166,Point,0,1,0.0,,6166,,87,,,,,,,,,,,,0.0,1,1,C,USGS_gbHeatFlowWells.shp,Data release - assumed measured,0baf39fa-427b-3fde-b726-333b660e7669,-135162.3133,304712.0812
6167,Point,0,1,0.0,,6167,,116,,,,,,,,,,,,0.0,1,1,C,USGS_gbHeatFlowWells.shp,Data release - assumed measured,41d82535-937e-3bc7-a2d1-d9da2c9197b1,-152581.9957,280640.3364
6168,Point,0,1,0.0,,6168,,119,,,,,,,,,,,,0.0,1,1,C,USGS_gbHeatFlowWells.shp,Data release - assumed measured,442b6a75-c201-310b-adf1-7e40253c2bdc,-162163.7333,271436.255
6169,Point,0,1,0.0,,6169,,104,,,,,,,,,,,,0.0,1,1,C,USGS_gbHeatFlowWells.shp,Data release - assumed measured,e5b15e00-dff3-377b-a072-44178b49b7d4,-213314.1787,234620.3223
6170,Point,0,1,0.0,,6170,,51,,,,,,,,,,,,0.0,1,1,C,USGS_gbHeatFlowWells.shp,Data release - assumed measured,2b4aca61-a9d4-30fa-ba4e-04327d3f3be2,-129956.6387,224128.8021
6171,Point,0,1,0.0,,6171,,102,,,,,,,,,,,,0.0,1,1,C,USGS_gbHeatFlowWells.shp,Data release - assumed measured,b8d60862-63e3-3841-b67f-e62d4dd07617,-139789.0644,227329.9245
6172,Point,0,1,0.0,,6172,,90,,,,,,,,,,,,0.0,1,1,C,USGS_gbHeatFlowWells.shp,Data release - assumed measured,aacb63a7-7332-3576-8186-bb21374917f7,-99951.18018,278144.7174
6173,Point,0,1,0.0,,6173,,89,,,,,,,,,,,,0.0,1,1,C,USGS_gbHeatFlowWells.shp,Data release - assumed measured,b4c13d35-46f2-3cf6-9602-cfdc583f7350,-104639.9831,302765.7956
6174,Point,0,1,0.0,,6174,,116,,,,,,,,,,,,0.0,1,1,C,USGS_gbHeatFlowWells.shp,Data release - assumed measured,8d598069-16af-3d3a-bb7c-61814ced09af,-79651.28923,295778.9001
6175,Point,0,1,0.0,,6175,,96,,,,,,,,,,,,0.0,1,1,C,USGS_gbHeatFlowWells.shp,Data release - assumed measured,175c51f4-3fa4-3838-8c50-9ca875961799,-73833.61041,290939.0817
6176,Point,0,1,0.0,,6176,,120,,,,,,,,,,,,0.0,1,1,C,USGS_gbHeatFlowWells.shp,Data release - assumed measured,fe7adf40-6f37-3d21-8ebd-ebf4fb5b0624,-78288.66382,299518.8971
6177,Point,0,1,0.0,,6177,,88,,,,,,,,,,,,0.0,1,1,C,USGS_gbHeatFlowWells.shp,Data release - assumed measured,bd6ce28c-a6ab-3db0-bc3c-c60581aa6a0e,-91510.41025,239820.3394
6178,Point,0,1,0.0,,6178,,45,,,,,,,,,,,,0.0,1,1,C,USGS_gbHeatFlowWells.shp,Data release - assumed measured,96589328-747a-31b1-8aaa-922e7cbbbc84,-91498.81331,233320.1254
6179,Point,0,1,0.0,,6179,,60,,,,,,,,,,,,0.0,1,1,C,USGS_gbHeatFlowWells.shp,Data release - assumed measured,35df7f06-705e-36fe-8392-0fb9ac079ba3,-94833.47431,201016.2547
6180,Point,0,1,0.0,,6180,,133,,,,,,,,,,,,0.0,1,1,C,USGS_gbHeatFlowWells.shp,Data release - assumed measured,5fa9b7bd-5936-33d3-87bc-eabf7a80de55,-121760.8475,204123.6881
6181,Point,0,1,0.0,,6181,,73,,,,,,,,,,,,0.0,1,1,C,USGS_gbHeatFlowWells.shp,Data release - assumed measured,1e785910-f543-333f-aee0-44639307b639,-99269.83647,182935.7839
6189,Point,0,1,0.0,,6189,,35,,,,,,,,,,,,0.0,1,1,D,USGS_gbHeatFlowWells.shp,Data release - assumed measured,474289b2-37c9-34cf-ade2-90543a694d2a,-40406.23444,225559.9741
6190,Point,0,1,0.0,,6190,,34,,,,,,,,,,,,0.0,1,1,D,USGS_gbHeatFlowWells.shp,Data release - assumed measured,d8a8e7b3-e25c-32f3-8875-40e2a3048c6d,-93013.93979,175123.0206
6191,Point,0,1,0.0,,6191,,29,,,,,,,,,,,,0.0,1,1,D,USGS_gbHeatFlowWells.shp,assumed measured,903678ed-de53-3d75-b6cc-e7d174b799f0,-84701.5386,280625.712
6192,Point,0,1,0.0,,6192,,38,,,,,,,,,,,,0.0,1,1,D,USGS_gbHeatFlowWells.shp,Data release - assumed measured,eed52669-bee6-34d9-a020-c194552c809e,-52253.52599,340510.4669
6193,Point,0,1,0.0,,6193,,38,,,,,,,,,,,,0.0,1,1,D,USGS_gbHeatFlowWells.shp,Data release - assumed measured,d6227124-06d2-3252-ad31-c01f6b3b0d7c,-52351.93349,342157.6964
6194,Point,0,1,0.0,,6194,,38,,,,,,,,,,,,0.0,1,1,D,USGS_gbHeatFlowWells.shp,assumed measured,414d278c-748a-388f-aefc-2e33298b1baa,-57643.0626,346730.5474
6197,Point,0,1,0.0,,6197,,8,,,,,,,,,,,,0.0,1,1,D,USGS_gbHeatFlowWells.shp,Data release - assumed measured,cff4b300-610e-38cc-a67a-21ae0af2894f,-85814.86853,231464.7531
6198,Point,0,1,0.0,,6198,,51,,,,,,,,,,,,0.0,1,1,D,USGS_gbHeatFlowWells.shp,Data release - assumed measured,3425e557-8a1c-3101-955d-f4cbae419013,-128230.3227,219694.7999
6199,Point,0,1,0.0,,6199,,565,,,,,,,,,,,,0.0,1,1,G,USGS_gbHeatFlowWells.shp,assumed measured,7534d578-e268-3c5d-90f8-f31bf7ee9ec8,-200212.2937,355140.1661
6200,Point,0,1,0.0,,6200,,200,,,,,,,,,,,,0.0,1,1,G,USGS_gbHeatFlowWells.shp,known measured,2011a25b-551c-3c59-8933-9279a919abc7,-47089.58394,341654.5196
6206,Point,0,1,0.0,,6206,,210,,,,,,,,,,,,0.0,1,1,G,USGS_gbHeatFlowWells.shp,assumed measured,c88135bf-2de9-3723-9237-464017bd1484,-197124.1286,355522.548
6211,Point,0,1,0.0,,6211,,175,,,,,,,,,,,,0.0,1,1,G,USGS_gbHeatFlowWells.shp,known measured,c7a636f9-2acc-38c1-8c91-e9f2ae019fe8,-164518.3656,259872.9643
6212,Point,0,1,0.0,,6212,,490,,,,,,,,,,,,0.0,1,1,G,USGS_gbHeatFlowWells.shp,Data release - assumed measured,8dca3816-5814-3efb-969e-5641e234d94a,-79073.21306,42958.67402
6213,Point,0,1,0.0,,6213,,210,,,,,,,,,,,,0.0,1,1,G,USGS_gbHeatFlowWells.shp,Data release - assumed measured,4bd94204-1152-3434-b63b-ce8fb64c4fbd,-76735.87051,44147.20112
6214,Point,0,1,0.0,,6214,,504,,,,,,,,,,,,0.0,1,1,G,USGS_gbHeatFlowWells.shp,Data release - assumed measured,e843e8e0-2cff-3dc4-81c2-f77b883d4375,-79760.39035,46697.65863
6215,Point,0,1,0.0,,6215,,331,,,,,,,,,,,,0.0,1,1,G,USGS_gbHeatFlowWells.shp,Data release - assumed measured,99b1491f-afe7-3223-9041-fd10bd534450,-12452.55067,267618.2695
6222,Point,0,1,0.0,,6222,,131,,,,,,,,,,,,0.0,1,1,G,USGS_gbHeatFlowWells.shp,assumed measured,da682c70-2b78-3340-9464-8ec5a3d16a5d,-116123.4155,309444.6819
6223,Point,0,1,0.0,,6223,,402,,,,,,,,,,,,0.0,1,1,G,USGS_gbHeatFlowWells.shp,assumed measured,add8aeb7-42a0-3f91-ae7f-359a2e9d1fa0,-202699.3848,323078.5445
6224,Point,0,1,0.0,,6224,,463,,,,,,,,,,,,0.0,1,1,G,USGS_gbHeatFlowWells.shp,assumed measured,c725ba42-2b16-341c-b298-ead7d36304fa,-198649.5005,322229.9446
6225,Point,0,1,0.0,,6225,,5375,,,,,,,,,,,,0.0,1,1,G,USGS_gbHeatFlowWells.shp,assumed measured,26976e72-2b58-3c5e-a5a4-fe2cf7499d76,-202321.2485,328481.3511
6226,Point,0,1,0.0,,6226,,156,,,,,,,,,,,,0.0,1,1,G,USGS_gbHeatFlowWells.shp,assumed measured,b2346b2f-160e-3732-9f9d-8e07211528c0,-116093.7362,306251.0331
6227,Point,0,1,0.0,,6227,,262,,,,,,,,,,,,0.0,1,1,G,USGS_gbHeatFlowWells.shp,Data release - assumed measured,132966ea-1113-36f2-ac45-26bee19d1d35,-171042.8301,279554.6824
6228,Point,0,1,0.0,,6228,,262,,,,,,,,,,,,0.0,1,1,G,USGS_gbHeatFlowWells.shp,Data release - assumed measured,92478a99-2762-33d1-a23b-04d9095ff348,-170754.277,279985.6351
6229,Point,0,1,0.0,,6229,,262,,,,,,,,,,,,0.0,1,1,G,USGS_gbHeatFlowWells.shp,Data release - assumed measured,939de5dd-e1e7-3128-a6f2-c5626ec71db4,-169761.2083,280906.0182
6230,Point,0,1,0.0,,6230,,136,,,,,,,,,,,,0.0,1,1,G,USGS_gbHeatFlowWells.shp,assumed measured,28becc56-0f5d-31b1-abda-64cc30fe53a2,-183855.4076,281708.8918
6231,Point,0,1,0.0,,6231,,205,,,,,,,,,,,,0.0,1,1,G,USGS_gbHeatFlowWells.shp,Data release - assumed measured,0c29fd27-4b52-3c44-b746-d17d8789c78d,-85174.77427,39325.97823
6232,Point,0,1,0.0,,6232,,131,,,,,,,,,,,,0.0,1,1,G,USGS_gbHeatFlowWells.shp,assumed measured,0ef515ad-4fa2-35d9-afa8-6f398f5512d4,-116507.3945,312038.3996
6233,Point,0,1,0.0,,6233,,163,,,,,,,,,,,,0.0,1,1,G,USGS_gbHeatFlowWells.shp,Data release - assumed measured,2a033a67-95c0-3ece-a395-a6cea687eacd,-103383.9272,206497.2666
6234,Point,0,1,0.0,,6234,,753,,,,,,,,,,,,0.0,1,1,G,USGS_gbHeatFlowWells.shp,Data release - assumed measured,e303ef11-21e3-34c9-8072-52ab9ee90ed7,-97341.66402,229532.9543
6235,Point,0,1,0.0,,6235,,121,,,,,,,,,,,,0.0,1,1,G,USGS_gbHeatFlowWells.shp,Data release - assumed measured,0f71475a-020b-371b-97c0-0fd5937de975,-98744.03492,231869.848
6236,Point,0,1,0.0,,6236,,628,,,,,,,,,,,,0.0,1,1,G,USGS_gbHeatFlowWells.shp,Data release - assumed measured,85002f43-c950-347f-aed9-f8febff1fdc9,-98113.31932,224185.0836
6237,Point,0,1,0.0,,6237,,121,,,,,,,,,,,,0.0,1,1,G,USGS_gbHeatFlowWells.shp,Data release - assumed measured,c261e845-91e0-3819-8755-cae024e3aa3c,-127755.6093,199849.8224
6238,Point,0,1,0.0,,6238,,201,,,,,,,,,,,,0.0,1,1,G,USGS_gbHeatFlowWells.shp,Data release - assumed measured,686b045f-f1f5-3ecf-aff6-c082e5c689c0,-96479.05892,224725.8442
6239,Point,0,1,0.0,,6239,,207,,,,,,,,,,,,0.0,1,1,G,USGS_gbHeatFlowWells.shp,assumed measured,4b598eb6-9892-3e09-9ada-44c05ec6303b,-131551.4346,231944.1637
6240,Point,0,1,0.0,,6240,,50,,,,,,,,,,,,0.0,1,1,G,USGS_gbHeatFlowWells.shp,Data release - assumed measured,8f7bb304-25fb-3585-a67f-24b73e62cd70,-58138.94784,46338.39133
6241,Point,0,1,0.0,,6241,,147,,,,,,,,,,,,0.0,1,1,G,USGS_gbHeatFlowWells.shp,known measured,7b4a6e9d-630b-34fc-9e58-e0dda8f4a6cb,-44879.28843,255743.443
6242,Point,0,1,0.0,,6242,,258,,,,,,,,,,,,0.0,1,1,G,USGS_gbHeatFlowWells.shp,assumed measured,16721cb7-5abd-383b-88ba-5db420376b55,-202988.5527,329383.4988
6243,Point,0,1,0.0,,6243,,1529,,,,,,,,,,,,0.0,1,1,G,USGS_gbHeatFlowWells.shp,assumed measured,98844249-67a3-32e7-8d35-f8e70e10ffec,-205211.1668,325417.3695
6244,Point,0,1,0.0,,6244,,138,,,,,,,,,,,,0.0,1,1,G,USGS_gbHeatFlowWells.shp,Data release - assumed measured,89ad6daa-ef72-3f15-8c1c-6b463fa5109c,-57364.27625,42499.81367
6245,Point,0,1,0.0,,6245,,1870,,,,,,,,,,,,0.0,1,1,G,USGS_gbHeatFlowWells.shp,assumed measured,be472873-5bab-3e3b-9799-643b1e2d3b1b,-202181.9971,325665.214
6246,Point,0,1,0.0,,6246,,382,,,,,,,,,,,,0.0,1,1,G,USGS_gbHeatFlowWells.shp,assumed measured,f209ee5d-eca1-3f28-ba0b-fb5b8ed9fa2e,-141248.7216,208569.5588
6247,Point,0,1,0.0,,6247,,198,,,,,,,,,,,,0.0,1,1,G,USGS_gbHeatFlowWells.shp,assumed measured,8f355a43-f618-3c23-ad1f-5e43875272bd,34244.45314,343527.7219
6255,Point,0,1,0.0,,6255,,635,,,,,,,,,,,,0.0,1,1,G,USGS_gbHeatFlowWells.shp,Data release - assumed measured,1fed4b83-0176-3387-bf93-828b34033e59,-40958.05173,265695.5388
6256,Point,0,1,0.0,,6256,,343,,,,,,,,,,,,0.0,1,1,G,USGS_gbHeatFlowWells.shp,Data release - assumed measured,0b844633-91c8-352b-b2e4-5f64adf34854,-42014.2768,266373.2834
6257,Point,0,1,0.0,,6257,,170,,,,,,,,,,,,0.0,1,1,G,USGS_gbHeatFlowWells.shp,known measured,b475b266-3b01-3432-9ce4-da30a6a19f95,-42877.96449,268155.7194
6258,Point,0,1,0.0,,6258,,428,,,,,,,,,,,,0.0,1,1,G,USGS_gbHeatFlowWells.shp,known measured,e060eac9-6837-31dc-9bac-3f2f931ce098,-41651.94193,259371.7456
6259,Point,0,1,0.0,,6259,,485,,,,,,,,,,,,0.0,1,1,G,USGS_gbHeatFlowWells.shp,known measured,05c821ab-630a-368e-95df-46c252497d4f,-43926.62868,257142.6552
6260,Point,0,1,0.0,,6260,,649,,,,,,,,,,,,0.0,1,1,G,USGS_gbHeatFlowWells.shp,known measured,53f5a24b-b65e-3df5-85ec-f923f4963814,-42517.08571,256201.3161
6261,Point,0,1,0.0,,6261,,272,,,,,,,,,,,,0.0,1,1,G,USGS_gbHeatFlowWells.shp,known measured,794499b4-908e-338e-a74a-9c804273d73d,-42668.40729,254334.4795
6262,Point,0,1,0.0,,6262,,220,,,,,,,,,,,,0.0,1,1,G,USGS_gbHeatFlowWells.shp,known measured,07f148ba-77d1-3d58-8bc3-676226cf1c09,-45356.80785,254349.1235
6263,Point,0,1,0.0,,6263,,413,,,,,,,,,,,,0.0,1,1,G,USGS_gbHeatFlowWells.shp,known measured,77ade178-8504-3f14-9b7d-914f3065060f,-41904.70148,265162.5436
6264,Point,0,1,0.0,,6264,,126,,,,,,,,,,,,0.0,1,1,G,USGS_gbHeatFlowWells.shp,Data release - assumed measured,0f208ac5-1c20-3bd3-afcb-b1c205e12406,-45601.55237,251097.0613
6265,Point,0,1,0.0,,6265,,153,,,,,,,,,,,,0.0,1,1,G,USGS_gbHeatFlowWells.shp,Data release - assumed measured,70964a50-b72a-32e0-893c-87a6875874d8,-44989.40726,249681.6747
6266,Point,0,1,0.0,,6266,,306,,,,,,,,,,,,0.0,1,1,G,USGS_gbHeatFlowWells.shp,Data release - assumed measured,284bfd8f-7b32-3695-9e83-634eb3c35436,-45370.92851,261909.2825
6267,Point,0,1,0.0,,6267,,153,,,,,,,,,,,,0.0,1,1,G,USGS_gbHeatFlowWells.shp,unmeasured,186553cf-bfce-385f-b0dc-12014bf3c384,-85177.49319,39344.69086
6268,Point,0,1,0.0,,6268,,148,,,,,,,,,,,,0.0,1,1,G,USGS_gbHeatFlowWells.shp,unmeasured,2b19e3b7-dbd3-3c8e-814d-953e67f104e3,-164731.7422,305959.5409
6269,Point,0,1,0.0,,6269,,6024,,,,,,,,,,,,0.0,1,1,G,USGS_gbHeatFlowWells.shp,known measured,5c984dda-9edd-331c-92fd-55cb8e753752,-171287.6501,258052.4595
6270,Point,0,1,0.0,,6270,,520,,,,,,,,,,,,0.0,1,1,G,USGS_gbHeatFlowWells.shp,assumed measured,aeaf2e90-31fb-37f6-b499-db617fa4fbeb,34301.29625,343975.999
6271,Point,0,1,0.0,,6271,,2763,,,,,,,,,,,,0.0,1,1,G,USGS_gbHeatFlowWells.shp,known measured,48efdffa-b88a-3431-81cf-80e693e9b7e7,-171288.9119,257592.9588
6272,Point,0,1,0.0,,6272,,159,,,,,,,,,,,,0.0,1,1,G,USGS_gbHeatFlowWells.shp,known measured,25786f1f-6aab-38c6-aaa5-2a22b54ac7bd,-130505.9232,225482.6056
6273,Point,0,1,0.0,,6273,,310,,,,,,,,,,,,0.0,1,1,G,USGS_gbHeatFlowWells.shp,known measured,9beee157-6204-317f-8185-662408ccb2cf,-130686.5211,226438.2155
6274,Point,0,1,0.0,,6274,,613,,,,,,,,,,,,0.0,1,1,G,USGS_gbHeatFlowWells.shp,known measured,6827cd9a-0124-315c-bf43-eab67143a5ac,-171729.9203,256817.7568
6275,Point,0,1,0.0,,6275,,310,,,,,,,,,,,,0.0,1,1,G,USGS_gbHeatFlowWells.shp,assumed measured,35b85811-1cf4-3405-909a-ef41d8c561d1,38308.40775,345215.1835
6276,Point,0,1,0.0,,6276,,800,,,,,,,,,,,,0.0,1,1,G,USGS_gbHeatFlowWells.shp,Data release - assumed measured,c5ee040e-2e4c-3256-b52b-bfb662663ace,-140115.2892,211890.1479
6277,Point,0,1,0.0,,6277,,211,,,,,,,,,,,,0.0,1,1,G,USGS_gbHeatFlowWells.shp,Data release - assumed measured,5b533c49-84c2-357e-921f-97020309e1df,-136938.2202,205895.2596
6278,Point,0,1,0.0,,6278,,306,,,,,,,,,,,,0.0,1,1,G,USGS_gbHeatFlowWells.shp,unmeasured,36fdacb6-ff49-3751-aef4-a7b40f2643be,-157335.3567,96950.25632
6280,Point,0,1,0.0,,6280,,378,,,,,,,,,,,,0.0,1,1,G,USGS_gbHeatFlowWells.shp,known measured,0bdd0cb5-a6f6-3334-9629-5323f8351d27,33565.38095,343289.6015
6281,Point,0,1,0.0,,6281,,190,,,,,,,,,,,,0.0,1,1,G,USGS_gbHeatFlowWells.shp,known measured,37ed7b27-bbe0-38bb-b716-38fac420f07a,34194.19997,345454.0538
6282,Point,0,1,0.0,,6282,,354,,,,,,,,,,,,0.0,1,1,G,USGS_gbHeatFlowWells.shp,known measured,9c68f371-5184-3956-95af-1a27a5298986,33324.80096,342594.1329
6283,Point,0,1,0.0,,6283,,861,,,,,,,,,,,,0.0,1,1,G,USGS_gbHeatFlowWells.shp,known measured,790c35b3-620d-3663-92b6-ab407c8f8365,34516.32729,342789.6291
6284,Point,0,1,0.0,,6284,,358,,,,,,,,,,,,0.0,1,1,G,USGS_gbHeatFlowWells.shp,known measured,341f994a-4896-3836-9eb8-ce71a0e8883c,33494.05766,342281.2083
6285,Point,0,1,0.0,,6285,,1124,,,,,,,,,,,,0.0,1,1,G,USGS_gbHeatFlowWells.shp,known measured,57443009-c1ac-3b31-958b-0060541eba1a,-170490.4219,258416.6447
6286,Point,0,1,0.0,,6286,,238,,,,,,,,,,,,0.0,1,1,G,USGS_gbHeatFlowWells.shp,known measured,4bed34b9-fe7e-3748-9a1a-78927e14944e,-170872.263,258424.727
6287,Point,0,1,0.0,,6287,,180,,,,,,,,,,,,0.0,1,1,G,USGS_gbHeatFlowWells.shp,assumed measured,85d731c9-df5e-310a-9421-74f0bad3b74b,9223.367898,337377.1119
6290,Point,0,1,0.0,,6290,,127,,,,,,,,,,,,0.0,1,1,G,USGS_gbHeatFlowWells.shp,Data release - assumed measured,d85257a4-b450-322c-8ad6-f5df33a6981d,-22095.63284,345253.9536
6291,Point,0,1,0.0,,6291,,173,,,,,,,,,,,,0.0,1,1,G,USGS_gbHeatFlowWells.shp,assumed measured,f2085f5c-56f9-35dd-a362-5556f3781c76,23113.51017,354340.9149
6296,Point,0,1,0.0,,6296,,172,,,,,,,,,,,,0.0,1,1,G,USGS_gbHeatFlowWells.shp,Data release - assumed measured,28b02962-baaa-3bdf-869a-7c59e9f69fe2,1878.99143,340407.4406
6297,Point,0,1,0.0,,6297,,268,,,,,,,,,,,,0.0,1,1,G,USGS_gbHeatFlowWells.shp,Data release - assumed measured,adc56e84-5b65-30c4-a2e5-8009f70844ad,8465.407145,346852.2767
6298,Point,0,1,0.0,,6298,,205,,,,,,,,,,,,0.0,1,1,G,USGS_gbHeatFlowWells.shp,Data release - assumed measured,eb3d28b2-e20d-30cf-ab44-7d103f878540,11317.21889,342095.4961
6299,Point,0,1,0.0,,6299,,131,,,,,,,,,,,,0.0,1,1,G,USGS_gbHeatFlowWells.shp,Data release - assumed measured,2c5e8237-d1d7-3019-ae36-0f329a55862b,59279.53644,334791.9474
6300,Point,0,1,0.0,,6300,,134,,,,,,,,,,,,0.0,1,1,G,USGS_gbHeatFlowWells.shp,Data release - assumed measured,247fb085-bbf7-33ee-a052-1508b0e9a859,-24760.43926,305819.325
6303,Point,0,1,0.0,,6303,,157,,,,,,,,,,,,0.0,1,1,G,USGS_gbHeatFlowWells.shp,Data release - assumed measured,44b09e8f-d635-31b7-8b39-98a891a26905,-25203.72328,304341.8771
6304,Point,0,1,0.0,,6304,,361,,,,,,,,,,,,0.0,1,1,G,USGS_gbHeatFlowWells.shp,Data release - assumed measured,03f64dcf-d116-3ff9-8c0d-8485053f7691,-22145.68076,339295.1653
6305,Point,0,1,0.0,,6305,,4586,,,,,,,,,,,,0.0,1,1,G,USGS_gbHeatFlowWells.shp,Data release - assumed measured,23d390ea-68ad-39ab-ab83-579b7b1b7af3,-134464.2252,209295.0208
6306,Point,0,1,0.0,,6306,,386,,,,,,,,,,,,0.0,1,1,G,USGS_gbHeatFlowWells.shp,Data release - assumed measured,cc48546f-46a1-3b61-9bf2-b64dd64c73a0,-86434.63115,284733.9749
6307,Point,0,1,0.0,,6307,,149,,,,,,,,,,,,0.0,1,1,G,USGS_gbHeatFlowWells.shp,Data release - assumed measured,0f7fc374-af72-3c96-aea3-25f11a220e8c,-205619.3984,325259.7653
6308,Point,0,1,0.0,,6308,,494,,,,,,,,,,,,0.0,1,1,G,USGS_gbHeatFlowWells.shp,Data release - assumed measured,a1ed86ee-793c-3301-92e5-bb62ecc65638,-139495.9243,213157.2789
6309,Point,0,1,0.0,,6309,,318,,,,,,,,,,,,0.0,1,1,G,USGS_gbHeatFlowWells.shp,Data release - assumed measured,257ee6f0-2b17-34a2-99b9-8b4a76a7d1e5,-140075.0859,210757.3684
6310,Point,0,1,0.0,,6310,,250,,,,,,,,,,,,0.0,1,1,G,USGS_gbHeatFlowWells.shp,Data release - assumed measured,faa8f217-cd4d-37d9-91fc-66fe0b6f2fe6,-144077.9095,208921.9192
6314,Point,0,1,0.0,,6314,,1069,,,,,,,,,,,,0.0,1,1,G,USGS_gbHeatFlowWells.shp,known measured,759ba238-bf4d-3405-90db-518d977f49af,-170482.2061,258001.778
6315,Point,0,1,0.0,,6315,,318,,,,,,,,,,,,0.0,1,1,G,USGS_gbHeatFlowWells.shp,known measured,7abe3579-426d-31f4-b39b-39a6c77b0fbe,-131790.4029,234525.8866
6316,Point,0,1,0.0,,6316,,347,,,,,,,,,,,,0.0,1,1,G,USGS_gbHeatFlowWells.shp,known measured,c5815ef9-c3fe-3068-887c-c0011bfdfff2,-133822.0849,229033.6557
6317,Point,0,1,0.0,,6317,,259,,,,,,,,,,,,0.0,1,1,G,USGS_gbHeatFlowWells.shp,assumed measured,2f313165-5335-31dd-af65-714a90f4e2d3,32526.42244,342758.845
6318,Point,0,1,0.0,,6318,,385,,,,,,,,,,,,0.0,1,1,G,USGS_gbHeatFlowWells.shp,known measured,ec80207b-e351-3a2d-a5b1-91fd7efcf5f1,-132459.7597,226388.5539
6319,Point,0,1,0.0,,6319,,1013,,,,,,,,,,,,0.0,1,1,G,USGS_gbHeatFlowWells.shp,known measured,0d1da123-0b2b-3b48-aad2-06a8845d13e0,-132496.6568,228821.3295
6320,Point,0,1,0.0,,6320,,502,,,,,,,,,,,,0.0,1,1,G,USGS_gbHeatFlowWells.shp,unmeasured,1111107d-3f62-3524-86bd-e9cdb4206851,-54659.01561,348624.921
6321,Point,0,1,0.0,,6321,,502,,,,,,,,,,,,0.0,1,1,G,USGS_gbHeatFlowWells.shp,unmeasured,d8e5d29f-1bc4-3b46-a621-7ce562822b55,-53828.49113,347353.5831
6322,Point,0,1,0.0,,6322,,3089,,,,,,,,,,,,0.0,1,1,G,USGS_gbHeatFlowWells.shp,known measured,5aa4bef1-ab40-31bf-acad-c110087d59d8,-170915.341,257192.7547
6323,Point,0,1,0.0,,6323,,1185,,,,,,,,,,,,0.0,1,1,G,USGS_gbHeatFlowWells.shp,known measured,bcaaccb5-bcc8-3d9b-8a8f-b60c6828a27f,-171695.1104,258453.4024
6324,Point,0,1,0.0,,6324,,160,,,,,,,,,,,,0.0,1,1,G,USGS_gbHeatFlowWells.shp,assumed measured,46e2f3aa-d79b-39a5-8df9-21ce8cbbed53,36986.62997,340627.7092
6325,Point,0,1,0.0,,6325,,210,,,,,,,,,,,,0.0,1,1,G,USGS_gbHeatFlowWells.shp,assumed measured,2f362e4c-7efc-3a9a-8d2d-05be029e16fe,39498.30337,342252.7294
6326,Point,0,1,0.0,,6326,,201,,,,,,,,,,,,0.0,1,1,G,USGS_gbHeatFlowWells.shp,unmeasured,04274ae1-b871-3a97-b1f2-89bc25a57a22,-53296.66838,347820.453
6327,Point,0,1,0.0,,6327,,146,,,,,,,,,,,,0.0,1,1,G,USGS_gbHeatFlowWells.shp,assumed measured,178de9c4-e165-3e9b-a51f-735aec9602bf,-55411.828,348966.1341
6328,Point,0,1,0.0,,6328,,879,,,,,,,,,,,,0.0,1,1,G,USGS_gbHeatFlowWells.shp,unmeasured,e4d0d962-6700-3a50-b186-b61e2f98bce1,-54666.36972,347549.6889
6329,Point,0,1,0.0,,6329,,148,,,,,,,,,,,,0.0,1,1,G,USGS_gbHeatFlowWells.shp,Data release - assumed measured,49e5e79d-7347-3c06-9182-b7b30c28155f,-182924.0022,301400.6538
6330,Point,0,1,0.0,,6330,,109,,,,,,,,,,,,0.0,1,1,G,USGS_gbHeatFlowWells.shp,known measured,5ee6e7bf-cdce-3fa6-9787-3c0b58464aa4,-167269.8397,252834.8692
6331,Point,0,1,0.0,,6331,,5905,,,,,,,,,,,,0.0,1,1,G,USGS_gbHeatFlowWells.shp,assumed measured,f91dde23-f7a5-3c07-9789-b258b57d1040,-234395.1311,216891.5686
6343,Point,0,1,0.0,,6343,,138,,,,,,,,,,,,0.0,1,1,G,USGS_gbHeatFlowWells.shp,Data release - assumed measured,34aabe99-76f7-3e2f-a150-fd19951735c6,-134214.8181,89908.21201
6345,Point,0,1,0.0,,6345,,851,,,,,,,,,,,,0.0,1,1,G,USGS_gbHeatFlowWells.shp,Data release - assumed measured,08272ed5-57a3-354b-93ad-fdc646edebb4,-132154.1108,230496.9433
6346,Point,0,1,0.0,,6346,,305,,,,,,,,,,,,0.0,1,1,G,USGS_gbHeatFlowWells.shp,assumed measured,b9f46a00-e879-35c7-b6fc-c4025a50866a,-198189.8088,357532.0076
6347,Point,0,1,0.0,,6347,,125,,,,,,,,,,,,0.0,1,1,G,USGS_gbHeatFlowWells.shp,Data release - assumed measured,fccffc0a-9e49-3c94-8688-9ad450ebea4f,-143771.4195,218982.009
6351,Point,0,1,0.0,,6351,,291,,,,,,,,,,,,0.0,1,1,G,USGS_gbHeatFlowWells.shp,assumed measured,9872fad2-d401-3f12-9039-2a47b27b8228,35255.95874,340731.8678
6352,Point,0,1,0.0,,6352,,163,,,,,,,,,,,,0.0,1,1,G,USGS_gbHeatFlowWells.shp,assumed measured,036e005d-dda1-3ac3-8c99-c7ea5916517a,36168.89206,343144.1959
6355,Point,0,1,0.0,,6355,,189,,,,,,,,,,,,0.0,1,1,G,USGS_gbHeatFlowWells.shp,unmeasured,437d553f-faa3-31e4-b139-50a8f0f2c636,-171921.7086,278841.212
6356,Point,0,1,0.0,,6356,,191,,,,,,,,,,,,0.0,1,1,G,USGS_gbHeatFlowWells.shp,unmeasured,0cc026ff-9038-3b00-8f4c-6e7dbbe95686,-174947.9856,282455.3832
6357,Point,0,1,0.0,,6357,,126,,,,,,,,,,,,0.0,1,1,G,USGS_gbHeatFlowWells.shp,known measured,8dd84348-f360-3ab4-a9e4-c9fda12b4c36,-56412.38109,347483.4308
6358,Point,0,1,0.0,,6358,,121,,,,,,,,,,,,0.0,1,1,G,USGS_gbHeatFlowWells.shp,assumed measured,1d76efd3-1289-380b-85c3-0c58dffb2927,-156966.044,235012.4092
6359,Point,0,1,0.0,,6359,,122,,,,,,,,,,,,0.0,1,1,G,USGS_gbHeatFlowWells.shp,known measured,d4c6aa8c-0ba7-3096-ba36-0bbc6da38dbe,-109682.7232,350367.5428
6361,Point,0,1,0.0,,6361,,415,,,,,,,,,,,,0.0,1,1,G,USGS_gbHeatFlowWells.shp,Data release - assumed measured,1b6a7b92-d48b-33e5-91c9-068b59091215,-39934.33579,299404.7829
6362,Point,0,1,0.0,,6362,,202,,,,,,,,,,,,0.0,1,1,G,USGS_gbHeatFlowWells.shp,Data release - assumed measured,e06c0860-9e3b-36d1-a200-241c67ca0c8a,-42889.95585,297683.4258
6363,Point,0,1,0.0,,6363,,136,,,,,,,,,,,,0.0,1,1,G,USGS_gbHeatFlowWells.shp,Data release - assumed measured,95e2c1d9-f25b-36a6-b5f8-1934674520b8,-43176.42998,296228.4565
6364,Point,0,1,0.0,,6364,,524,,,,,,,,,,,,0.0,1,1,G,USGS_gbHeatFlowWells.shp,Data release - assumed measured,13e429f1-f14a-3ac9-8615-b0ea5c2ed9cc,-41352.12113,299512.7776
6365,Point,0,1,0.0,,6365,,148,,,,,,,,,,,,0.0,1,1,G,USGS_gbHeatFlowWells.shp,assumed measured,55093168-dd28-3727-9fd6-6932f66e4f38,-76070.46685,313218.3342
6366,Point,0,1,0.0,,6366,,581,,,,,,,,,,,,0.0,1,1,G,USGS_gbHeatFlowWells.shp,unmeasured,2c1e8673-0023-3527-a964-497365828d37,-12225.59349,268237.9412
6367,Point,0,1,0.0,,6367,,220,,,,,,,,,,,,0.0,1,1,G,USGS_gbHeatFlowWells.shp,assumed measured,607b8b28-2170-3e1e-8a2a-c39c07d23f7d,-75857.51704,320871.7323
6368,Point,0,1,0.0,,6368,,159,,,,,,,,,,,,0.0,1,1,G,USGS_gbHeatFlowWells.shp,known measured,4c76f055-5ee9-3848-b3aa-da0088fd8fd2,-73933.85482,331305.6587
6369,Point,0,1,0.0,,6369,,133,,,,,,,,,,,,0.0,1,1,G,USGS_gbHeatFlowWells.shp,known measured,b71d90db-3234-3dc4-979d-5a040576f321,-79611.05954,324459.4356
6370,Point,0,1,0.0,,6370,,194,,,,,,,,,,,,0.0,1,1,G,USGS_gbHeatFlowWells.shp,Data release - assumed measured,b4386754-9d9f-3ab9-ac20-e5e360e9f2a6,-28829.03438,206645.4095
6371,Point,0,1,0.0,,6371,,155,,,,,,,,,,,,0.0,1,1,G,USGS_gbHeatFlowWells.shp,unmeasured,e2681232-9554-3a73-82e3-70a8e5f11446,-13501.83545,265251.9315
6372,Point,0,1,0.0,,6372,,364,,,,,,,,,,,,0.0,1,1,G,USGS_gbHeatFlowWells.shp,unmeasured,da5a806e-3f1a-32a9-879e-8bf69e4b5dee,-13215.87663,267305.7386
6373,Point,0,1,0.0,,6373,,408,,,,,,,,,,,,0.0,1,1,G,USGS_gbHeatFlowWells.shp,assumed measured,38c885cf-5bb2-3902-b12b-214ddc01613e,-13497.79214,267679.711
6374,Point,0,1,0.0,,6374,,283,,,,,,,,,,,,0.0,1,1,G,USGS_gbHeatFlowWells.shp,assumed measured,4ca31d21-2ffb-3399-8526-416e83221c20,-12223.62594,269545.1922
6375,Point,0,1,0.0,,6375,,273,,,,,,,,,,,,0.0,1,1,G,USGS_gbHeatFlowWells.shp,unmeasured,95f8abbd-7d44-325e-a926-44b3943de905,-11799.12321,270104.8166
6376,Point,0,1,0.0,,6376,,352,,,,,,,,,,,,0.0,1,1,G,USGS_gbHeatFlowWells.shp,unmeasured,0a69d651-fbd7-36f4-9542-aa92fedf01ec,-11517.21416,269730.9072
6377,Point,0,1,0.0,,6377,,400,,,,,,,,,,,,0.0,1,1,G,USGS_gbHeatFlowWells.shp,assumed measured,b81f2db6-ed84-3367-9b83-2046392d9c08,-9539.184676,270475.3448
6378,Point,0,1,0.0,,6378,,181,,,,,,,,,,,,0.0,1,1,G,USGS_gbHeatFlowWells.shp,unmeasured,40f7cd17-257b-3441-86a8-e4b009e55fdf,-13924.78306,265812.9076
6382,Point,0,1,0.0,,6382,,8295,,,,,,,,,,,,0.0,1,1,G,USGS_gbHeatFlowWells.shp,assumed measured,8a1734ac-c383-370c-b0e6-46b3ba3c9ca6,-235960.1913,215030.9524
6383,Point,0,1,0.0,,6383,,209,,,,,,,,,,,,0.0,1,1,G,USGS_gbHeatFlowWells.shp,Data release - assumed measured,4f2b9728-206e-331c-8f1d-46a5ba2c9ac1,-79393.45113,274800.9492
6384,Point,0,1,0.0,,6384,,277,,,,,,,,,,,,0.0,1,1,G,USGS_gbHeatFlowWells.shp,Data release - assumed measured,9573a10a-d912-3d86-83a2-ed58d590434d,-185487.0571,270773.9609
6385,Point,0,1,0.0,,6385,,380,,,,,,,,,,,,0.0,1,1,G,USGS_gbHeatFlowWells.shp,Data release - assumed measured,a9063527-4927-321e-a95e-0cf68b5a41d2,-187904.8399,272511.2001
6386,Point,0,1,0.0,,6386,,277,,,,,,,,,,,,0.0,1,1,G,USGS_gbHeatFlowWells.shp,Data release - assumed measured,7736360c-a1b7-3e45-bb36-7d954812f01c,-193893.5174,270187.3497
6387,Point,0,1,0.0,,6387,,242,,,,,,,,,,,,0.0,1,1,G,USGS_gbHeatFlowWells.shp,Data release - assumed measured,e1c823fb-67fa-398f-a253-046ca2175e1f,-191569.4276,264527.5726
6388,Point,0,1,0.0,,6388,,311,,,,,,,,,,,,0.0,1,1,G,USGS_gbHeatFlowWells.shp,Data release - assumed measured,a17228c6-6ffc-3441-b9e2-f346264e4e5c,-191002.2825,266979.9601
6389,Point,0,1,0.0,,6389,,380,,,,,,,,,,,,0.0,1,1,G,USGS_gbHeatFlowWells.shp,Data release - assumed measured,7471a799-81db-3baf-bf41-3c43a0a2c4f1,-186940.3614,270247.151
6390,Point,0,1,0.0,,6390,,173,,,,,,,,,,,,0.0,1,1,G,USGS_gbHeatFlowWells.shp,Data release - assumed measured,f46c4b77-9514-31ff-acd4-2fa33e4d1485,-184442.0528,268284.1977
6391,Point,0,1,0.0,,6391,,2722,,,,,,,,,,,,0.0,1,1,G,USGS_gbHeatFlowWells.shp,assumed measured,7a60fe0c-c988-3f79-b8cc-5ee6c97e7b47,-235968.07,215053.6057
6393,Point,0,1,0.0,,6393,,3330,,,,,,,,,,,,0.0,1,1,G,USGS_gbHeatFlowWells.shp,known measured,74ef8f0f-3a2c-3e30-849a-935ebc394d0a,-131760.1922,227486.7509
6394,Point,0,1,0.0,,6394,,136,,,,,,,,,,,,0.0,1,1,G,USGS_gbHeatFlowWells.shp,Data release - assumed measured,bfb46791-a6ea-3334-b491-bf396c5fd6b2,-49940.85391,340966.1436
6395,Point,0,1,0.0,,6395,,259,,,,,,,,,,,,0.0,1,1,G,USGS_gbHeatFlowWells.shp,assumed measured,0e81c3b9-30aa-3183-906c-1501b7fac316,-48334.55833,339925.756
6396,Point,0,1,0.0,,6396,,135,,,,,,,,,,,,0.0,1,1,G,USGS_gbHeatFlowWells.shp,unmeasured,76198b7b-f343-3511-b852-ede233af0e03,-60750.53504,345353.454
6397,Point,0,1,0.0,,6397,,214,,,,,,,,,,,,0.0,1,1,G,USGS_gbHeatFlowWells.shp,known measured,78ef4442-7ae2-3730-8956-32cfaf29ed67,-56190.00902,343303.8785
6399,Point,0,1,0.0,,6399,,1489,,,,,,,,,,,,0.0,1,1,G,USGS_gbHeatFlowWells.shp,assumed measured,0d4f58eb-e3bc-369b-8206-5dcfb78004e4,-239406.8006,225816.8312
6400,Point,0,1,0.0,,6400,,132,,,,,,,,,,,,0.0,1,1,G,USGS_gbHeatFlowWells.shp,assumed measured,760a6622-672d-3f8f-b366-63bad238635f,-239406.8006,225816.8312
6401,Point,0,1,0.0,,6401,,121,,,,,,,,,,,,0.0,1,1,G,USGS_gbHeatFlowWells.shp,assumed measured,42f1603b-0723-3e45-8822-ab218d3eb59e,-240773.9645,227729.7129
6402,Point,0,1,0.0,,6402,,676,,,,,,,,,,,,0.0,1,1,G,USGS_gbHeatFlowWells.shp,assumed measured,65f63948-094c-3ce0-936c-32a1d888444d,-239406.8006,225816.8312
6403,Point,0,1,0.0,,6403,,398,,,,,,,,,,,,0.0,1,1,G,USGS_gbHeatFlowWells.shp,Data release - assumed measured,0750bc5a-e3f1-38c0-b7b6-e8c57014cf5e,-233353.982,218958.1168
6404,Point,0,1,0.0,,6404,,256,,,,,,,,,,,,0.0,1,1,G,USGS_gbHeatFlowWells.shp,Data release - assumed measured,a51287c3-d113-35b2-998d-bee3d583cc84,-232963.9584,220651.0599
6405,Point,0,1,0.0,,6405,,1629,,,,,,,,,,,,0.0,1,1,G,USGS_gbHeatFlowWells.shp,Data release - assumed measured,35efb4bf-8aef-35b6-addf-753520563b6e,-233610.0345,215994.3979
6406,Point,0,1,0.0,,6406,,200,,,,,,,,,,,,0.0,1,1,G,USGS_gbHeatFlowWells.shp,assumed measured,c84f79b0-2cd4-3655-a367-9130753f7e32,-202103.469,333764.7997
6407,Point,0,1,0.0,,6407,,157,,,,,,,,,,,,0.0,1,1,G,USGS_gbHeatFlowWells.shp,assumed measured,1984f371-e4eb-3e63-9499-3881382edb83,-202109.9395,324184.231
6408,Point,0,1,0.0,,6408,,153,,,,,,,,,,,,0.0,1,1,G,USGS_gbHeatFlowWells.shp,Data release - assumed measured,bfbeb079-5a07-347d-a9e0-54a9bd87393f,-199441.1571,326515.2692
6409,Point,0,1,0.0,,6409,,127,,,,,,,,,,,,0.0,1,1,G,USGS_gbHeatFlowWells.shp,assumed measured,e4afcd8f-8d4e-3b80-ad06-df21404324f2,-203936.1263,331827.998
6410,Point,0,1,0.0,,6410,,135,,,,,,,,,,,,0.0,1,1,G,USGS_gbHeatFlowWells.shp,Data release - assumed measured,c43ef62a-c68a-3145-bf1e-d2d94f0905c5,-206336.6042,326835.8429
6411,Point,0,1,0.0,,6411,,364,,,,,,,,,,,,0.0,1,1,G,USGS_gbHeatFlowWells.shp,assumed measured,6e11e2c3-5222-3235-b783-71e199dbb2f6,-157281.9369,231753.1099
6412,Point,0,1,0.0,,6412,,322,,,,,,,,,,,,0.0,1,1,G,USGS_gbHeatFlowWells.shp,assumed measured,a3c45b81-0065-3981-887e-bc0f14637b9a,-156405.1226,230850.6384
6413,Point,0,1,0.0,,6413,,201,,,,,,,,,,,,0.0,1,1,G,USGS_gbHeatFlowWells.shp,assumed measured,58c17e09-d6ed-3cd0-b3d7-08454cf54543,-160548.507,231088.6721
6414,Point,0,1,0.0,,6414,,2058,,,,,,,,,,,,0.0,1,1,G,USGS_gbHeatFlowWells.shp,assumed measured,bebc9928-a94a-32bc-8808-acb78513b154,-233367.568,214036.5748
6415,Point,0,1,0.0,,6415,,478,,,,,,,,,,,,0.0,1,1,G,USGS_gbHeatFlowWells.shp,assumed measured,929f3b9e-fc23-3b8d-8256-231601c77dc7,-202723.3326,327561.4701
6416,Point,0,1,0.0,,6416,,301,,,,,,,,,,,,0.0,1,1,G,USGS_gbHeatFlowWells.shp,Data release - assumed measured,af58830d-de62-3fba-ae54-285bf159dcda,-158448.7496,296494.8854
6417,Point,0,1,0.0,,6417,,132,,,,,,,,,,,,0.0,1,1,G,USGS_gbHeatFlowWells.shp,unmeasured,786e2d3c-ac9f-3792-b064-119dcba3f75c,-174526.0751,269370.8999
6418,Point,0,1,0.0,,6418,,150,,,,,,,,,,,,0.0,1,1,G,USGS_gbHeatFlowWells.shp,unmeasured,6d0b4647-5287-3226-a347-69dc42c7eed7,-159889.7522,294842.5485
6419,Point,0,1,0.0,,6419,,138,,,,,,,,,,,,0.0,1,1,G,USGS_gbHeatFlowWells.shp,unmeasured,d317f170-34ef-3f0c-91fc-d95b40c49f56,-144858.1625,323876.7912
6420,Point,0,1,0.0,,6420,,183,,,,,,,,,,,,0.0,1,1,G,USGS_gbHeatFlowWells.shp,assumed measured,b1fa5555-e118-3ecc-aeab-b9b84d53e1f4,-146019.6806,290843.1666
6421,Point,0,1,0.0,,6421,,161,,,,,,,,,,,,0.0,1,1,G,USGS_gbHeatFlowWells.shp,unmeasured,51eaaabf-4e70-30b2-a8cd-67dcf7b2c1ab,-139176.0029,303607.9177
6422,Point,0,1,0.0,,6422,,248,,,,,,,,,,,,0.0,1,1,G,USGS_gbHeatFlowWells.shp,known measured,51cff577-87da-3313-9814-4d155549e624,-170473.1392,259234.4664
6423,Point,0,1,0.0,,6423,,1001,,,,,,,,,,,,0.0,1,1,G,USGS_gbHeatFlowWells.shp,unmeasured,e61f84c4-51ea-3ede-a603-6d4a7316c095,-55767.75664,31561.15947
6424,Point,0,1,0.0,,6424,,178,,,,,,,,,,,,0.0,1,1,G,USGS_gbHeatFlowWells.shp,unmeasured,f2f16903-2fd6-3392-9783-6f259f6dd5b9,-55890.5169,34924.34859
6425,Point,0,1,0.0,,6425,,303,,,,,,,,,,,,0.0,1,1,G,USGS_gbHeatFlowWells.shp,unmeasured,8cb55c7c-49ea-36d9-b548-3e9bb705a4d0,-48464.9046,37119.2477
6426,Point,0,1,0.0,,6426,,6488,,,,,,,,,,,,0.0,1,1,G,USGS_gbHeatFlowWells.shp,assumed measured,e146ffe7-cb77-3c2b-85cb-a8f801d75190,-233340.6828,214080.6488
6427,Point,0,1,0.0,,6427,,1307,,,,,,,,,,,,0.0,1,1,G,USGS_gbHeatFlowWells.shp,known measured,6359cb64-400b-3704-b7cc-7d1760cdf337,-165432.6961,255430.9088
6428,Point,0,1,0.0,,6428,,422,,,,,,,,,,,,0.0,1,1,G,USGS_gbHeatFlowWells.shp,known measured,92c2507c-3456-32a3-8386-66b6671078c6,-163454.7642,254975.9202
6429,Point,0,1,0.0,,6429,,127,,,,,,,,,,,,0.0,1,1,G,USGS_gbHeatFlowWells.shp,known measured,dcdc339d-50d1-3016-9d10-330359b4f0de,-169456.703,255088.4885
6430,Point,0,1,0.0,,6430,,141,,,,,,,,,,,,0.0,1,1,G,USGS_gbHeatFlowWells.shp,Data release - assumed measured,b0c6f244-2611-34f9-b673-f113d5c4355b,-130588.2582,200735.5164
6431,Point,0,1,0.0,,6431,,134,,,,,,,,,,,,0.0,1,1,G,USGS_gbHeatFlowWells.shp,Data release - assumed measured,dc483d97-7f0d-332a-8538-2a69136137b8,-127438.138,199923.3092
6432,Point,0,1,0.0,,6432,,200,,,,,,,,,,,,0.0,1,1,G,USGS_gbHeatFlowWells.shp,Data release - assumed measured,667b719f-dfd1-39d4-92fe-fa9a0be2f0c8,-135258.8795,207727.7805
6433,Point,0,1,0.0,,6433,,1507,,,,,,,,,,,,0.0,1,1,G,USGS_gbHeatFlowWells.shp,Data release - assumed measured,663959c6-4ec3-3b8a-b4a8-c6be3bbf8a58,-135459.9392,205915.2997
6434,Point,0,1,0.0,,6434,,138,,,,,,,,,,,,0.0,1,1,G,USGS_gbHeatFlowWells.shp,Data release - assumed measured,3ad4be86-2e7e-3406-88a4-690dc9a3db44,-185540.195,281945.5768
6435,Point,0,1,0.0,,6435,,142,,,,,,,,,,,,0.0,1,1,G,USGS_gbHeatFlowWells.shp,Data release - assumed measured,be7b61e9-497b-354a-88b6-084926b389bf,-114475.9843,329094.4833
6436,Point,0,1,0.0,,6436,,154,,,,,,,,,,,,0.0,1,1,G,USGS_gbHeatFlowWells.shp,Data release - assumed measured,7577e7b7-cd84-37db-a501-b4fc052e1169,-145144.1739,289389.2115
6437,Point,0,1,0.0,,6437,,263,,,,,,,,,,,,0.0,1,1,G,USGS_gbHeatFlowWells.shp,Data release - assumed measured,7cc0595b-dc2b-3eab-830f-b9751e77d4b2,-147263.3213,289102.7813
6438,Point,0,1,0.0,,6438,,310,,,,,,,,,,,,0.0,1,1,G,USGS_gbHeatFlowWells.shp,assumed measured,e62a9313-663f-3f9e-918e-fafef23ca44c,-47856.24543,339844.4637
6441,Point,0,1,0.0,,6441,,126,,,,,,,,,,,,0.0,1,1,G,USGS_gbHeatFlowWells.shp,unmeasured,76441a25-82fc-30ce-aa28-6c47caad2db9,-49731.58568,340852.8228
6442,Point,0,1,0.0,,6442,,142,,,,,,,,,,,,0.0,1,1,G,USGS_gbHeatFlowWells.shp,assumed measured,f1bc6f0a-a589-33ae-be55-b85422c9566a,-48070.00979,339218.4761
6444,Point,0,1,0.0,,6444,,151,,,,,,,,,,,,0.0,1,1,G,USGS_gbHeatFlowWells.shp,Data release - assumed measured,d2ff00b8-68a6-3667-a65a-1344f6865fd5,-130581.8242,280152.3908
6445,Point,0,1,0.0,,6445,,121,,,,,,,,,,,,0.0,1,1,G,USGS_gbHeatFlowWells.shp,unmeasured,0d3352cd-fb0b-3f4a-a85c-7220cc63a035,-62214.2125,351424.3958
6446,Point,0,1,0.0,,6446,,146,,,,,,,,,,,,0.0,1,1,G,USGS_gbHeatFlowWells.shp,Data release - assumed measured,f9fe4756-1564-365f-8088-3fa31ce49f6b,-146863.1079,283234.649
6447,Point,0,1,0.0,,6447,,134,,,,,,,,,,,,0.0,1,1,G,USGS_gbHeatFlowWells.shp,assumed measured,27b53a34-9920-330c-b614-f7db44d8c69c,-62699.21963,352682.6624
6448,Point,0,1,0.0,,6448,,126,,,,,,,,,,,,0.0,1,1,G,USGS_gbHeatFlowWells.shp,unmeasured,830ee6f2-c8a6-38f7-9adc-2a5d7db48db1,-63672.29503,352656.7753
6449,Point,0,1,0.0,,6449,,146,,,,,,,,,,,,0.0,1,1,G,USGS_gbHeatFlowWells.shp,assumed measured,2b3c67c9-b81d-3f09-b8c7-977874789715,-56475.00061,343373.0985
6450,Point,0,1,0.0,,6450,,156,,,,,,,,,,,,0.0,1,1,G,USGS_gbHeatFlowWells.shp,Data release - assumed measured,65c21015-0986-325b-a8e8-f2f58ef80c28,-156675.8542,300755.6508
6451,Point,0,1,0.0,,6451,,163,,,,,,,,,,,,0.0,1,1,G,USGS_gbHeatFlowWells.shp,unmeasured,915e5a78-797e-3a68-b93e-27c422725dfd,-56350.87496,343114.5905
6452,Point,0,1,0.0,,6452,,201,,,,,,,,,,,,0.0,1,1,G,USGS_gbHeatFlowWells.shp,Data release - assumed measured,109f5ae3-f2e5-3bf6-b7ea-099374956d63,-154443.3921,307062.1279
6453,Point,0,1,0.0,,6453,,190,,,,,,,,,,,,0.0,1,1,G,USGS_gbHeatFlowWells.shp,Data release - assumed measured,bed968b2-4088-381c-9f14-3f590d17e08a,-197604.8039,273266.4205
6454,Point,0,1,0.0,,6454,,197,,,,,,,,,,,,0.0,1,1,G,USGS_gbHeatFlowWells.shp,Data release - assumed measured,c9fdda81-b563-3b31-904a-bf409ba77f6d,-138022.2339,324827.8247
6455,Point,0,1,0.0,,6455,,125,,,,,,,,,,,,0.0,1,1,G,USGS_gbHeatFlowWells.shp,Data release - assumed measured,d52bc12b-d67d-3653-8c2b-d58337c1652a,-143487.9111,306346.9435
6456,Point,0,1,0.0,,6456,,230,,,,,,,,,,,,0.0,1,1,G,USGS_gbHeatFlowWells.shp,Data release - assumed measured,ff30a042-611b-3493-a7a3-599c19a0009f,-146748.3625,289519.1908
6457,Point,0,1,0.0,,6457,,161,,,,,,,,,,,,0.0,1,1,G,USGS_gbHeatFlowWells.shp,Data release - assumed measured,eeed9fbe-b57d-362a-9a42-d705ac51cc7a,-133126.3481,290066.4326
6458,Point,0,1,0.0,,6458,,122,,,,,,,,,,,,0.0,1,1,G,USGS_gbHeatFlowWells.shp,known measured,13630409-fdd2-35bf-bfb0-913ca3649743,-148731.6136,188713.2113
6459,Point,0,1,0.0,,6459,,132,,,,,,,,,,,,0.0,1,1,G,USGS_gbHeatFlowWells.shp,known measured,28031c43-1357-3bd8-af13-b038f95e2b41,-148700.8933,190394.0863
6460,Point,0,1,0.0,,6460,,140,,,,,,,,,,,,0.0,1,1,G,USGS_gbHeatFlowWells.shp,assumed measured,3f45ec01-47fc-3114-b43d-0978f9be9085,-143905.2501,219451.4127
6461,Point,0,1,0.0,,6461,,140,,,,,,,,,,,,0.0,1,1,G,USGS_gbHeatFlowWells.shp,assumed measured,ee236be4-8497-346d-b4a9-7d1c38ffc22c,-145444.9673,220786.5648
6462,Point,0,1,0.0,,6462,,132,,,,,,,,,,,,0.0,1,1,G,USGS_gbHeatFlowWells.shp,assumed measured,38ba29ce-2cf1-3aaf-84e4-bda223fa15df,-147654.4169,216529.8115
6463,Point,0,1,0.0,,6463,,150,,,,,,,,,,,,0.0,1,1,G,USGS_gbHeatFlowWells.shp,unmeasured,d65af8fe-ffbf-3320-bcf4-4b2d6624d1c3,-164697.2325,307639.6687
6464,Point,0,1,0.0,,6464,,214,,,,,,,,,,,,0.0,1,1,G,USGS_gbHeatFlowWells.shp,unmeasured,ade36491-9929-3e73-a5a2-02dd2829b941,-173018.1113,280358.9999
6465,Point,0,1,0.0,,6465,,245,,,,,,,,,,,,0.0,1,1,G,USGS_gbHeatFlowWells.shp,assumed measured,3d3a7a29-5163-3e86-aa90-1cbed42e64e2,-190700.6065,278517.1438
6466,Point,0,1,0.0,,6466,,121,,,,,,,,,,,,0.0,1,1,G,USGS_gbHeatFlowWells.shp,Data release - assumed measured,81ad4c2b-331e-3f16-bf85-b5917b9dd076,-222930.4891,230768.956
6467,Point,0,1,0.0,,6467,,169,,,,,,,,,,,,0.0,1,1,G,USGS_gbHeatFlowWells.shp,Data release - assumed measured,1e014a91-4129-37fe-b9af-0952d64be051,-211988.6839,236453.8615
6468,Point,0,1,0.0,,6468,,200,,,,,,,,,,,,0.0,1,1,G,USGS_gbHeatFlowWells.shp,Data release - assumed measured,9d2a0c77-fc6b-3ba7-8584-3cf326626b85,-147609.0033,247038.1574
6469,Point,0,1,0.0,,6469,,127,,,,,,,,,,,,0.0,1,1,G,USGS_gbHeatFlowWells.shp,Data release - assumed measured,bdc7423b-c7a8-30f7-899a-ae0850d29f71,-136801.8473,227626.3731
6470,Point,0,1,0.0,,6470,,614,,,,,,,,,,,,0.0,1,1,G,USGS_gbHeatFlowWells.shp,known measured,99603a95-87b7-3eb5-89f6-75a9ff404847,-170976.1645,255524.0279
6471,Point,0,1,0.0,,6471,,320,,,,,,,,,,,,0.0,1,1,G,USGS_gbHeatFlowWells.shp,known measured,b9f42ffe-e99e-3a70-b112-3a68d038ff15,-169049.3007,253454.7657
6472,Point,0,1,0.0,,6472,,121,,,,,,,,,,,,0.0,1,1,G,USGS_gbHeatFlowWells.shp,Data release - assumed measured,1b94914f-eea8-3d26-b1a2-e558f542fea0,-229217.9236,219359.5657
6475,Point,0,1,0.0,,6475,,1541,,,,,,,,,,,,0.0,1,1,G,USGS_gbHeatFlowWells.shp,assumed measured,a06363fa-a6d3-3b76-a0bd-477d411d7bd1,34246.57677,343034.8811
6476,Point,0,1,0.0,,6476,,1627,,,,,,,,,,,,0.0,1,1,G,USGS_gbHeatFlowWells.shp,assumed measured,319faf9d-146e-3c22-80bb-b4e2d5e5d617,34288.07611,343147.0708
6477,Point,0,1,0.0,,6477,,4979,,,,,,,,,,,,0.0,1,1,G,USGS_gbHeatFlowWells.shp,assumed measured,9f23ce68-d78f-3974-bc5e-4165ce1e08b6,-234421.3657,216869.9035
6478,Point,0,1,0.0,,6478,,731,,,,,,,,,,,,0.0,1,1,G,USGS_gbHeatFlowWells.shp,assumed measured,dde03dfe-ea62-3f5e-9ae0-0a679f2a80da,-186967.837,145405.2938
6479,Point,0,1,0.0,,6479,,224,,,,,,,,,,,,0.0,1,1,G,USGS_gbHeatFlowWells.shp,assumed measured,870a02cb-f310-3560-b2c6-ce8a7b7aa446,-184850.5081,143862.3478
6480,Point,0,1,0.0,,6480,,155,,,,,,,,,,,,0.0,1,1,G,USGS_gbHeatFlowWells.shp,assumed measured,9faf432b-0874-3fbd-bdd5-9e54363be942,-183104.2258,144944.1991
6481,Point,0,1,0.0,,6481,,237,,,,,,,,,,,,0.0,1,1,G,USGS_gbHeatFlowWells.shp,assumed measured,373902ca-ebc0-34e3-9556-bef31810eb37,-186634.1432,147453.0763
6482,Point,0,1,0.0,,6482,,189,,,,,,,,,,,,0.0,1,1,G,USGS_gbHeatFlowWells.shp,unmeasured,04cefe24-bceb-328e-be4f-71bbbe959db6,-187042.8976,148396.6798
6483,Point,0,1,0.0,,6483,,158,,,,,,,,,,,,0.0,1,1,G,USGS_gbHeatFlowWells.shp,unmeasured,9357d5e9-707e-38a1-82d5-35f467e371e2,-186753.4784,142223.8711
6484,Point,0,1,0.0,,6484,,122,,,,,,,,,,,,0.0,1,1,G,USGS_gbHeatFlowWells.shp,unmeasured,cbd17ec5-9660-3bb9-84d9-3332ecb00d7d,-185913.0524,147623.5057
6485,Point,0,1,0.0,,6485,,199,,,,,,,,,,,,0.0,1,1,G,USGS_gbHeatFlowWells.shp,Data release - assumed measured,58ee8616-a7b5-321f-b468-751b9f01c8c6,-232107.005,214818.8583
6488,Point,0,1,0.0,,6488,,341,,,,,,,,,,,,0.0,1,1,G,USGS_gbHeatFlowWells.shp,Data release - assumed measured,15b95336-fe9d-38e3-b3e3-307f8ac2a95d,-83166.97119,291422.4992
6489,Point,0,1,0.0,,6489,,126,,,,,,,,,,,,0.0,1,1,G,USGS_gbHeatFlowWells.shp,Data release - assumed measured,6ec46b82-bcbe-36db-8000-c6c105f74ff0,-76587.79677,289284.1708
6490,Point,0,1,0.0,,6490,,165,,,,,,,,,,,,0.0,1,1,G,USGS_gbHeatFlowWells.shp,assumed measured,2ed0f341-89de-34e6-b3cc-7af07a9e05c4,-85962.23619,263180.8548
6491,Point,0,1,0.0,,6491,,164,,,,,,,,,,,,0.0,1,1,G,USGS_gbHeatFlowWells.shp,assumed measured,04986c1c-a486-3325-9da1-7e376722f357,-79240.62115,273118.6385
6492,Point,0,1,0.0,,6492,,144,,,,,,,,,,,,0.0,1,1,G,USGS_gbHeatFlowWells.shp,Data release - assumed measured,4a02f868-3bb9-320d-aca0-1288612fd25c,-96404.52182,250254.6895
6493,Point,0,1,0.0,,6493,,147,,,,,,,,,,,,0.0,1,1,G,USGS_gbHeatFlowWells.shp,Data release - assumed measured,333bf6ae-e6b6-38cd-b278-40e08455a931,-64285.83186,269388.5806
6494,Point,0,1,0.0,,6494,,604,,,,,,,,,,,,0.0,1,1,G,USGS_gbHeatFlowWells.shp,assumed measured,472cf44d-0a9e-3ce1-a423-a46f9a5b081b,-86067.32075,265255.0614
6495,Point,0,1,0.0,,6495,,74,,,,,,,,,,,,0.0,1,1,G,USGS_gbHeatFlowWells.shp,assumed measured,229b280f-3567-36da-a6c7-31443de95e45,-86188.50543,265816.6453
6496,Point,0,1,0.0,,6496,,165,,,,,,,,,,,,0.0,1,1,G,USGS_gbHeatFlowWells.shp,known measured,0c99029d-d497-34f6-9bb1-7f771e6e8a51,-85754.18133,263604.4692
6497,Point,0,1,0.0,,6497,,204,,,,,,,,,,,,0.0,1,1,G,USGS_gbHeatFlowWells.shp,Data release - assumed measured,68aaa9aa-d50b-37ba-8ee8-917c09e6759c,-71126.59688,194693.6
6498,Point,0,1,0.0,,6498,,168,,,,,,,,,,,,0.0,1,1,G,USGS_gbHeatFlowWells.shp,Data release - assumed measured,cbad775b-9db2-3465-8155-2598f82438b9,-127428.8924,206132.2495
6499,Point,0,1,0.0,,6499,,270,,,,,,,,,,,,0.0,1,1,G,USGS_gbHeatFlowWells.shp,Data release - assumed measured,90d06684-0e20-3a0e-ba91-6542550a8d1f,-117979.7584,225326.5282
6500,Point,0,1,0.0,,6500,,213,,,,,,,,,,,,0.0,1,1,G,USGS_gbHeatFlowWells.shp,Data release - assumed measured,293c26a9-53b3-3481-ba10-065596f38bf6,-95522.41051,225633.5305
6501,Point,0,1,0.0,,6501,,251,,,,,,,,,,,,0.0,1,1,G,USGS_gbHeatFlowWells.shp,Data release - assumed measured,ca203476-7eeb-30b4-8c8b-03a1a4bcdbcd,-104811.9615,216288.9933
6502,Point,0,1,0.0,,6502,,640,,,,,,,,,,,,0.0,1,1,G,USGS_gbHeatFlowWells.shp,Data release - assumed measured,b7d6209d-e317-3089-b609-8b24419609aa,-105936.4247,216415.6811
6503,Point,0,1,0.0,,6503,,479,,,,,,,,,,,,0.0,1,1,G,USGS_gbHeatFlowWells.shp,Data release - assumed measured,1aac85d7-07ec-3a17-8d1d-0b4dd3d022fc,-107288.2595,217408.5344
6504,Point,0,1,0.0,,6504,,366,,,,,,,,,,,,0.0,1,1,G,USGS_gbHeatFlowWells.shp,Data release - assumed measured,61e86f65-8745-3243-ac10-a890cc8a528b,-107927.6614,215511.6615
6505,Point,0,1,0.0,,6505,,513,,,,,,,,,,,,0.0,1,1,G,USGS_gbHeatFlowWells.shp,Data release - assumed measured,ab9d89ae-c84a-3b42-af53-34e13e4c6c15,-106274.9289,215321.7264
6506,Point,0,1,0.0,,6506,,447,,,,,,,,,,,,0.0,1,1,G,USGS_gbHeatFlowWells.shp,Data release - assumed measured,6c4f1ccb-fad4-3b37-b95f-5f7888fb12dc,-105075.4305,215048.3147
6507,Point,0,1,0.0,,6507,,192,,,,,,,,,,,,0.0,1,1,G,USGS_gbHeatFlowWells.shp,Data release - assumed measured,1b4baff4-dee8-34bc-9409-18e15c4a5035,-106825.4261,212392.447
6508,Point,0,1,0.0,,6508,,141,,,,,,,,,,,,0.0,1,1,G,USGS_gbHeatFlowWells.shp,Data release - assumed measured,c57bbf42-8df1-31ab-88a0-b14f6c09e3cc,-105109.4433,211103.5397
6509,Point,0,1,0.0,,6509,,201,,,,,,,,,,,,0.0,1,1,G,USGS_gbHeatFlowWells.shp,Data release - assumed measured,2bb72f89-97ef-3418-ad7a-3fba25e4765e,-96581.81489,231115.2943
6510,Point,0,1,0.0,,6510,,284,,,,,,,,,,,,0.0,1,1,G,USGS_gbHeatFlowWells.shp,Data release - assumed measured,46fbada3-85cc-31ae-b7c8-40da507576ea,-98984.4777,228219.1774
6511,Point,0,1,0.0,,6511,,555,,,,,,,,,,,,0.0,1,1,G,USGS_gbHeatFlowWells.shp,Data release - assumed measured,44e1f77e-7f98-373a-bd42-5ac7539cee13,-94541.18271,225745.2973
6512,Point,0,1,0.0,,6512,,236,,,,,,,,,,,,0.0,1,1,G,USGS_gbHeatFlowWells.shp,Data release - assumed measured,0e89ab84-d297-3ac2-886a-3cbe74f4ff3d,-97061.35062,222356.7964
6513,Point,0,1,0.0,,6513,,73,,,,,,,,,,,,0.0,1,1,G,USGS_gbHeatFlowWells.shp,Data release - assumed measured,0fc13bc3-6f54-3123-a966-f573c7e70449,-96869.18949,224170.1167
6514,Point,0,1,0.0,,6514,,13,,,,,,,,,,,,0.0,1,1,G,USGS_gbHeatFlowWells.shp,Data release - assumed measured,746cf881-606f-30fd-8391-aadfb821833c,-97644.62695,223473.3535
6515,Point,0,1,0.0,,6515,,841,,,,,,,,,,,,0.0,1,1,B,USGS_gbHeatFlowWells.shp,Data release - assumed measured,037b8a9b-2b58-3d5e-81b5-68dea14f8136,-140053.2282,212023.5836
6516,Point,0,1,0.0,,6516,,410,,,,,,,,,,,,0.0,1,1,B,USGS_gbHeatFlowWells.shp,Data release - assumed measured,70336d02-5c55-3a6b-9919-939d4f79bd56,-134795.476,209916.9852
6517,Point,0,1,0.0,,6517,,1473,,,,,,,,,,,,0.0,1,1,B,USGS_gbHeatFlowWells.shp,Data release - assumed measured,0ce07f5a-71e0-3bdb-ad6b-7107ed41dc65,-135360.433,201631.853
6518,Point,0,1,0.0,,6518,,121,,,,,,,,,,,,0.0,1,1,A,USGS_gbHeatFlowWells.shp,A quality,5a4cf2bc-d952-37b5-ba76-783f87e44502,-130582.3207,201105.3078
6519,Point,0,1,0.0,,6519,,67,,,,,,,,,,,,0.0,1,1,A,USGS_gbHeatFlowWells.shp,A quality,275a8867-534e-3726-a112-5e138dc66aa8,-135122.0077,210819.1177
6520,Point,0,1,0.0,,6520,,80,,,,,,,,,,,,0.0,1,1,B,USGS_gbHeatFlowWells.shp,Data release - assumed measured,88951a62-d797-3c76-8c05-e74543d886c7,-137134.3786,207938.5818
6521,Point,0,1,0.0,,6521,,92,,,,,,,,,,,,0.0,1,1,B,USGS_gbHeatFlowWells.shp,Data release - assumed measured,c4cef71b-389d-3301-8645-59195adb5ebf,-140811.8282,202733.306
6522,Point,0,1,0.0,,6522,,13,,,,,,,,,,,,0.0,1,1,B,USGS_gbHeatFlowWells.shp,known measured,977f0607-579a-37de-91ca-0a6be79eb8fa,-77751.77682,244719.4009
6523,Point,0,1,0.0,,6523,,158,,,,,,,,,,,,0.0,1,1,B,USGS_gbHeatFlowWells.shp,known measured,2aca4fb3-e149-333a-9186-ba1b02ddfabb,-84490.61175,248182.5993
6524,Point,0,1,0.0,,6524,,84,,,,,,,,,,,,0.0,1,1,B,USGS_gbHeatFlowWells.shp,known measured,eb5d4551-88c3-3381-8c1d-9a03ec807683,-86656.85408,242680.6667
6525,Point,0,1,0.0,,6525,,1730,,,,,,,,,,,,0.0,1,1,B,USGS_gbHeatFlowWells.shp,assumed measured,f807104d-bbeb-3325-9f7c-85ffb06391b5,-71861.07226,279464.3968
6526,Point,0,1,0.0,,6526,,630,,,,,,,,,,,,0.0,1,1,A,USGS_gbHeatFlowWells.shp,A quality,a568a128-261f-32f3-9a4a-861cb225adec,-71895.44489,278838.3463
6527,Point,0,1,0.0,,6527,,2569,,,,,,,,,,,,0.0,1,1,B,USGS_gbHeatFlowWells.shp,Data release - assumed measured,3bb42887-7994-3240-86d4-18f0b3ca202f,-71951.29402,279029.3338
6528,Point,0,1,0.0,,6528,,111,,,,,,,,,,,,0.0,1,1,B,USGS_gbHeatFlowWells.shp,known measured,4f6b6c22-75b6-382c-b210-c06a8fd5aedd,-62229.35154,288745.6928
6529,Point,0,1,0.0,,6529,,1197,,,,,,,,,,,,0.0,1,1,G,USGS_gbHeatFlowWells.shp,assumed measured,1fe362f1-e8e9-36e0-ac47-68d8634b645a,-107792.6077,347564.8221
6530,Point,0,1,0.0,,6530,,731,,,,,,,,,,,,0.0,1,1,G,USGS_gbHeatFlowWells.shp,assumed measured,345a79aa-67d4-320a-90a5-ca6533b84857,-108396.5944,346352.0062
6531,Point,0,1,0.0,,6531,,81,,,,,,,,,,,,0.0,1,1,A,USGS_gbHeatFlowWells.shp,A quality,a9277248-bed4-38cd-89d6-b165e304cb54,-105081.4695,338018.0733
6534,Point,0,1,0.0,,6534,,22,,,,,,,,,,,,0.0,1,1,C,USGS_gbHeatFlowWells.shp,Data release - assumed measured,9d4d8021-b2b8-36af-b019-e8958cc902d9,23722.53297,355361.9305
6535,Point,0,1,0.0,,6535,,69,,,,,,,,,,,,0.0,1,1,X,USGS_gbHeatFlowWells.shp,X quality,c5d1eb42-619b-3644-a890-a513b7037d6f,32329.53643,341615.5341
6536,Point,0,1,0.0,,6536,,70,,,,,,,,,,,,0.0,1,1,D,USGS_gbHeatFlowWells.shp,Data release - assumed measured,e9afa948-f387-3980-9598-9755eeeb3b69,-65793.40959,285042.9446
6537,Point,0,1,0.0,,6537,,48,,,,,,,,,,,,0.0,1,1,C,USGS_gbHeatFlowWells.shp,Data release - assumed measured,2e4112d7-a099-3de3-872d-5da4ac72626d,-23563.99519,356850.5533
6538,Point,0,1,0.0,,6538,,300,,,,,,,,,,,,0.0,1,1,G,USGS_gbHeatFlowWells.shp,Data release - assumed measured,05268d60-6eaf-3b9a-96cc-3902e3de8508,-54612.99049,346765.2616
6539,Point,0,1,0.0,,6539,,56,,,,,,,,,,,,0.0,1,1,C,USGS_gbHeatFlowWells.shp,Data release - assumed measured,77b8b682-b469-3083-8da7-078e243f6545,-59283.92279,342766.1765
6540,Point,0,1,0.0,,6540,,160,,,,,,,,,,,,0.0,1,1,G,USGS_gbHeatFlowWells.shp,Data release - assumed measured,9f8f1e3b-4822-3f1b-b7fc-93e3f25f70e7,-56937.72291,342065.839
6541,Point,0,1,0.0,,6541,,39,,,,,,,,,,,,0.0,1,1,D,USGS_gbHeatFlowWells.shp,Data release - assumed measured,f8683d6d-1e11-3a24-a74a-dc518e1b5d3d,54774.17763,194055.4901
6542,Point,0,1,0.0,,6542,,20,,,,,,,,,,,,0.0,1,1,C,USGS_gbHeatFlowWells.shp,assumed measured,e9dbc065-e329-3a0b-9c19-c2ffe05f1b9b,-57962.3594,228135.6945
6543,Point,0,1,0.0,,6543,,74,,,,,,,,,,,,0.0,1,1,C,USGS_gbHeatFlowWells.shp,Data release - assumed measured,ef543fe2-774d-3b37-86c6-c33e72a9434f,-159123.2579,231665.7961
6544,Point,0,1,0.0,,6544,,949,,,,,,,,,,,,0.0,1,1,G,USGS_gbHeatFlowWells.shp,Data release - assumed measured,44703864-0369-33e6-9421-79318b322781,-156589.2184,234541.8263
6545,Point,0,1,0.0,,6545,,63,,,,,,,,,,,,0.0,1,1,C,USGS_gbHeatFlowWells.shp,Data release - assumed measured,d25e866c-308f-3747-be36-dfdaab5b2b16,-154808.3286,239069.3757
6546,Point,0,1,0.0,,6546,,150,,,,,,,,,,,,0.0,1,1,G,USGS_gbHeatFlowWells.shp,assumed measured,45f38ea1-89eb-3e1d-b6e6-1a1f6c63091e,-157833.7648,260568.7728
6547,Point,0,1,0.0,,6547,,103,,,,,,,,,,,,0.0,1,1,G,USGS_gbHeatFlowWells.shp,Data release - assumed measured,10701bb5-5e47-341c-8d84-b74e331d2422,-243345.8539,169535.2176
6548,Point,0,1,0.0,,6548,,221,,,,,,,,,,,,0.0,1,1,G,USGS_gbHeatFlowWells.shp,Data release - assumed measured,bd0c13ab-5fa3-35d4-b698-0b2f29619b9c,-197825.6465,358688.1204
6549,Point,0,1,0.0,,6549,,96,,,,,,,,,,,,0.0,1,1,D,USGS_gbHeatFlowWells.shp,Data release - assumed measured,68aa4cd5-8734-3c0c-8a9c-a9cf9bb89f61,-198912.5455,354782.7188
6550,Point,0,1,0.0,,6550,,618,,,,,,,,,,,,0.0,1,1,G,USGS_gbHeatFlowWells.shp,Data release - assumed measured,3db566a5-3b71-3fa1-bbb8-6b6054a307f7,-202266.1319,354206.0787
6558,Point,0,1,0.0,,6558,,161,,,,,,,,,,,,0.0,1,1,G,USGS_gbHeatFlowWells.shp,Data release - assumed measured,92909e19-9231-3a4d-8c3f-9823e48d7240,66929.45863,211585.8248
6559,Point,0,1,0.0,,6559,,155,,,,,,,,,,,,0.0,1,1,G,USGS_gbHeatFlowWells.shp,Data release - assumed measured,3bff7111-7f45-3af0-a7ea-d896012b6b72,-13427.41913,287933.8037
6563,Point,0,1,0.0,,6563,,120,,,,,,,,,,,,0.0,1,1,D,USGS_gbHeatFlowWells.shp,Data release - assumed measured,0ee74b88-36dc-3143-84ac-bc581b28f99c,-4692.618726,348909.9298
6564,Point,0,1,0.0,,6564,,246,,,,,,,,,,,,0.0,1,1,G,USGS_gbHeatFlowWells.shp,Data release - assumed measured,d58b894f-8bfc-339f-ba04-0636ee28b7a1,-7686.146119,324302.928
6565,Point,0,1,0.0,,6565,,100,,,,,,,,,,,,0.0,1,1,D,USGS_gbHeatFlowWells.shp,Data release - assumed measured,8ad83d33-3de0-3ffd-a23f-8f41ab992b7c,-19159.6198,316267.5628
6567,Point,0,1,0.0,,6567,,270,,,,,,,,,,,,0.0,1,1,G,USGS_gbHeatFlowWells.shp,Data release - assumed measured,eddc2769-1f8c-3c64-990e-43b14562c939,-23927.22232,201750.5954
6568,Point,0,1,0.0,,6568,,82,,,,,,,,,,,,0.0,1,1,X,USGS_gbHeatFlowWells.shp,X quality,6ff6572a-fcc0-3b5d-bf41-1298e50026d0,11919.54614,160905.6274
6569,Point,0,1,0.0,,6569,,166,,,,,,,,,,,,0.0,1,1,G,USGS_gbHeatFlowWells.shp,Data release - assumed measured,a8e0626b-b5d3-3e64-ad0e-8ca2ca1034b3,-77.93899806,196134.3015
6570,Point,0,1,0.0,,6570,,458,,,,,,,,,,,,0.0,1,1,G,USGS_gbHeatFlowWells.shp,Data release - assumed measured,e0a60680-b99a-358f-b50e-a8d5c9fc16e2,-12206.73593,267629.1097
6571,Point,0,1,0.0,,6571,,168,,,,,,,,,,,,0.0,1,1,C,USGS_gbHeatFlowWells.shp,assumed measured,899bad55-5f27-3ee0-9c30-5aea41096aa3,-13710.59315,265468.9172
6572,Point,0,1,0.0,,6572,,158,,,,,,,,,,,,0.0,1,1,C,USGS_gbHeatFlowWells.shp,Data release - assumed measured,1a667350-ecc8-3de5-b29e-c7bea9799998,-4651.506343,273537.4874
6573,Point,0,1,0.0,,6573,,470,,,,,,,,,,,,0.0,1,1,G,USGS_gbHeatFlowWells.shp,Data release - assumed measured,1f4f2b00-02e8-37ed-811a-69e678f3b25b,-9780.737264,269239.3484
6574,Point,0,1,0.0,,6574,,80,,,,,,,,,,,,0.0,1,1,D,USGS_gbHeatFlowWells.shp,Data release - assumed measured,73619429-591c-3440-8173-09a6895e3932,6535.197841,285662.2098
6575,Point,0,1,0.0,,6575,,39,,,,,,,,,,,,0.0,1,1,D,USGS_gbHeatFlowWells.shp,Data release - assumed measured,28b54587-9dc1-3f8a-83b6-a78a36ab6f6f,-22860.03478,240825.7903
6576,Point,0,1,0.0,,6576,,42,,,,,,,,,,,,0.0,1,1,D,USGS_gbHeatFlowWells.shp,Data release - assumed measured,d8fd25a2-5961-3390-89e0-579bd57566f5,37375.95342,236644.5127
6577,Point,0,1,0.0,,6577,,152,,,,,,,,,,,,0.0,1,1,D,USGS_gbHeatFlowWells.shp,Data release - assumed measured,1e955b09-fded-3877-9098-eb6626e1d486,-117104.7139,224616.5824
6578,Point,0,1,0.0,,6578,,126,,,,,,,,,,,,0.0,1,1,C,USGS_gbHeatFlowWells.shp,Data release - assumed measured,166ab6d3-b81a-388f-8eb4-eda2fb067ce9,-7210.087632,116660.4802
6581,Point,0,1,0.0,,6581,,146,,,,,,,,,,,,0.0,1,1,D,USGS_gbHeatFlowWells.shp,Data release - assumed measured,1ca69592-6aa3-30c4-a686-456a899bde76,-27638.1493,70558.35222
6582,Point,0,1,0.0,,6582,,162,,,,,,,,,,,,0.0,1,1,D,USGS_gbHeatFlowWells.shp,Data release - assumed measured,0760d427-b725-3b91-aa4b-2c126132b88f,35872.1216,90026.12156
6583,Point,0,1,0.0,,6583,,96,,,,,,,,,,,,0.0,1,1,D,USGS_gbHeatFlowWells.shp,Data release - assumed measured,c9ef1bbb-2c9b-33ca-ad66-ed930c37cbe5,-58357.39201,147632.2058
6584,Point,0,1,0.0,,6584,,1020,,,,,,,,,,,,0.0,1,1,G,USGS_gbHeatFlowWells.shp,Data release - assumed measured,4fb81b2e-940b-366f-a51c-a3248bf4476e,-142533.2847,113880.7084
6585,Point,0,1,0.0,,6585,,401,,,,,,,,,,,,0.0,1,1,G,USGS_gbHeatFlowWells.shp,Data release - assumed measured,7e1eeb1b-9aa6-3adc-a070-7d2dba614eb5,-136170.6793,88483.01415
6587,Point,0,1,0.0,,6587,,105,,,,,,,,,,,,0.0,1,1,D,USGS_gbHeatFlowWells.shp,Data release - assumed measured,a57e8332-f1da-3718-bae3-eb2e9ce438ff,-148830.5487,327127.893
6588,Point,0,1,0.0,,6588,,58,,,,,,,,,,,,0.0,1,1,C,USGS_gbHeatFlowWells.shp,Data release - assumed measured,d9d1e84d-f690-3961-a1e1-f254e87c017e,-139478.6748,357049.9395
6589,Point,0,1,0.0,,6589,,96,,,,,,,,,,,,0.0,1,1,C,USGS_gbHeatFlowWells.shp,Data release - assumed measured,41f2826e-bc8d-3c04-9426-630f036f8062,-227885.9243,271660.2018
6590,Point,0,1,0.0,,6590,,75,,,,,,,,,,,,0.0,1,1,X,USGS_gbHeatFlowWells.shp,X quality,8899669b-465f-315a-86c3-ee00f62956c9,-212525.9457,251623.8981
6592,Point,0,1,0.0,,6592,,68,,,,,,,,,,,,0.0,1,1,X,USGS_gbHeatFlowWells.shp,X quality,b3749ff8-79ca-3c9c-99ca-ab0167af8ff0,-123017.6584,356185.2092
6593,Point,0,1,0.0,,6593,,55,,,,,,,,,,,,0.0,1,1,C,USGS_gbHeatFlowWells.shp,Data release - assumed measured,3d9a2cdd-80f3-3aa0-9787-edbe0a1f2c5b,-33550.58186,14731.32851
6594,Point,0,1,0.0,,6594,,106,,,,,,,,,,,,0.0,1,1,D,USGS_gbHeatFlowWells.shp,Data release - assumed measured,2c10ab5d-aa20-32c6-88fb-9dca12bf6756,-77107.07356,10672.43317
6595,Point,0,1,0.0,,6595,,214,,,,,,,,,,,,0.0,1,1,G,USGS_gbHeatFlowWells.shp,Data release - assumed measured,b5dbcf86-c080-388a-b230-76ef3a9324ce,-171067.1217,278412.0734
6596,Point,0,1,0.0,,6596,,40,,,,,,,,,,,,0.0,1,1,C,USGS_gbHeatFlowWells.shp,Data release - assumed measured,d3cb0a95-468f-3b32-9c79-c3c588f77ecd,-191539.1018,175934.654
6597,Point,0,1,0.0,,6597,,130,,,,,,,,,,,,0.0,1,1,G,USGS_gbHeatFlowWells.shp,Data release - assumed measured,21374664-d20a-3361-961d-ece543cdd5c4,-131909.3337,166602.2765
6598,Point,0,1,0.0,,6598,,135,,,,,,,,,,,,0.0,1,1,G,USGS_gbHeatFlowWells.shp,Data release - assumed measured,08740f88-f781-3894-8c0b-25f10eb17f6e,-147576.1114,98152.0649
6599,Point,0,1,0.0,,6599,,80,,,,,,,,,,,,0.0,1,1,C,USGS_gbHeatFlowWells.shp,Data release - assumed measured,c3e0ecb6-e669-3073-9529-1311aeab69ce,-96668.11404,59835.05493
6600,Point,0,1,0.0,,6600,,163,,,,,,,,,,,,0.0,1,1,G,USGS_gbHeatFlowWells.shp,Data release - assumed measured,2bb05aa8-9405-3526-a4c3-70357a0f0d34,-76199.68505,162327.7849
6606,Point,0,1,0.0,,6606,,418,,,,,,,,,,,,0.0,1,1,C,USGS_gbHeatFlowWells.shp,Data release - assumed measured,0832c7e3-ab6c-35bf-b5cd-f761fefb5ae1,-58177.23894,45845.50328
6607,Point,0,1,0.0,,6607,,420,,,,,,,,,,,,0.0,1,1,C,USGS_gbHeatFlowWells.shp,Data release - assumed measured,d65e42a9-9347-3ab1-a4b1-5d625572bca9,-58889.158,46164.36166
6608,Point,0,1,0.0,,6608,,477,,,,,,,,,,,,0.0,1,1,C,USGS_gbHeatFlowWells.shp,Data release - assumed measured,4376c8dc-f63d-3503-ac0a-e578a5619958,-57868.0402,46470.99306
6609,Point,0,1,0.0,,6609,,613,,,,,,,,,,,,0.0,1,1,A,USGS_gbHeatFlowWells.shp,A quality,3dd6de81-fa90-346d-ba18-2ce743e02d3d,-57906.71546,45922.06462
6610,Point,0,1,0.0,,6610,,224,,,,,,,,,,,,0.0,1,1,B,USGS_gbHeatFlowWells.shp,Data release - assumed measured,ce1bcc99-76e0-311a-962b-050ddac79863,-84146.03337,33324.65335
6611,Point,0,1,0.0,,6611,,188,,,,,,,,,,,,0.0,1,1,B,USGS_gbHeatFlowWells.shp,Data release - assumed measured,6a56d91d-0207-3b13-b961-112d4846eb9e,-87354.91189,28471.03985
6612,Point,0,1,0.0,,6612,,168,,,,,,,,,,,,0.0,1,1,B,USGS_gbHeatFlowWells.shp,assumed measured,51ed1fe9-e00a-385a-bfcc-11adca68559e,-77928.0994,37792.027
6613,Point,0,1,0.0,,6613,,12,,,,,,,,,,,,0.0,1,1,C,USGS_gbHeatFlowWells.shp,Data release - assumed measured,183fa59f-e931-3b7b-8705-c49a3b7c5927,-76451.23374,61741.88679
6618,Point,0,1,0.0,,6618,,192,,,,,,,,,,,,0.0,1,1,G,USGS_gbHeatFlowWells.shp,Data release - assumed measured,076dcab8-113e-3653-a860-11e107e9d621,-70175.90381,53414.39595
7144,Point,0,1,0.0,,7144,,96,,,,,,,,,,,,0.0,1,1,G,USGS_gbHeatFlowWells.shp,not labeled,usgs_wellName_SB17,-238177.1366,208819.1898
7145,Point,0,1,0.0,,7145,,151,,,,,,,,,,,,0.0,1,1,G,USGS_gbHeatFlowWells.shp,not labeled,usgs_wellName_17-76-07,-236113.1944,210739.72
7146,Point,0,1,0.0,,7146,,80,,,,,,,,,,,,0.0,1,1,G,USGS_gbHeatFlowWells.shp,not labeled,usgs_wellName_17-76-08,-237366.0883,209281.2997
7147,Point,0,1,0.0,,7147,,75,,,,,,,,,,,,0.0,1,1,G,USGS_gbHeatFlowWells.shp,not labeled,usgs_wellName_17-76-09,-237761.1849,208433.2536
7150,Point,0,1,0.0,,7150,,242,,,,,,,,,,,,0.0,1,1,G,USGS_gbHeatFlowWells.shp,not labeled,usgs_wellName_40-80-DV2,-70461.4023,280116.9254
7156,Point,0,1,0.0,,7156,,49,,,,,,,,,,,,0.0,1,1,A,USGS_gbHeatFlowWells.shp,not labeled,usgs_wellName_TMN,-86596.4635,114397.5981
7160,Point,0,1,0.0,,7160,,115,,,,,,,,,,,,0.0,1,1,A,USGS_gbHeatFlowWells.shp,not labeled,usgs_wellName_NZL 68,-96587.89063,312694.5016
7161,Point,0,1,0.0,,7161,,145,,,,,,,,,,,,0.0,1,1,G,USGS_gbHeatFlowWells.shp,not labeled,usgs_wellName_SB16,-236036.7342,208962.2312
7162,Point,0,1,0.0,,7162,,196,,,,,,,,,,,,0.0,1,1,G,USGS_gbHeatFlowWells.shp,not labeled,usgs_wellName_SB1701,-235398.0417,208887.6253
7163,Point,0,1,0.0,,7163,,95,,,,,,,,,,,,0.0,1,1,G,USGS_gbHeatFlowWells.shp,not labeled,usgs_wellName_17-76-25,-235200.2881,208339.9708
7164,Point,0,1,0.0,,7164,,143,,,,,,,,,,,,0.0,1,1,G,USGS_gbHeatFlowWells.shp,not labeled,usgs_wellName_OX 45-14,-85713.84656,265137.4862
7165,Point,0,1,0.0,,7165,,135,,,,,,,,,,,,0.0,1,1,G,USGS_gbHeatFlowWells.shp,not labeled,usgs_wellName_EDV-3,-61041.0674,276118.2284
7166,Point,0,1,0.0,,7166,,66,,,,,,,,,,,,0.0,1,1,A,USGS_gbHeatFlowWells.shp,not labeled,usgs_wellName_AF1,-126531.5482,257830.192
7167,Point,0,1,0.0,,7167,,88,,,,,,,,,,,,0.0,1,1,A,USGS_gbHeatFlowWells.shp,not labeled,usgs_wellName_BRC,-128500.1895,329014.7447
7168,Point,0,1,0.0,,7168,,93,,,,,,,,,,,,0.0,1,1,A,USGS_gbHeatFlowWells.shp,not labeled,usgs_wellName_BVH,-97916.82345,284326.0294
7170,Point,0,1,0.0,,7170,,65,,,,,,,,,,,,0.0,1,1,G,USGS_gbHeatFlowWells.shp,not labeled,usgs_wellName_SB11,-233068.2014,209679.9945
7171,Point,0,1,0.0,,7171,,58,,,,,,,,,,,,0.0,1,1,G,USGS_gbHeatFlowWells.shp,not labeled,usgs_wellName_17-76-06,-232953.3039,209714.0696
7173,Point,0,1,0.0,,7173,,142,,,,,,,,,,,,0.0,1,1,A,USGS_gbHeatFlowWells.shp,not labeled,usgs_wellName_QMT,-82679.37225,174139.0019
7174,Point,0,1,0.0,,7174,,40,,,,,,,,,,,,0.0,1,1,A,USGS_gbHeatFlowWells.shp,not labeled,usgs_wellName_GBC,66509.73731,278403.4748
7180,Point,0,1,0.0,,7180,,125,,,,,,,,,,,,0.0,1,1,G,USGS_gbHeatFlowWells.shp,not labeled,usgs_wellName_FAL2,-142607.2825,212518.6082
7181,Point,0,1,0.0,,7181,,91,,,,,,,,,,,,0.0,1,1,A,USGS_gbHeatFlowWells.shp,not labeled,usgs_wellName_OX 62-21,-69670.06098,273760.479
7182,Point,0,1,0.0,,7182,,113,,,,,,,,,,,,0.0,1,1,G,USGS_gbHeatFlowWells.shp,not labeled,usgs_wellName_OX 76-28,-69044.54409,280851.6389
7183,Point,0,1,0.0,,7183,,192,,,,,,,,,,,,0.0,1,1,G,USGS_gbHeatFlowWells.shp,not labeled,usgs_wellName_EDV-1,-59463.96558,279467.9096
7184,Point,0,1,0.0,,7184,,87,,,,,,,,,,,,0.0,1,1,A,USGS_gbHeatFlowWells.shp,not labeled,usgs_wellName_MTC,19041.29713,246775.753
7189,Point,0,1,0.0,,7189,,83,,,,,,,,,,,,0.0,1,1,G,USGS_gbHeatFlowWells.shp,not labeled,usgs_wellName_SB31A,-231063.8908,206053.533
7190,Point,0,1,0.0,,7190,,91,,,,,,,,,,,,0.0,1,1,G,USGS_gbHeatFlowWells.shp,not labeled,usgs_wellName_17-76-14A,-230681.5994,206472.4602
7191,Point,0,1,0.0,,7191,,89,,,,,,,,,,,,0.0,1,1,G,USGS_gbHeatFlowWells.shp,not labeled,usgs_wellName_17-76-15,-228273.5952,207506.9205
7192,Point,0,1,0.0,,7192,,119,,,,,,,,,,,,0.0,1,1,G,USGS_gbHeatFlowWells.shp,not labeled,usgs_wellName_40-80-DV1,-70052.89653,278432.6103
7194,Point,0,1,0.0,,7194,,108,,,,,,,,,,,,0.0,1,1,A,USGS_gbHeatFlowWells.shp,not labeled,usgs_wellName_BBR,6176.308224,216684.8942
7195,Point,0,1,0.0,,7195,,69,,,,,,,,,,,,0.0,1,1,G,USGS_gbHeatFlowWells.shp,not labeled,usgs_wellName_SB38,-233809.0125,204226.025
7196,Point,0,1,0.0,,7196,,46,,,,,,,,,,,,0.0,1,1,G,USGS_gbHeatFlowWells.shp,not labeled,usgs_wellName_17-76-20,-233717.4137,203943.0833
7201,Point,0,1,0.0,,7201,,103,,,,,,,,,,,,0.0,1,1,A,USGS_gbHeatFlowWells.shp,not labeled,usgs_wellName_NAV,-238161.4216,263343.4316
7203,Point,0,1,0.0,,7203,,39,,,,,,,,,,,,0.0,1,1,A,USGS_gbHeatFlowWells.shp,not labeled,usgs_wellName_RRR,-246929.9856,263420.4201
7206,Point,0,1,0.0,,7206,,127,,,,,,,,,,,,0.0,1,1,A,USGS_gbHeatFlowWells.shp,not labeled,usgs_wellName_SVP,-98800.92419,315522.3739
7207,Point,0,1,0.0,,7207,,104,,,,,,,,,,,,0.0,1,1,A,USGS_gbHeatFlowWells.shp,not labeled,usgs_wellName_WL1,-236870.8633,205753.6496
7208,Point,0,1,0.0,,7208,,53,,,,,,,,,,,,0.0,1,1,G,USGS_gbHeatFlowWells.shp,not labeled,usgs_wellName_SB36,-236628.8654,205746.5951
7209,Point,0,1,0.0,,7209,,69,,,,,,,,,,,,0.0,1,1,G,USGS_gbHeatFlowWells.shp,not labeled,usgs_wellName_17-76-18,-235812.7391,206376.9064
7210,Point,0,1,0.0,,7210,,51,,,,,,,,,,,,0.0,1,1,G,USGS_gbHeatFlowWells.shp,not labeled,usgs_wellName_17-76-19,-237388.3137,206572.3097
7211,Point,0,1,0.0,,7211,,96,,,,,,,,,,,,0.0,1,1,A,USGS_gbHeatFlowWells.shp,not labeled,usgs_wellName_GVL,-49091.3377,150890.2247
7214,Point,0,1,0.0,,7214,,623,,,,,,,,,,,,0.0,1,1,G,USGS_gbHeatFlowWells.shp,not labeled,usgs_wellName_TSN,49917.25518,223747.38
7221,Point,0,1,0.0,,7221,,48,,,,,,,,,,,,0.0,1,1,G,USGS_gbHeatFlowWells.shp,not labeled,usgs_wellName_SB21,-233763.0104,208298.4605
7222,Point,0,1,0.0,,7222,,26,,,,,,,,,,,,0.0,1,1,G,USGS_gbHeatFlowWells.shp,not labeled,usgs_wellName_17-76-24,-234357.1326,208932.2569
7223,Point,0,1,0.0,,7223,,64,,,,,,,,,,,,0.0,1,1,G,USGS_gbHeatFlowWells.shp,not labeled,usgs_wellName_17/20-16F16,-234329.6434,209884.4946
7224,Point,0,1,0.0,,7224,,100,,,,,,,,,,,,0.0,1,1,A,USGS_gbHeatFlowWells.shp,not labeled,usgs_wellName_LAH,-159264.2991,226466.2133
7225,Point,0,1,0.0,,7225,,73,,,,,,,,,,,,0.0,1,1,A,USGS_gbHeatFlowWells.shp,not labeled,usgs_wellName_WON,-91307.68446,220184.9043
7228,Point,0,1,0.0,,7228,,190,,,,,,,,,,,,0.0,1,1,G,USGS_gbHeatFlowWells.shp,not labeled,usgs_wellName_CAM,-51482.11474,270262.1544
7230,Point,0,1,0.0,,7230,,130,,,,,,,,,,,,0.0,1,1,A,USGS_gbHeatFlowWells.shp,not labeled,usgs_wellName_GF1,-121835.5042,106998.0308
7232,Point,0,1,0.0,,7232,,120,,,,,,,,,,,,0.0,1,1,A,USGS_gbHeatFlowWells.shp,not labeled,usgs_wellName_AUR,-161881.5334,86015.12081
7234,Point,0,1,0.0,,7234,,62,,,,,,,,,,,,0.0,1,1,A,USGS_gbHeatFlowWells.shp,not labeled,usgs_wellName_HC24,60111.55958,115847.0137
7235,Point,0,1,0.0,,7235,,130,,,,,,,,,,,,0.0,1,1,G,USGS_gbHeatFlowWells.shp,not labeled,usgs_wellName_OX66-21,-78995.47171,272912.7718
7236,Point,0,1,0.0,,7236,,158,,,,,,,,,,,,0.0,1,1,G,USGS_gbHeatFlowWells.shp,not labeled,usgs_wellName_EDV-2,-60607.87478,277422.2055
7238,Point,0,1,0.0,,7238,,78,,,,,,,,,,,,0.0,1,1,A,USGS_gbHeatFlowWells.shp,not labeled,usgs_wellName_DRH,53012.54248,335066.8764
7240,Point,0,1,0.0,,7240,,84,,,,,,,,,,,,0.0,1,1,A,USGS_gbHeatFlowWells.shp,not labeled,usgs_wellName_KVP,-187212.6866,331107.76
7241,Point,0,1,0.0,,7241,,85,,,,,,,,,,,,0.0,1,1,A,USGS_gbHeatFlowWells.shp,not labeled,usgs_wellName_PNR,-225193.2469,179820.2889
7242,Point,0,1,0.0,,7242,,145,,,,,,,,,,,,0.0,1,1,A,USGS_gbHeatFlowWells.shp,not labeled,usgs_wellName_RRW,-22220.01762,280959.7843
7243,Point,0,1,0.0,,7243,,89,,,,,,,,,,,,0.0,1,1,A,USGS_gbHeatFlowWells.shp,not labeled,usgs_wellName_SCP,-39528.16855,201835.4798
7248,Point,0,1,0.0,,7248,,97,,,,,,,,,,,,0.0,1,1,A,USGS_gbHeatFlowWells.shp,not labeled,usgs_wellName_SVT,-152577.9373,345869.6181
7250,Point,0,1,0.0,,7250,,113,,,,,,,,,,,,0.0,1,1,A,USGS_gbHeatFlowWells.shp,not labeled,usgs_wellName_TBC,-180206.9151,261839.4661
7251,Point,0,1,0.0,,7251,,96,,,,,,,,,,,,0.0,1,1,G,USGS_gbHeatFlowWells.shp,not labeled,usgs_wellName_SB26,-234933.3208,207229.7095
7252,Point,0,1,0.0,,7252,,80,,,,,,,,,,,,0.0,1,1,A,USGS_gbHeatFlowWells.shp,not labeled,usgs_wellName_DCW,9934.439047,281122.3427
7257,Point,0,1,0.0,,7257,,113,,,,,,,,,,,,0.0,1,1,G,USGS_gbHeatFlowWells.shp,not labeled,usgs_wellName_SB01,-234042.7719,211931.7652
7258,Point,0,1,0.0,,7258,,21,,,,,,,,,,,,0.0,1,1,G,USGS_gbHeatFlowWells.shp,not labeled,usgs_wellName_17-76-02,-234168.0963,212028.8148
7265,Point,0,1,0.0,,7265,,119,,,,,,,,,,,,0.0,1,1,A,USGS_gbHeatFlowWells.shp,not labeled,usgs_wellName_SFR,-87219.00474,321549.6622
7269,Point,0,1,0.0,,7269,,123,,,,,,,,,,,,0.0,1,1,A,USGS_gbHeatFlowWells.shp,not labeled,usgs_wellName_L-77,-175418.5887,162154.1849
7270,Point,0,1,0.0,,7270,,115,,,,,,,,,,,,0.0,1,1,A,USGS_gbHeatFlowWells.shp,not labeled,usgs_wellName_L-158,-175410.5673,162527.7144
7271,Point,0,1,0.0,,7271,,106,,,,,,,,,,,,0.0,1,1,A,USGS_gbHeatFlowWells.shp,not labeled,usgs_wellName_L-182,-175561.6993,162157.2605
7272,Point,0,1,0.0,,7272,,192,,,,,,,,,,,,0.0,1,1,G,USGS_gbHeatFlowWells.shp,not labeled,usgs_wellName_DV-0401,-69775.59612,277869.9484
7273,Point,0,1,0.0,,7273,,111,,,,,,,,,,,,0.0,1,1,A,USGS_gbHeatFlowWells.shp,not labeled,usgs_wellName_LMD,-129766.997,302705.479
7274,Point,0,1,0.0,,7274,,111,,,,,,,,,,,,0.0,1,1,A,USGS_gbHeatFlowWells.shp,not labeled,usgs_wellName_MJ1,-124843.141,356589.2875
7275,Point,0,1,0.0,,7275,,90,,,,,,,,,,,,0.0,1,1,A,USGS_gbHeatFlowWells.shp,not labeled,usgs_wellName_RH9,-209975.1937,264801.7375
7277,Point,0,1,0.0,,7277,,215,,,,,,,,,,,,0.0,1,1,A,USGS_gbHeatFlowWells.shp,not labeled,usgs_wellName_PMS,-170521.4364,291701.6197
7278,Point,0,1,0.0,,7278,,105,,,,,,,,,,,,0.0,1,1,A,USGS_gbHeatFlowWells.shp,not labeled,usgs_wellName_17-76-01,-230723.1093,212528.0992
103,Point,0,1,0.0,,103,73.51319593,2929.0,2855.486804,FALSE,-9999.0,73.45004816,2855.549952,FALSE,-9999.0,72.07310861,2856.926891,FALSE,-9999.0,0.0,1,1,G,USGS_gbHeatFlowWells_wEstimates.shp,unmeasured,a77611f1-6154-37ae-8c8e-c57e4d390c15,-158920.6442,21495.72898
104,Point,0,1,0.0,,104,73.33269162,2510.0,2436.667308,FALSE,-9999.0,73.22734114,2436.772659,FALSE,-9999.0,71.86379174,2438.136208,FALSE,-9999.0,0.0,1,1,G,USGS_gbHeatFlowWells_wEstimates.shp,unmeasured,30fb0a91-43c3-3062-a5e6-7f14ab02b0dd,-159108.4087,19448.01835
105,Point,0,1,0.0,,105,73.33054838,1674.0,1600.669452,FALSE,-9999.0,73.16363778,1600.836362,FALSE,-9999.0,71.81923319,1602.180767,FALSE,-9999.0,0.0,1,1,G,USGS_gbHeatFlowWells_wEstimates.shp,unmeasured,e94cd453-0122-3fb4-9d66-4f29f843dfdc,-156547.0822,16227.14677
579,Point,0,1,0.0,,579,92.77335559,381.22,288.4466444,FALSE,-9999.0,92.26414785,288.9558522,FALSE,-9999.0,92.70836003,288.51164,FALSE,-9999.0,0.0,1,1,G,USGS_gbHeatFlowWells_wEstimates.shp,known measured,d92bf683-51c8-30a2-8a74-654c22397c44,-43324.77035,263862.7378
584,Point,0,1,0.0,,584,74.88130584,98.0,23.11869416,TRUE,1.0,74.42883378,23.57116622,TRUE,1.0,75.27791631,22.72208369,TRUE,1.0,0.0,1,1,A,USGS_gbHeatFlowWells_wEstimates.shp,A quality,8b0e1268-9bda-32ae-9922-0d6918d44287,-201354.1153,351449.2176
585,Point,0,1,0.0,,585,83.29391271,96.0,12.70608729,TRUE,1.0,86.0022692,9.997730796,TRUE,1.0,86.20403553,9.795964466,TRUE,1.0,0.0,1,1,A,USGS_gbHeatFlowWells_wEstimates.shp,A quality,97e5fadc-58cb-3edd-a5f0-263e8a752600,-16812.98528,26157.10412
587,Point,0,1,0.0,,587,75.78994861,96.0,20.21005139,TRUE,1.0,76.72535831,19.27464169,TRUE,1.0,75.26324939,20.73675061,TRUE,1.0,0.0,1,1,A,USGS_gbHeatFlowWells_wEstimates.shp,A quality,00149703-6270-37b4-bfe4-bf8499ef1bf5,-222064.4925,158052.0997
589,Point,0,1,0.0,,589,81.82554989,65.0,-16.82554989,TRUE,1.0,83.16242035,-18.16242035,TRUE,1.0,82.30707606,-17.30707606,TRUE,1.0,0.0,1,1,A,USGS_gbHeatFlowWells_wEstimates.shp,A quality,b30c945f-4304-3ef7-be43-2590a6ae16a8,-194641.2045,166702.8377
590,Point,0,1,0.0,,590,95.89417022,148.0,52.10582978,TRUE,0.823695719,97.23807068,50.76192932,TRUE,0.932229469,95.80719214,52.19280786,TRUE,0.817123482,0.0,1,1,A,USGS_gbHeatFlowWells_wEstimates.shp,A quality,46fdcaf1-1b7c-3d2d-b49c-daf5aa157acd,28009.62251,313840.7389
591,Point,0,1,0.0,,591,73.84756975,50.0,-23.84756975,TRUE,1.0,72.92407871,-22.92407871,TRUE,1.0,74.56082995,-24.56082995,TRUE,1.0,0.0,1,1,A,USGS_gbHeatFlowWells_wEstimates.shp,A quality,1fce421e-25c5-380b-bbba-9ea61b64a05a,45880.49649,132747.2152
592,Point,0,1,0.0,,592,72.9703989,50.0,-22.9703989,TRUE,1.0,71.97244525,-21.97244525,TRUE,1.0,73.45967975,-23.45967975,TRUE,1.0,0.0,1,1,A,USGS_gbHeatFlowWells_wEstimates.shp,A quality,19cc3944-7b5f-3af6-9c35-97f575f1799e,47233.10823,147707.1384
594,Point,0,1,0.0,,594,83.05931214,75.0,-8.059312139,TRUE,1.0,84.2865027,-9.286502703,TRUE,1.0,83.54250293,-8.542502928,TRUE,1.0,0.0,1,1,A,USGS_gbHeatFlowWells_wEstimates.shp,A quality,55b5a99b-a69d-338e-a522-1d6b9076a2af,-177598.8159,160708.7008
598,Point,0,1,0.0,,598,81.86397943,37.7,-44.16397943,TRUE,1.0,82.05717395,-44.35717395,TRUE,1.0,81.8172419,-44.1172419,TRUE,1.0,0.0,1,1,A,USGS_gbHeatFlowWells_wEstimates.shp,A quality,80090504-b726-3a11-8434-b31253600571,-100844.8515,227950.7213
599,Point,0,1,0.0,,599,95.33265071,97.58,2.247349285,TRUE,1.0,96.39346812,1.186531882,TRUE,1.0,95.5479051,2.032094896,TRUE,1.0,0.0,1,1,A,USGS_gbHeatFlowWells_wEstimates.shp,A quality,5fe4ce10-14aa-39cc-b375-bca6bfe5ff83,30980.09305,340938.1068
604,Point,0,1,0.0,,604,88.53506823,76.44,-12.09506823,TRUE,1.0,88.71974146,-12.27974146,TRUE,1.0,88.44031097,-12.00031097,TRUE,1.0,0.0,1,1,A,USGS_gbHeatFlowWells_wEstimates.shp,A quality,ee9ea59c-60e3-3b60-882a-7c5cf99e0c9e,-146333.4174,223533.7294
606,Point,0,1,0.0,,606,87.37908059,61.152,-26.22708059,TRUE,1.0,87.46277849,-26.31077849,TRUE,1.0,87.33912943,-26.18712943,TRUE,1.0,0.0,1,1,A,USGS_gbHeatFlowWells_wEstimates.shp,A quality,7447712f-9222-3081-81fa-767fcfbfbd69,-137230.2162,222455.3697
607,Point,0,1,0.0,,607,93.2690281,117.0,23.7309719,TRUE,1.0,94.55859509,22.44140491,TRUE,1.0,93.43321216,23.56678784,TRUE,1.0,0.0,1,1,A,USGS_gbHeatFlowWells_wEstimates.shp,A quality,ad1ace60-8be5-3e3d-b183-2e4bed9135b6,38399.0227,342090.5356
609,Point,0,1,0.0,,609,86.79725497,86.0,-0.797254966,TRUE,1.0,86.63505987,-0.635059867,TRUE,1.0,87.04809431,-1.04809431,TRUE,1.0,0.0,1,1,A,USGS_gbHeatFlowWells_wEstimates.shp,A quality,fc68028c-4403-3b7d-9a05-d2b89f6ff145,-50875.11473,336693.0936
610,Point,0,1,0.0,,610,87.46684886,92.0,4.53315114,TRUE,1.0,87.22792744,4.772072556,TRUE,1.0,87.72535039,4.274649609,TRUE,1.0,0.0,1,1,A,USGS_gbHeatFlowWells_wEstimates.shp,A quality,f412c0c6-18c4-35eb-9ca8-21882177926e,-48708.96601,336377.1747
611,Point,0,1,0.0,,611,80.60594673,53.508,-27.09794673,TRUE,1.0,81.70119106,-28.19319106,TRUE,1.0,80.78797016,-27.27997016,TRUE,1.0,0.0,1,1,A,USGS_gbHeatFlowWells_wEstimates.shp,A quality,7d0669f2-dfbf-3925-920e-e818c8f990a3,-145048.609,114474.0492
612,Point,0,1,0.0,,612,85.37736337,97.85,12.47263663,TRUE,1.0,87.27482467,10.57517533,TRUE,1.0,84.70527831,13.14472169,TRUE,1.0,0.0,1,1,A,USGS_gbHeatFlowWells_wEstimates.shp,A quality,b402e9d7-3e77-3448-af7c-0598077469b1,-234019.3504,227531.6908
614,Point,0,1,0.0,,614,85.75295197,88.0,2.247048026,TRUE,1.0,86.82593442,1.174065577,TRUE,1.0,86.28736794,1.712632056,TRUE,1.0,0.0,1,1,A,USGS_gbHeatFlowWells_wEstimates.shp,A quality,ef468d5f-852e-3826-890e-615cf1b31648,-84701.5386,280625.712
616,Point,0,1,0.0,,616,86.56004563,42.0,-44.56004563,TRUE,1.0,86.43334035,-44.43334035,TRUE,1.0,86.73579987,-44.73579987,TRUE,1.0,0.0,1,1,A,USGS_gbHeatFlowWells_wEstimates.shp,A quality,04b04019-f772-3e43-a69c-b191386c7f47,-52320.34918,340566.912
617,Point,0,1,0.0,,617,86.77608927,85.0,-1.776089271,TRUE,1.0,86.66130501,-1.661305011,TRUE,1.0,86.86974413,-1.869744134,TRUE,1.0,0.0,1,1,A,USGS_gbHeatFlowWells_wEstimates.shp,A quality,f3d52efd-c2c3-3649-aede-90d57d2cfc9a,-53830.04834,344631.7685
618,Point,0,1,0.0,,618,88.39281077,69.0,-19.39281077,TRUE,1.0,88.25112824,-19.25112824,TRUE,1.0,88.61295056,-19.61295056,TRUE,1.0,0.0,1,1,A,USGS_gbHeatFlowWells_wEstimates.shp,A quality,b326d248-1d63-337e-ae84-81460e6ba2cb,-53656.89488,350410.2421
619,Point,0,1,0.0,,619,88.72862649,63.0,-25.72862649,TRUE,1.0,88.57638914,-25.57638914,TRUE,1.0,88.9585115,-25.9585115,TRUE,1.0,0.0,1,1,A,USGS_gbHeatFlowWells_wEstimates.shp,A quality,c08c77ca-ee57-3aa0-9efa-0b0e7527e8fe,-52922.33018,351122.1812
620,Point,0,1,0.0,,620,80.91933306,107.02,26.10066694,TRUE,1.0,84.53974108,22.48025892,TRUE,1.0,83.84266875,23.17733125,TRUE,1.0,0.0,1,1,A,USGS_gbHeatFlowWells_wEstimates.shp,A quality,030d38ba-4f96-32ab-8b8e-0bddcc82306e,-14956.70126,4863.55417
621,Point,0,1,0.0,,621,86.88081083,91.28,4.399189167,TRUE,1.0,87.05719428,4.222805718,TRUE,1.0,85.96183334,5.318166665,TRUE,1.0,0.0,1,1,A,USGS_gbHeatFlowWells_wEstimates.shp,A quality,9a902a84-7bbf-3516-bed6-b8922e6ce62f,-152906.7775,244682.1194
622,Point,0,1,0.0,,622,85.78486128,89.908,4.123138717,TRUE,1.0,86.26806786,3.639932143,TRUE,1.0,85.31965705,4.588342948,TRUE,1.0,0.0,1,1,A,USGS_gbHeatFlowWells_wEstimates.shp,A quality,127a1291-017e-33f5-b840-fec2fcba35a1,-178949.9943,280115.1768
624,Point,0,1,0.0,,624,85.3661314,109.82,24.4538686,TRUE,1.0,87.2932212,22.5267788,TRUE,1.0,84.72906745,25.09093255,TRUE,1.0,0.0,1,1,A,USGS_gbHeatFlowWells_wEstimates.shp,A quality,d30fef7b-a16b-3bc3-8ea5-d0eb3abaaebd,-236312.0271,228719.4189
625,Point,0,1,0.0,,625,89.53599342,112.14,22.60400658,TRUE,1.0,90.32706441,21.81293559,TRUE,1.0,89.7818023,22.3581977,TRUE,1.0,0.0,1,1,A,USGS_gbHeatFlowWells_wEstimates.shp,A quality,bdbe151c-55e8-37cf-ba3f-bec87ec493f2,-164714.9089,209759.0763
626,Point,0,1,0.0,,626,89.63762788,86.66,-2.977627882,TRUE,1.0,90.38022341,-3.720223406,TRUE,1.0,90.1852222,-3.525222201,TRUE,1.0,0.0,1,1,A,USGS_gbHeatFlowWells_wEstimates.shp,A quality,1a067d9b-b475-3af1-8600-620664349d66,-148636.7108,186095.9119
629,Point,0,1,0.0,,629,79.9381777,109.56,29.6218223,TRUE,1.0,81.064928,28.495072,TRUE,1.0,80.15820715,29.40179285,TRUE,1.0,0.0,1,1,A,USGS_gbHeatFlowWells_wEstimates.shp,A quality,cbea5b6a-f2b6-374d-afde-72f5aa262c0d,-185403.0706,144809.1152
630,Point,0,1,0.0,,630,79.20462311,53.508,-25.69662311,TRUE,1.0,80.27857803,-26.77057803,TRUE,1.0,79.3430756,-25.8350756,TRUE,1.0,0.0,1,1,A,USGS_gbHeatFlowWells_wEstimates.shp,A quality,b8dc3a3b-5b7c-3d5b-aebf-51fcebc4a73d,-188348.7456,141513.0084
631,Point,0,1,0.0,,631,89.21080961,112.0,22.78919039,TRUE,1.0,89.41298469,22.58701531,TRUE,1.0,89.27223967,22.72776033,TRUE,1.0,0.0,1,1,A,USGS_gbHeatFlowWells_wEstimates.shp,A quality,6d3fbb8b-bb45-350c-bf98-49507e68dcde,-145261.1306,215178.8937
632,Point,0,1,0.0,,632,79.32406972,114.66,35.33593028,TRUE,1.0,80.25112847,34.40887153,TRUE,1.0,79.06213069,35.59786931,TRUE,1.0,0.0,1,1,A,USGS_gbHeatFlowWells_wEstimates.shp,A quality,ab1119f7-f6d0-3175-b023-8748becd2fa2,-152509.1131,100409.3629
635,Point,0,1,0.0,,635,82.09478181,97.32,15.22521819,TRUE,1.0,82.20779378,15.11220622,TRUE,1.0,82.01271686,15.30728314,TRUE,1.0,0.0,1,1,A,USGS_gbHeatFlowWells_wEstimates.shp,A quality,ce3da963-f47a-3f8b-a238-0f937f51677f,-103118.2571,215303.4088
636,Point,0,1,0.0,,636,81.77605914,76.12,-5.656059144,TRUE,1.0,81.95064014,-5.830640137,TRUE,1.0,81.71703758,-5.597037579,TRUE,1.0,0.0,1,1,A,USGS_gbHeatFlowWells_wEstimates.shp,A quality,f351f103-78bf-3c4c-87a6-f305c649cdce,-99484.4405,224963.9165
637,Point,0,1,0.0,,637,81.84010147,47.25,-34.59010147,TRUE,1.0,82.03138674,-34.78138674,TRUE,1.0,81.79233927,-34.54233927,TRUE,1.0,0.0,1,1,A,USGS_gbHeatFlowWells_wEstimates.shp,A quality,175e74d7-666b-367f-83f9-b22c631b024d,-100336.9951,227686.645
638,Point,0,1,0.0,,638,74.86229947,16.0,-58.86229947,TRUE,0.442087282,74.43621412,-58.43621412,TRUE,0.459781439,75.32609577,-59.32609577,TRUE,0.423600213,0.0,1,1,A,USGS_gbHeatFlowWells_wEstimates.shp,A quality,6c98232d-adb9-326c-b995-70b51b85702c,-205601.239,349484.7964
642,Point,0,1,0.0,,642,81.78967692,24.206,-57.58367692,TRUE,0.497339466,80.96594198,-56.75994198,TRUE,0.536540267,81.31894746,-57.11294746,TRUE,0.519376268,0.0,1,1,A,USGS_gbHeatFlowWells_wEstimates.shp,A quality,2604ccee-56dc-3f59-9381-7c5790a513fd,2197.014672,215000.1709
643,Point,0,1,0.0,,643,74.8751764,33.0,-41.8751764,TRUE,1.0,74.4234501,-41.4234501,TRUE,1.0,75.34655905,-42.34655905,TRUE,1.0,0.0,1,1,A,USGS_gbHeatFlowWells_wEstimates.shp,A quality,752003cc-f6a8-317a-94b4-d3632a924e4c,-202961.1956,349641.2731
645,Point,0,1,0.0,,645,79.43092308,25.48,-53.95092308,TRUE,0.69496523,80.37701901,-54.89701901,TRUE,0.636970383,79.20417613,-53.72417613,TRUE,0.709631614,0.0,1,1,A,USGS_gbHeatFlowWells_wEstimates.shp,A quality,775c7160-c049-3f8b-8e4b-433cb1094b21,-151485.9904,101137.8114
647,Point,0,1,0.0,,647,97.57454365,111.0,13.42545635,TRUE,1.0,97.359242,13.640758,TRUE,1.0,97.93960419,13.06039581,TRUE,1.0,0.0,1,1,B,USGS_gbHeatFlowWells_wEstimates.shp,known measured,8685d720-15b8-3f47-aaf2-70e20667e1ad,-5674.021475,349268.9658
648,Point,0,1,0.0,,648,85.33383057,105.0,19.66616943,TRUE,1.0,85.89588147,19.10411853,TRUE,1.0,85.92615052,19.07384948,TRUE,1.0,0.0,1,1,B,USGS_gbHeatFlowWells_wEstimates.shp,assumed measured,e79d76fb-7846-3356-914d-76827eabd8e7,-111448.6222,284683.0626
651,Point,0,1,0.0,,651,77.75063417,54.0,-23.75063417,TRUE,1.0,78.06188218,-24.06188218,TRUE,1.0,79.31254072,-25.31254072,TRUE,1.0,0.0,1,1,B,USGS_gbHeatFlowWells_wEstimates.shp,known measured,1b32cb01-3e2d-3cce-924a-633f238e0672,36020.6655,89735.35459
652,Point,0,1,0.0,,652,82.702906,117.2,34.497094,TRUE,1.0,82.7590386,34.4409614,TRUE,1.0,82.61454055,34.58545945,TRUE,1.0,0.0,1,1,B,USGS_gbHeatFlowWells_wEstimates.shp,Data release - assumed measured,0ec20e99-6e36-309d-ade9-441dad73408d,-107288.9731,211546.7496
653,Point,0,1,0.0,,653,82.94125333,71.1,-11.84125333,TRUE,1.0,83.00778402,-11.90778402,TRUE,1.0,82.88186225,-11.78186225,TRUE,1.0,0.0,1,1,B,USGS_gbHeatFlowWells_wEstimates.shp,Data release - assumed measured,87bfadd1-3c7b-3b08-a940-b78f1592e6b1,-109641.7947,213046.4569
654,Point,0,1,0.0,,654,82.57344611,113.0,30.42655389,TRUE,1.0,82.68456475,30.31543525,TRUE,1.0,82.51995387,30.48004613,TRUE,1.0,0.0,1,1,B,USGS_gbHeatFlowWells_wEstimates.shp,Data release - assumed measured,4aa350c8-1e04-38c5-9d1f-eacb86e1a771,-108485.6804,218444.3788
655,Point,0,1,0.0,,655,90.67195863,71.0,-19.67195863,TRUE,1.0,90.19056752,-19.19056752,TRUE,1.0,90.23088451,-19.23088451,TRUE,1.0,0.0,1,1,B,USGS_gbHeatFlowWells_wEstimates.shp,Data release - assumed measured,36a627fa-db3b-3f82-b5f8-3e6d1223c658,-38924.32578,247868.4612
656,Point,0,1,0.0,,656,91.74099585,84.0,-7.740995846,TRUE,1.0,91.18637986,-7.186379864,TRUE,1.0,91.29237023,-7.292370226,TRUE,1.0,0.0,1,1,B,USGS_gbHeatFlowWells_wEstimates.shp,Data release - assumed measured,d098ca8a-76ad-3907-ab2d-777379fbecf5,-37722.81788,252255.5043
659,Point,0,1,0.0,,659,95.20602523,84.0,-11.20602523,TRUE,1.0,94.24829799,-10.24829799,TRUE,1.0,95.28988944,-11.28988944,TRUE,1.0,0.0,1,1,B,USGS_gbHeatFlowWells_wEstimates.shp,known measured,48fe5e48-23f8-31b8-82c9-d59e7ebe3283,-29824.66977,320937.9164
661,Point,0,1,0.0,,661,89.69214046,89.0,-0.692140458,TRUE,1.0,90.48849828,-1.488498277,TRUE,1.0,89.6873921,-0.6873921,TRUE,1.0,0.0,1,1,B,USGS_gbHeatFlowWells_wEstimates.shp,Data release - assumed measured,fe3acea8-2732-3e3c-bbf5-a188e5902f6d,-168837.2194,218770.267
662,Point,0,1,0.0,,662,86.17988625,54.0,-32.17988625,TRUE,1.0,86.32582724,-32.32582724,TRUE,1.0,85.13442693,-31.13442693,TRUE,1.0,0.0,1,1,B,USGS_gbHeatFlowWells_wEstimates.shp,Data release - assumed measured,276650a4-2992-3f55-b99b-c56332f9bf53,-150071.4638,248551.7555
663,Point,0,1,0.0,,663,84.16733946,47.0,-37.16733946,TRUE,1.0,84.41066015,-37.41066015,TRUE,1.0,83.41209591,-36.41209591,TRUE,1.0,0.0,1,1,B,USGS_gbHeatFlowWells_wEstimates.shp,Data release - assumed measured,0c65ae72-f2a9-3e30-b9c1-325aa77c5943,-136516.3834,256089.2404
664,Point,0,1,0.0,,664,86.29195622,74.0,-12.29195622,TRUE,1.0,86.49109656,-12.49109656,TRUE,1.0,85.28323327,-11.28323327,TRUE,1.0,0.0,1,1,B,USGS_gbHeatFlowWells_wEstimates.shp,Data release - assumed measured,c0cf430f-677d-3a59-bade-e0dc23f5be12,-146452.4443,264848.1882
665,Point,0,1,0.0,,665,89.7444094,76.0,-13.7444094,TRUE,1.0,90.3820706,-14.3820706,TRUE,1.0,89.1840662,-13.1840662,TRUE,1.0,0.0,1,1,B,USGS_gbHeatFlowWells_wEstimates.shp,Data release - assumed measured,1ce87161-e4a5-3e04-a204-2382098d2c1d,-170287.2994,229729.6081
668,Point,0,1,0.0,,668,84.11861072,78.988,-5.130610725,TRUE,1.0,83.71824704,-4.730247041,TRUE,1.0,84.52604889,-5.538048885,TRUE,1.0,0.0,1,1,B,USGS_gbHeatFlowWells_wEstimates.shp,Data release - assumed measured,4ab14880-c667-340e-855f-1146b2fc103d,-144746.4062,353223.1639
674,Point,0,1,0.0,,674,86.86056235,104.47,17.60943765,TRUE,1.0,87.53757039,16.93242961,TRUE,1.0,85.4249145,19.0450855,TRUE,0.01,0.0,1,1,B,USGS_gbHeatFlowWells_wEstimates.shp,unmeasured,5f3873d3-77dc-355a-a8b4-808788de81b5,-180171.1093,269681.9608
675,Point,0,1,0.0,,675,86.67250208,117.21,30.53749792,TRUE,1.0,86.98913204,30.22086796,TRUE,1.0,85.42544506,31.78455494,TRUE,0.01,0.0,1,1,B,USGS_gbHeatFlowWells_wEstimates.shp,unmeasured,e38ed681-f555-36bb-bc74-64b234d2d315,-173553.9208,275140.4688
676,Point,0,1,0.0,,676,86.82630423,81.536,-5.290304232,TRUE,1.0,87.04884882,-5.512848822,TRUE,1.0,85.52692441,-3.990924411,TRUE,0.01,0.0,1,1,B,USGS_gbHeatFlowWells_wEstimates.shp,unmeasured,e9db12c1-b2e5-3a48-bae2-d90979da4331,-170868.4678,275269.8162
677,Point,0,1,0.0,,677,93.39880774,109.0,15.60119226,TRUE,1.0,94.68688947,14.31311053,TRUE,1.0,93.56072353,15.43927647,TRUE,1.0,0.0,1,1,B,USGS_gbHeatFlowWells_wEstimates.shp,assumed measured,f4283146-e261-3228-a4a5-cf75361a5735,38048.90654,341551.2094
678,Point,0,1,0.0,,678,78.86948314,72.618,-6.251483142,TRUE,1.0,78.16536816,-5.54736816,TRUE,1.0,78.06340513,-5.445405127,TRUE,1.0,0.0,1,1,B,USGS_gbHeatFlowWells_wEstimates.shp,Data release - assumed measured,28497f3b-4f64-357b-91c2-91cc77f4f2e0,-62325.65291,181802.2841
679,Point,0,1,0.0,,679,85.10794341,69.16,-15.94794341,TRUE,1.0,86.45855752,-17.29855752,TRUE,1.0,84.78382774,-15.62382774,TRUE,1.0,0.0,1,1,B,USGS_gbHeatFlowWells_wEstimates.shp,Data release - assumed measured,f0ecf6a2-afef-39b9-8882-ab23617fc506,-194280.2506,275240.3519
680,Point,0,1,0.0,,680,79.77057507,58.604,-21.16657507,TRUE,1.0,78.71236676,-20.10836676,TRUE,1.0,81.04583745,-22.44183745,TRUE,0.01,0.0,1,1,B,USGS_gbHeatFlowWells_wEstimates.shp,unmeasured,443fa9df-1281-3d10-9817-b2c60f6fcc96,-61232.91349,136960.1336
681,Point,0,1,0.0,,681,86.07997434,66.0,-20.07997434,TRUE,1.0,86.01358653,-20.01358653,TRUE,1.0,86.18857476,-20.18857476,TRUE,0.01,0.0,1,1,B,USGS_gbHeatFlowWells_wEstimates.shp,unmeasured,8388d00e-49d5-3931-9486-d87345dcf8b1,-54937.06613,342354.2633
682,Point,0,1,0.0,,682,85.27032246,50.0,-35.27032246,TRUE,1.0,85.30451741,-35.30451741,TRUE,1.0,85.287438,-35.287438,TRUE,1.0,0.0,1,1,B,USGS_gbHeatFlowWells_wEstimates.shp,known measured,2758941b-4e5f-30c9-9cd1-eb5fb8b5a176,-59547.10772,343507.4038
683,Point,0,1,0.0,,683,80.58761651,81.536,0.948383492,TRUE,1.0,84.30311609,-2.767116091,TRUE,1.0,83.54868642,-2.012686423,TRUE,0.01,0.0,1,1,B,USGS_gbHeatFlowWells_wEstimates.shp,unmeasured,6f571822-65e5-3168-b084-ad0ebcde95ad,-13063.88555,2619.008745
684,Point,0,1,0.0,,684,82.23696994,86.45,4.213030061,TRUE,1.0,83.33187678,3.118123219,TRUE,1.0,82.68870087,3.761299127,TRUE,1.0,0.0,1,1,B,USGS_gbHeatFlowWells_wEstimates.shp,Data release - assumed measured,1b655213-b52b-3dcd-bca7-a9c491e8d386,-97701.38925,313452.7593
685,Point,0,1,0.0,,685,89.28744687,41.0,-48.28744687,TRUE,1.0,88.94430235,-47.94430235,TRUE,1.0,89.46079749,-48.46079749,TRUE,0.01,0.0,1,1,B,USGS_gbHeatFlowWells_wEstimates.shp,unmeasured,8dce5326-d87b-3089-8f5b-cd291f3859e4,-44451.2268,343409.1865
686,Point,0,1,0.0,,686,86.88594024,114.66,27.77405976,TRUE,1.0,87.29774309,27.36225691,TRUE,1.0,85.39388494,29.26611506,TRUE,0.01,0.0,1,1,B,USGS_gbHeatFlowWells_wEstimates.shp,unmeasured,4cb1e373-4440-3468-a915-9d4a19893163,-174755.8716,271804.2166
687,Point,0,1,0.0,,687,85.57468749,96.824,11.24931251,TRUE,1.0,87.29982526,9.524174742,TRUE,1.0,85.41751261,11.40648739,TRUE,0.01,0.0,1,1,B,USGS_gbHeatFlowWells_wEstimates.shp,unmeasured,0577def8-6547-3f16-8e85-be5b76869c95,-247700.9219,265870.2705
688,Point,0,1,0.0,,688,85.42712443,40.768,-44.65912443,TRUE,1.0,85.33581982,-44.56781982,TRUE,1.0,86.46804372,-45.70004372,TRUE,0.01,0.0,1,1,B,USGS_gbHeatFlowWells_wEstimates.shp,unmeasured,de0aa5a3-c716-35dd-bb93-f6ac30357310,-166553.0219,292736.6974
689,Point,0,1,0.0,,689,86.46113263,112.11,25.64886737,TRUE,1.0,86.37896272,25.73103728,TRUE,1.0,87.80917665,24.30082335,TRUE,0.01,0.0,1,1,B,USGS_gbHeatFlowWells_wEstimates.shp,unmeasured,2c0600e0-520a-3381-a5c6-9ec58baffcea,-156240.2292,294210.4239
690,Point,0,1,0.0,,690,86.04710332,109.56,23.51289668,TRUE,1.0,85.90658433,23.65341567,TRUE,1.0,87.7179208,21.8420792,TRUE,0.01,0.0,1,1,B,USGS_gbHeatFlowWells_wEstimates.shp,unmeasured,ce74606a-e9b3-3e52-8f63-c2aa6721cf9f,-157011.9846,297960.7803
691,Point,0,1,0.0,,691,84.19662115,43.316,-40.88062115,TRUE,1.0,83.85296069,-40.53696069,TRUE,1.0,86.73375777,-43.41775777,TRUE,1.0,0.0,1,1,B,USGS_gbHeatFlowWells_wEstimates.shp,assumed measured,bacdc2d0-9eba-34fc-899d-9ca0316155d7,-158194.5767,309376.3015
692,Point,0,1,0.0,,692,86.87215463,78.988,-7.884154635,TRUE,1.0,86.94993807,-7.961938068,TRUE,1.0,88.69681736,-9.708817362,TRUE,0.01,0.0,1,1,B,USGS_gbHeatFlowWells_wEstimates.shp,unmeasured,eb25777d-8ee0-3e11-bd86-d30e248adf60,-140281.0893,296717.2558
693,Point,0,1,0.0,,693,87.19841775,117.21,30.01158225,TRUE,1.0,87.3012754,29.9087246,TRUE,1.0,88.06065336,29.14934664,TRUE,0.01,0.0,1,1,B,USGS_gbHeatFlowWells_wEstimates.shp,unmeasured,6f48b943-6d04-3252-a292-0e0c05322415,-146946.7011,286377.6469
694,Point,0,1,0.0,,694,86.60089652,86.632,0.031103484,TRUE,1.0,86.65077688,-0.018776885,TRUE,1.0,88.63773259,-2.005732588,TRUE,0.01,0.0,1,1,B,USGS_gbHeatFlowWells_wEstimates.shp,unmeasured,a26340a8-1ed7-3f31-a234-3d7dd2ed881c,-139087.1342,300618.3422
695,Point,0,1,0.0,,695,86.79332,89.18,2.386680003,TRUE,1.0,86.92640705,2.253592948,TRUE,1.0,88.62937006,0.550629943,TRUE,0.01,0.0,1,1,B,USGS_gbHeatFlowWells_wEstimates.shp,unmeasured,a866a6e3-a2c0-3991-a853-d2f9310760bb,-136906.2111,296472.2563
696,Point,0,1,0.0,,696,85.69207958,117.21,31.51792042,TRUE,1.0,85.61044833,31.59955167,TRUE,1.0,88.04555842,29.16444158,TRUE,0.01,0.0,1,1,B,USGS_gbHeatFlowWells_wEstimates.shp,unmeasured,ff274bad-9226-3f2b-99cf-06c4a2676dae,-141778.6667,307575.2298
697,Point,0,1,0.0,,697,84.89327081,40.768,-44.12527081,TRUE,1.0,86.37543201,-45.60743201,TRUE,1.0,86.87733397,-46.10933397,TRUE,0.01,0.0,1,1,B,USGS_gbHeatFlowWells_wEstimates.shp,unmeasured,89a65552-894c-3613-a8f9-537416a05975,-51233.7624,35828.28912
698,Point,0,1,0.0,,698,85.37602408,112.11,26.73397592,TRUE,1.0,86.25859283,25.85140717,TRUE,1.0,87.19256081,24.91743919,TRUE,0.01,0.0,1,1,B,USGS_gbHeatFlowWells_wEstimates.shp,unmeasured,1ed8bef7-c5f0-38f2-8d55-6a5dac7410ec,-60284.6648,50272.87241
700,Point,0,1,0.0,,700,85.75008584,100.28,14.52991416,TRUE,1.0,85.63636842,14.64363158,TRUE,1.0,86.87597615,13.40402385,TRUE,1.0,0.0,1,1,B,USGS_gbHeatFlowWells_wEstimates.shp,Data release - assumed measured,5649f4d5-fa2c-38a7-a777-d9e4fae58048,-163443.5394,293233.1547
701,Point,0,1,0.0,,701,84.80316478,79.534,-5.269164784,TRUE,1.0,84.65272875,-5.118728751,TRUE,1.0,86.30752803,-6.773528034,TRUE,1.0,0.0,1,1,B,USGS_gbHeatFlowWells_wEstimates.shp,Data release - assumed measured,dc5d4ff7-bc1c-35eb-b89f-fd716826c9e1,-167167.7386,297045.2014
702,Point,0,1,0.0,,702,83.88143516,86.632,2.750564844,TRUE,1.0,83.51268405,3.11931595,TRUE,1.0,86.50174735,0.130252651,TRUE,0.01,0.0,1,1,B,USGS_gbHeatFlowWells_wEstimates.shp,unmeasured,092625e0-ec37-3f60-862d-4ede956d68c5,-158586.6159,310878.0737
703,Point,0,1,0.0,,703,84.31283672,56.056,-28.25683672,TRUE,1.0,85.55918618,-29.50318618,TRUE,1.0,84.58064779,-28.52464779,TRUE,1.0,0.0,1,1,B,USGS_gbHeatFlowWells_wEstimates.shp,assumed measured,35449c46-f600-320b-b49f-8800ef186eda,-193886.7309,281021.6473
706,Point,0,1,0.0,,706,83.35498527,128.01,44.65501473,TRUE,1.0,83.75076551,44.25923449,TRUE,1.0,83.38850036,44.62149964,TRUE,1.0,0.0,1,1,B,USGS_gbHeatFlowWells_wEstimates.shp,Data release - assumed measured,14815323-8da3-3c23-992b-30a0b693327d,-92549.64161,255274.9309
707,Point,0,1,0.0,,707,85.08072336,82.6,-2.480723357,TRUE,1.0,85.76561187,-3.165611866,TRUE,1.0,85.39461676,-2.794616763,TRUE,1.0,0.0,1,1,B,USGS_gbHeatFlowWells_wEstimates.shp,assumed measured,0731560c-1213-36ce-96e0-c0e703de92cf,-84593.93449,269105.4457
708,Point,0,1,0.0,,708,84.08181788,92.4,8.318182121,TRUE,1.0,84.55763464,7.842365358,TRUE,1.0,84.21204954,8.187950461,TRUE,1.0,0.0,1,1,B,USGS_gbHeatFlowWells_wEstimates.shp,assumed measured,d55a05d3-a85a-3abb-afcc-3867c06b448d,-88498.11095,260866.2234
709,Point,0,1,0.0,,709,84.7651364,119.0,34.2348636,TRUE,1.0,85.37620181,33.62379819,TRUE,1.0,85.01585336,33.98414664,TRUE,1.0,0.0,1,1,B,USGS_gbHeatFlowWells_wEstimates.shp,known measured,560e3634-7a71-3d41-b4a8-f9b9f06cdbf7,-85672.70369,266483.501
710,Point,0,1,0.0,,710,84.91633099,56.0,-28.91633099,TRUE,1.0,85.57490327,-29.57490327,TRUE,1.0,85.19637363,-29.19637363,TRUE,1.0,0.0,1,1,B,USGS_gbHeatFlowWells_wEstimates.shp,assumed measured,4ed3a5ab-1165-3b23-9980-3da61a9feebf,-85696.03733,268276.66
711,Point,0,1,0.0,,711,85.06458391,50.4,-34.66458391,TRUE,1.0,85.72304695,-35.32304695,TRUE,1.0,85.37117025,-34.97117025,TRUE,1.0,0.0,1,1,B,USGS_gbHeatFlowWells_wEstimates.shp,known measured,79990ac6-fa50-30b3-a8a1-7082ab33344b,-84043.86634,268214.4487
712,Point,0,1,0.0,,712,89.17929287,31.0,-58.17929287,TRUE,0.470791144,89.88203502,-58.88203502,TRUE,0.441284425,87.52298518,-56.52298518,TRUE,0.548378719,0.0,1,1,B,USGS_gbHeatFlowWells_wEstimates.shp,Data release - assumed measured,b72df64e-4f45-387a-8426-e1f4db69870a,-178758.3158,248093.2473
714,Point,0,1,0.0,,714,85.75295197,36.0,-49.75295197,TRUE,1.0,86.82593442,-50.82593442,TRUE,0.926750061,86.28736794,-50.28736794,TRUE,0.97387963,0.0,1,1,B,USGS_gbHeatFlowWells_wEstimates.shp,assumed measured,07729258-c844-3512-afa7-714318e431ca,-84701.5386,280625.712
716,Point,0,1,0.0,,716,86.78256276,27.664,-59.11856276,TRUE,0.431774997,86.84420163,-59.18020163,TRUE,0.42933069,86.03834607,-58.37434607,TRUE,0.462408871,0.0,1,1,B,USGS_gbHeatFlowWells_wEstimates.shp,Data release - assumed measured,f71b7cdd-7007-3118-9894-a7dbea724534,-166396.9524,279845.7835
719,Point,0,1,0.0,,719,84.03887172,105.0,20.96112828,TRUE,1.0,84.91974611,20.08025389,TRUE,1.0,84.90173078,20.09826922,TRUE,1.0,0.0,1,1,C,USGS_gbHeatFlowWells_wEstimates.shp,Data release - assumed measured,c0c58090-017d-3210-b6f7-bc87850c95ce,-77590.26285,45937.29369
720,Point,0,1,0.0,,720,86.7149866,81.9,-4.814986595,FALSE,-9999.0,86.79389589,-4.893895887,FALSE,-9999.0,85.94842397,-4.048423969,FALSE,-9999.0,0.0,1,1,C,USGS_gbHeatFlowWells_wEstimates.shp,Data release - assumed measured,bfca606b-a117-3091-ba66-5ea24c4be3f1,-167381.6028,279724.2551
721,Point,0,1,0.0,,721,84.33868034,72.8,-11.53868034,FALSE,-9999.0,85.57621163,-12.77621163,FALSE,-9999.0,84.59528564,-11.79528564,FALSE,-9999.0,0.0,1,1,C,USGS_gbHeatFlowWells_wEstimates.shp,Data release - assumed measured,3ac400cf-d8a8-36c5-a26e-9234af64516a,-193692.8385,280987.0828
722,Point,0,1,0.0,,722,81.97191078,63.0,-18.97191078,FALSE,-9999.0,82.62955655,-19.62955655,FALSE,-9999.0,81.96259252,-18.96259252,FALSE,-9999.0,0.0,1,1,C,USGS_gbHeatFlowWells_wEstimates.shp,Data release - assumed measured,8f938141-f81f-3502-a3d3-30462f71ce86,-94193.17419,40288.45763
723,Point,0,1,0.0,,723,76.28918856,75.68,-0.60918856,TRUE,1.0,75.94746568,-0.267465677,TRUE,1.0,77.9895061,-2.309506098,TRUE,1.0,0.0,1,1,C,USGS_gbHeatFlowWells_wEstimates.shp,assumed measured,a26ad4ee-60d8-3a9c-9c33-cccc3b558df7,-204727.1737,328206.4109
724,Point,0,1,0.0,,724,94.82444927,79.8,-15.02444927,FALSE,-9999.0,94.14266346,-14.34266346,FALSE,-9999.0,94.65194603,-14.85194603,FALSE,-9999.0,0.0,1,1,C,USGS_gbHeatFlowWells_wEstimates.shp,known measured,dddd25f0-7fee-3a09-8de6-b9a2e93bf9f5,-37928.83911,269251.468
725,Point,0,1,0.0,,725,94.39308672,49.98,-44.41308672,FALSE,-9999.0,93.69921981,-43.71921981,FALSE,-9999.0,94.11672394,-44.13672394,FALSE,-9999.0,0.0,1,1,C,USGS_gbHeatFlowWells_wEstimates.shp,known measured,19a99b35-e2ec-3d7d-988b-92d1af897435,-37239.89916,265513.1883
726,Point,0,1,0.0,,726,86.57461865,84.0,-2.574618647,TRUE,1.0,86.66131656,-2.661316564,TRUE,1.0,86.471324,-2.471323999,TRUE,1.0,0.0,1,1,C,USGS_gbHeatFlowWells_wEstimates.shp,known measured,2ad84d83-caf3-388d-a36b-d88c6478a830,-136267.4862,227482.87
727,Point,0,1,0.0,,727,86.49919271,109.0,22.50080729,TRUE,1.0,86.56938052,22.43061948,TRUE,1.0,86.45732827,22.54267173,TRUE,1.0,0.0,1,1,C,USGS_gbHeatFlowWells_wEstimates.shp,known measured,02b8c493-e31f-391b-babc-645403c5b910,-133081.3261,223305.2682
728,Point,0,1,0.0,,728,74.86255281,79.0,4.137447186,TRUE,1.0,74.44620273,4.553797269,TRUE,1.0,75.14935904,3.850640964,TRUE,1.0,0.0,1,1,C,USGS_gbHeatFlowWells_wEstimates.shp,known measured,ef073b83-71b0-3cdd-a019-635add39d0e4,-202189.5276,354248.9507
730,Point,0,1,0.0,,730,98.42518697,110.57,12.14481303,TRUE,1.0,97.5513085,13.0186915,TRUE,1.0,98.57068677,11.99931323,TRUE,1.0,0.0,1,1,C,USGS_gbHeatFlowWells_wEstimates.shp,Data release - assumed measured,280901c0-46f4-3750-9a93-15d1cc59e405,-13810.11005,335815.2869
731,Point,0,1,0.0,,731,97.76813599,114.66,16.89186401,TRUE,1.0,97.43986397,17.22013603,TRUE,1.0,98.24375695,16.41624305,TRUE,1.0,0.0,1,1,C,USGS_gbHeatFlowWells_wEstimates.shp,Data release - assumed measured,139d22a8-38a5-3b4d-b220-061276108651,-22653.16669,358819.1113
732,Point,0,1,0.0,,732,93.72189407,52.78,-40.94189407,TRUE,1.0,94.50340193,-41.72340193,TRUE,1.0,94.11950473,-41.33950473,TRUE,1.0,0.0,1,1,C,USGS_gbHeatFlowWells_wEstimates.shp,Data release - assumed measured,eb1823f8-8894-3a95-b520-2bacf0809230,31819.71701,355681.441
734,Point,0,1,0.0,,734,95.39590435,98.28,2.884095654,TRUE,1.0,96.86994974,1.410050262,TRUE,1.0,95.38766667,2.892333331,TRUE,1.0,0.0,1,1,C,USGS_gbHeatFlowWells_wEstimates.shp,Data release - assumed measured,f8646ed1-059d-328c-996c-7f7bdb3fb555,31468.81722,319230.8946
735,Point,0,1,0.0,,735,91.03871051,91.0,-0.038710515,FALSE,-9999.0,93.21516356,-2.215163557,FALSE,-9999.0,91.10052263,-0.100522628,FALSE,-9999.0,0.0,1,1,C,USGS_gbHeatFlowWells_wEstimates.shp,Data release - assumed measured,a085e7e7-20fd-3c65-bb17-fabe4a2dac87,51231.50359,322313.0893
736,Point,0,1,0.0,,736,98.39609574,86.45,-11.94609574,FALSE,-9999.0,97.89274271,-11.44274271,FALSE,-9999.0,98.55964703,-12.10964703,FALSE,-9999.0,0.0,1,1,C,USGS_gbHeatFlowWells_wEstimates.shp,Data release - assumed measured,89192919-9888-36b3-963c-5c2beffa202a,-5505.941436,337339.9237
737,Point,0,1,0.0,,737,88.45090176,63.7,-24.75090176,FALSE,-9999.0,91.0276706,-27.3276706,FALSE,-9999.0,88.5553286,-24.8553286,FALSE,-9999.0,0.0,1,1,C,USGS_gbHeatFlowWells_wEstimates.shp,Data release - assumed measured,f8f1789f-ba15-36af-8d81-a6d3be0f316c,64432.80773,335750.4585
738,Point,0,1,0.0,,738,99.25271581,65.52,-33.73271581,FALSE,-9999.0,98.20500478,-32.68500478,FALSE,-9999.0,98.88879212,-33.36879212,FALSE,-9999.0,0.0,1,1,C,USGS_gbHeatFlowWells_wEstimates.shp,Data release - assumed measured,9d14d2bc-ccb0-3d68-91c2-281b9dbc8a4f,-21327.88639,305540.6211
741,Point,0,1,0.0,,741,85.30218633,98.28,12.97781367,TRUE,1.0,86.43976681,11.84023319,TRUE,1.0,85.82377117,12.45622883,TRUE,1.0,0.0,1,1,C,USGS_gbHeatFlowWells_wEstimates.shp,Data release - assumed measured,9d3442e6-23d8-382f-8bd4-98ee8438a773,-91316.17859,286894.44
742,Point,0,1,0.0,,742,85.46748782,116.48,31.01251218,FALSE,-9999.0,86.69746004,29.78253996,FALSE,-9999.0,86.04238893,30.43761107,FALSE,-9999.0,0.0,1,1,C,USGS_gbHeatFlowWells_wEstimates.shp,Data release - assumed measured,2d4afc97-07f1-3efc-a619-8534077f57bb,-87736.89156,289420.4953
743,Point,0,1,0.0,,743,81.95687561,81.9,-0.056875614,TRUE,1.0,82.26924573,-0.369245729,TRUE,1.0,81.85991862,0.040081384,TRUE,1.0,0.0,1,1,C,USGS_gbHeatFlowWells_wEstimates.shp,Data release - assumed measured,7996e856-7ed6-3720-adf7-e32b26e2bbf1,-113455.8861,239885.4352
744,Point,0,1,0.0,,744,76.10058745,83.72,7.619412547,TRUE,1.0,75.73334413,7.986655871,TRUE,1.0,77.7066216,6.013378404,TRUE,1.0,0.0,1,1,C,USGS_gbHeatFlowWells_wEstimates.shp,Data release - assumed measured,31d25771-e261-3521-809f-22ccee7e21d0,-204914.1119,329779.9897
745,Point,0,1,0.0,,745,86.92513223,105.0,18.07486777,TRUE,1.0,86.82188776,18.17811224,TRUE,1.0,87.03157478,17.96842522,TRUE,0.01,0.0,1,1,C,USGS_gbHeatFlowWells_wEstimates.shp,unmeasured,1b015b3b-5ebe-3688-ba09-97d716c56600,-54860.37056,346184.514
746,Point,0,1,0.0,,746,84.77293405,42.0,-42.77293405,FALSE,-9999.0,84.89246155,-42.89246155,FALSE,-9999.0,84.69825098,-42.69825098,FALSE,-9999.0,0.0,1,1,C,USGS_gbHeatFlowWells_wEstimates.shp,known measured,35a37885-e620-3048-9a17-5c9562badd78,-127237.7334,227918.8139
747,Point,0,1,0.0,,747,93.87204805,110.0,16.12795195,TRUE,1.0,95.01700355,14.98299645,TRUE,1.0,94.08876411,15.91123589,TRUE,1.0,0.0,1,1,C,USGS_gbHeatFlowWells_wEstimates.shp,assumed measured,706d94b8-92f6-3e33-94af-63a763979ce2,35491.69571,344373.2547
748,Point,0,1,0.0,,748,88.00655497,61.152,-26.85455497,FALSE,-9999.0,87.86204026,-26.71004026,FALSE,-9999.0,88.19479684,-27.04279684,FALSE,-9999.0,0.0,1,1,C,USGS_gbHeatFlowWells_wEstimates.shp,Data release - assumed measured,2ef77500-f1fc-3198-9fa9-2c7d1312a7f6,-53373.92321,348817.8428
749,Point,0,1,0.0,,749,80.60206579,78.988,-1.614065792,TRUE,1.0,80.04955654,-1.061556539,TRUE,1.0,82.85067665,-3.862676651,TRUE,1.0,0.0,1,1,C,USGS_gbHeatFlowWells_wEstimates.shp,Data release - assumed measured,3f1bc2bd-6e56-3075-a4de-0eb81f770e71,-162110.1273,328439.1797
750,Point,0,1,0.0,,750,78.30386538,107.02,28.71613462,TRUE,1.0,77.66813966,29.35186034,TRUE,1.0,79.78654992,27.23345008,TRUE,1.0,0.0,1,1,C,USGS_gbHeatFlowWells_wEstimates.shp,Data release - assumed measured,8a13cc83-7410-30e7-beaa-554c42326376,-169825.6592,337607.4485
751,Point,0,1,0.0,,751,76.19607833,73.892,-2.304078332,TRUE,1.0,75.59237827,-1.700378273,TRUE,1.0,77.63767397,-3.745673974,TRUE,1.0,0.0,1,1,C,USGS_gbHeatFlowWells_wEstimates.shp,Data release - assumed measured,58f0db05-d3b2-32b6-bbbe-e62378618cc0,-185379.8327,337493.8794
753,Point,0,1,0.0,,753,93.73665113,45.864,-47.87265113,FALSE,-9999.0,93.57293982,-47.70893982,FALSE,-9999.0,94.58583905,-48.72183905,FALSE,-9999.0,0.0,1,1,C,USGS_gbHeatFlowWells_wEstimates.shp,Data release - assumed measured,745adf3f-02b2-3df4-aebb-df79633f7637,-40745.83683,360369.3167
754,Point,0,1,0.0,,754,94.16827685,98.28,4.111723147,TRUE,1.0,93.70862785,4.571372154,TRUE,1.0,94.58838173,3.691618265,TRUE,1.0,0.0,1,1,C,USGS_gbHeatFlowWells_wEstimates.shp,Data release - assumed measured,1af2418b-868e-3ea5-ba0b-b84b9fe710fb,-41009.26813,302177.4766
755,Point,0,1,0.0,,755,93.74527834,84.63,-9.115278337,FALSE,-9999.0,93.37485588,-8.744855883,FALSE,-9999.0,94.24664651,-9.61664651,FALSE,-9999.0,0.0,1,1,C,USGS_gbHeatFlowWells_wEstimates.shp,Data release - assumed measured,572992c5-b065-3118-b46b-e333bbe9f3ad,-42904.70761,301246.2695
756,Point,0,1,0.0,,756,83.87876979,58.604,-25.27476979,FALSE,-9999.0,84.61775921,-26.01375921,FALSE,-9999.0,84.04248732,-25.43848732,FALSE,-9999.0,0.0,1,1,C,USGS_gbHeatFlowWells_wEstimates.shp,Data release - assumed measured,25ed12ed-1464-355d-bf36-cfcab601d7c6,-72234.03862,319303.4477
757,Point,0,1,0.0,,757,98.9276866,79.534,-19.3936866,TRUE,1.0,98.82433692,-19.29033692,TRUE,1.0,98.81638289,-19.28238289,TRUE,1.0,0.0,1,1,C,USGS_gbHeatFlowWells_wEstimates.shp,Data release - assumed measured,2ba6eb81-366b-3543-8a93-00570ee0832d,8196.128615,325931.6387
758,Point,0,1,0.0,,758,85.75295197,59.0,-26.75295197,FALSE,-9999.0,86.82593442,-27.82593442,FALSE,-9999.0,86.28736794,-27.28736794,FALSE,-9999.0,0.0,1,1,C,USGS_gbHeatFlowWells_wEstimates.shp,assumed measured,d4164f2a-350f-3eae-90e0-130de61c2686,-84701.5386,280625.712
759,Point,0,1,0.0,,759,87.07416222,54.0,-33.07416222,FALSE,-9999.0,88.13958411,-34.13958411,FALSE,-9999.0,87.84152202,-33.84152202,FALSE,-9999.0,0.0,1,1,C,USGS_gbHeatFlowWells_wEstimates.shp,assumed measured,196b8f2f-fe33-31c5-837b-f708949a1cd8,-76322.18721,286984.6949
760,Point,0,1,0.0,,760,79.44672417,76.44,-3.00672417,TRUE,1.0,78.20873997,-1.768739973,TRUE,1.0,80.12658328,-3.686583277,TRUE,0.01,0.0,1,1,C,USGS_gbHeatFlowWells_wEstimates.shp,unmeasured,c20d24fe-64a9-3984-9860-b842e1031d7c,-56997.02245,147390.978
761,Point,0,1,0.0,,761,86.07627408,54.6,-31.47627408,FALSE,-9999.0,86.00948032,-31.40948032,FALSE,-9999.0,86.18992294,-31.58992294,FALSE,-9999.0,0.0,1,1,C,USGS_gbHeatFlowWells_wEstimates.shp,Data release - assumed measured,d988a939-c356-38e8-ba8c-3275092ab981,-54862.56411,342196.9428
762,Point,0,1,0.0,,762,86.73969839,42.0,-44.73969839,FALSE,-9999.0,86.60534745,-44.60534745,FALSE,-9999.0,86.8734446,-44.8734446,FALSE,-9999.0,0.0,1,1,C,USGS_gbHeatFlowWells_wEstimates.shp,unmeasured,8d66be3a-460e-3404-99b5-2ddbae63c914,-52417.56481,342393.3556
763,Point,0,1,0.0,,763,87.26241031,103.74,16.47758969,TRUE,1.0,87.11169866,16.62830134,TRUE,1.0,87.37612999,16.36387001,TRUE,1.0,0.0,1,1,C,USGS_gbHeatFlowWells_wEstimates.shp,Data release - assumed measured,22ced0fa-ad29-363d-ac20-12c00026b7fd,-52424.31242,345204.8675
764,Point,0,1,0.0,,764,87.34383495,96.0,8.656165047,TRUE,1.0,87.19105723,8.808942767,TRUE,1.0,87.46198101,8.538018987,TRUE,1.0,0.0,1,1,C,USGS_gbHeatFlowWells_wEstimates.shp,known measured,6308a962-9193-3d63-991b-4af8ccee2284,-52397.07074,345518.3204
765,Point,0,1,0.0,,765,97.61756479,116.57,18.95243521,TRUE,1.0,97.38451371,19.18548629,TRUE,1.0,97.97655029,18.59344971,TRUE,1.0,0.0,1,1,C,USGS_gbHeatFlowWells_wEstimates.shp,Data release - assumed measured,e9517965-e239-3904-95dc-cacbfa46f44f,-5951.094824,348989.1521
766,Point,0,1,0.0,,766,97.62694024,104.83,7.203059765,TRUE,1.0,97.57481161,7.255188393,TRUE,1.0,98.09240746,6.73759254,TRUE,1.0,0.0,1,1,C,USGS_gbHeatFlowWells_wEstimates.shp,Data release - assumed measured,78e769e5-cfc7-3d00-a4b4-fcb10fef52c4,-5970.840296,356325.331
767,Point,0,1,0.0,,767,95.91063277,76.895,-19.01563277,FALSE,-9999.0,97.24781717,-20.35281717,FALSE,-9999.0,95.81739162,-18.92239162,FALSE,-9999.0,0.0,1,1,C,USGS_gbHeatFlowWells_wEstimates.shp,Data release - assumed measured,b2eb293f-7baf-3f7f-abd8-8215eb94f2b8,27817.24455,313425.5592
768,Point,0,1,0.0,,768,83.83079093,110.66,26.82920907,FALSE,-9999.0,85.62384096,25.03615904,FALSE,-9999.0,83.10403388,27.55596612,FALSE,-9999.0,0.0,1,1,C,USGS_gbHeatFlowWells_wEstimates.shp,Data release - assumed measured,c3f78882-48f1-3db8-b639-3658e925408a,-236766.1427,216085.9349
769,Point,0,1,0.0,,769,82.68945892,110.66,27.97054108,FALSE,-9999.0,84.38212822,26.27787178,FALSE,-9999.0,81.96209968,28.69790032,FALSE,-9999.0,0.0,1,1,C,USGS_gbHeatFlowWells_wEstimates.shp,Data release - assumed measured,dd825023-5e44-364e-afde-b82211cf354c,-240486.8216,211531.2087
770,Point,0,1,0.0,,770,83.81521355,51.87,-31.94521355,FALSE,-9999.0,85.6131692,-33.7431692,FALSE,-9999.0,83.10836504,-31.23836504,FALSE,-9999.0,0.0,1,1,C,USGS_gbHeatFlowWells_wEstimates.shp,Data release - assumed measured,dfc68fed-5916-364c-b878-b97b12951894,-238602.8292,217496.4069
771,Point,0,1,0.0,,771,75.88764518,120.12,44.23235482,FALSE,-9999.0,75.48350046,44.63649954,FALSE,-9999.0,77.39935063,42.72064937,FALSE,-9999.0,0.0,1,1,C,USGS_gbHeatFlowWells_wEstimates.shp,Data release - assumed measured,5d3c71f5-fbd6-3b9e-b173-6d2f1379f53b,-204190.6617,331744.8538
772,Point,0,1,0.0,,772,76.01900952,72.8,-3.219009517,FALSE,-9999.0,75.66718733,-2.867187329,FALSE,-9999.0,77.50325824,-4.703258236,FALSE,-9999.0,0.0,1,1,C,USGS_gbHeatFlowWells_wEstimates.shp,Data release - assumed measured,da972c32-c00d-3683-b9a2-f0f01da2303b,-207418.3192,330572.9205
773,Point,0,1,0.0,,773,76.28427597,98.28,21.99572403,TRUE,1.0,75.98366284,22.29633716,TRUE,1.0,77.84910403,20.43089597,TRUE,1.0,0.0,1,1,C,USGS_gbHeatFlowWells_wEstimates.shp,Data release - assumed measured,b0d4a640-b4fb-3f70-b806-762e9dd5bd2a,-208485.5472,328370.7394
774,Point,0,1,0.0,,774,87.0730878,69.16,-17.9130878,FALSE,-9999.0,87.10279476,-17.94279476,FALSE,-9999.0,88.0588247,-18.8988247,FALSE,-9999.0,0.0,1,1,C,USGS_gbHeatFlowWells_wEstimates.shp,Data release - assumed measured,8209ef0d-adcd-39eb-9160-29d57a59b8c2,-151125.5352,289069.8803
775,Point,0,1,0.0,,775,87.5731179,108.11,20.5368821,TRUE,1.0,87.8877831,20.2222169,TRUE,1.0,87.85018524,20.25981476,TRUE,1.0,0.0,1,1,C,USGS_gbHeatFlowWells_wEstimates.shp,Data release - assumed measured,80cb048b-0eb4-386e-8486-1b6f2a15bdcc,-128606.6667,196310.0387
776,Point,0,1,0.0,,776,85.47241929,114.66,29.18758071,FALSE,-9999.0,85.84242125,28.81757875,FALSE,-9999.0,85.8637628,28.7962372,FALSE,-9999.0,0.0,1,1,C,USGS_gbHeatFlowWells_wEstimates.shp,Data release - assumed measured,67aeb64f-2c3a-36b3-964e-7090f00d6d7b,-121979.3286,278078.7869
777,Point,0,1,0.0,,777,83.29779536,73.71,-9.587795356,FALSE,-9999.0,82.93201571,-9.22201571,FALSE,-9999.0,85.61378915,-11.90378915,FALSE,-9999.0,0.0,1,1,C,USGS_gbHeatFlowWells_wEstimates.shp,Data release - assumed measured,449a16f2-86a3-3fb1-a27d-e5258c6379fc,-147032.1154,324696.9905
778,Point,0,1,0.0,,778,82.92525658,70.98,-11.94525658,FALSE,-9999.0,82.52075777,-11.54075777,FALSE,-9999.0,84.94307327,-13.96307327,FALSE,-9999.0,0.0,1,1,C,USGS_gbHeatFlowWells_wEstimates.shp,Data release - assumed measured,945557c3-9be7-3b5f-98d0-5b4bc260b26c,-146878.8557,328458.6879
779,Point,0,1,0.0,,779,87.13363911,88.088,0.954360892,FALSE,-9999.0,87.25852351,0.829476489,FALSE,-9999.0,85.75566148,2.332338518,FALSE,-9999.0,0.0,1,1,C,USGS_gbHeatFlowWells_wEstimates.shp,Data release - assumed measured,65dd3d5d-158f-333b-adb7-f1f3df926c01,-166415.2874,274862.7385
780,Point,0,1,0.0,,780,87.09768551,72.072,-15.02568551,FALSE,-9999.0,87.27338173,-15.20138173,FALSE,-9999.0,86.88469062,-14.81269062,FALSE,-9999.0,0.0,1,1,C,USGS_gbHeatFlowWells_wEstimates.shp,Data release - assumed measured,d50f32ff-06e2-3c39-8409-d3f43b62bf7b,-144627.723,275775.5112
781,Point,0,1,0.0,,781,87.35453725,105.0,17.64546275,TRUE,1.0,87.13369098,17.86630902,TRUE,1.0,87.58308483,17.41691517,TRUE,0.01,0.0,1,1,C,USGS_gbHeatFlowWells_wEstimates.shp,unmeasured,378e350b-ac10-315d-af34-298b0eb860cd,-49183.33963,338497.1576
782,Point,0,1,0.0,,782,85.27218951,99.008,13.73581049,TRUE,1.0,84.96854334,14.03945666,TRUE,1.0,85.81936835,13.18863165,TRUE,1.0,0.0,1,1,C,USGS_gbHeatFlowWells_wEstimates.shp,Data release - assumed measured,295efc63-2f63-3926-aca0-7972c1389dee,-134865.8063,352187.3842
783,Point,0,1,0.0,,783,85.86386387,96.0,10.13613613,TRUE,1.0,85.82182424,10.17817576,TRUE,1.0,85.95685359,10.04314641,TRUE,0.01,0.0,1,1,C,USGS_gbHeatFlowWells_wEstimates.shp,unmeasured,c9a2e3a5-fcf0-32f8-b846-909017efa3f4,-55918.58049,342495.4863
784,Point,0,1,0.0,,784,82.0579903,110.57,28.5120097,TRUE,1.0,81.59761794,28.97238206,TRUE,1.0,84.85721279,25.71278721,TRUE,1.0,0.0,1,1,C,USGS_gbHeatFlowWells_wEstimates.shp,Data release - assumed measured,e11e6924-09a1-3b4c-8c68-5b9b442d43cb,-162320.3344,318068.0275
785,Point,0,1,0.0,,785,85.11323575,76.44,-8.673235746,FALSE,-9999.0,85.72843252,-9.288432515,FALSE,-9999.0,85.1583314,-8.718331397,FALSE,-9999.0,0.0,1,1,C,USGS_gbHeatFlowWells_wEstimates.shp,Data release - assumed measured,b8ea26e0-8811-3bc7-8d71-b663cd043be3,-182580.6329,283047.152
786,Point,0,1,0.0,,786,86.36763708,62.79,-23.57763708,FALSE,-9999.0,86.26705826,-23.47705826,FALSE,-9999.0,88.39463784,-25.60463784,FALSE,-9999.0,0.0,1,1,C,USGS_gbHeatFlowWells_wEstimates.shp,Data release - assumed measured,59fdbef1-1deb-3604-8691-82b9419c2a75,-148303.7909,301436.9921
787,Point,0,1,0.0,,787,86.04526189,100.0,13.95473811,TRUE,1.0,85.98465449,14.01534551,TRUE,1.0,86.1388763,13.8611237,TRUE,0.01,0.0,1,1,C,USGS_gbHeatFlowWells_wEstimates.shp,unmeasured,5bfdab64-dbd3-3038-9e04-7234b208e4fb,-55312.29281,342737.7016
788,Point,0,1,0.0,,788,84.63435036,70.98,-13.65435036,FALSE,-9999.0,84.64097052,-13.66097052,FALSE,-9999.0,85.75260913,-14.77260913,FALSE,-9999.0,0.0,1,1,C,USGS_gbHeatFlowWells_wEstimates.shp,Data release - assumed measured,170f14aa-9ae5-3f94-94fe-d6d271a63345,-172538.6667,293483.1219
789,Point,0,1,0.0,,789,86.91333365,109.2,22.28666635,TRUE,1.0,87.03721412,22.16278588,TRUE,1.0,88.63127951,20.56872049,TRUE,1.0,0.0,1,1,C,USGS_gbHeatFlowWells_wEstimates.shp,Data release - assumed measured,063b75c0-50a0-339d-8fba-a58a5a8fbeb7,-138796.1285,294655.7913
790,Point,0,1,0.0,,790,85.21130853,93.184,7.972691466,TRUE,1.0,85.52323644,7.66076356,TRUE,1.0,85.40940409,7.774595914,TRUE,1.0,0.0,1,1,C,USGS_gbHeatFlowWells_wEstimates.shp,Data release - assumed measured,41255d8a-38db-3363-997f-69a531ff130a,-126941.4734,274816.0941
791,Point,0,1,0.0,,791,87.2152625,88.452,1.236737495,TRUE,1.0,87.38295328,1.069046717,TRUE,1.0,86.45349022,1.99850978,TRUE,1.0,0.0,1,1,C,USGS_gbHeatFlowWells_wEstimates.shp,Data release - assumed measured,a797253f-4ea0-347e-868b-96e40f2499b4,-148501.7456,272383.1522
792,Point,0,1,0.0,,792,85.50017764,57.0,-28.50017764,TRUE,1.0,86.80593355,-29.80593355,TRUE,1.0,86.02630377,-29.02630377,TRUE,1.0,0.0,1,1,C,USGS_gbHeatFlowWells_wEstimates.shp,known measured,992c4a58-a155-3057-b6d2-7fc6c7a60add,-187269.4159,188537.2585
793,Point,0,1,0.0,,793,80.18146693,76.44,-3.741466931,TRUE,1.0,81.32249656,-4.88249656,TRUE,1.0,80.42668919,-3.986689188,TRUE,0.01,0.0,1,1,C,USGS_gbHeatFlowWells_wEstimates.shp,unmeasured,2dc7c51b-87d6-3d3b-b242-37c945c72164,-184517.3005,145910.2193
794,Point,0,1,0.0,,794,80.30066093,81.536,1.23533907,TRUE,1.0,81.43203148,0.103968519,TRUE,1.0,80.53823913,0.997760872,TRUE,0.01,0.0,1,1,C,USGS_gbHeatFlowWells_wEstimates.shp,unmeasured,a863a9e4-5aa1-3dda-897e-c9b7d852da35,-182112.8051,144361.5156
795,Point,0,1,0.0,,795,86.72090617,101.01,14.28909383,TRUE,1.0,87.73171432,13.27828568,TRUE,1.0,87.46351252,13.54648748,TRUE,1.0,0.0,1,1,C,USGS_gbHeatFlowWells_wEstimates.shp,Data release - assumed measured,bd7afa47-f386-324a-bd84-5d1c71848a62,-74728.87975,297367.4156
796,Point,0,1,0.0,,796,82.82235058,112.73,29.90764942,FALSE,-9999.0,83.10599856,29.62400144,FALSE,-9999.0,82.83791245,29.89208755,FALSE,-9999.0,0.0,1,1,C,USGS_gbHeatFlowWells_wEstimates.shp,Data release - assumed measured,4943f536-43bf-3eb1-b03d-7694d9cf5089,-89173.08449,247260.5019
797,Point,0,1,0.0,,797,83.51358214,3.135,-80.37858214,FALSE,-9999.0,83.71659088,-80.58159088,FALSE,-9999.0,83.52857436,-80.39357436,FALSE,-9999.0,0.0,1,1,C,USGS_gbHeatFlowWells_wEstimates.shp,known measured,b80960df-c8c8-3e30-8968-7bd2188876e5,-80330.59754,245260.1124
798,Point,0,1,0.0,,798,85.12366099,119.76,34.63633901,FALSE,-9999.0,85.81663051,33.94336949,FALSE,-9999.0,85.44590308,34.31409692,FALSE,-9999.0,0.0,1,1,C,USGS_gbHeatFlowWells_wEstimates.shp,Data release - assumed measured,831a4a2f-a351-3c49-b314-0c2f6704056b,-84404.45461,269394.8083
799,Point,0,1,0.0,,799,85.97933251,150.15,64.17066749,FALSE,-9999.0,86.89384445,63.25615555,FALSE,-9999.0,86.49502759,63.65497241,FALSE,-9999.0,0.0,1,1,C,USGS_gbHeatFlowWells_wEstimates.shp,Data release - assumed measured,0b8ca9c4-e891-3574-9c65-337775a09186,-81708.38738,277020.3344
800,Point,0,1,0.0,,800,85.91139515,159.25,73.33860485,FALSE,-9999.0,86.83393996,72.41606004,FALSE,-9999.0,86.41968641,72.83031359,FALSE,-9999.0,0.0,1,1,C,USGS_gbHeatFlowWells_wEstimates.shp,Data release - assumed measured,376f0074-6f08-3ae3-999f-c339c3d8faa1,-82190.82045,277036.4428
801,Point,0,1,0.0,,801,81.86665127,65.52,-16.34665127,FALSE,-9999.0,82.0930866,-16.5730866,FALSE,-9999.0,81.83798274,-16.31798274,FALSE,-9999.0,0.0,1,1,C,USGS_gbHeatFlowWells_wEstimates.shp,Data release - assumed measured,f7fd7854-b8d8-3247-b880-242c0c8d0b54,-98052.61747,233419.2641
802,Point,0,1,0.0,,802,92.85022101,111.38,18.52977899,TRUE,1.0,92.91519478,18.46480522,TRUE,1.0,93.57687838,17.80312162,TRUE,1.0,0.0,1,1,C,USGS_gbHeatFlowWells_wEstimates.shp,Data release - assumed measured,9c4e903f-9bac-3746-abbf-15ec0feef62d,-50066.7209,288335.8994
803,Point,0,1,0.0,,803,89.08418018,81.9,-7.18418018,FALSE,-9999.0,89.08163945,-7.181639454,FALSE,-9999.0,89.42824474,-7.528244736,FALSE,-9999.0,0.0,1,1,C,USGS_gbHeatFlowWells_wEstimates.shp,Data release - assumed measured,2fce712c-03cc-3eb3-ac27-8e371e856c66,-60397.39177,263554.0925
809,Point,0,1,0.0,,809,97.24732319,19.11,-78.13732319,FALSE,-9999.0,96.64440692,-77.53440692,FALSE,-9999.0,97.51555261,-78.40555261,FALSE,-9999.0,0.0,1,1,D,USGS_gbHeatFlowWells_wEstimates.shp,Data release - assumed measured,444482fa-ed3a-3cd3-bb3e-8bfdf30eafde,-21385.88012,350135.4987
812,Point,0,1,0.0,,812,78.84984121,4.368,-74.48184121,TRUE,0.104888132,78.47824849,-74.11024849,TRUE,0.001085401,78.20185198,-73.83385198,TRUE,0.111338642,0.0,1,1,D,USGS_gbHeatFlowWells_wEstimates.shp,assumed measured,850e8e95-549d-3b55-bf8a-56f04581dea4,-78331.71187,184406.2252
813,Point,0,1,0.0,,813,85.68468259,38.22,-47.46468259,FALSE,-9999.0,85.67463245,-47.45463245,FALSE,-9999.0,85.72286431,-47.50286431,FALSE,-9999.0,0.0,1,1,D,USGS_gbHeatFlowWells_wEstimates.shp,Data release - assumed measured,d9a08142-5f08-3fd4-aed4-ee7251607c00,-57981.89442,343988.7441
814,Point,0,1,0.0,,814,87.65051511,11.79,-75.86051511,FALSE,-9999.0,87.74169197,-75.95169197,FALSE,-9999.0,87.75811777,-75.96811777,FALSE,-9999.0,0.0,1,1,D,USGS_gbHeatFlowWells_wEstimates.shp,Data release - assumed measured,9758381a-df1a-38d3-a986-935e539393b4,-132244.3929,209269.7636
815,Point,0,1,0.0,,815,82.53347775,18.0,-64.53347775,FALSE,-9999.0,82.80246548,-64.80246548,FALSE,-9999.0,82.53417802,-64.53417802,FALSE,-9999.0,0.0,1,1,D,USGS_gbHeatFlowWells_wEstimates.shp,Data release - assumed measured,a4fd0bf9-5dda-3e66-b2e8-b660a1908e31,-90896.92821,244453.0489
816,Point,0,1,0.0,,816,86.74544597,91.7,4.954554028,TRUE,1.0,87.81305398,3.886946016,TRUE,0.01,87.44760718,4.252392819,TRUE,1.0,0.0,1,1,D,USGS_gbHeatFlowWells_wEstimates.shp,known measured,10b1e41c-bb2a-3f91-ada4-d999eb2b8e7e,-78297.43501,283866.3362
817,Point,0,1,0.0,,817,84.68233578,163.52,78.83766422,FALSE,-9999.0,85.27467956,78.24532044,FALSE,-9999.0,84.91650998,78.60349002,FALSE,-9999.0,0.0,1,1,D,USGS_gbHeatFlowWells_wEstimates.shp,assumed measured,23eb1e04-52c0-3e85-88de-267b70c98696,-86018.95766,265814.8332
818,Point,0,1,0.0,,818,84.81975912,45.26,-39.55975912,FALSE,-9999.0,84.59869143,-39.33869143,FALSE,-9999.0,84.45054132,-39.19054132,FALSE,-9999.0,0.0,1,1,D,USGS_gbHeatFlowWells_wEstimates.shp,Data release - assumed measured,7eb47600-3e9d-380a-8c98-cc0608506f46,-40601.46831,225420.8633
819,Point,0,1,0.0,,819,86.28625717,170.67,84.38374283,FALSE,-9999.0,86.31734125,84.35265875,FALSE,-9999.0,86.32194735,84.34805265,FALSE,-9999.0,0.0,1,1,D,USGS_gbHeatFlowWells_wEstimates.shp,Data release - assumed measured,f71a90d8-6ea2-3812-8e4d-7f27bf6a7524,-127402.5836,212383.1447
820,Point,0,1,0.0,,820,78.85980375,29.2,-49.65980375,FALSE,-9999.0,78.16747257,-48.96747257,FALSE,-9999.0,78.0612721,-48.8612721,FALSE,-9999.0,0.0,1,1,D,USGS_gbHeatFlowWells_wEstimates.shp,Data release - assumed measured,ba53782d-6d65-3ae6-a669-bca3c4750115,-62759.27412,181765.1312
823,Point,0,1,0.0,,823,83.20734214,293.0,209.7926579,FALSE,-9999.0,84.79915578,208.2008442,FALSE,-9999.0,82.49500216,210.5049978,FALSE,-9999.0,0.0,1,1,G,USGS_gbHeatFlowWells_wEstimates.shp,assumed measured,614e9c24-fdbb-3a7c-acca-1d8a189d6821,-226492.519,204894.8328
828,Point,0,1,0.0,,828,87.41722166,340.34,252.9227783,FALSE,-9999.0,87.7352814,252.6047186,FALSE,-9999.0,85.70680472,254.6331953,FALSE,-9999.0,0.0,1,1,G,USGS_gbHeatFlowWells_wEstimates.shp,known measured,f9e612d1-a517-3818-9df6-2c856c84809e,-163811.6739,257056.627
829,Point,0,1,0.0,,829,83.67845702,191.8,108.121543,FALSE,-9999.0,84.55188709,107.2481129,FALSE,-9999.0,84.29903899,107.500961,FALSE,-9999.0,0.0,1,1,G,USGS_gbHeatFlowWells_wEstimates.shp,Data release - assumed measured,c3f96da6-8c64-37fa-84b5-598d52bbb5ec,-79952.86051,42092.8666
830,Point,0,1,0.0,,830,84.09646493,385.0,300.9035351,FALSE,-9999.0,85.02707772,299.9729223,FALSE,-9999.0,84.87829697,300.121703,FALSE,-9999.0,0.0,1,1,G,USGS_gbHeatFlowWells_wEstimates.shp,Data release - assumed measured,038f737f-8b07-3763-8180-8b5a33f8b0de,-76320.03403,42002.57559
831,Point,0,1,0.0,,831,83.98023779,224.0,140.0197622,FALSE,-9999.0,84.91831367,139.0816863,FALSE,-9999.0,84.66359672,139.3364033,FALSE,-9999.0,0.0,1,1,G,USGS_gbHeatFlowWells_wEstimates.shp,Data release - assumed measured,acb67198-b1e7-3523-9a4e-57bd7aab5c0e,-76922.94224,39945.8279
832,Point,0,1,0.0,,832,83.78012349,308.0,224.2198765,FALSE,-9999.0,84.66058118,223.3394188,FALSE,-9999.0,84.45717929,223.5428207,FALSE,-9999.0,0.0,1,1,G,USGS_gbHeatFlowWells_wEstimates.shp,Data release - assumed measured,43dfefce-88fd-33f6-8f4a-3c5a665e5a32,-79214.43487,42769.48995
833,Point,0,1,0.0,,833,83.66969167,245.0,161.3303083,FALSE,-9999.0,84.52622205,160.4737779,FALSE,-9999.0,84.33444169,160.6655583,FALSE,-9999.0,0.0,1,1,G,USGS_gbHeatFlowWells_wEstimates.shp,Data release - assumed measured,6b1534cd-9935-3af3-8f77-53c30e526033,-80371.01716,43901.45998
834,Point,0,1,0.0,,834,84.04944121,210.0,125.9505588,FALSE,-9999.0,85.00310436,124.9968956,FALSE,-9999.0,84.75268607,125.2473139,FALSE,-9999.0,0.0,1,1,G,USGS_gbHeatFlowWells_wEstimates.shp,Data release - assumed measured,68071017-91d5-34b3-81bc-7df1a103c81d,-76194.26138,39569.23572
835,Point,0,1,0.0,,835,99.08137197,540.0,440.918628,FALSE,-9999.0,98.09906761,441.9009324,FALSE,-9999.0,97.89014512,442.1098549,FALSE,-9999.0,0.0,1,1,G,USGS_gbHeatFlowWells_wEstimates.shp,Data release - assumed measured,7ec93912-3c87-3f5b-b8c1-bc88955af76f,-12391.76513,268570.6091
836,Point,0,1,0.0,,836,98.68244597,506.0,407.317554,FALSE,-9999.0,97.69702978,408.3029702,FALSE,-9999.0,97.49786192,408.5021381,FALSE,-9999.0,0.0,1,1,G,USGS_gbHeatFlowWells_wEstimates.shp,Data release - assumed measured,36d66f82-58ef-384e-a803-e95cfd704a5b,-13030.16139,266834.8255
837,Point,0,1,0.0,,837,99.2737796,364.0,264.7262204,FALSE,-9999.0,98.32631816,265.6736818,FALSE,-9999.0,98.07414276,265.9258572,FALSE,-9999.0,0.0,1,1,G,USGS_gbHeatFlowWells_wEstimates.shp,Data release - assumed measured,c516f225-1bac-30cf-897d-26d1455c689c,-11161.54065,269577.2767
838,Point,0,1,0.0,,838,97.99746053,163.0,65.00253947,FALSE,-9999.0,97.02138736,65.97861264,FALSE,-9999.0,96.82829472,66.17170528,FALSE,-9999.0,0.0,1,1,G,USGS_gbHeatFlowWells_wEstimates.shp,Data release - assumed measured,ab03ea62-69e4-35ed-9f0c-0c916f5692a1,-13873.95793,264135.7792
846,Point,0,1,0.0,,846,84.73763045,153.2,68.46236955,FALSE,-9999.0,85.29942086,67.90057914,FALSE,-9999.0,86.36248765,66.83751235,FALSE,-9999.0,0.0,1,1,G,USGS_gbHeatFlowWells_wEstimates.shp,assumed measured,1809a192-0bae-3643-aef8-1ec1340eb518,-117545.5853,305050.8919
847,Point,0,1,0.0,,847,86.70895435,122.85,36.14104565,FALSE,-9999.0,86.90951813,35.94048187,FALSE,-9999.0,85.57518442,37.27481558,FALSE,-9999.0,0.0,1,1,G,USGS_gbHeatFlowWells_wEstimates.shp,Data release - assumed measured,556044f7-4e90-3079-8425-b5c5317035b6,-170855.8936,276793.7419
848,Point,0,1,0.0,,848,86.34300654,294.84,208.4969935,FALSE,-9999.0,86.52006229,208.3199377,FALSE,-9999.0,85.68967948,209.1503205,FALSE,-9999.0,0.0,1,1,G,USGS_gbHeatFlowWells_wEstimates.shp,Data release - assumed measured,a6177460-414c-3781-8506-ff60dc2500de,-171502.4455,280236.8974
849,Point,0,1,0.0,,849,86.32932814,294.84,208.5106719,FALSE,-9999.0,86.48395989,208.3560401,FALSE,-9999.0,85.74944399,209.090556,FALSE,-9999.0,0.0,1,1,G,USGS_gbHeatFlowWells_wEstimates.shp,Data release - assumed measured,1a367560-b4a4-35fc-85c6-053d04d7a82d,-170974.809,280763.6108
850,Point,0,1,0.0,,850,82.29599478,68.62,-13.67599478,FALSE,-9999.0,82.99325168,-14.37325168,FALSE,-9999.0,82.40265061,-13.78265061,FALSE,-9999.0,0.0,1,1,G,USGS_gbHeatFlowWells_wEstimates.shp,Data release - assumed measured,c63c8a51-bd29-38bf-803e-dab98233cb86,-91556.7976,40925.81961
851,Point,0,1,0.0,,851,82.73270075,603.0,520.2672992,FALSE,-9999.0,83.48283941,519.5171606,FALSE,-9999.0,83.00607337,519.9939266,FALSE,-9999.0,0.0,1,1,G,USGS_gbHeatFlowWells_wEstimates.shp,Data release - assumed measured,d48f8676-17fd-3f4c-bfba-aebb611ef0be,-88004.20408,41851.26918
852,Point,0,1,0.0,,852,82.51054945,768.0,685.4894506,FALSE,-9999.0,83.23608485,684.7639152,FALSE,-9999.0,82.68697077,685.3130292,FALSE,-9999.0,0.0,1,1,G,USGS_gbHeatFlowWells_wEstimates.shp,Data release - assumed measured,59526c2e-319b-3386-a063-31e7ec5bb215,-89720.741,40928.16338
853,Point,0,1,0.0,,853,87.38314333,127.4,40.01685667,FALSE,-9999.0,87.74044871,39.65955129,FALSE,-9999.0,85.53359386,41.86640614,FALSE,-9999.0,0.0,1,1,G,USGS_gbHeatFlowWells_wEstimates.shp,unmeasured,f2e7ad60-2d5c-3008-8c0e-e2c925f5810e,-170505.3849,265735.7254
854,Point,0,1,0.0,,854,81.709302,184.1,102.390698,FALSE,-9999.0,81.87217985,102.2278201,FALSE,-9999.0,81.63784161,102.4621584,FALSE,-9999.0,0.0,1,1,G,USGS_gbHeatFlowWells_wEstimates.shp,Data release - assumed measured,224f6859-2340-3a13-b4cd-f4b3039272e4,-98602.44771,222509.8816
855,Point,0,1,0.0,,855,85.19081722,246.62,161.4291828,FALSE,-9999.0,86.18468214,160.4353179,FALSE,-9999.0,86.93431927,159.6856807,FALSE,-9999.0,0.0,1,1,G,USGS_gbHeatFlowWells_wEstimates.shp,Data release - assumed measured,0da6d239-b0cc-3b0c-9b15-14d74e555284,-60166.73713,46532.19745
856,Point,0,1,0.0,,856,85.25719855,196.46,111.2028014,FALSE,-9999.0,86.36484088,110.0951591,FALSE,-9999.0,87.14810847,109.3118915,FALSE,-9999.0,0.0,1,1,G,USGS_gbHeatFlowWells_wEstimates.shp,Data release - assumed measured,64c694fa-3fb6-3f7f-80b0-e629cd2fbfbf,-55899.82221,43890.82283
857,Point,0,1,0.0,,857,76.74581247,1674.4,1597.654188,FALSE,-9999.0,76.44308251,1597.956917,FALSE,-9999.0,78.69729589,1595.702704,FALSE,-9999.0,0.0,1,1,G,USGS_gbHeatFlowWells_wEstimates.shp,assumed measured,d288cb9a-9734-3739-b3b9-20512a1356d3,-202300.5256,324973.4446
858,Point,0,1,0.0,,858,77.01126286,167.04,90.02873714,FALSE,-9999.0,76.78038716,90.25961284,FALSE,-9999.0,78.9483093,88.0916907,FALSE,-9999.0,0.0,1,1,G,USGS_gbHeatFlowWells_wEstimates.shp,assumed measured,288e1391-f50a-3bd8-9358-24867906c20f,-204509.635,323214.2487
859,Point,0,1,0.0,,859,76.47557869,1820.0,1743.524421,FALSE,-9999.0,76.16596836,1743.834032,FALSE,-9999.0,78.24460274,1741.755397,FALSE,-9999.0,0.0,1,1,G,USGS_gbHeatFlowWells_wEstimates.shp,assumed measured,eae87368-5319-361f-a3b9-5cb5e5bbbcc5,-204991.5987,326756.4326
861,Point,0,1,0.0,,861,83.1349506,127.4,44.2650494,FALSE,-9999.0,83.95127766,43.44872234,FALSE,-9999.0,83.50265844,43.89734156,FALSE,-9999.0,0.0,1,1,G,USGS_gbHeatFlowWells_wEstimates.shp,assumed measured,2669ade3-2cf0-39f1-a900-10de1dec9416,-84192.96901,40012.73083
870,Point,0,1,0.0,,870,92.92351931,165.0,72.07648069,FALSE,-9999.0,92.4001051,72.5998949,FALSE,-9999.0,92.84926314,72.15073686,FALSE,-9999.0,0.0,1,1,G,USGS_gbHeatFlowWells_wEstimates.shp,Data release - assumed measured,84429819-527c-3802-ae27-223054cd9611,-42873.58254,264192.76
871,Point,0,1,0.0,,871,91.5606563,557.0,465.4393437,FALSE,-9999.0,91.10919121,465.8908088,FALSE,-9999.0,91.39619382,465.6038062,FALSE,-9999.0,0.0,1,1,G,USGS_gbHeatFlowWells_wEstimates.shp,Data release - assumed measured,4a22ee2e-b9f7-338b-a5bd-f7b1c564af9b,-44401.84575,257668.1898
872,Point,0,1,0.0,,872,94.21098503,158.2,63.98901497,FALSE,-9999.0,93.61651319,64.58348681,FALSE,-9999.0,94.16383603,64.03616397,FALSE,-9999.0,0.0,1,1,G,USGS_gbHeatFlowWells_wEstimates.shp,known measured,3caedf52-27be-302d-8d42-ada6ce27d3e8,-40611.33593,269451.2636
873,Point,0,1,0.0,,873,92.52098618,154.84,62.31901382,FALSE,-9999.0,92.11115351,62.72884649,FALSE,-9999.0,92.64782981,62.19217019,FALSE,-9999.0,0.0,1,1,G,USGS_gbHeatFlowWells_wEstimates.shp,known measured,14e4f837-3e16-3e05-a684-4b3a990d8a80,-46415.724,267054.7657
874,Point,0,1,0.0,,874,92.06888142,409.0,316.9311186,FALSE,-9999.0,91.55426298,317.445737,FALSE,-9999.0,91.83116235,317.1688376,FALSE,-9999.0,0.0,1,1,G,USGS_gbHeatFlowWells_wEstimates.shp,Data release - assumed measured,d544ba3b-ad03-3897-bf86-43fd738c0de8,-41981.99325,257901.7797
875,Point,0,1,0.0,,875,91.8600925,135.24,43.3799075,FALSE,-9999.0,91.41468713,43.82531287,FALSE,-9999.0,91.7820704,43.4579296,FALSE,-9999.0,0.0,1,1,G,USGS_gbHeatFlowWells_wEstimates.shp,known measured,3e3d6f70-5a92-353c-8797-094759864825,-45180.8417,260511.2675
876,Point,0,1,0.0,,876,91.68343296,134.96,43.27656704,FALSE,-9999.0,91.24301982,43.71698018,FALSE,-9999.0,91.58027502,43.37972498,FALSE,-9999.0,0.0,1,1,G,USGS_gbHeatFlowWells_wEstimates.shp,known measured,be387fd4-e837-3789-ac33-bf4581494764,-45187.10476,259390.7387
877,Point,0,1,0.0,,877,91.20767248,189.0,97.79232752,FALSE,-9999.0,90.78917074,98.21082926,FALSE,-9999.0,91.05784254,97.94215746,FALSE,-9999.0,0.0,1,1,G,USGS_gbHeatFlowWells_wEstimates.shp,known measured,21094854-ab46-36b0-83b7-99cd1fadea23,-45484.63505,256777.7549
878,Point,0,1,0.0,,878,93.56245078,181.3,87.73754922,FALSE,-9999.0,93.01063787,88.28936213,FALSE,-9999.0,93.52508597,87.77491403,FALSE,-9999.0,0.0,1,1,G,USGS_gbHeatFlowWells_wEstimates.shp,known measured,45507902-9240-3aa3-9177-fcd1ce96b2ff,-42035.31057,267217.5207
879,Point,0,1,0.0,,879,93.52487386,142.0,48.47512614,FALSE,-9999.0,92.9083278,49.0916722,FALSE,-9999.0,93.30601955,48.69398045,FALSE,-9999.0,0.0,1,1,G,USGS_gbHeatFlowWells_wEstimates.shp,Data release - assumed measured,7890dde7-b8cf-372b-9592-53a43d20d2c7,-39578.74082,263436.3814
880,Point,0,1,0.0,,880,92.5491633,493.0,400.4508367,FALSE,-9999.0,92.0498854,400.9501146,FALSE,-9999.0,92.46682944,400.5331706,FALSE,-9999.0,0.0,1,1,G,USGS_gbHeatFlowWells_wEstimates.shp,Data release - assumed measured,f2a4b47a-17a0-34c1-97f5-ed8b2f8a8859,-43559.78331,262739.7249
881,Point,0,1,0.0,,881,89.05602027,237.0,147.9439797,TRUE,0.000120848,88.83971844,148.1602816,TRUE,0.000118465,88.9744959,148.0255041,TRUE,0.000119944,0.0,1,1,G,USGS_gbHeatFlowWells_wEstimates.shp,Data release - assumed measured,6a266ddd-2ee5-33d0-8395-f636afb27141,-52973.03865,251220.4311
882,Point,0,1,0.0,,882,93.63870504,669.0,575.361295,FALSE,-9999.0,93.01162812,575.9883719,FALSE,-9999.0,93.4119126,575.5880874,FALSE,-9999.0,0.0,1,1,G,USGS_gbHeatFlowWells_wEstimates.shp,Data release - assumed measured,3095e832-e9dc-31e4-bca0-7df90d4394a4,-39255.24093,263692.5268
883,Point,0,1,0.0,,883,85.29896441,361.8,276.5010356,FALSE,-9999.0,86.32442438,275.4755756,FALSE,-9999.0,87.15694824,274.6430518,FALSE,-9999.0,0.0,1,1,G,USGS_gbHeatFlowWells_wEstimates.shp,Data release - assumed measured,cd8ece54-0ff1-321c-803e-34c3e058f38b,-57366.52075,45951.93889
885,Point,0,1,0.0,,885,84.12363487,132.5,48.37636513,FALSE,-9999.0,83.7831681,48.7168319,FALSE,-9999.0,86.59362771,45.90637229,FALSE,-9999.0,0.0,1,1,G,USGS_gbHeatFlowWells_wEstimates.shp,assumed measured,09744b13-905b-3c3e-9b14-a684b8278994,-160043.8149,308292.4653
886,Point,0,1,0.0,,886,84.52957177,425.52,340.9904282,FALSE,-9999.0,84.23102723,341.2889728,FALSE,-9999.0,86.83391184,338.6860882,FALSE,-9999.0,0.0,1,1,G,USGS_gbHeatFlowWells_wEstimates.shp,assumed measured,362dd917-5a19-3ed3-a28e-9b34fc00014e,-160088.5284,306052.2774
887,Point,0,1,0.0,,887,84.56898432,238.0,153.4310157,FALSE,-9999.0,84.72537627,153.2746237,FALSE,-9999.0,84.39984846,153.6001515,FALSE,-9999.0,0.0,1,1,G,USGS_gbHeatFlowWells_wEstimates.shp,known measured,1d562388-a46c-3d99-a9eb-1fceff5951cd,-131827.5235,235905.0595
888,Point,0,1,0.0,,888,94.58196035,2100.0,2005.41804,FALSE,-9999.0,95.67788214,2004.322118,FALSE,-9999.0,94.81016563,2005.189834,FALSE,-9999.0,0.0,1,1,G,USGS_gbHeatFlowWells_wEstimates.shp,assumed measured,f3ab02fd-4ed8-304d-ae60-3806346a1d4c,33237.88711,343299.4317
890,Point,0,1,0.0,,890,94.59128953,325.04,230.4487105,FALSE,-9999.0,95.66280483,229.3771952,FALSE,-9999.0,94.82981444,230.2101856,FALSE,-9999.0,0.0,1,1,G,USGS_gbHeatFlowWells_wEstimates.shp,known measured,53cdb952-d426-3eb6-a264-79d5ad8e7b38,32999.82975,344015.3029
891,Point,0,1,0.0,,891,87.67247617,32.0,-55.67247617,FALSE,-9999.0,88.0404409,-56.0404409,FALSE,-9999.0,86.00410792,-54.00410792,FALSE,-9999.0,0.0,1,1,G,USGS_gbHeatFlowWells_wEstimates.shp,known measured,7a5e0423-95e2-31f8-ad4b-923e95be9531,-165880.1465,254319.2981
892,Point,0,1,0.0,,892,94.59011452,385.56,290.9698855,FALSE,-9999.0,95.69250795,289.8674921,FALSE,-9999.0,94.81532151,290.7446785,FALSE,-9999.0,0.0,1,1,G,USGS_gbHeatFlowWells_wEstimates.shp,known measured,9a411795-c668-38c2-8e2a-e688c0f3fe66,33272.45976,343064.352
893,Point,0,1,0.0,,893,94.69481849,391.51,296.8151815,FALSE,-9999.0,95.79064106,295.7193589,FALSE,-9999.0,94.92014258,296.5898574,FALSE,-9999.0,0.0,1,1,G,USGS_gbHeatFlowWells_wEstimates.shp,known measured,bb2427d5-7d6b-32aa-a882-f4446a96dc2a,32945.92827,342838.9741
894,Point,0,1,0.0,,894,95.0734782,225.93,130.8565218,FALSE,-9999.0,96.12704391,129.8029561,FALSE,-9999.0,95.30397546,130.6260245,FALSE,-9999.0,0.0,1,1,G,USGS_gbHeatFlowWells_wEstimates.shp,known measured,3bbc1bfc-b967-3aa6-b129-94bc6673e46a,31603.81074,342497.4996
895,Point,0,1,0.0,,895,94.37863125,280.33,185.9513688,FALSE,-9999.0,95.527033,184.802967,FALSE,-9999.0,94.58817384,185.7418262,FALSE,-9999.0,0.0,1,1,G,USGS_gbHeatFlowWells_wEstimates.shp,known measured,2036a737-5e80-31c4-93aa-ccaa38e40aa6,34207.10121,342452.2621
896,Point,0,1,0.0,,896,94.66534803,1237.6,1142.934652,FALSE,-9999.0,95.78964528,1141.810355,FALSE,-9999.0,94.87917573,1142.720824,FALSE,-9999.0,0.0,1,1,G,USGS_gbHeatFlowWells_wEstimates.shp,known measured,f7b5ae54-6d7e-3d7d-989a-a446bafd8438,33259.87736,342056.2048
897,Point,0,1,0.0,,897,94.85157235,280.0,185.1484277,FALSE,-9999.0,95.96615479,184.0338452,FALSE,-9999.0,95.06406103,184.935939,FALSE,-9999.0,0.0,1,1,G,USGS_gbHeatFlowWells_wEstimates.shp,assumed measured,718f380b-7303-37c8-a337-83b3491d8f1c,32690.9264,341549.81
898,Point,0,1,0.0,,898,93.64088051,191.93,98.28911949,FALSE,-9999.0,94.8072908,97.1227092,FALSE,-9999.0,93.85013956,98.07986044,FALSE,-9999.0,0.0,1,1,G,USGS_gbHeatFlowWells_wEstimates.shp,known measured,1446b261-5808-3c54-aa90-eec1380e8b0a,36297.09628,344488.9003
899,Point,0,1,0.0,,899,97.62876947,122.3,24.67123053,TRUE,1.0,97.97716774,24.32283226,TRUE,1.0,98.09113922,24.20886078,TRUE,1.0,0.0,1,1,G,USGS_gbHeatFlowWells_wEstimates.shp,Data release - assumed measured,9dd40700-a3af-3eb6-afee-a6fd9d2bd1ff,9013.173302,359565.1193
904,Point,0,1,0.0,,904,93.6344961,195.2,101.5655039,FALSE,-9999.0,95.09171834,100.1082817,FALSE,-9999.0,93.72735778,101.4726422,FALSE,-9999.0,0.0,1,1,G,USGS_gbHeatFlowWells_wEstimates.shp,Data release - assumed measured,564a2290-2ef0-3d6f-93ae-a07302bcbf88,38673.2782,334026.8858
905,Point,0,1,0.0,,905,91.82287109,195.33,103.5071289,TRUE,0.007239605,93.57149065,101.7585094,TRUE,0.008504712,91.89309989,103.4369001,TRUE,0.007286585,0.0,1,1,G,USGS_gbHeatFlowWells_wEstimates.shp,Data release - assumed measured,920c1b19-fcb8-372f-94f4-0bd43e923329,46251.69945,334694.5493
910,Point,0,1,0.0,,910,97.72225525,124.49,26.76774475,FALSE,-9999.0,96.79151375,27.69848625,FALSE,-9999.0,97.56090517,26.92909483,FALSE,-9999.0,0.0,1,1,G,USGS_gbHeatFlowWells_wEstimates.shp,assumed measured,161fbf4a-c446-3820-8110-99437b3053ca,-27336.74648,304808.1744
911,Point,0,1,0.0,,911,97.16838335,170.35,73.18161665,FALSE,-9999.0,96.27865787,74.07134213,FALSE,-9999.0,97.08666653,73.26333347,FALSE,-9999.0,0.0,1,1,G,USGS_gbHeatFlowWells_wEstimates.shp,assumed measured,98f059e1-6aa4-3683-9dec-b6be5173be40,-29148.8211,305307.4872
918,Point,0,1,0.0,,918,87.0338814,167.08,80.0461186,FALSE,-9999.0,87.08756649,79.99243351,FALSE,-9999.0,87.04270359,80.03729641,FALSE,-9999.0,0.0,1,1,G,USGS_gbHeatFlowWells_wEstimates.shp,Data release - assumed measured,753d52a6-a067-3d86-a077-8d91f486ba76,-132869.5223,218022.6557
919,Point,0,1,0.0,,919,96.06949134,270.0,173.9305087,FALSE,-9999.0,95.04698384,174.9530162,FALSE,-9999.0,96.10257872,173.8974213,FALSE,-9999.0,0.0,1,1,G,USGS_gbHeatFlowWells_wEstimates.shp,known measured,2448573e-3887-3eda-827a-cea1d045d08e,-27164.06652,320928.4634
920,Point,0,1,0.0,,920,85.18309102,171.08,85.89690898,FALSE,-9999.0,86.12947746,84.95052254,FALSE,-9999.0,85.59961482,85.48038518,FALSE,-9999.0,0.0,1,1,G,USGS_gbHeatFlowWells_wEstimates.shp,Data release - assumed measured,ce16e1a1-0dca-3156-b455-4c18d15a125c,-94252.16993,281706.7401
921,Point,0,1,0.0,,921,85.08275043,134.68,49.59724957,FALSE,-9999.0,85.90274103,48.77725897,FALSE,-9999.0,85.54260749,49.13739251,FALSE,-9999.0,0.0,1,1,G,USGS_gbHeatFlowWells_wEstimates.shp,Data release - assumed measured,63c2a6d2-c919-3686-b4b5-d5c69a9b330d,-100407.3532,283484.3761
922,Point,0,1,0.0,,922,83.5324401,419.02,335.4875599,FALSE,-9999.0,83.83288336,335.1871166,FALSE,-9999.0,83.97484472,335.0451553,FALSE,-9999.0,0.0,1,1,G,USGS_gbHeatFlowWells_wEstimates.shp,known measured,7a55a1cd-c4e0-3c57-b23c-4499a55ea7de,-106476.5941,340376.9274
924,Point,0,1,0.0,,924,88.25191488,252.28,164.0280851,FALSE,-9999.0,88.33253941,163.9474606,FALSE,-9999.0,88.29879051,163.9812095,FALSE,-9999.0,0.0,1,1,G,USGS_gbHeatFlowWells_wEstimates.shp,Data release - assumed measured,056b3d20-5f93-3216-8d6c-c38e53d8f378,-137531.1877,214760.2103
925,Point,0,1,0.0,,925,89.17214155,506.94,417.7678584,FALSE,-9999.0,89.35911024,417.5808898,FALSE,-9999.0,89.30485476,417.6351452,FALSE,-9999.0,0.0,1,1,G,USGS_gbHeatFlowWells_wEstimates.shp,Data release - assumed measured,4c573c97-a400-3f1e-98a4-299adbfc3127,-141991.0553,210073.2909
926,Point,0,1,0.0,,926,88.7714465,509.6,420.8285535,FALSE,-9999.0,88.88434786,420.7156521,FALSE,-9999.0,88.83766775,420.7623323,FALSE,-9999.0,0.0,1,1,G,USGS_gbHeatFlowWells_wEstimates.shp,Data release - assumed measured,897354a8-0796-3971-8725-4954dc28b33e,-140174.5056,213404.3571
927,Point,0,1,0.0,,927,83.64889691,397.67,314.0211031,FALSE,-9999.0,85.42786978,312.2421302,FALSE,-9999.0,82.92022435,314.7497756,FALSE,-9999.0,0.0,1,1,G,USGS_gbHeatFlowWells_wEstimates.shp,Data release - assumed measured,3de856d5-fe2f-3938-b11a-bd19b280c065,-237221.4741,215112.5978
928,Point,0,1,0.0,,928,84.6855255,243.0,158.3144745,FALSE,-9999.0,85.25457159,157.7454284,FALSE,-9999.0,84.84045185,158.1595482,FALSE,-9999.0,0.0,1,1,G,USGS_gbHeatFlowWells_wEstimates.shp,Data release - assumed measured,91915899-c159-3a64-add8-edf2ea202a52,-102762.5295,272622.3315
929,Point,0,1,0.0,,929,89.92760533,130.48,40.55239467,FALSE,-9999.0,90.696819,39.783181,FALSE,-9999.0,88.84068716,41.63931284,FALSE,-9999.0,0.0,1,1,G,USGS_gbHeatFlowWells_wEstimates.shp,Data release - assumed measured,4d6f27f3-5e60-3b8e-b2fa-439033076093,-178766.6108,237332.8816
930,Point,0,1,0.0,,930,83.02840875,142.8,59.77159125,FALSE,-9999.0,83.8475488,58.9524512,FALSE,-9999.0,83.30423009,59.49576991,FALSE,-9999.0,0.0,1,1,G,USGS_gbHeatFlowWells_wEstimates.shp,Data release - assumed measured,acd6bb68-bfaa-327a-addb-41e387a2b237,-84641.40217,37779.37081
933,Point,0,1,0.0,,933,87.04558166,134.0,46.95441834,FALSE,-9999.0,86.94592135,47.05407865,FALSE,-9999.0,87.16771939,46.83228061,FALSE,-9999.0,0.0,1,1,G,USGS_gbHeatFlowWells_wEstimates.shp,assumed measured,7f66fdcd-55e7-3f80-9502-c4241db3ad35,-55299.9339,346949.2123
934,Point,0,1,0.0,,934,87.70032849,10234.4,10146.69967,FALSE,-9999.0,88.13697036,10146.26303,FALSE,-9999.0,85.8431275,10148.55687,FALSE,-9999.0,0.0,1,1,G,USGS_gbHeatFlowWells_wEstimates.shp,known measured,279ebdff-46fd-3448-b9ed-97c900fc9a5b,-170446.5021,259289.9442
935,Point,0,1,0.0,,935,94.19911722,180.0,85.80088278,FALSE,-9999.0,95.26926913,84.73073087,FALSE,-9999.0,94.44590432,85.55409568,FALSE,-9999.0,0.0,1,1,G,USGS_gbHeatFlowWells_wEstimates.shp,assumed measured,f3fca29d-f8c7-3a6e-8276-70ec3689f381,33975.71974,345509.1252
936,Point,0,1,0.0,,936,87.77093321,280.94,193.1690668,FALSE,-9999.0,88.22842107,192.7115789,FALSE,-9999.0,85.92433665,195.0156633,FALSE,-9999.0,0.0,1,1,G,USGS_gbHeatFlowWells_wEstimates.shp,known measured,8f54a36e-ecae-3e0c-8a2a-2767330ad8e3,-170931.6592,258425.9858
943,Point,0,1,0.0,,943,80.43164456,121.0,40.56835544,FALSE,-9999.0,81.40182194,39.59817806,FALSE,-9999.0,80.28733196,40.71266804,FALSE,-9999.0,0.0,1,1,G,USGS_gbHeatFlowWells_wEstimates.shp,Data release - assumed measured,ff46efed-cc12-3370-a2af-cb0804651d86,-137604.9689,94448.13441
944,Point,0,1,0.0,,944,80.58515044,142.0,61.41484956,FALSE,-9999.0,81.52532107,60.47467893,FALSE,-9999.0,80.41822326,61.58177674,FALSE,-9999.0,0.0,1,1,G,USGS_gbHeatFlowWells_wEstimates.shp,Data release - assumed measured,d4d5d4f7-cda5-3427-982c-fdb9f28d0358,-135054.9885,91513.74535
945,Point,0,1,0.0,,945,80.56454403,247.0,166.435456,FALSE,-9999.0,81.4647522,165.5352478,FALSE,-9999.0,80.31207802,166.687922,FALSE,-9999.0,0.0,1,1,G,USGS_gbHeatFlowWells_wEstimates.shp,Data release - assumed measured,1c5bfc55-8006-393c-b216-6955e5b85cc0,-136111.6549,88908.02325
947,Point,0,1,0.0,,947,84.78464802,160.52,75.73535198,FALSE,-9999.0,84.93093328,75.58906672,FALSE,-9999.0,84.60964132,75.91035868,FALSE,-9999.0,0.0,1,1,G,USGS_gbHeatFlowWells_wEstimates.shp,Data release - assumed measured,45792591-5ec4-362d-8c9c-27f903c5b834,-132835.6434,235674.9691
948,Point,0,1,0.0,,948,89.04327007,336.28,247.2367299,FALSE,-9999.0,89.18141671,247.0985833,FALSE,-9999.0,89.13175162,247.1482484,FALSE,-9999.0,0.0,1,1,G,USGS_gbHeatFlowWells_wEstimates.shp,Data release - assumed measured,4379552d-5849-3de8-868f-b55c4a269fbd,-141439.2933,211845.8648
949,Point,0,1,0.0,,949,89.50471269,124.88,35.37528731,FALSE,-9999.0,89.74551268,35.13448732,FALSE,-9999.0,89.59924831,35.28075169,FALSE,-9999.0,0.0,1,1,G,USGS_gbHeatFlowWells_wEstimates.shp,Data release - assumed measured,4fac1fd9-5a7c-33b0-b4c5-aad95ccfadb3,-146952.7173,212874.1814
950,Point,0,1,0.0,,950,93.81991039,180.0,86.18008961,FALSE,-9999.0,95.0308411,84.9691589,FALSE,-9999.0,94.00738443,85.99261557,FALSE,-9999.0,0.0,1,1,G,USGS_gbHeatFlowWells_wEstimates.shp,assumed measured,0108893b-c154-33e7-b565-ecd493b4ab50,36239.42578,342405.2492
951,Point,0,1,0.0,,951,93.68972994,142.66,48.97027006,FALSE,-9999.0,94.95787251,47.70212749,FALSE,-9999.0,93.85361579,48.80638421,FALSE,-9999.0,0.0,1,1,G,USGS_gbHeatFlowWells_wEstimates.shp,assumed measured,b5dc20dd-9802-3455-832e-7c0e04d39492,37111.30792,340908.3209
953,Point,0,1,0.0,,953,86.44498755,173.26,86.81501245,FALSE,-9999.0,86.58862504,86.67137496,FALSE,-9999.0,85.75669803,87.50330197,FALSE,-9999.0,0.0,1,1,G,USGS_gbHeatFlowWells_wEstimates.shp,unmeasured,0eb6e7f2-96e8-3022-a08b-98a9dc4c6a9b,-170342.3163,280115.1291
954,Point,0,1,0.0,,954,83.96471268,3950.0,3866.035287,FALSE,-9999.0,85.74924406,3864.250756,FALSE,-9999.0,83.21900225,3866.780998,FALSE,-9999.0,0.0,1,1,G,USGS_gbHeatFlowWells_wEstimates.shp,assumed measured,49e5f87c-74fe-3a3e-8879-95fcd3fea104,-234726.0789,215779.9641
955,Point,0,1,0.0,,955,83.75860636,3296.0,3212.241394,FALSE,-9999.0,85.53886818,3210.461132,FALSE,-9999.0,83.02007379,3212.979926,FALSE,-9999.0,0.0,1,1,G,USGS_gbHeatFlowWells_wEstimates.shp,assumed measured,a7e3b2d0-d324-3034-b798-2fa910e2f3ca,-235986.4359,215009.2922
956,Point,0,1,0.0,,956,99.04832521,356.72,257.6716748,FALSE,-9999.0,98.06806323,258.6519368,FALSE,-9999.0,97.85679311,258.8632069,FALSE,-9999.0,0.0,1,1,G,USGS_gbHeatFlowWells_wEstimates.shp,assumed measured,dead83dc-6025-3ca9-a293-2f4e10668ea4,-12366.56535,268424.9026
957,Point,0,1,0.0,,957,87.2592222,342.0,254.7407778,FALSE,-9999.0,87.13421454,254.8657855,FALSE,-9999.0,87.38552131,254.6144787,FALSE,-9999.0,0.0,1,1,G,USGS_gbHeatFlowWells_wEstimates.shp,known measured,88f8d8e6-ad59-3d32-b1a0-223dad18ebb2,-53959.139,346648.8115
958,Point,0,1,0.0,,958,88.18567051,231.0,142.8143295,FALSE,-9999.0,88.01695946,142.9830405,FALSE,-9999.0,88.36956072,142.6304393,FALSE,-9999.0,0.0,1,1,G,USGS_gbHeatFlowWells_wEstimates.shp,known measured,5b505eff-1cf1-3b8e-ae2d-e3a609d79fa2,-51992.50828,348349.4999
959,Point,0,1,0.0,,959,84.13192378,2262.25,2178.118076,FALSE,-9999.0,85.92697227,2176.323028,FALSE,-9999.0,83.38902811,2178.860972,FALSE,-9999.0,0.0,1,1,G,USGS_gbHeatFlowWells_wEstimates.shp,assumed measured,df9786a9-4660-3d68-93ee-2121973674d5,-234412.1888,216892.0619
960,Point,0,1,0.0,,960,93.92485199,133.77,39.84514801,FALSE,-9999.0,93.58030232,40.18969768,FALSE,-9999.0,94.4284459,39.3415541,FALSE,-9999.0,0.0,1,1,G,USGS_gbHeatFlowWells_wEstimates.shp,Data release - assumed measured,7a21b111-5dc0-3294-8e7d-ab34fb93b7ff,-42973.25328,299476.4598
961,Point,0,1,0.0,,961,83.86220493,175.0,91.13779507,FALSE,-9999.0,84.75857872,90.24142128,FALSE,-9999.0,84.0443356,90.9556644,FALSE,-9999.0,0.0,1,1,G,USGS_gbHeatFlowWells_wEstimates.shp,assumed measured,4f233fca-15c2-321f-a43c-7bbd7e824b40,-76191.41044,315273.3981
962,Point,0,1,0.0,,962,91.86813039,141.78,49.91186961,TRUE,1.0,91.21629884,50.56370116,TRUE,0.94940596,91.16501756,50.61498244,TRUE,0.944932319,0.0,1,1,G,USGS_gbHeatFlowWells_wEstimates.shp,Data release - assumed measured,c40079db-488a-38fa-a391-2cdc13785649,-28401.57313,247361.529
963,Point,0,1,0.0,,963,97.8352327,140.14,42.3047673,FALSE,-9999.0,96.84930935,43.29069065,FALSE,-9999.0,96.67782826,43.46217174,FALSE,-9999.0,0.0,1,1,G,USGS_gbHeatFlowWells_wEstimates.shp,unmeasured,4d78a412-a8a8-38dd-ae2d-ad8ef682b98f,-14635.2997,263573.1124
964,Point,0,1,0.0,,964,99.01070294,823.0,723.9892971,FALSE,-9999.0,98.01045928,724.9895407,FALSE,-9999.0,97.82627964,725.1737204,FALSE,-9999.0,0.0,1,1,G,USGS_gbHeatFlowWells_wEstimates.shp,assumed measured,b55b4fc0-5aff-36b0-9307-fea437653290,-13073.10284,268239.2612
965,Point,0,1,0.0,,965,98.47651427,264.99,166.5134857,FALSE,-9999.0,97.50708578,167.4829142,FALSE,-9999.0,97.29085276,167.6991472,FALSE,-9999.0,0.0,1,1,G,USGS_gbHeatFlowWells_wEstimates.shp,assumed measured,1cb32c16-bb1e-3589-a6ba-37eda82f01b9,-12794.13635,265997.803
966,Point,0,1,0.0,,966,98.61574718,402.58,303.9642528,FALSE,-9999.0,97.62792068,304.9520793,FALSE,-9999.0,97.43346305,305.1465369,FALSE,-9999.0,0.0,1,1,G,USGS_gbHeatFlowWells_wEstimates.shp,assumed measured,d7f79860-172c-3341-8cce-e9cf2f4247c2,-13217.09387,266558.7291
967,Point,0,1,0.0,,967,99.05284367,550.37,451.3171563,FALSE,-9999.0,98.0509702,452.3190298,FALSE,-9999.0,97.86853916,452.5014608,FALSE,-9999.0,0.0,1,1,G,USGS_gbHeatFlowWells_wEstimates.shp,unmeasured,be8e1db7-bf5d-3710-adb4-cfc63625fe48,-13072.79967,268426.0181
969,Point,0,1,0.0,,969,86.40212453,380.38,293.9778755,FALSE,-9999.0,87.5625787,292.8174213,FALSE,-9999.0,85.35283672,295.0271633,FALSE,-9999.0,0.0,1,1,G,USGS_gbHeatFlowWells_wEstimates.shp,Data release - assumed measured,adc36f6c-b965-3cd9-aeb4-f4c48890ef56,-189760.1751,269304.3498
970,Point,0,1,0.0,,970,86.13584239,380.38,294.2441576,FALSE,-9999.0,87.18605154,293.1939485,FALSE,-9999.0,85.23357025,295.1464297,FALSE,-9999.0,0.0,1,1,G,USGS_gbHeatFlowWells_wEstimates.shp,Data release - assumed measured,936da649-df36-3f5c-919c-c4cfe440caeb,-187915.2994,272063.1282
971,Point,0,1,0.0,,971,85.00135636,242.06,157.0586436,FALSE,-9999.0,86.19168347,155.8683165,FALSE,-9999.0,84.8283262,157.2316738,FALSE,-9999.0,0.0,1,1,G,USGS_gbHeatFlowWells_wEstimates.shp,Data release - assumed measured,54ff1b43-4ea3-3b33-a354-37c128e815a2,-191678.5674,277755.8262
972,Point,0,1,0.0,,972,85.71628188,207.48,121.7637181,FALSE,-9999.0,86.90080502,120.579195,FALSE,-9999.0,85.06976328,122.4102367,FALSE,-9999.0,0.0,1,1,G,USGS_gbHeatFlowWells_wEstimates.shp,Data release - assumed measured,9f586c56-da90-3461-b56c-d9dbec36eb72,-190678.9053,273473.0488
973,Point,0,1,0.0,,973,86.4371384,138.32,51.8828616,FALSE,-9999.0,87.89544445,50.42455555,FALSE,-9999.0,85.36885312,52.95114688,FALSE,-9999.0,0.0,1,1,G,USGS_gbHeatFlowWells_wEstimates.shp,Data release - assumed measured,04fdd3df-7f73-3e65-91d5-3ca71f55760b,-195943.0713,266089.8035
974,Point,0,1,0.0,,974,86.27844653,242.06,155.7815535,FALSE,-9999.0,87.60567037,154.4543296,FALSE,-9999.0,85.29597475,156.7640252,FALSE,-9999.0,0.0,1,1,G,USGS_gbHeatFlowWells_wEstimates.shp,Data release - assumed measured,2ff72ae5-55dc-3bdf-a9d9-bd4a2a56958f,-193086.4798,268486.7172
975,Point,0,1,0.0,,975,85.75295197,251.0,165.247048,FALSE,-9999.0,86.82593442,164.1740656,FALSE,-9999.0,86.28736794,164.7126321,FALSE,-9999.0,0.0,1,1,G,USGS_gbHeatFlowWells_wEstimates.shp,assumed measured,976b7838-3f3d-3b4b-a7b8-73546d15ba5b,-84701.5386,280625.712
976,Point,0,1,0.0,,976,87.31842523,184.0,96.68157477,FALSE,-9999.0,88.35217,95.64783,FALSE,-9999.0,88.12819655,95.87180345,FALSE,-9999.0,0.0,1,1,G,USGS_gbHeatFlowWells_wEstimates.shp,Data release - assumed measured,77b37fa9-a75b-3704-84d3-0a4328d3a38f,-74611.15761,289119.9291
977,Point,0,1,0.0,,977,87.85986336,152.88,65.02013664,FALSE,-9999.0,88.1072707,64.7727293,FALSE,-9999.0,87.18404071,65.69595929,FALSE,-9999.0,0.0,1,1,G,USGS_gbHeatFlowWells_wEstimates.shp,unmeasured,7aa17d24-919c-3291-89d7-6d3af683edb8,-155621.2751,238535.7685
979,Point,0,1,0.0,,979,83.52656407,764.4,680.8734359,FALSE,-9999.0,84.18519362,680.2148064,FALSE,-9999.0,85.03290896,679.367091,FALSE,-9999.0,0.0,1,1,G,USGS_gbHeatFlowWells_wEstimates.shp,Data release - assumed measured,66fd693b-a41f-3e6f-a316-de0677efd018,-114651.2106,310958.4552
980,Point,0,1,0.0,,980,77.55576679,174.17,96.61423321,TRUE,0.01365937,78.6016023,95.5683977,TRUE,0.015040563,77.68208015,96.48791985,TRUE,0.01381921,0.0,1,1,G,USGS_gbHeatFlowWells_wEstimates.shp,Data release - assumed measured,6d85539e-65bd-370b-bfa7-32fd3b25a9de,49533.50738,221558.4201
981,Point,0,1,0.0,,981,87.21086434,147.42,60.20913566,FALSE,-9999.0,89.03034695,58.38965305,FALSE,-9999.0,86.50888374,60.91111626,FALSE,-9999.0,0.0,1,1,G,USGS_gbHeatFlowWells_wEstimates.shp,Data release - assumed measured,4926d402-6f9f-3323-a2e0-d4aefb1d8f4a,-219600.7915,253976.7509
982,Point,0,1,0.0,,982,87.22170432,212.94,125.7182957,FALSE,-9999.0,89.04180721,123.8981928,FALSE,-9999.0,86.51838474,126.4216153,FALSE,-9999.0,0.0,1,1,G,USGS_gbHeatFlowWells_wEstimates.shp,Data release - assumed measured,f4fd7993-e7b0-3537-945a-70a0fea108f5,-219693.6203,253687.8156
983,Point,0,1,0.0,,983,87.25979379,264.81,177.5502062,FALSE,-9999.0,89.0758496,175.7341504,FALSE,-9999.0,86.53077912,178.2792209,FALSE,-9999.0,0.0,1,1,G,USGS_gbHeatFlowWells_wEstimates.shp,Data release - assumed measured,b5df65d9-ecf7-3a4e-8f83-f3a8027a6cef,-219105.3756,253447.6294
985,Point,0,1,0.0,,985,86.91836862,122.0,35.08163138,FALSE,-9999.0,86.75284322,35.24715678,FALSE,-9999.0,87.10691855,34.89308145,FALSE,-9999.0,0.0,1,1,G,USGS_gbHeatFlowWells_wEstimates.shp,unmeasured,ded701fc-f0f5-309a-b00a-1a9f5cc4f529,-51002.9308,340367.9824
986,Point,0,1,0.0,,986,87.4008619,204.0,116.5991381,FALSE,-9999.0,87.18765313,116.8123469,FALSE,-9999.0,87.59425079,116.4057492,FALSE,-9999.0,0.0,1,1,G,USGS_gbHeatFlowWells_wEstimates.shp,assumed measured,0b6b0192-eddf-3904-b473-92cbcf9ecb85,-49439.36669,340570.9829
987,Point,0,1,0.0,,987,87.50296894,131.04,43.53703106,FALSE,-9999.0,87.26657274,43.77342726,FALSE,-9999.0,87.73227143,43.30772857,FALSE,-9999.0,0.0,1,1,G,USGS_gbHeatFlowWells_wEstimates.shp,assumed measured,254bbdb6-c374-3d4c-be46-d7b8affb04c5,-48712.67523,338527.8766
988,Point,0,1,0.0,,988,87.52709989,150.0,62.47290011,FALSE,-9999.0,87.29042685,62.70957315,FALSE,-9999.0,87.75010838,62.24989162,FALSE,-9999.0,0.0,1,1,G,USGS_gbHeatFlowWells_wEstimates.shp,known measured,78193d6c-2332-371e-8658-b02917b4134e,-48693.27723,338953.417
989,Point,0,1,0.0,,989,87.90678473,195.0,107.0932153,FALSE,-9999.0,87.65806307,107.3419369,FALSE,-9999.0,88.08171067,106.9182893,FALSE,-9999.0,0.0,1,1,G,USGS_gbHeatFlowWells_wEstimates.shp,known measured,b2c60293-0370-3e9f-9eee-ec7548eade2c,-48221.5992,341941.2906
990,Point,0,1,0.0,,990,85.81834829,301.0,215.1816517,FALSE,-9999.0,87.01634418,213.9836558,FALSE,-9999.0,86.41996834,214.5800317,FALSE,-9999.0,0.0,1,1,G,USGS_gbHeatFlowWells_wEstimates.shp,Data release - assumed measured,b0eca174-8721-34ca-8cd3-4db83633f527,-84653.44104,285196.8462
991,Point,0,1,0.0,,991,84.75304221,1166.4,1081.646958,FALSE,-9999.0,86.63304657,1079.766953,FALSE,-9999.0,84.1084345,1082.291565,FALSE,-9999.0,0.0,1,1,G,USGS_gbHeatFlowWells_wEstimates.shp,assumed measured,a133587e-b8cc-3822-a405-b28388427392,-239406.8006,225816.8312
992,Point,0,1,0.0,,992,84.57474276,830.0,745.4252572,FALSE,-9999.0,86.43103677,743.5689632,FALSE,-9999.0,83.93436071,746.0656393,FALSE,-9999.0,0.0,1,1,G,USGS_gbHeatFlowWells_wEstimates.shp,assumed measured,2c86d9e3-9bad-33cc-9671-11a20cc12435,-240829.5927,225859.0169
993,Point,0,1,0.0,,993,84.75304221,1090.8,1006.046958,FALSE,-9999.0,86.63304657,1004.166953,FALSE,-9999.0,84.1084345,1006.691565,FALSE,-9999.0,0.0,1,1,G,USGS_gbHeatFlowWells_wEstimates.shp,assumed measured,f52c85dd-c489-344c-a8d6-5bcf709e205c,-239406.8006,225816.8312
994,Point,0,1,0.0,,994,85.85816564,334.0,248.1418344,TRUE,1.19e-08,87.83138858,246.1686114,TRUE,1.42e-08,85.32767358,248.6723264,TRUE,1.13e-08,0.0,1,1,G,USGS_gbHeatFlowWells_wEstimates.shp,assumed measured,f8469417-cb9d-3441-8e02-e1d358274130,-239075.6954,237018.5325
995,Point,0,1,0.0,,995,84.90657119,880.2,795.2934288,FALSE,-9999.0,86.80151037,793.3984896,FALSE,-9999.0,84.2549419,795.9450581,FALSE,-9999.0,0.0,1,1,G,USGS_gbHeatFlowWells_wEstimates.shp,assumed measured,42ca1ac7-714b-3e00-9189-ed04a28ae342,-237992.5293,225775.1462
996,Point,0,1,0.0,,996,88.05298628,125.58,37.52701372,FALSE,-9999.0,87.7841186,37.7958814,FALSE,-9999.0,88.24271428,37.33728572,FALSE,-9999.0,0.0,1,1,G,USGS_gbHeatFlowWells_wEstimates.shp,Data release - assumed measured,bde421af-0d3c-3c8f-b6f4-cb87a8a834f4,-47545.19727,341298.7777
997,Point,0,1,0.0,,997,83.10348019,131.4,48.29651981,FALSE,-9999.0,84.80451163,46.59548837,FALSE,-9999.0,82.32768934,49.07231066,FALSE,-9999.0,0.0,1,1,G,USGS_gbHeatFlowWells_wEstimates.shp,Data release - assumed measured,194087fa-151d-3126-b65c-13cec8a4b924,-234395.4457,209491.7681
998,Point,0,1,0.0,,998,84.35213866,491.04,406.6878613,FALSE,-9999.0,86.17729484,404.8627052,FALSE,-9999.0,83.6286668,407.4113332,FALSE,-9999.0,0.0,1,1,G,USGS_gbHeatFlowWells_wEstimates.shp,Data release - assumed measured,1db9364f-7987-30df-8c6c-6d3dc7046fe1,-235144.9507,218998.6567
999,Point,0,1,0.0,,999,83.2430677,141.78,58.5369323,FALSE,-9999.0,84.98803421,56.79196579,FALSE,-9999.0,82.51004104,59.26995896,FALSE,-9999.0,0.0,1,1,G,USGS_gbHeatFlowWells_wEstimates.shp,Data release - assumed measured,01c03470-89ff-3918-bdc9-c22be832ef7b,-238136.7232,213020.3601
1000,Point,0,1,0.0,,1000,83.49974374,535.99,452.4902563,FALSE,-9999.0,85.25843893,450.7315611,FALSE,-9999.0,82.75510085,453.2348992,FALSE,-9999.0,0.0,1,1,G,USGS_gbHeatFlowWells_wEstimates.shp,Data release - assumed measured,15fcc01b-359e-375b-8e87-23e1f0199c17,-236248.6471,213335.1436
1001,Point,0,1,0.0,,1001,76.68437715,546.0,469.3156228,FALSE,-9999.0,76.36579882,469.6342012,FALSE,-9999.0,78.63183263,467.3681674,FALSE,-9999.0,0.0,1,1,G,USGS_gbHeatFlowWells_wEstimates.shp,Data release - assumed measured,f828c99b-9ee3-3105-9cd4-0f06ae74005d,-201826.0959,325420.8996
1002,Point,0,1,0.0,,1002,76.18554915,2380.0,2303.814451,FALSE,-9999.0,75.80400876,2304.195991,FALSE,-9999.0,77.89711873,2302.102881,FALSE,-9999.0,0.0,1,1,G,USGS_gbHeatFlowWells_wEstimates.shp,assumed measured,59a2e81a-42c9-363f-9021-800d80c89e16,-202674.6156,329151.4293
1003,Point,0,1,0.0,,1003,77.11647966,176.18,99.06352034,FALSE,-9999.0,76.9044804,99.2755196,FALSE,-9999.0,79.06717034,97.11282966,FALSE,-9999.0,0.0,1,1,G,USGS_gbHeatFlowWells_wEstimates.shp,assumed measured,6393e037-84c8-379c-b744-a7d0c2abc459,-204651.9251,322590.3546
1004,Point,0,1,0.0,,1004,77.40721402,240.24,162.832786,FALSE,-9999.0,77.22268573,163.0173143,FALSE,-9999.0,79.45167395,160.7883261,FALSE,-9999.0,0.0,1,1,G,USGS_gbHeatFlowWells_wEstimates.shp,Data release - assumed measured,add172dd-5c96-312f-ab4f-fccc6c9fbc19,-203285.958,320986.7069
1005,Point,0,1,0.0,,1005,84.00187396,5563.8,5479.798126,FALSE,-9999.0,85.78883242,5478.011168,FALSE,-9999.0,83.25679355,5480.543206,FALSE,-9999.0,0.0,1,1,G,USGS_gbHeatFlowWells_wEstimates.shp,assumed measured,346c47df-1841-3a6a-91b6-ac1f4266790a,-234659.2341,216024.6915
1006,Point,0,1,0.0,,1006,87.78772002,138.0,50.21227998,FALSE,-9999.0,87.55977476,50.44022524,FALSE,-9999.0,87.93938581,50.06061419,FALSE,-9999.0,0.0,1,1,G,USGS_gbHeatFlowWells_wEstimates.shp,unmeasured,b2667aa9-8c62-3713-bbd7-a9c096555871,-48988.475,342875.6587
1008,Point,0,1,0.0,,1008,88.72343995,481.75,393.02656,FALSE,-9999.0,89.02083023,392.7291698,FALSE,-9999.0,88.25233309,393.4976669,FALSE,-9999.0,0.0,1,1,G,USGS_gbHeatFlowWells_wEstimates.shp,assumed measured,72bf993a-699f-3956-821e-6709ae2ebdd1,-156871.112,231857.2217
1009,Point,0,1,0.0,,1009,88.59124277,413.2,324.6087572,FALSE,-9999.0,88.87279958,324.3272004,FALSE,-9999.0,88.09602929,325.1039707,FALSE,-9999.0,0.0,1,1,G,USGS_gbHeatFlowWells_wEstimates.shp,assumed measured,dd2871a8-df8b-34ac-9e5e-778e48219e2b,-156403.0189,232722.4431
1010,Point,0,1,0.0,,1010,89.0717385,169.2,80.1282615,FALSE,-9999.0,89.41656872,79.78343128,FALSE,-9999.0,88.71758706,80.48241294,FALSE,-9999.0,0.0,1,1,G,USGS_gbHeatFlowWells_wEstimates.shp,assumed measured,c0f18610-3df0-396f-ba23-ea76f814ae25,-157505.1433,228596.5953
1011,Point,0,1,0.0,,1011,88.50433021,366.0,277.4956698,FALSE,-9999.0,88.79640083,277.2035992,FALSE,-9999.0,87.88246602,278.117534,FALSE,-9999.0,0.0,1,1,G,USGS_gbHeatFlowWells_wEstimates.shp,assumed measured,948c78ce-e438-3078-ae2b-34a006452d14,-158014.1531,235253.2399
1012,Point,0,1,0.0,,1012,89.01645674,124.49,35.47354326,TRUE,1.0,90.62851007,33.86148993,TRUE,1.0,88.16977204,36.32022796,TRUE,1.0,0.0,1,1,G,USGS_gbHeatFlowWells_wEstimates.shp,Data release - assumed measured,234dbad5-487c-3fa8-8a80-cdde4dc7522e,-205720.5455,237413.0303
1013,Point,0,1,0.0,,1013,86.68416416,155.43,68.74583584,FALSE,-9999.0,87.10215137,68.32784863,FALSE,-9999.0,85.3678569,70.0621431,FALSE,-9999.0,0.0,1,1,G,USGS_gbHeatFlowWells_wEstimates.shp,assumed measured,b7272b2e-7f67-3591-98f9-63d47f9f9307,-175562.3041,273689.6816
1014,Point,0,1,0.0,,1014,87.51289321,235.14,147.6271068,FALSE,-9999.0,88.62187331,146.5181267,FALSE,-9999.0,85.96744538,149.1725546,FALSE,-9999.0,0.0,1,1,G,USGS_gbHeatFlowWells_wEstimates.shp,Data release - assumed measured,99d2f9f7-bc1e-3203-b520-261a6ed67df5,-188572.2558,262091.9272
1015,Point,0,1,0.0,,1015,85.77361759,203.84,118.0663824,FALSE,-9999.0,85.73298823,118.1070118,FALSE,-9999.0,88.09016353,115.7498365,FALSE,-9999.0,0.0,1,1,G,USGS_gbHeatFlowWells_wEstimates.shp,unmeasured,97d0a5ab-a520-36b4-91bb-834fe550e272,-139957.8825,307169.7523
1016,Point,0,1,0.0,,1016,86.75651053,219.13,132.3734895,FALSE,-9999.0,86.85749815,132.2725019,FALSE,-9999.0,88.66746923,130.4625308,FALSE,-9999.0,0.0,1,1,G,USGS_gbHeatFlowWells_wEstimates.shp,unmeasured,c498bb0d-739e-3d88-807c-4ce27c6c9705,-137865.8582,297982.7144
1017,Point,0,1,0.0,,1017,84.77280329,183.27,98.49719671,FALSE,-9999.0,85.31705528,97.95294472,FALSE,-9999.0,85.1249702,98.1450298,FALSE,-9999.0,0.0,1,1,G,USGS_gbHeatFlowWells_wEstimates.shp,Data release - assumed measured,3c678adf-51c6-3cfc-8e27-28b1388502b7,-182266.9158,285684.9539
1018,Point,0,1,0.0,,1018,87.29091718,129.95,42.65908282,FALSE,-9999.0,87.39843856,42.55156144,FALSE,-9999.0,87.74987653,42.20012347,FALSE,-9999.0,0.0,1,1,G,USGS_gbHeatFlowWells_wEstimates.shp,unmeasured,07e93de4-9621-3d6a-94bc-62bf8f310390,-148693.1222,283421.4267
1019,Point,0,1,0.0,,1019,87.16444171,170.72,83.55555829,FALSE,-9999.0,87.26235096,83.45764904,FALSE,-9999.0,88.19884383,82.52115617,FALSE,-9999.0,0.0,1,1,G,USGS_gbHeatFlowWells_wEstimates.shp,unmeasured,8d450bed-8a8c-3dee-bc3a-c4695b5cc4bd,-146214.8742,287858.4587
1020,Point,0,1,0.0,,1020,85.13249082,124.85,39.71750918,FALSE,-9999.0,86.07176895,38.77823105,FALSE,-9999.0,86.76319236,38.08680764,FALSE,-9999.0,0.0,1,1,G,USGS_gbHeatFlowWells_wEstimates.shp,unmeasured,95d0f2da-ffcf-32a5-9e66-fdfa487ec538,-63637.13916,48243.10021
1021,Point,0,1,0.0,,1021,83.56762586,127.4,43.83237414,FALSE,-9999.0,85.33960821,42.06039179,FALSE,-9999.0,82.83706575,44.56293425,FALSE,-9999.0,0.0,1,1,G,USGS_gbHeatFlowWells_wEstimates.shp,Data release - assumed measured,2552ceca-4503-3cb8-8989-ceecb72d64ce,-237321.5293,214610.9826
1022,Point,0,1,0.0,,1022,87.82322514,276.6,188.7767749,FALSE,-9999.0,88.21833049,188.3816695,FALSE,-9999.0,86.15965909,190.4403409,FALSE,-9999.0,0.0,1,1,G,USGS_gbHeatFlowWells_wEstimates.shp,assumed measured,67c661b2-4dd4-3bf3-8a46-1aa5260d41a8,-167087.2585,253447.5442
1023,Point,0,1,0.0,,1023,87.64044487,655.2,567.5595551,FALSE,-9999.0,88.00009001,567.19991,FALSE,-9999.0,85.98418399,569.215816,FALSE,-9999.0,0.0,1,1,G,USGS_gbHeatFlowWells_wEstimates.shp,known measured,9f254064-7d48-3e36-bb87-7b50aa429a15,-165440.2927,254231.8088
1024,Point,0,1,0.0,,1024,88.7573585,132.44,43.6826415,FALSE,-9999.0,88.91602613,43.52397387,FALSE,-9999.0,88.89947333,43.54052667,FALSE,-9999.0,0.0,1,1,G,USGS_gbHeatFlowWells_wEstimates.shp,Data release - assumed measured,75739e2d-994a-3701-87d1-c8c6ccb22f4f,-138454.2867,209171.537
1027,Point,0,1,0.0,,1027,87.47926857,163.8,76.32073143,FALSE,-9999.0,87.54935162,76.25064838,FALSE,-9999.0,86.93938213,76.86061787,FALSE,-9999.0,0.0,1,1,G,USGS_gbHeatFlowWells_wEstimates.shp,Data release - assumed measured,3ac1e8cc-4206-37f8-8bd7-3311377c417a,-157092.659,279404.7444
1028,Point,0,1,0.0,,1028,84.99303557,127.4,42.40696443,FALSE,-9999.0,84.72875241,42.67124759,FALSE,-9999.0,87.22404418,40.17595582,FALSE,-9999.0,0.0,1,1,G,USGS_gbHeatFlowWells_wEstimates.shp,assumed measured,0e2f7299-ccb0-33df-ac44-bcd8e595c387,-157998.0884,305077.0391
1029,Point,0,1,0.0,,1029,85.92457313,188.0,102.0754269,FALSE,-9999.0,85.88343281,102.1165672,FALSE,-9999.0,85.98681313,102.0131869,FALSE,-9999.0,0.0,1,1,G,USGS_gbHeatFlowWells_wEstimates.shp,assumed measured,cc37c709-f2c5-3e88-94df-df546cfa383d,-56473.49433,343585.9015
1030,Point,0,1,0.0,,1030,87.57186714,192.0,104.4281329,FALSE,-9999.0,87.33148884,104.6685112,FALSE,-9999.0,87.79284352,104.2071565,FALSE,-9999.0,0.0,1,1,G,USGS_gbHeatFlowWells_wEstimates.shp,assumed measured,d36334e1-987f-333f-93ab-45bbf12a9daa,-48574.7171,339109.5049
1032,Point,0,1,0.0,,1032,84.1803536,134.32,50.1396464,TRUE,0.987220452,84.04441658,50.27558342,TRUE,0.974937248,85.01313027,49.30686973,TRUE,1.0,0.0,1,1,G,USGS_gbHeatFlowWells_wEstimates.shp,Data release - assumed measured,2b8dd60c-d61e-3df3-b2e9-cd778dbcd0e4,-126133.3915,342063.4411
1033,Point,0,1,0.0,,1033,87.03715073,127.4,40.36284927,FALSE,-9999.0,87.11081833,40.28918167,FALSE,-9999.0,88.57796366,38.82203634,FALSE,-9999.0,0.0,1,1,G,USGS_gbHeatFlowWells_wEstimates.shp,Data release - assumed measured,93246f52-8ea9-3b04-bef2-a949c1962abe,-143639.8944,293127.3414
1034,Point,0,1,0.0,,1034,85.39606567,242.06,156.6639343,FALSE,-9999.0,85.16529348,156.8947065,FALSE,-9999.0,87.58731443,154.4726856,FALSE,-9999.0,0.0,1,1,G,USGS_gbHeatFlowWells_wEstimates.shp,Data release - assumed measured,dfa8e70b-2f59-39d9-9ec8-7a268345ae50,-155478.042,304467.5369
1035,Point,0,1,0.0,,1035,83.47845641,397.49,314.0115436,FALSE,-9999.0,83.10816563,314.3818344,FALSE,-9999.0,85.99509792,311.4949021,FALSE,-9999.0,0.0,1,1,G,USGS_gbHeatFlowWells_wEstimates.shp,unmeasured,9a42b55d-ec86-3512-a54d-a455e82e8681,-163265.0223,308917.6781
1036,Point,0,1,0.0,,1036,81.73281039,148.69,66.95718961,FALSE,-9999.0,81.28650115,67.40349885,FALSE,-9999.0,84.51680988,64.17319012,FALSE,-9999.0,0.0,1,1,G,USGS_gbHeatFlowWells_wEstimates.shp,Data release - assumed measured,a9239b4c-313e-3870-85c0-78d360bc81a8,-167219.8089,314788.631
1037,Point,0,1,0.0,,1037,83.49618751,141.96,58.46381249,FALSE,-9999.0,83.12072863,58.83927137,FALSE,-9999.0,86.11890578,55.84109422,FALSE,-9999.0,0.0,1,1,G,USGS_gbHeatFlowWells_wEstimates.shp,Data release - assumed measured,1113a4ea-a7fe-30d5-ac92-ee9bebc29d80,-150822.7596,320106.558
1038,Point,0,1,0.0,,1038,87.34764424,131.04,43.69235576,FALSE,-9999.0,87.6450152,43.3949848,FALSE,-9999.0,85.51409659,45.52590341,FALSE,-9999.0,0.0,1,1,G,USGS_gbHeatFlowWells_wEstimates.shp,Data release - assumed measured,1aa93040-0208-31b1-9ad8-4b803ca9711f,-168869.7329,266889.3052
1040,Point,0,1,0.0,,1040,85.37257182,273.0,187.6274282,FALSE,-9999.0,85.88289781,187.1171022,FALSE,-9999.0,85.81579358,187.1842064,FALSE,-9999.0,0.0,1,1,G,USGS_gbHeatFlowWells_wEstimates.shp,Data release - assumed measured,76a953c1-5414-34a9-bdd9-24c1151c2a46,-112115.8271,281117.7838
1041,Point,0,1,0.0,,1041,85.7174034,334.88,249.1625966,FALSE,-9999.0,86.10285054,248.7771495,FALSE,-9999.0,86.56432732,248.3156727,FALSE,-9999.0,0.0,1,1,G,USGS_gbHeatFlowWells_wEstimates.shp,Data release - assumed measured,41f3181e-a640-372c-a47c-f825566e85e6,-123068.2253,284381.8169
1042,Point,0,1,0.0,,1042,84.99637122,209.43,124.4336288,FALSE,-9999.0,84.92776234,124.5022377,FALSE,-9999.0,87.51559572,121.9144043,FALSE,-9999.0,0.0,1,1,G,USGS_gbHeatFlowWells_wEstimates.shp,assumed measured,052a4780-f588-381e-9efb-79e05f06c716,-137485.4007,311956.1962
1043,Point,0,1,0.0,,1043,89.50229956,137.62,48.11770044,FALSE,-9999.0,90.32931289,47.29068711,FALSE,-9999.0,89.72561512,47.89438488,FALSE,-9999.0,0.0,1,1,G,USGS_gbHeatFlowWells_wEstimates.shp,known measured,8d1a2e12-3812-317a-ab18-2372989031d0,-166399.2541,210914.3769
1044,Point,0,1,0.0,,1044,85.84295288,193.65,107.8070471,FALSE,-9999.0,85.91774403,107.732256,FALSE,-9999.0,85.98147185,107.6685281,FALSE,-9999.0,0.0,1,1,G,USGS_gbHeatFlowWells_wEstimates.shp,Data release - assumed measured,afaed082-e79c-3f7f-92cc-32c56eead77a,-170364.6903,285719.0768
1045,Point,0,1,0.0,,1045,86.07477761,186.0,99.92522239,FALSE,-9999.0,86.18404851,99.81595149,FALSE,-9999.0,85.89704768,100.1029523,FALSE,-9999.0,0.0,1,1,G,USGS_gbHeatFlowWells_wEstimates.shp,unmeasured,ba1bd999-06b9-3e72-87dc-4841f59d623b,-170553.1417,283481.6973
1046,Point,0,1,0.0,,1046,86.16390308,200.56,114.3960969,FALSE,-9999.0,86.2243869,114.3356131,FALSE,-9999.0,86.05630287,114.5036971,FALSE,-9999.0,0.0,1,1,G,USGS_gbHeatFlowWells_wEstimates.shp,Data release - assumed measured,ce8c1de1-0de1-3062-b013-eff537086039,-168849.5699,284006.097
1047,Point,0,1,0.0,,1047,82.70694309,147.78,65.07305691,FALSE,-9999.0,82.29322403,65.48677597,FALSE,-9999.0,85.38226145,62.39773855,FALSE,-9999.0,0.0,1,1,G,USGS_gbHeatFlowWells_wEstimates.shp,unmeasured,483a3f12-1dd6-300a-95b1-91551ee951cd,-164753.3732,311749.4683
1048,Point,0,1,0.0,,1048,82.3377894,412.78,330.4422106,FALSE,-9999.0,81.88719631,330.8928037,FALSE,-9999.0,85.13199408,327.6480059,FALSE,-9999.0,0.0,1,1,G,USGS_gbHeatFlowWells_wEstimates.shp,assumed measured,3210f5e2-c3e8-3a38-a91f-0fb70883c7c2,-161549.6573,317286.7852
1049,Point,0,1,0.0,,1049,86.21377273,226.77,140.5562273,FALSE,-9999.0,86.44069328,140.3293067,FALSE,-9999.0,85.6070296,141.1629704,FALSE,-9999.0,0.0,1,1,G,USGS_gbHeatFlowWells_wEstimates.shp,unmeasured,17d9196e-efd6-32c1-987c-2e1560314ed4,-173018.1113,280358.9999
1050,Point,0,1,0.0,,1050,86.38544563,180.91,94.52455437,FALSE,-9999.0,86.5064802,94.4035198,FALSE,-9999.0,85.83677011,95.07322989,FALSE,-9999.0,0.0,1,1,G,USGS_gbHeatFlowWells_wEstimates.shp,unmeasured,f4eb65fd-c1cd-3695-8895-6d02bca2ad43,-169899.475,281039.6816
1051,Point,0,1,0.0,,1051,86.42625913,165.62,79.19374087,FALSE,-9999.0,86.59497122,79.02502878,FALSE,-9999.0,85.69236553,79.92763447,FALSE,-9999.0,0.0,1,1,G,USGS_gbHeatFlowWells_wEstimates.shp,unmeasured,c9adc20a-7b82-3e85-89c8-254ddccef435,-171055.4756,279756.6828
1052,Point,0,1,0.0,,1052,87.79090115,210.94,123.1490989,FALSE,-9999.0,89.52764228,121.4123577,FALSE,-9999.0,87.06477749,123.8752225,FALSE,-9999.0,0.0,1,1,G,USGS_gbHeatFlowWells_wEstimates.shp,Data release - assumed measured,071d4cc4-4320-3ff9-a90d-a2b071cbebfc,-215408.4782,235927.6413
1053,Point,0,1,0.0,,1053,86.01388708,188.7,102.6861129,FALSE,-9999.0,86.15288421,102.5471158,FALSE,-9999.0,85.23470582,103.4652942,FALSE,-9999.0,0.0,1,1,G,USGS_gbHeatFlowWells_wEstimates.shp,Data release - assumed measured,06e8b76e-0927-3de6-b70f-413207a43901,-147134.2368,245101.7437
1054,Point,0,1,0.0,,1054,99.55433512,317.98,218.4256649,FALSE,-9999.0,98.65020088,219.3297991,FALSE,-9999.0,98.35209908,219.6279009,FALSE,-9999.0,0.0,1,1,G,USGS_gbHeatFlowWells_wEstimates.shp,Data release - assumed measured,5ab2bcb2-c2be-3d89-a67d-0ca016dead6d,-9829.170192,271233.8868
1055,Point,0,1,0.0,,1055,99.17068512,460.24,361.0693149,FALSE,-9999.0,98.2818063,361.9581937,FALSE,-9999.0,97.96567604,362.274324,FALSE,-9999.0,0.0,1,1,G,USGS_gbHeatFlowWells_wEstimates.shp,Data release - assumed measured,26317d50-fe63-38ad-bd11-53c212b2ed7e,-9729.691452,269407.3641
1056,Point,0,1,0.0,,1056,87.74126301,540.54,452.798737,FALSE,-9999.0,88.14875973,452.3912403,FALSE,-9999.0,85.97048176,454.5695182,FALSE,-9999.0,0.0,1,1,G,USGS_gbHeatFlowWells_wEstimates.shp,known measured,27aeced1-be95-3358-be87-d555f21fca24,-168216.8679,256306.6561
1057,Point,0,1,0.0,,1057,94.08930829,136.5,42.41069171,FALSE,-9999.0,95.13730894,41.36269106,FALSE,-9999.0,94.34740581,42.15259419,FALSE,-9999.0,0.0,1,1,G,USGS_gbHeatFlowWells_wEstimates.shp,Data release - assumed measured,49782e13-ac8e-3564-b3a4-b7a86eefbe7b,34038.50969,346528.668
1058,Point,0,1,0.0,,1058,84.36225312,207.48,123.1177469,TRUE,0.001189296,86.00699421,121.4730058,TRUE,0.001383821,83.81779301,123.662207,TRUE,0.001131128,0.0,1,1,G,USGS_gbHeatFlowWells_wEstimates.shp,Data release - assumed measured,3dce7dcf-333f-327b-946e-1943dad74686,-221682.3335,208872.9668
1060,Point,0,1,0.0,,1060,94.15936075,1397.2,1303.040639,FALSE,-9999.0,95.31070197,1301.889298,FALSE,-9999.0,94.37061807,1302.829382,FALSE,-9999.0,0.0,1,1,G,USGS_gbHeatFlowWells_wEstimates.shp,assumed measured,fa47e744-b14f-3b57-a15a-fc25b847363b,34800.10317,343182.9021
1061,Point,0,1,0.0,,1061,79.824466,193.65,113.825534,FALSE,-9999.0,80.94523041,112.7047696,FALSE,-9999.0,80.03394226,113.6160577,FALSE,-9999.0,0.0,1,1,G,USGS_gbHeatFlowWells_wEstimates.shp,assumed measured,dff6e858-f833-3c83-8d9f-8f13210e5619,-185985.2245,144448.6241
1062,Point,0,1,0.0,,1062,79.67660454,405.13,325.4533955,FALSE,-9999.0,80.78543022,324.3445698,FALSE,-9999.0,79.86741483,325.2625852,FALSE,-9999.0,0.0,1,1,G,USGS_gbHeatFlowWells_wEstimates.shp,assumed measured,7921ef15-2b53-3fb2-9aff-1a0586e72962,-186293.3281,143521.364
1063,Point,0,1,0.0,,1063,79.62435996,519.79,440.16564,FALSE,-9999.0,80.73449585,439.0555042,FALSE,-9999.0,79.81587989,439.9741201,FALSE,-9999.0,0.0,1,1,G,USGS_gbHeatFlowWells_wEstimates.shp,assumed measured,51ad7e91-10bb-3ac5-a12c-c6fd492a8b87,-187145.4219,143914.5188
1064,Point,0,1,0.0,,1064,79.78236613,392.39,312.6076339,FALSE,-9999.0,80.89148922,311.4985108,FALSE,-9999.0,79.97581787,312.4141821,FALSE,-9999.0,0.0,1,1,G,USGS_gbHeatFlowWells_wEstimates.shp,assumed measured,06279d56-79ef-3939-9af3-64d613cb88e2,-185010.8291,143118.5526
1065,Point,0,1,0.0,,1065,80.33696064,147.78,67.44303936,FALSE,-9999.0,81.47905646,66.30094354,FALSE,-9999.0,80.58912365,67.19087635,FALSE,-9999.0,0.0,1,1,G,USGS_gbHeatFlowWells_wEstimates.shp,assumed measured,c0c90a18-30a5-3b17-8a2d-b8a642964a70,-183087.5066,145691.2403
1066,Point,0,1,0.0,,1066,79.98883903,466.28,386.291161,FALSE,-9999.0,81.12917315,385.1508268,FALSE,-9999.0,80.22692876,386.0530712,FALSE,-9999.0,0.0,1,1,G,USGS_gbHeatFlowWells_wEstimates.shp,assumed measured,dfb5152f-ffc8-3d8e-b4ac-523a2ae52288,-186516.3294,146329.2546
1067,Point,0,1,0.0,,1067,89.15570548,196.0,106.8442945,FALSE,-9999.0,89.3447161,106.6552839,FALSE,-9999.0,89.29277642,106.7072236,FALSE,-9999.0,0.0,1,1,G,USGS_gbHeatFlowWells_wEstimates.shp,assumed measured,94f43590-cf50-30fb-9992-ae64c9a1f1f2,-141797.8514,209890.5776
1068,Point,0,1,0.0,,1068,85.84308186,206.39,120.5469181,FALSE,-9999.0,87.08651094,119.3034891,FALSE,-9999.0,86.49544319,119.8945568,FALSE,-9999.0,0.0,1,1,G,USGS_gbHeatFlowWells_wEstimates.shp,Data release - assumed measured,6b1bcab3-8317-3151-ab03-d4eb1c85daa0,-82980.06897,291622.1273
1069,Point,0,1,0.0,,1069,94.20232479,205.8,111.5976752,TRUE,0.003436315,95.9711939,109.8288061,TRUE,0.004044341,94.0744384,111.7255616,TRUE,3.4e-05,0.0,1,1,G,USGS_gbHeatFlowWells_wEstimates.shp,unmeasured,8ecc158f-9e33-3d18-bd08-0cf373d8e61e,30871.89614,300780.9241
1074,Point,0,1,0.0,,1074,86.89901376,222.5,135.6009862,FALSE,-9999.0,87.8258373,134.6741627,FALSE,-9999.0,87.56234416,134.9376558,FALSE,-9999.0,0.0,1,1,G,USGS_gbHeatFlowWells_wEstimates.shp,Data release - assumed measured,8f85d2c9-ab69-309b-9ea1-e417c5b71253,-77044.42928,280436.7425
1075,Point,0,1,0.0,,1075,82.81196479,708.08,625.2680352,FALSE,-9999.0,83.03183839,625.0481616,FALSE,-9999.0,82.82316496,625.256835,FALSE,-9999.0,0.0,1,1,G,USGS_gbHeatFlowWells_wEstimates.shp,Data release - assumed measured,5ae10293-04df-39af-b17b-f240cdad0731,-84150.75525,244384.1323
1076,Point,0,1,0.0,,1076,82.82177098,838.48,755.658229,FALSE,-9999.0,83.04228916,755.4377108,FALSE,-9999.0,82.83340252,755.6465975,FALSE,-9999.0,0.0,1,1,G,USGS_gbHeatFlowWells_wEstimates.shp,Data release - assumed measured,be1fda94-40c1-3970-8c22-12b537be5e20,-84121.38109,244469.3791
1077,Point,0,1,0.0,,1077,87.74846951,141.26,53.51153049,FALSE,-9999.0,88.47058489,52.78941511,FALSE,-9999.0,88.47620811,52.78379189,FALSE,-9999.0,0.0,1,1,G,USGS_gbHeatFlowWells_wEstimates.shp,unmeasured,f948dd25-59a5-3db6-a500-392a3ba9ac3b,-71925.27292,278910.3261
1078,Point,0,1,0.0,,1078,83.83330517,509.6,425.7666948,FALSE,-9999.0,84.27539318,425.3246068,FALSE,-9999.0,83.92658079,425.6734192,FALSE,-9999.0,0.0,1,1,G,USGS_gbHeatFlowWells_wEstimates.shp,Data release - assumed measured,f94b246a-7415-3936-aa5b-15cbad1b60e9,-89851.12075,258976.1329
1079,Point,0,1,0.0,,1079,83.85374566,249.21,165.3562543,FALSE,-9999.0,84.28670503,164.923295,FALSE,-9999.0,83.95587188,165.2541281,FALSE,-9999.0,0.0,1,1,G,USGS_gbHeatFlowWells_wEstimates.shp,Data release - assumed measured,5e277b4f-e645-3edd-ace5-6668b56a6fd3,-88651.32512,258503.4156
1080,Point,0,1,0.0,,1080,83.64414172,2790.0,2706.355858,FALSE,-9999.0,84.06781514,2705.932185,FALSE,-9999.0,83.71046081,2706.289539,FALSE,-9999.0,0.0,1,1,G,USGS_gbHeatFlowWells_wEstimates.shp,Data release - assumed measured,91f35349-26fa-3b55-a2c8-a6aad3eb7a1c,-91155.74731,257668.4242
1081,Point,0,1,0.0,,1081,86.53911261,155.4,68.86088739,FALSE,-9999.0,87.30162374,68.09837626,FALSE,-9999.0,87.07575884,68.32424116,FALSE,-9999.0,0.0,1,1,G,USGS_gbHeatFlowWells_wEstimates.shp,assumed measured,3ea38cf9-a367-3e63-b26a-d8f599e034d9,-77753.36625,275378.8348
1082,Point,0,1,0.0,,1082,88.16416293,183.46,95.29583707,FALSE,-9999.0,88.5692203,94.8907797,FALSE,-9999.0,88.73930552,94.72069448,FALSE,-9999.0,0.0,1,1,G,USGS_gbHeatFlowWells_wEstimates.shp,Data release - assumed measured,02380121-31d2-32ba-b292-0ab170e4dedb,-68789.7942,272888.1952
1083,Point,0,1,0.0,,1083,92.82551486,134.32,41.49448514,FALSE,-9999.0,92.83171,41.48829,FALSE,-9999.0,93.5622799,40.7577201,FALSE,-9999.0,0.0,1,1,G,USGS_gbHeatFlowWells_wEstimates.shp,assumed measured,6af50b13-6251-300d-91a5-afc07db61f8a,-49183.68572,293103.442
1084,Point,0,1,0.0,,1084,86.32006761,140.14,53.81993239,FALSE,-9999.0,87.0869468,53.0530532,FALSE,-9999.0,86.82693653,53.31306347,FALSE,-9999.0,0.0,1,1,G,USGS_gbHeatFlowWells_wEstimates.shp,assumed measured,67588346-2929-3b54-9d18-804b17076c1c,-78768.12278,274660.3496
1085,Point,0,1,0.0,,1085,86.40485917,203.0,116.5951408,FALSE,-9999.0,87.14024547,115.8597545,FALSE,-9999.0,86.91048905,116.089511,FALSE,-9999.0,0.0,1,1,G,USGS_gbHeatFlowWells_wEstimates.shp,unmeasured,caa0cfdc-5a81-37d9-ade9-c1e60e9d1231,-78137.12471,274228.4013
1086,Point,0,1,0.0,,1086,86.65476663,390.0,303.3452334,FALSE,-9999.0,87.36530411,302.6346959,FALSE,-9999.0,87.18605019,302.8139498,FALSE,-9999.0,0.0,1,1,G,USGS_gbHeatFlowWells_wEstimates.shp,assumed measured,367d4ef1-8be1-379b-91b7-01fbd915fdcc,-76863.17926,274597.1301
1087,Point,0,1,0.0,,1087,86.75121206,353.0,266.2487879,FALSE,-9999.0,87.4556039,265.5443961,FALSE,-9999.0,87.29442745,265.7055725,FALSE,-9999.0,0.0,1,1,G,USGS_gbHeatFlowWells_wEstimates.shp,unmeasured,3f29ed64-1d3f-3732-b39b-f4fe81fe7ba6,-76403.64823,274828.0683
1088,Point,0,1,0.0,,1088,86.912295,201.0,114.087705,FALSE,-9999.0,87.58294422,113.4170558,FALSE,-9999.0,87.46558686,113.5344131,FALSE,-9999.0,0.0,1,1,G,USGS_gbHeatFlowWells_wEstimates.shp,unmeasured,452a4b99-decc-317e-b6ab-f8db9f7fb309,-75465.26079,274651.1434
1089,Point,0,1,0.0,,1089,82.44209445,608.03,525.5879056,FALSE,-9999.0,82.55191007,525.4780899,FALSE,-9999.0,82.38265888,525.6473411,FALSE,-9999.0,0.0,1,1,G,USGS_gbHeatFlowWells_wEstimates.shp,Data release - assumed measured,1325c95e-6d2e-33ae-8ad6-c18f2c03ef4a,-106967.1323,217180.1388
1090,Point,0,1,0.0,,1090,82.50146881,225.79,143.2885312,FALSE,-9999.0,82.59403411,143.1959659,FALSE,-9999.0,82.43396314,143.3560369,FALSE,-9999.0,0.0,1,1,G,USGS_gbHeatFlowWells_wEstimates.shp,Data release - assumed measured,b47365a2-dfd5-3ee4-8c83-9792f13cf308,-106744.8806,214621.7863
1091,Point,0,1,0.0,,1091,82.47851852,146.08,63.60148148,FALSE,-9999.0,82.5664097,63.5135903,FALSE,-9999.0,82.40518333,63.67481667,FALSE,-9999.0,0.0,1,1,G,USGS_gbHeatFlowWells_wEstimates.shp,assumed measured,86eedc6a-5375-3b4c-a663-ae80e6b80751,-106368.3072,214056.4505
1092,Point,0,1,0.0,,1092,81.71686673,352.37,270.6531333,FALSE,-9999.0,81.89096116,270.4790388,FALSE,-9999.0,81.65483904,270.715161,FALSE,-9999.0,0.0,1,1,G,USGS_gbHeatFlowWells_wEstimates.shp,Data release - assumed measured,36313d23-eb75-3473-8345-fd6a1fc1bdd0,-98283.19947,224698.8774
1093,Point,0,1,0.0,,1093,81.75205363,210.67,128.9179464,FALSE,-9999.0,81.95042872,128.7195713,FALSE,-9999.0,81.71087184,128.9591282,FALSE,-9999.0,0.0,1,1,G,USGS_gbHeatFlowWells_wEstimates.shp,Data release - assumed measured,7e3a74cf-4c5e-3eea-8e71-2cd0d4cb42f5,-96438.72914,229544.5588
1094,Point,0,1,0.0,,1094,81.74585224,268.18,186.4341478,FALSE,-9999.0,81.92220926,186.2577907,FALSE,-9999.0,81.68682078,186.4931792,FALSE,-9999.0,0.0,1,1,G,USGS_gbHeatFlowWells_wEstimates.shp,Data release - assumed measured,dc8f2fd2-5092-3138-a6ec-7faf5d447eb6,-98791.40143,225190.7933
1095,Point,0,1,0.0,,1095,81.73555392,82.984,1.248446085,TRUE,1.0,81.90648927,1.077510733,TRUE,1.0,81.67207994,1.311920063,TRUE,1.0,0.0,1,1,G,USGS_gbHeatFlowWells_wEstimates.shp,assumed measured,8a621a4c-aef4-36bb-8c3e-f683368b9fac,-98812.21072,224182.3738
1096,Point,0,1,0.0,,1096,81.59087548,169.32,87.72912452,FALSE,-9999.0,81.7625743,87.5574257,FALSE,-9999.0,81.51855607,87.80144393,FALSE,-9999.0,0.0,1,1,G,USGS_gbHeatFlowWells_wEstimates.shp,Data release - assumed measured,d810e738-985e-3d3d-8a7a-c8dc9d755ddb,-95596.25507,223706.704
1097,Point,0,1,0.0,,1097,81.69383207,48.09,-33.60383207,FALSE,-9999.0,81.87985989,-33.78985989,FALSE,-9999.0,81.64107136,-33.55107136,FALSE,-9999.0,0.0,1,1,G,USGS_gbHeatFlowWells_wEstimates.shp,Data release - assumed measured,d891da1f-e81b-3f7e-ab25-441be40cd6f8,-96502.02122,227090.8991
1098,Point,0,1,0.0,,1098,81.55259098,151.06,69.50740902,FALSE,-9999.0,81.72874932,69.33125068,FALSE,-9999.0,81.48289162,69.57710838,FALSE,-9999.0,0.0,1,1,G,USGS_gbHeatFlowWells_wEstimates.shp,Data release - assumed measured,18968cd1-2cd2-32c2-960f-cc10d1560aa1,-93340.53387,224935.659
1099,Point,0,1,0.0,,1099,81.70817499,37.2,-44.50817499,FALSE,-9999.0,81.88599231,-44.68599231,FALSE,-9999.0,81.64868276,-44.44868276,FALSE,-9999.0,0.0,1,1,G,USGS_gbHeatFlowWells_wEstimates.shp,Data release - assumed measured,cdb960e0-6c4e-32a2-919a-597cf5e72de5,-97851.72231,225381.1324
1100,Point,0,1,0.0,,1100,88.48493886,3464.4,3375.915061,TRUE,0.0,88.74135979,3375.65864,TRUE,0.0,88.73685816,3375.663142,TRUE,0.0,0.0,1,1,B,USGS_gbHeatFlowWells_wEstimates.shp,Data release - assumed measured,dc734d3c-a452-302a-b231-fbff44d14e32,-134823.5463,203080.0812
1101,Point,0,1,0.0,,1101,88.31974976,581.6,493.2802502,FALSE,-9999.0,88.43457231,493.1654277,FALSE,-9999.0,88.43960668,493.1603933,FALSE,-9999.0,0.0,1,1,C,USGS_gbHeatFlowWells_wEstimates.shp,Data release - assumed measured,70b20b88-6c0c-337b-92b7-039ded0ee020,-135741.975,209484.4109
1102,Point,0,1,0.0,,1102,88.41824124,3410.0,3321.581759,FALSE,-9999.0,88.65869687,3321.341303,FALSE,-9999.0,88.65172854,3321.348271,FALSE,-9999.0,0.0,1,1,C,USGS_gbHeatFlowWells_wEstimates.shp,Data release - assumed measured,ab0a1821-e45d-3e05-9d38-adacd4ae49e1,-135053.7729,204653.1537
1103,Point,0,1,0.0,,1103,87.22147438,8.4,-78.82147438,FALSE,-9999.0,87.29476664,-78.89476664,FALSE,-9999.0,87.31192152,-78.91192152,FALSE,-9999.0,0.0,1,1,C,USGS_gbHeatFlowWells_wEstimates.shp,Data release - assumed measured,39c073e4-bf19-3890-a044-f1ef538500fb,-130445.4651,209621.7502
1104,Point,0,1,0.0,,1104,88.49264496,2016.7,1928.207355,FALSE,-9999.0,88.68645222,1928.013548,FALSE,-9999.0,88.67801369,1928.021986,FALSE,-9999.0,0.0,1,1,C,USGS_gbHeatFlowWells_wEstimates.shp,Data release - assumed measured,3d1ff449-7f87-37b8-a77c-858f9c922c7f,-136291.8066,207251.8683
1105,Point,0,1,0.0,,1105,88.4222802,2326.3,2237.87772,FALSE,-9999.0,88.70992256,2237.590077,FALSE,-9999.0,88.69566467,2237.604335,FALSE,-9999.0,0.0,1,1,C,USGS_gbHeatFlowWells_wEstimates.shp,Data release - assumed measured,7c7e6783-5c93-3a63-9620-ec2c4a72d45d,-133996.898,201385.068
1106,Point,0,1,0.0,,1106,88.75177889,514.6,425.8482211,TRUE,1e-15,89.02453175,425.5754683,TRUE,1e-15,89.01150118,425.5884988,TRUE,1e-15,0.0,1,1,B,USGS_gbHeatFlowWells_wEstimates.shp,Data release - assumed measured,b7a0dfa9-4236-31b1-beeb-555fe4af3478,-136695.6044,203559.7264
1107,Point,0,1,0.0,,1107,87.23858635,83.7,-3.538586346,TRUE,1.0,87.53247983,-3.832479829,TRUE,1.0,87.4922452,-3.792245201,TRUE,1.0,0.0,1,1,A,USGS_gbHeatFlowWells_wEstimates.shp,A quality,0b738c71-8656-3df3-a438-8c909961c08c,-127150.4104,196455.2683
1108,Point,0,1,0.0,,1108,85.79440678,58.6,-27.19440678,TRUE,1.0,85.9258542,-27.3258542,TRUE,1.0,85.89942225,-27.29942225,TRUE,1.0,0.0,1,1,A,USGS_gbHeatFlowWells_wEstimates.shp,A quality,c2cd6883-e6c2-3a98-a186-4f5c2d084064,-122334.4905,203891.2117
1109,Point,0,1,0.0,,1109,85.40755218,71.1,-14.30755218,TRUE,1.0,85.54012011,-14.44012011,TRUE,1.0,85.49165836,-14.39165836,TRUE,1.0,0.0,1,1,B,USGS_gbHeatFlowWells_wEstimates.shp,Data release - assumed measured,5a4ea31c-5116-3232-a605-8f39dda41324,-119970.6315,201950.5027
1110,Point,0,1,0.0,,1110,87.64804781,945.6,857.9519522,FALSE,-9999.0,87.73797046,857.8620295,FALSE,-9999.0,87.75457127,857.8454287,FALSE,-9999.0,0.0,1,1,C,USGS_gbHeatFlowWells_wEstimates.shp,Data release - assumed measured,d17fc1a8-e205-3414-97e0-1ab2f14f26e4,-132243.6623,209314.5872
1111,Point,0,1,0.0,,1111,87.70718053,62.8,-24.90718053,FALSE,-9999.0,87.76513425,-24.96513425,FALSE,-9999.0,87.78401542,-24.98401542,FALSE,-9999.0,0.0,1,1,C,USGS_gbHeatFlowWells_wEstimates.shp,Data release - assumed measured,2b524334-c41e-33b3-a6ac-be338b5f7db4,-132902.7751,210782.4747
1112,Point,0,1,0.0,,1112,83.95162228,82.5,-1.45162228,TRUE,1.0,84.17729026,-1.677290262,TRUE,1.0,83.99229378,-1.49229378,TRUE,1.0,0.0,1,1,B,USGS_gbHeatFlowWells_wEstimates.shp,known measured,f104f54c-d4a8-32a5-a15e-723e2f4cc8c3,-79477.08066,248210.1933
1113,Point,0,1,0.0,,1113,84.31680226,100.32,16.00319774,TRUE,1.0,84.47195732,15.84804268,TRUE,1.0,84.3057687,16.0142313,TRUE,1.0,0.0,1,1,C,USGS_gbHeatFlowWells_wEstimates.shp,known measured,b9ca933e-42c2-31d5-a73d-c35b518e1c04,-76071.51036,242607.7991
1114,Point,0,1,0.0,,1114,82.47797259,44.5,-37.97797259,TRUE,1.0,82.6561071,-38.1561071,TRUE,1.0,82.47405527,-37.97405527,TRUE,1.0,0.0,1,1,B,USGS_gbHeatFlowWells_wEstimates.shp,known measured,0ee6efb6-41bb-33b4-9109-a1445c81f322,-83986.37194,239458.5668
1115,Point,0,1,0.0,,1115,87.80457567,2569.0,2481.195424,FALSE,-9999.0,88.53688477,2480.463115,FALSE,-9999.0,88.54810024,2480.4519,FALSE,-9999.0,0.0,1,1,G,USGS_gbHeatFlowWells_wEstimates.shp,unmeasured,ffee78e5-0a4a-3d2d-ae49-855845e46fa3,-71693.98637,279313.8771
1116,Point,0,1,0.0,,1116,83.02617379,58.9,-24.12617379,TRUE,1.0,83.42149227,-24.52149227,TRUE,1.0,83.40524803,-24.50524803,TRUE,1.0,0.0,1,1,A,USGS_gbHeatFlowWells_wEstimates.shp,A quality,7830efc6-9659-3acc-a496-fb6d9b289338,-104468.0195,338021.2254
1117,Point,0,1,0.0,,1117,84.78801475,654.33,569.5419853,FALSE,-9999.0,84.96542425,569.3645758,FALSE,-9999.0,85.26981695,569.060183,FALSE,-9999.0,0.0,1,1,G,USGS_gbHeatFlowWells_wEstimates.shp,assumed measured,5a790a2d-b4e5-34b1-bdbb-904b5358feb3,-105896.4248,346115.7995
1118,Point,0,1,0.0,,1118,82.86264088,37.28,-45.58264088,TRUE,1.0,83.2950032,-46.0150032,TRUE,1.0,83.20957303,-45.92957303,TRUE,1.0,0.0,1,1,B,USGS_gbHeatFlowWells_wEstimates.shp,Data release - assumed measured,21958b54-ce7d-3299-8f39-6275966d6ed3,-103452.6243,337268.6466
1119,Point,0,1,0.0,,1119,82.77471399,79.73,-3.04471399,TRUE,1.0,83.21642501,-3.486425008,TRUE,1.0,83.13758349,-3.407583487,TRUE,1.0,0.0,1,1,B,USGS_gbHeatFlowWells_wEstimates.shp,Data release - assumed measured,1e331836-f157-3272-82e2-da9ea04132aa,-103905.9566,336658.399
1120,Point,0,1,0.0,,1120,95.9471526,341.1,245.1528474,FALSE,-9999.0,94.92983329,246.1701667,FALSE,-9999.0,95.98969125,245.1103088,FALSE,-9999.0,0.0,1,1,G,USGS_gbHeatFlowWells_wEstimates.shp,Data release - assumed measured,025df123-3c76-3094-ba99-fa5d175f1348,-27406.67247,321388.5822
1121,Point,0,1,0.0,,1121,98.4835702,187.5,89.0164298,TRUE,0.02750064,98.63853626,88.86146374,TRUE,0.027895969,98.66877213,88.83122787,TRUE,0.027973763,0.0,1,1,B,USGS_gbHeatFlowWells_wEstimates.shp,Data release - assumed measured,a17612b6-7c09-380b-a3e6-2072ea99fa73,10896.35873,342811.7691
1122,Point,0,1,0.0,,1122,92.94747733,111.3,18.35252267,TRUE,1.0,94.1907712,17.1092288,TRUE,0.01,93.13669092,18.16330908,TRUE,1.0,0.0,1,1,D,USGS_gbHeatFlowWells_wEstimates.shp,Data release - assumed measured,8f158491-b755-3564-9b80-158ca808e251,38780.1129,344881.4426
1123,Point,0,1,0.0,,1123,98.47220139,41.5,-56.97220139,TRUE,0.526152871,98.63782557,-57.13782557,TRUE,0.518187553,98.642876,-57.142876,TRUE,0.517946555,0.0,1,1,B,USGS_gbHeatFlowWells_wEstimates.shp,Data release - assumed measured,d25b8a2f-b3ab-36f4-9764-67490844e43e,11553.04389,341614.1964
1125,Point,0,1,0.0,,1125,91.82175245,172.6,80.77824755,FALSE,-9999.0,93.95698641,78.64301359,FALSE,-9999.0,91.87431089,80.72568911,FALSE,-9999.0,0.0,1,1,D,USGS_gbHeatFlowWells_wEstimates.shp,Data release - assumed measured,b9efe757-761b-3ea5-b4ef-b5e331cc57bc,46631.97088,314174.18
1126,Point,0,1,0.0,,1126,91.79719293,810.0,718.2028071,FALSE,-9999.0,93.92122863,716.0787714,FALSE,-9999.0,91.84911826,718.1508817,FALSE,-9999.0,0.0,1,1,G,USGS_gbHeatFlowWells_wEstimates.shp,Data release - assumed measured,5866e5d0-5497-3f61-9729-99900c12f844,46961.08066,315531.6561
1128,Point,0,1,0.0,,1128,90.28154465,45.0,-45.28154465,TRUE,1.0,92.83950114,-47.83950114,TRUE,0.01,90.40371947,-45.40371947,TRUE,1.0,0.0,1,1,D,USGS_gbHeatFlowWells_wEstimates.shp,Data release - assumed measured,8fd500b1-1995-3fe0-9777-9da92c85554b,43859.81739,287919.6635
1129,Point,0,1,0.0,,1129,92.21397342,248.9,156.6860266,FALSE,-9999.0,94.04761883,154.8523812,FALSE,-9999.0,92.26163656,156.6383634,FALSE,-9999.0,0.0,1,1,G,USGS_gbHeatFlowWells_wEstimates.shp,Data release - assumed measured,e001063a-a004-3c14-adaa-07c85a181fff,45381.5282,328080.4623
1133,Point,0,1,0.0,,1133,93.69703322,115.8,22.10296678,TRUE,1.0,93.17280844,22.62719156,TRUE,0.01,94.09644308,21.70355692,TRUE,1.0,0.0,1,1,D,USGS_gbHeatFlowWells_wEstimates.shp,Data release - assumed measured,a81c2d56-5822-3c85-9f17-2265a9c20054,-40708.40127,306590.0882
1134,Point,0,1,0.0,,1134,87.58912038,642.6,555.0108796,FALSE,-9999.0,87.4694567,555.1305433,FALSE,-9999.0,87.75670251,554.8432975,FALSE,-9999.0,0.0,1,1,G,USGS_gbHeatFlowWells_wEstimates.shp,Data release - assumed measured,395310ce-cc02-3894-ba4a-4ff7da3115a6,-54669.39408,348333.7675
1135,Point,0,1,0.0,,1135,86.65403041,140.0,53.34596959,FALSE,-9999.0,86.86501262,53.13498738,FALSE,-9999.0,85.23451527,54.76548473,FALSE,-9999.0,0.0,1,1,G,USGS_gbHeatFlowWells_wEstimates.shp,Data release - assumed measured,7a5aea0b-bfb9-3802-8294-ee6c070a1b78,-153321.7696,260425.7039
1136,Point,0,1,0.0,,1136,87.58607165,330.8,243.2139283,FALSE,-9999.0,87.91898527,242.8810147,FALSE,-9999.0,86.02003344,244.7799666,FALSE,-9999.0,0.0,1,1,G,USGS_gbHeatFlowWells_wEstimates.shp,Data release - assumed measured,59f95b39-72c1-3ff6-ba3d-5de767fc6f5a,-163893.0244,252631.1231
1137,Point,0,1,0.0,,1137,81.96597074,44.9,-37.06597074,FALSE,-9999.0,82.2778046,-37.3778046,FALSE,-9999.0,81.86811002,-36.96811002,FALSE,-9999.0,0.0,1,1,C,USGS_gbHeatFlowWells_wEstimates.shp,Data release - assumed measured,aa734b6a-3fcc-3029-89a6-4394e4e7fe9a,-113651.9748,239854.5678
1138,Point,0,1,0.0,,1138,83.18028035,53.2,-29.98028035,TRUE,1.0,83.6499352,-30.4499352,TRUE,1.0,83.03057072,-29.83057072,TRUE,1.0,0.0,1,1,C,USGS_gbHeatFlowWells_wEstimates.shp,Data release - assumed measured,8372331e-b64f-38c4-839a-77c4bb35515d,-110193.7543,259497.211
1139,Point,0,1,0.0,,1139,84.63694725,71.6,-13.03694725,FALSE,-9999.0,84.63831668,-13.03831668,FALSE,-9999.0,84.4166225,-12.8166225,FALSE,-9999.0,0.0,1,1,C,USGS_gbHeatFlowWells_wEstimates.shp,Data release - assumed measured,58698dd5-bbc6-301e-ae6b-e48e654d4435,-57962.84091,228068.4556
1140,Point,0,1,0.0,,1140,93.06322488,176.4,83.33677512,FALSE,-9999.0,92.5323765,83.8676235,FALSE,-9999.0,92.99524418,83.40475582,FALSE,-9999.0,0.0,1,1,D,USGS_gbHeatFlowWells_wEstimates.shp,Data release - assumed measured,fecd880b-bd52-3884-95f8-76ebccc2c2ca,-42666.82072,264807.9558
1141,Point,0,1,0.0,,1141,86.33289275,41.8,-44.53289275,TRUE,1.0,85.78771871,-43.98771871,TRUE,0.01,89.03330475,-47.23330475,TRUE,0.01,0.0,1,1,X,USGS_gbHeatFlowWells_wEstimates.shp,X quality,a2c0f786-e2f6-3f19-a0ed-a3ebbcd93c86,-48869.47213,83636.02275
1142,Point,0,1,0.0,,1142,81.00370315,142.0,60.99629685,TRUE,0.363201912,79.93597324,62.06402676,TRUE,0.32918416,83.30731544,58.69268456,TRUE,0.449047846,0.0,1,1,A,USGS_gbHeatFlowWells_wEstimates.shp,A quality,e53c624b-0c66-324c-bbad-de2e7847c82e,6597.817689,104543.7388
1143,Point,0,1,0.0,,1143,88.86296911,136.1,47.23703089,FALSE,-9999.0,89.18987556,46.91012444,FALSE,-9999.0,88.35826892,47.74173108,FALSE,-9999.0,0.0,1,1,D,USGS_gbHeatFlowWells_wEstimates.shp,Data release - assumed measured,b639c710-feed-377c-800e-38cd4c8e7b0e,-158494.9713,232000.9488
1144,Point,0,1,0.0,,1144,89.79171317,3430.3,3340.508287,FALSE,-9999.0,90.37350513,3339.926495,FALSE,-9999.0,89.99143386,3340.308566,FALSE,-9999.0,0.0,1,1,G,USGS_gbHeatFlowWells_wEstimates.shp,Data release - assumed measured,c55de79a-daa2-351e-86c5-39bc52eaea49,-158210.575,210328.3967
1145,Point,0,1,0.0,,1145,79.14590939,50.4,-28.74590939,TRUE,1.0,79.59668636,-29.19668636,TRUE,1.0,80.47432407,-30.07432407,TRUE,1.0,0.0,1,1,A,USGS_gbHeatFlowWells_wEstimates.shp,A quality,dee5a563-75b6-35e5-8a33-33452d75bfbe,-96884.8129,115916.9124
1160,Point,0,1,0.0,,1160,73.11838854,214.5,141.3816115,TRUE,0.000221175,74.08401815,140.4159819,TRUE,0.000241747,73.43867177,141.0613282,TRUE,0.000227796,0.0,1,1,G,USGS_gbHeatFlowWells_wEstimates.shp,Data release - assumed measured,0ff41f99-b4bc-3aab-b80a-e307381978c8,66220.14932,203331.2101
1161,Point,0,1,0.0,,1161,73.44291392,75.3,1.857086083,TRUE,1.0,74.78636331,0.513636693,TRUE,1.0,73.84735003,1.452649973,TRUE,1.0,0.0,1,1,C,USGS_gbHeatFlowWells_wEstimates.shp,Data release - assumed measured,98f15b9e-9a48-32e4-8ddc-f2cad0bf6515,71370.20488,208407.1599
1162,Point,0,1,0.0,,1162,100.4877636,439.5,339.0122364,FALSE,-9999.0,99.65379275,339.8462072,FALSE,-9999.0,99.90364912,339.5963509,FALSE,-9999.0,0.0,1,1,G,USGS_gbHeatFlowWells_wEstimates.shp,Data release - assumed measured,761ce1e7-dd86-3454-baea-84204131da51,-8648.242421,306054.7969
1164,Point,0,1,0.0,,1164,79.97385105,114.8,34.82614895,TRUE,1.0,82.86487356,31.93512644,TRUE,1.0,80.56898047,34.23101953,TRUE,1.0,0.0,1,1,C,USGS_gbHeatFlowWells_wEstimates.shp,Data release - assumed measured,3c985af3-e4b4-3d94-9063-af727fc7584e,70196.52329,247117.1747
1165,Point,0,1,0.0,,1165,96.47598002,146.7,50.22401998,FALSE,-9999.0,97.63181225,49.06818775,FALSE,-9999.0,96.37381549,50.32618451,FALSE,-9999.0,0.0,1,1,C,USGS_gbHeatFlowWells_wEstimates.shp,Data release - assumed measured,b40bc8c8-6a6a-3f54-a026-522891da29cb,25619.89855,315345.082
1169,Point,0,1,0.0,,1169,97.42618865,87.0,-10.42618865,TRUE,1.0,96.75052793,-9.750527927,TRUE,1.0,97.67554137,-10.67554137,TRUE,1.0,0.0,1,1,B,USGS_gbHeatFlowWells_wEstimates.shp,Data release - assumed measured,e42b55e3-0e05-3ea6-a794-0d9d893562dc,-20695.96601,347669.5719
1170,Point,0,1,0.0,,1170,80.93269488,143.1,62.16730512,FALSE,-9999.0,79.88741726,63.21258274,FALSE,-9999.0,80.06650027,63.03349973,FALSE,-9999.0,0.0,1,1,G,USGS_gbHeatFlowWells_wEstimates.shp,Data release - assumed measured,6524fa5c-7241-3138-8219-9cb2a1d48408,-25168.03056,206707.9835
1171,Point,0,1,0.0,,1171,84.81626611,69.0,-15.81626611,FALSE,-9999.0,84.26098386,-15.26098386,FALSE,-9999.0,84.31500858,-15.31500858,FALSE,-9999.0,0.0,1,1,D,USGS_gbHeatFlowWells_wEstimates.shp,Data release - assumed measured,d9708510-945e-3eb1-b48a-67cf4f3ef040,-11171.58031,225123.4874
1172,Point,0,1,0.0,,1172,79.05919062,142.5,63.44080938,FALSE,-9999.0,77.46403708,65.03596292,FALSE,-9999.0,78.42252321,64.07747679,FALSE,-9999.0,0.0,1,1,C,USGS_gbHeatFlowWells_wEstimates.shp,Data release - assumed measured,8812ffdd-090f-3102-be6b-14954f71124a,-77.93899806,196134.3015
1173,Point,0,1,0.0,,1173,100.0111729,114.0,13.98882709,TRUE,1.0,99.36611707,14.63388293,TRUE,0.01,98.856195,15.143805,TRUE,1.0,0.0,1,1,D,USGS_gbHeatFlowWells_wEstimates.shp,Data release - assumed measured,0954c25e-12bc-36c7-add5-3dab84e8fb11,-4615.57357,277179.0101
1174,Point,0,1,0.0,,1174,85.38627197,174.3,88.91372803,TRUE,0.027762008,85.1413949,89.1586051,TRUE,0.027142872,88.31385413,85.98614587,TRUE,0.036354164,0.0,1,1,G,USGS_gbHeatFlowWells_wEstimates.shp,Data release - assumed measured,1027ff10-ccfe-3107-a9d3-69c1dd085fa7,-13073.64765,77886.43112
1175,Point,0,1,0.0,,1175,82.44602531,107.9,25.45397469,TRUE,1.0,83.28837065,24.61162935,TRUE,1.0,82.42871476,25.47128524,TRUE,1.0,0.0,1,1,C,USGS_gbHeatFlowWells_wEstimates.shp,Data release - assumed measured,b42c933f-5f37-3b7a-82da-d058371e5ffc,-79613.06664,324257.8048
1176,Point,0,1,0.0,,1176,80.73273597,49.5,-31.23273597,FALSE,-9999.0,81.35818865,-31.85818865,FALSE,-9999.0,80.68734973,-31.18734973,FALSE,-9999.0,0.0,1,1,C,USGS_gbHeatFlowWells_wEstimates.shp,Data release - assumed measured,0fc21d1d-8d70-3100-8dc0-ab95b5e5e633,-113856.846,66981.15335
1177,Point,0,1,0.0,,1177,80.41495429,64.2,-16.21495429,TRUE,1.0,81.12617936,-16.92617936,TRUE,1.0,80.04205689,-15.84205689,TRUE,1.0,0.0,1,1,C,USGS_gbHeatFlowWells_wEstimates.shp,Data release - assumed measured,2777c683-5f9d-307e-af4e-d345b3118cfe,-130651.4948,76903.64031
1178,Point,0,1,0.0,,1178,86.91357967,55.5,-31.41357967,TRUE,1.0,88.79897816,-33.29897816,TRUE,1.0,86.34035851,-30.84035851,TRUE,1.0,0.0,1,1,C,USGS_gbHeatFlowWells_wEstimates.shp,assumed measured,a32825d1-ee94-3824-b5b8-d2260920954a,-227131.4303,245721.3289
1179,Point,0,1,0.0,,1179,81.05996128,63.7,-17.35996128,TRUE,1.0,81.54944623,-17.84944623,TRUE,1.0,82.83928838,-19.13928838,TRUE,1.0,0.0,1,1,B,USGS_gbHeatFlowWells_wEstimates.shp,Data release - assumed measured,90a36600-c2ba-3fa4-beff-1fc5e141abb3,-86994.26884,95652.24524
1183,Point,0,1,0.0,,1183,81.22852404,98.0,16.77147596,TRUE,1.0,82.11468327,15.88531673,TRUE,1.0,82.10644517,15.89355483,TRUE,1.0,0.0,1,1,C,USGS_gbHeatFlowWells_wEstimates.shp,Data release - assumed measured,39041a90-8865-3ef6-a12f-f589b32e83b5,-232285.2698,305647.9839
1184,Point,0,1,0.0,,1184,80.56489595,183.8,103.235104,TRUE,0.00742328,81.34044548,102.4595545,TRUE,0.007972928,81.14443026,102.6555697,TRUE,0.007830279,0.0,1,1,G,USGS_gbHeatFlowWells_wEstimates.shp,Data release - assumed measured,ef9e0f0a-f5d3-3db7-80ab-000fe7c04057,-240761.088,310459.7457
1185,Point,0,1,0.0,,1185,86.03209668,91.9,5.867903316,TRUE,1.0,87.89698144,4.003018564,TRUE,0.01,85.78077064,6.119229358,TRUE,0.01,0.0,1,1,X,USGS_gbHeatFlowWells_wEstimates.shp,X quality,d1f2b9b7-c341-35b8-a6e4-f79a8e981946,-244996.7396,257678.5662
1186,Point,0,1,0.0,,1186,84.30712821,64.4,-19.90712821,TRUE,1.0,85.63360077,-21.23360077,TRUE,1.0,85.71723943,-21.31723943,TRUE,1.0,0.0,1,1,B,USGS_gbHeatFlowWells_wEstimates.shp,Data release - assumed measured,63f449c9-e10e-3032-ae0e-745c193babf2,-61419.42718,33775.3813
1187,Point,0,1,0.0,,1187,80.7529661,245.5,164.7470339,TRUE,2.57e-05,83.98943752,161.5105625,TRUE,3.46e-05,83.06400626,162.4359937,TRUE,3.18e-05,0.0,1,1,G,USGS_gbHeatFlowWells_wEstimates.shp,Data release - assumed measured,e0b1deaf-97d1-384a-91fe-deef52c9bfe0,-34973.45889,-1457.037425
1189,Point,0,1,0.0,,1189,77.92036475,79.5,1.57963525,TRUE,1.0,78.874555,0.625444999,TRUE,0.01,77.91906847,1.580931527,TRUE,1.0,0.0,1,1,D,USGS_gbHeatFlowWells_wEstimates.shp,Data release - assumed measured,9c2d1e77-d6db-366c-9b3a-d9f36e0d5e3d,-197601.7678,138319.1034
1190,Point,0,1,0.0,,1190,82.50345691,47.4,-35.10345691,TRUE,1.0,83.87565556,-36.47565556,TRUE,1.0,83.02519229,-35.62519229,TRUE,1.0,0.0,1,1,B,USGS_gbHeatFlowWells_wEstimates.shp,Data release - assumed measured,48c8ff44-bc45-3fed-a6e7-1896d20900ab,-195331.6692,171932.5755
1191,Point,0,1,0.0,,1191,87.81550534,112.5,24.68449466,TRUE,1.0,88.78751586,23.71248414,TRUE,1.0,88.43285886,24.06714114,TRUE,1.0,0.0,1,1,C,USGS_gbHeatFlowWells_wEstimates.shp,Data release - assumed measured,5532e174-9ab5-371a-8749-15ac2b3c3d00,-153487.4052,169995.1129
1192,Point,0,1,0.0,,1192,83.10256288,113.3,30.19743712,TRUE,1.0,84.13102176,29.16897824,TRUE,0.01,83.20987074,30.09012926,TRUE,0.01,0.0,1,1,X,USGS_gbHeatFlowWells_wEstimates.shp,X quality,bbbd19fc-6d9b-3d5f-a0bb-f38e44cb2b99,-79553.60857,23730.09856
1193,Point,0,1,0.0,,1193,77.57948592,204.0,126.4205141,TRUE,0.000877363,78.81301934,125.1869807,TRUE,0.000982926,79.25613056,124.7438694,TRUE,0.001023871,0.0,1,1,G,USGS_gbHeatFlowWells_wEstimates.shp,Data release - assumed measured,db4a8fe0-9d3b-35e5-b931-c48cbb653148,42185.92414,73389.07426
1194,Point,0,1,0.0,,1194,74.80371876,120.0,45.19628124,TRUE,1.0,75.10834406,44.89165594,TRUE,1.0,75.65524897,44.34475103,TRUE,1.0,0.0,1,1,G,USGS_gbHeatFlowWells_wEstimates.shp,Data release - assumed measured,a98e8dc3-5a57-3a83-971c-3052efa12811,59578.06438,94221.35138
1195,Point,0,1,0.0,,1195,74.58440424,90.0,15.41559576,TRUE,1.0,74.67430138,15.32569862,TRUE,1.0,75.40909157,14.59090843,TRUE,1.0,0.0,1,1,B,USGS_gbHeatFlowWells_wEstimates.shp,Data release - assumed measured,c0749da3-c2c1-315f-b3fb-a2f0f7bbc4ed,58610.35973,99998.09937
1196,Point,0,1,0.0,,1196,78.6496815,81.0,2.350318496,TRUE,1.0,76.70122659,4.298773411,TRUE,1.0,79.96783183,1.032168169,TRUE,1.0,0.0,1,1,C,USGS_gbHeatFlowWells_wEstimates.shp,Data release - assumed measured,983e2d0d-d205-371c-8f28-75cbfd786ed4,4408.764531,138414.2156
1197,Point,0,1,0.0,,1197,81.98486707,208.0,126.0151329,TRUE,0.000910741,82.83641191,125.1635881,TRUE,9.85e-06,82.80383398,125.196166,TRUE,0.000982095,0.0,1,1,D,USGS_gbHeatFlowWells_wEstimates.shp,Data release - assumed measured,7ee08a0f-9482-32ca-89a9-87e5292cc78f,-107149.352,317083.9765
1198,Point,0,1,0.0,,1198,83.8758224,36.1,-47.7758224,TRUE,1.0,84.68547779,-48.58547779,TRUE,1.0,85.04696656,-48.94696656,TRUE,1.0,0.0,1,1,B,USGS_gbHeatFlowWells_wEstimates.shp,Data release - assumed measured,7e07a5ac-538b-3515-a4d3-181cf2a871dd,-110214.4799,305551.864
1206,Point,0,1,0.0,,1206,88.49561576,91.5,3.004384236,TRUE,1.0,88.60133758,2.898662421,TRUE,1.0,89.79880655,1.701193445,TRUE,1.0,0.0,1,1,C,USGS_gbHeatFlowWells_wEstimates.shp,Data release - assumed measured,6cea183b-6447-3713-b967-e32166f0844c,-85808.02526,359438.9213
1207,Point,0,1,0.0,,1207,82.60060195,166.1,83.49939805,TRUE,0.045711353,83.16372852,82.93627148,TRUE,0.000481448,82.57780484,83.52219516,TRUE,0.045615474,0.0,1,1,D,USGS_gbHeatFlowWells_wEstimates.shp,Data release - assumed measured,6eb7c1e6-a7fb-3dd3-b3ce-87a350761d33,-89519.47166,337077.1967
1208,Point,0,1,0.0,,1208,77.50827523,132.0,54.49172477,TRUE,0.661197205,77.56271475,54.43728525,TRUE,0.664520817,77.9606748,54.0393252,TRUE,0.689329702,0.0,1,1,G,USGS_gbHeatFlowWells_wEstimates.shp,Data release - assumed measured,bc3f01f9-84b6-3644-a061-ec0e81c5fea0,-239233.7487,329074.6096
1214,Point,0,1,0.0,,1214,85.29580191,645.4,560.1041981,FALSE,-9999.0,86.32228208,559.0777179,FALSE,-9999.0,87.15237862,558.2476214,FALSE,-9999.0,0.0,1,1,C,USGS_gbHeatFlowWells_wEstimates.shp,Data release - assumed measured,485f363d-ac68-3204-b8db-32b29c45965e,-57384.17137,45918.43617
1215,Point,0,1,0.0,,1215,85.48635063,113.4,27.91364937,TRUE,1.0,86.36902103,27.03097897,TRUE,1.0,87.38415966,26.01584034,TRUE,1.0,0.0,1,1,B,USGS_gbHeatFlowWells_wEstimates.shp,Data release - assumed measured,439cf5c6-c270-30f3-8156-a1dc147b5d58,-58225.13177,50183.41467
1216,Point,0,1,0.0,,1216,85.1878882,196.0,110.8121118,TRUE,0.003694159,86.14969478,109.8503052,TRUE,0.00403634,86.89573902,109.104261,TRUE,0.004323441,0.0,1,1,B,USGS_gbHeatFlowWells_wEstimates.shp,Data release - assumed measured,dea519c6-9e56-345a-a04d-60d895a24452,-61465.76559,47516.84286
1217,Point,0,1,0.0,,1217,85.16221989,121.8,36.63778011,TRUE,1.0,86.22674925,35.57325075,TRUE,1.0,86.95372238,34.84627762,TRUE,1.0,0.0,1,1,B,USGS_gbHeatFlowWells_wEstimates.shp,Data release - assumed measured,4aa28f5b-d612-37a8-b311-91c6b5a1e315,-58264.52444,44579.59542
1218,Point,0,1,0.0,,1218,85.20175021,218.4,133.1982498,FALSE,-9999.0,86.20179353,132.1982065,FALSE,-9999.0,86.96148437,131.4385156,FALSE,-9999.0,0.0,1,1,C,USGS_gbHeatFlowWells_wEstimates.shp,Data release - assumed measured,4c63f118-06f3-37d8-be06-93d9c6cfd758,-59732.37328,46383.35293
1219,Point,0,1,0.0,,1219,85.36667865,115.5,30.13332135,TRUE,1.0,86.49445931,29.00554069,TRUE,1.0,87.3300436,28.1699564,TRUE,1.0,0.0,1,1,B,USGS_gbHeatFlowWells_wEstimates.shp,Data release - assumed measured,2bb3b6a3-3c1a-3d3c-a8c5-dda254abc7b9,-54349.97103,43768.4417
1220,Point,0,1,0.0,,1220,83.36946484,172.2,88.83053516,TRUE,0.027975547,84.2262621,87.9737379,TRUE,0.030272653,83.80114664,88.39885336,TRUE,0.029110245,0.0,1,1,A,USGS_gbHeatFlowWells_wEstimates.shp,A quality,00be3d0f-1efa-3f1a-8323-e782b39a8d24,-82012.04109,39176.40275
1221,Point,0,1,0.0,,1221,83.85960993,297.5,213.6403901,TRUE,2.85e-07,84.76099415,212.7390058,TRUE,3.09e-07,84.54018231,212.9598177,TRUE,3.03e-07,0.0,1,1,A,USGS_gbHeatFlowWells_wEstimates.shp,A quality,574cf9f2-3f38-3a1b-8e16-5b4bfb367e77,-78326.91336,41718.67574
1222,Point,0,1,0.0,,1222,83.89465215,158.2,74.30534785,TRUE,0.106607089,84.83219634,73.36780366,TRUE,0.116221869,84.51900108,73.68099892,TRUE,0.112917185,0.0,1,1,A,USGS_gbHeatFlowWells_wEstimates.shp,A quality,c21f03f6-9534-3aff-8480-7af42d5a21b4,-77438.16855,38908.26517
1223,Point,0,1,0.0,,1223,82.47787278,14.7,-67.77787278,TRUE,0.194484542,83.31126187,-68.61126187,TRUE,0.180114852,82.36136056,-67.66136056,TRUE,0.196582828,0.0,1,1,B,USGS_gbHeatFlowWells_wEstimates.shp,Data release - assumed measured,56e9163d-a663-3bc4-afce-06c735e7f6a9,-87354.91189,28471.03985
1224,Point,0,1,0.0,,1224,84.9372209,45.4,-39.5372209,TRUE,1.0,86.6736671,-41.2736671,TRUE,1.0,87.21998128,-41.81998128,TRUE,1.0,0.0,1,1,A,USGS_gbHeatFlowWells_wEstimates.shp,A quality,88eda853-d3ba-3f53-b354-5b9b11195f78,-43433.90134,33863.53967
1225,Point,0,1,0.0,,1225,84.32511137,60.5,-23.82511137,TRUE,1.0,86.10618303,-25.60618303,TRUE,1.0,86.30508016,-25.80508016,TRUE,1.0,0.0,1,1,A,USGS_gbHeatFlowWells_wEstimates.shp,A quality,598dd47f-ea78-3c0d-9c50-4af2c9f5ffdf,-49304.30442,29368.36938
1226,Point,0,1,0.0,,1226,85.15875977,147.4,62.24124023,TRUE,0.323854839,86.77436201,60.62563799,TRUE,0.37581532,87.44459735,59.95540265,TRUE,0.399745786,0.0,1,1,A,USGS_gbHeatFlowWells_wEstimates.shp,A quality,e61b9773-024d-3ac7-954b-60f159be56d1,-44110.70046,36164.71778
1841,Point,0,1,0.0,,1841,72.42671187,84.0,11.57328813,TRUE,1.0,72.3107859,11.6892141,TRUE,1.0,71.01779541,12.98220459,TRUE,0.01,0.0,1,1,G,USGS_gbHeatFlowWells_wEstimates.shp,unmeasured,5de5ffac-1803-3f4b-b37d-3f56771b62a5,-169106.1769,22078.01286
1846,Point,0,1,0.0,,1846,77.65155173,75.0,-2.651551728,TRUE,1.0,78.62262895,-3.622628946,TRUE,1.0,77.3415982,-2.341598203,TRUE,1.0,0.0,1,1,B,USGS_gbHeatFlowWells_wEstimates.shp,known measured,55441065-afd6-36f2-858f-1a946587c57a,-87767.6471,-10751.31634
1849,Point,0,1,0.0,,1849,70.74208483,157.0,86.25791517,TRUE,0.035455482,70.46425499,86.53574501,TRUE,0.034559719,69.3393774,87.6606226,TRUE,0.031158396,0.0,1,1,G,USGS_gbHeatFlowWells_wEstimates.shp,assumed measured,d9849216-6e9a-369e-a80d-00ac70b713f2,-181604.6525,16736.96905
1868,Point,0,1,0.0,,1868,74.52142077,17.0,-57.52142077,TRUE,0.500199403,74.50231473,-57.50231473,TRUE,0.501080395,73.35350005,-56.35350005,TRUE,0.55700616,0.0,1,1,A,USGS_gbHeatFlowWells_wEstimates.shp,A quality,0a530c34-7783-3301-84dc-4d6b5e272546,-158016.4204,38673.95183
1869,Point,0,1,0.0,,1869,67.86334969,57.0,-10.86334969,TRUE,1.0,67.31124589,-10.31124589,TRUE,1.0,66.53726351,-9.537263509,TRUE,1.0,0.0,1,1,A,USGS_gbHeatFlowWells_wEstimates.shp,A quality,0763843c-f89f-39fc-b1fe-d083ff169005,-201653.0812,1314.394133
1902,Point,0,1,0.0,,1902,74.35458857,30.0,-44.35458857,TRUE,1.0,74.32483525,-44.32483525,TRUE,1.0,73.2228157,-43.2228157,TRUE,1.0,0.0,1,1,A,USGS_gbHeatFlowWells_wEstimates.shp,A quality,4d703a2d-e4a2-3e06-91f3-1272c83e8f30,-161998.1453,42853.64381
1922,Point,0,1,0.0,,1922,74.96911622,88.0,13.03088378,TRUE,1.0,74.99212246,13.00787754,TRUE,1.0,73.54270762,14.45729238,TRUE,1.0,0.0,1,1,A,USGS_gbHeatFlowWells_wEstimates.shp,A quality,72d34741-e887-3349-abff-cc26757d9ea2,-145688.4518,20692.62307
2318,Point,0,1,0.0,,2318,92.47984544,315.84,223.3601546,FALSE,-9999.0,91.97043096,223.869569,FALSE,-9999.0,92.35431301,223.485687,FALSE,-9999.0,0.0,1,1,G,USGS_gbHeatFlowWells_wEstimates.shp,known measured,b4a56b07-08d3-386c-bd45-d0846fb584c0,-43054.06142,261620.1973
2319,Point,0,1,0.0,,2319,89.86508429,47.6,-42.26508429,FALSE,-9999.0,89.73764122,-42.13764122,FALSE,-9999.0,90.13366806,-42.53366806,FALSE,-9999.0,0.0,1,1,C,USGS_gbHeatFlowWells_wEstimates.shp,known measured,25bcf0cf-1030-3381-9707-e033afe7f667,-56193.36336,262821.508
2321,Point,0,1,0.0,,2321,75.56159428,71.0,-4.561594277,TRUE,1.0,75.16297107,-4.162971071,TRUE,1.0,75.71053057,-4.710530568,TRUE,1.0,0.0,1,1,A,USGS_gbHeatFlowWells_wEstimates.shp,A quality,f4f6c185-bcd6-375a-ac62-7673afc85c8d,-191964.6512,361468.7717
2323,Point,0,1,0.0,,2323,72.4429884,53.0,-19.4429884,TRUE,1.0,72.16361212,-19.16361212,TRUE,1.0,72.96124485,-19.96124485,TRUE,1.0,0.0,1,1,A,USGS_gbHeatFlowWells_wEstimates.shp,A quality,a4fdb0b8-ed81-36e8-bf2a-d1ab278926b7,68957.91831,121700.3948
2325,Point,0,1,0.0,,2325,79.88561822,75.0,-4.885618223,TRUE,1.0,78.33205792,-3.332057917,TRUE,1.0,81.85592343,-6.855923431,TRUE,1.0,0.0,1,1,A,USGS_gbHeatFlowWells_wEstimates.shp,A quality,9f0f4c6d-4e0f-3903-9189-86dc5f8adb80,5679.310393,119551.2044
2327,Point,0,1,0.0,,2327,82.17183942,82.0,-0.171839424,TRUE,1.0,83.69045633,-1.690456328,TRUE,1.0,81.41739608,0.58260392,TRUE,1.0,0.0,1,1,A,USGS_gbHeatFlowWells_wEstimates.shp,A quality,df98bdc5-59d6-380c-a6df-1aeb98c0370c,-228076.2022,199333.2306
2328,Point,0,1,0.0,,2328,83.76631808,79.0,-4.76631808,TRUE,1.0,85.07775042,-6.077750423,TRUE,1.0,84.51107521,-5.511075206,TRUE,1.0,0.0,1,1,A,USGS_gbHeatFlowWells_wEstimates.shp,A quality,c2cd0005-d3d9-3dbd-b05f-b53fe1f93e3d,-68473.23068,24561.63889
2330,Point,0,1,0.0,,2330,83.78971106,91.05,7.260288938,TRUE,1.0,84.49793647,6.552063532,TRUE,1.0,85.15609789,5.893902107,TRUE,1.0,0.0,1,1,A,USGS_gbHeatFlowWells_wEstimates.shp,A quality,0347106b-198a-3e7c-b83a-1708d6fdaf22,-113449.382,308297.1916
2331,Point,0,1,0.0,,2331,83.61017193,90.48,6.86982807,TRUE,1.0,84.31146773,6.168532265,TRUE,1.0,85.01908049,5.46091951,TRUE,1.0,0.0,1,1,A,USGS_gbHeatFlowWells_wEstimates.shp,A quality,fc227eb3-ff1c-3a09-8cd2-d198637ab8c3,-113674.558,309667.2871
2332,Point,0,1,0.0,,2332,83.00777966,101.14,18.13222034,TRUE,1.0,83.76024036,17.37975964,TRUE,1.0,84.29836425,16.84163575,TRUE,1.0,0.0,1,1,A,USGS_gbHeatFlowWells_wEstimates.shp,A quality,6427f5ce-e2c8-3c3f-89e4-fdd71e83bb0c,-112060.5968,312311.1229
2333,Point,0,1,0.0,,2333,85.78933235,62.8,-22.98933235,TRUE,1.0,85.92002793,-23.12002793,TRUE,1.0,85.89344912,-23.09344912,TRUE,1.0,0.0,1,1,A,USGS_gbHeatFlowWells_wEstimates.shp,A quality,8ca38a15-5f4d-3255-af59-9e1765969335,-122349.7178,204014.7377
2334,Point,0,1,0.0,,2334,88.36227707,76.44,-11.92227707,TRUE,1.0,88.85631501,-12.41631501,TRUE,1.0,86.70404555,-10.26404555,TRUE,1.0,0.0,1,1,A,USGS_gbHeatFlowWells_wEstimates.shp,A quality,3a672d57-756b-3371-a1ba-5fd495f40741,-171242.0652,250994.0489
2335,Point,0,1,0.0,,2335,93.56673685,105.98,12.41326315,TRUE,1.0,92.98508502,12.99491498,TRUE,1.0,93.45526164,12.52473836,TRUE,1.0,0.0,1,1,A,USGS_gbHeatFlowWells_wEstimates.shp,A quality,4a56281b-ff46-3f74-a5b1-75770490ee52,-41051.19867,265718.4239
2336,Point,0,1,0.0,,2336,85.79081274,115.52,29.72918726,TRUE,1.0,87.70259762,27.81740238,TRUE,1.0,85.14453406,30.37546594,TRUE,1.0,0.0,1,1,A,USGS_gbHeatFlowWells_wEstimates.shp,A quality,2f62ce07-2d91-36d3-a88f-fd226a0dc306,-232991.8407,231538.1248
2337,Point,0,1,0.0,,2337,91.90864827,119.76,27.85135173,TRUE,1.0,94.01168082,25.74831918,TRUE,1.0,91.95706202,27.80293798,TRUE,1.0,0.0,1,1,A,USGS_gbHeatFlowWells_wEstimates.shp,A quality,daf2536e-bfa7-3f3c-bcfe-ee792d473e54,46402.83086,315420.1022
2340,Point,0,1,0.0,,2340,89.76461633,114.66,24.89538367,TRUE,1.0,90.22760973,24.43239027,TRUE,1.0,89.99986065,24.66013935,TRUE,1.0,0.0,1,1,A,USGS_gbHeatFlowWells_wEstimates.shp,A quality,fecd8d88-e081-3fe6-adbf-3259eb66e6df,-151904.9598,208246.331
2342,Point,0,1,0.0,,2342,89.62849539,76.44,-13.18849539,TRUE,1.0,90.00959389,-13.56959389,TRUE,1.0,89.67030916,-13.23030916,TRUE,1.0,0.0,1,1,A,USGS_gbHeatFlowWells_wEstimates.shp,A quality,af257358-323d-3207-8ddf-ff44b474270c,-153446.3711,217063.2601
2343,Point,0,1,0.0,,2343,89.50471269,112.0,22.49528731,TRUE,1.0,89.74551268,22.25448732,TRUE,1.0,89.59924831,22.40075169,TRUE,1.0,0.0,1,1,A,USGS_gbHeatFlowWells_wEstimates.shp,A quality,27b128ab-c465-37ac-bbbd-63fce9af4eb7,-146952.7173,212874.1814
2346,Point,0,1,0.0,,2346,87.07651658,110.0,22.92348342,TRUE,1.0,86.9065308,23.0934692,TRUE,1.0,87.23003401,22.76996599,TRUE,1.0,0.0,1,1,A,USGS_gbHeatFlowWells_wEstimates.shp,A quality,191d4af0-eb44-3202-bcac-5d1ba10a1ad6,-51050.9918,342048.478
2347,Point,0,1,0.0,,2347,87.3834991,76.0,-11.3834991,TRUE,1.0,87.22629958,-11.22629958,TRUE,1.0,87.50281614,-11.50281614,TRUE,1.0,0.0,1,1,A,USGS_gbHeatFlowWells_wEstimates.shp,A quality,d443f890-9cb2-3d95-89e8-9d7c32c3174b,-52187.59072,345460.9415
2348,Point,0,1,0.0,,2348,84.72979238,56.056,-28.67379238,TRUE,1.0,84.90954195,-28.85354195,TRUE,1.0,85.21139168,-29.15539168,TRUE,1.0,0.0,1,1,A,USGS_gbHeatFlowWells_wEstimates.shp,A quality,c29d504b-661b-39c6-8dc7-415068546fc9,-106120.8704,345861.1393
2349,Point,0,1,0.0,,2349,86.30663336,77.0,-9.306633363,TRUE,1.0,86.36779575,-9.367795751,TRUE,1.0,86.96071271,-9.960712711,TRUE,1.0,0.0,1,1,A,USGS_gbHeatFlowWells_wEstimates.shp,A quality,59b6fe79-4b7c-32d8-97ce-27103a66c50c,-107128.4409,351889.8237
2351,Point,0,1,0.0,,2351,78.6667393,41.496,-37.1707393,TRUE,1.0,77.93027465,-36.43427465,TRUE,1.0,78.10227969,-36.60627969,TRUE,1.0,0.0,1,1,A,USGS_gbHeatFlowWells_wEstimates.shp,A quality,aa94eb4e-336c-3222-8bc9-3e8a53320628,-63807.38125,174902.014
2352,Point,0,1,0.0,,2352,79.14244882,114.66,35.51755118,TRUE,1.0,80.03092102,34.62907898,TRUE,1.0,78.81278605,35.84721395,TRUE,1.0,0.0,1,1,A,USGS_gbHeatFlowWells_wEstimates.shp,A quality,50801a9e-48a9-3c6a-b90e-e0c410f8d918,-154126.7454,98757.94609
2354,Point,0,1,0.0,,2354,81.11240253,71.344,-9.768402535,TRUE,1.0,84.65763224,-13.31363224,TRUE,1.0,83.97189976,-12.62789976,TRUE,1.0,0.0,1,1,A,USGS_gbHeatFlowWells_wEstimates.shp,A quality,9091de5b-0c6a-3607-bee4-95a2e4c6cde1,-17872.90702,5429.634818
2355,Point,0,1,0.0,,2355,81.09500711,86.632,5.536992888,TRUE,1.0,84.66907762,1.96292238,TRUE,1.0,84.0228367,2.609163299,TRUE,1.0,0.0,1,1,A,USGS_gbHeatFlowWells_wEstimates.shp,A quality,bc3efaa1-d4ff-3f9b-b0ca-086054fbb240,-14807.85589,6544.342544
2356,Point,0,1,0.0,,2356,86.09343012,89.0,2.906569877,TRUE,1.0,86.01420216,2.985797835,TRUE,1.0,86.3187703,2.681229698,TRUE,1.0,0.0,1,1,A,USGS_gbHeatFlowWells_wEstimates.shp,A quality,905f6a22-9dad-313b-b5fa-d58c9c9f8b31,-53373.08462,337627.9042
2357,Point,0,1,0.0,,2357,87.54625956,44.66,-42.88625956,TRUE,1.0,87.78872351,-43.12872351,TRUE,1.0,86.72153878,-42.06153878,TRUE,1.0,0.0,1,1,A,USGS_gbHeatFlowWells_wEstimates.shp,A quality,7fe92cfe-cb12-33e1-ac16-0b7cda54272d,-155996.5589,241871.8671
2362,Point,0,1,0.0,,2362,89.68913814,106.96,17.27086186,TRUE,1.0,90.36353394,16.59646606,TRUE,1.0,89.94400009,17.01599991,TRUE,1.0,0.0,1,1,A,USGS_gbHeatFlowWells_wEstimates.shp,A quality,ba821ffe-b2ce-325b-86a1-0729c324df9c,-160180.4501,208734.2047
2363,Point,0,1,0.0,,2363,74.98231881,71.0,-3.982318812,TRUE,1.0,74.52419307,-3.524193071,TRUE,1.0,75.2865782,-4.286578198,TRUE,1.0,0.0,1,1,A,USGS_gbHeatFlowWells_wEstimates.shp,A quality,91db1874-556e-37e1-8e2b-666561c8c1f9,-197976.5122,353963.9507
2367,Point,0,1,0.0,,2367,85.32497101,104.03,18.70502899,TRUE,1.0,86.03936112,17.99063888,TRUE,1.0,85.68162379,18.34837621,TRUE,1.0,0.0,1,1,A,USGS_gbHeatFlowWells_wEstimates.shp,A quality,d04f8ece-c06e-3c52-99cf-3fa21f087ff5,-83293.23712,270313.3156
2368,Point,0,1,0.0,,2368,86.4030045,41.44,-44.9630045,TRUE,1.0,86.79396466,-45.35396466,TRUE,1.0,86.73916308,-45.29916308,TRUE,1.0,0.0,1,1,A,USGS_gbHeatFlowWells_wEstimates.shp,A quality,b998b96b-4444-3cec-b7eb-ceb3b00c0655,-74668.08348,264704.4596
2369,Point,0,1,0.0,,2369,90.81973238,117.21,26.39026762,TRUE,1.0,91.05391227,26.15608773,TRUE,1.0,91.58347312,25.62652688,TRUE,1.0,0.0,1,1,A,USGS_gbHeatFlowWells_wEstimates.shp,A quality,79d51e6b-091f-3aa0-9da4-2b6abff47044,-57928.18487,279077.6091
2370,Point,0,1,0.0,,2370,85.35622789,102.48,17.12377211,TRUE,1.0,86.06597362,16.41402638,TRUE,1.0,85.7157349,16.7642651,TRUE,1.0,0.0,1,1,A,USGS_gbHeatFlowWells_wEstimates.shp,A quality,dc629da4-ded4-392d-9a24-d37604cac31b,-83005.85133,270243.1134
2371,Point,0,1,0.0,,2371,84.94186629,66.22,-18.72186629,TRUE,1.0,85.6194419,-19.3994419,TRUE,1.0,85.22525341,-19.00525341,TRUE,1.0,0.0,1,1,A,USGS_gbHeatFlowWells_wEstimates.shp,A quality,9292e4ac-e622-309d-9cb3-eceaf7e9330a,-86263.58727,269100.7351
2372,Point,0,1,0.0,,2372,86.2933225,95.0,8.706677498,TRUE,1.0,87.04499207,7.955007933,TRUE,1.0,86.79013061,8.209869394,TRUE,1.0,0.0,1,1,A,USGS_gbHeatFlowWells_wEstimates.shp,A quality,50b5eed8-b0ee-3761-bc2f-3860a5cb1f2c,-78764.14217,274200.8858
2373,Point,0,1,0.0,,2373,89.00729679,73.892,-15.11529679,TRUE,1.0,89.42160204,-15.52960204,TRUE,1.0,89.93796758,-16.04596758,TRUE,1.0,0.0,1,1,A,USGS_gbHeatFlowWells_wEstimates.shp,A quality,2ebb6d5f-b08d-3e01-9840-ff27780400a8,-60846.21773,301698.2247
2374,Point,0,1,0.0,,2374,81.83024965,113.57,31.73975035,TRUE,1.0,82.00561915,31.56438085,TRUE,1.0,81.77371245,31.79628755,TRUE,1.0,0.0,1,1,A,USGS_gbHeatFlowWells_wEstimates.shp,A quality,78366d7f-7f4e-33dc-bf3c-57e616918811,-100512.0923,225245.5714
2383,Point,0,1,0.0,,2383,82.47400573,59.0,-23.47400573,TRUE,1.0,83.17727369,-24.17727369,TRUE,1.0,82.76702976,-23.76702976,TRUE,1.0,0.0,1,1,B,USGS_gbHeatFlowWells_wEstimates.shp,assumed measured,99b38885-ce9e-335b-81d8-825c40a5d6e2,-91058.6118,46207.02084
2384,Point,0,1,0.0,,2384,85.38051746,62.8,-22.58051746,TRUE,1.0,85.50785652,-22.70785652,TRUE,1.0,85.46144282,-22.66144282,TRUE,1.0,0.0,1,1,B,USGS_gbHeatFlowWells_wEstimates.shp,Data release - assumed measured,70945a23-709e-3184-9781-b0f97d46d9f1,-119922.1159,202342.0818
2385,Point,0,1,0.0,,2385,83.71156944,71.1,-12.61156944,TRUE,1.0,83.76104991,-12.66104991,TRUE,1.0,83.64409192,-12.54409192,TRUE,1.0,0.0,1,1,B,USGS_gbHeatFlowWells_wEstimates.shp,Data release - assumed measured,a4de8ceb-8fb6-330f-a4a8-143884e7e0ae,-111530.7598,204139.219
2388,Point,0,1,0.0,,2388,92.68298128,112.0,19.31701872,TRUE,1.0,92.07935745,19.92064255,TRUE,1.0,92.30138202,19.69861798,TRUE,1.0,0.0,1,1,B,USGS_gbHeatFlowWells_wEstimates.shp,Data release - assumed measured,6fb21991-a26a-3e29-8554-834fac8d08f6,-38081.56185,257221.331
2389,Point,0,1,0.0,,2389,93.06838443,76.0,-17.06838443,TRUE,1.0,92.45151341,-16.45151341,TRUE,1.0,92.74064042,-16.74064042,TRUE,1.0,0.0,1,1,B,USGS_gbHeatFlowWells_wEstimates.shp,Data release - assumed measured,ef907e25-355c-3ec7-bbc0-618cb1e387e7,-38536.62841,259677.5104
2390,Point,0,1,0.0,,2390,75.39077321,50.96,-24.43077321,TRUE,1.0,74.97386122,-24.01386122,TRUE,1.0,75.55200921,-24.59200921,TRUE,1.0,0.0,1,1,B,USGS_gbHeatFlowWells_wEstimates.shp,Data release - assumed measured,e5be1cce-79ca-3229-bdfa-07a6f1eb828c,-193159.4981,359895.6054
2392,Point,0,1,0.0,,2392,89.69615851,89.0,-0.696158509,TRUE,1.0,90.38291163,-1.382911626,TRUE,1.0,90.07280354,-1.072803536,TRUE,1.0,0.0,1,1,B,USGS_gbHeatFlowWells_wEstimates.shp,Data release - assumed measured,81b68a2d-5b6f-3811-8d87-ed9fc7497ab2,-157849.2365,202116.0911
2393,Point,0,1,0.0,,2393,89.82326983,79.0,-10.82326983,TRUE,1.0,90.34162324,-11.34162324,TRUE,1.0,89.94867844,-10.94867844,TRUE,1.0,0.0,1,1,B,USGS_gbHeatFlowWells_wEstimates.shp,Data release - assumed measured,b8f97f66-a894-3757-85fb-8ef189bcb28d,-157482.5527,213520.0902
2394,Point,0,1,0.0,,2394,88.62955911,100.0,11.37044089,TRUE,1.0,88.88336539,11.11663461,TRUE,1.0,88.31670942,11.68329058,TRUE,1.0,0.0,1,1,B,USGS_gbHeatFlowWells_wEstimates.shp,Data release - assumed measured,cbf0bf71-a223-3988-9018-bbee63e1a3ca,-153031.7322,229071.261
2395,Point,0,1,0.0,,2395,85.57537602,92.0,6.424623983,TRUE,1.0,86.02751423,5.972485773,TRUE,1.0,86.05368848,5.946311515,TRUE,1.0,0.0,1,1,B,USGS_gbHeatFlowWells_wEstimates.shp,Data release - assumed measured,58b6ed08-0e9f-3a42-b1df-789373bf83eb,-117280.4379,280978.4862
2396,Point,0,1,0.0,,2396,80.66210844,53.508,-27.15410844,TRUE,1.0,80.08112505,-26.57312505,TRUE,1.0,81.41549675,-27.90749675,TRUE,1.0,0.0,1,1,B,USGS_gbHeatFlowWells_wEstimates.shp,Data release - assumed measured,ce7a5dbd-7098-3ade-a26b-cda745fb730d,-159326.8566,345614.417
2405,Point,0,1,0.0,,2405,87.44359419,112.11,24.66640581,TRUE,1.0,88.14474663,23.96525337,TRUE,1.0,85.72476994,26.38523006,TRUE,0.01,0.0,1,1,B,USGS_gbHeatFlowWells_wEstimates.shp,unmeasured,c2ed1c5b-fb42-346c-bbbd-67c9b3f2fa8d,-179585.5977,264251.7074
2406,Point,0,1,0.0,,2406,86.69260476,28.028,-58.66460476,TRUE,0.450210697,86.88344698,-58.85544698,TRUE,0.442366388,85.59632435,-57.56832435,TRUE,0.498043213,0.0,1,1,B,USGS_gbHeatFlowWells_wEstimates.shp,assumed measured,778d036c-6e98-3487-8ee1-458abbe51bd4,-170687.7538,277133.8708
2407,Point,0,1,0.0,,2407,88.29584831,68.0,-20.29584831,TRUE,1.0,88.02430781,-20.02430781,TRUE,1.0,88.45868053,-20.45868053,TRUE,1.0,0.0,1,1,B,USGS_gbHeatFlowWells_wEstimates.shp,known measured,4b75b432-64d8-3ba5-9583-82722f72512d,-47334.22769,342888.0875
2410,Point,0,1,0.0,,2410,87.5954731,69.16,-18.4354731,TRUE,1.0,88.98070714,-19.82070714,TRUE,1.0,86.11963537,-16.95963537,TRUE,1.0,0.0,1,1,B,USGS_gbHeatFlowWells_wEstimates.shp,Data release - assumed measured,4925eb8b-d9b8-30f3-8717-61e669f65b2e,-194828.3961,259561.7641
2411,Point,0,1,0.0,,2411,84.94343419,103.74,18.79656581,TRUE,1.0,86.19048614,17.54951386,TRUE,1.0,84.78145152,18.95854848,TRUE,1.0,0.0,1,1,B,USGS_gbHeatFlowWells_wEstimates.shp,Data release - assumed measured,6715b98c-ca26-3659-835a-21bc13a3e959,-192702.4202,277444.0332
2412,Point,0,1,0.0,,2412,86.25931373,83.0,-3.259313726,TRUE,1.0,86.18602899,-3.18602899,TRUE,1.0,86.33470852,-3.334708524,TRUE,1.0,0.0,1,1,B,USGS_gbHeatFlowWells_wEstimates.shp,known measured,2f164974-fd5a-3613-a122-9005809bf93e,-55295.91725,343891.3002
2413,Point,0,1,0.0,,2413,86.08771869,71.0,-15.08771869,TRUE,1.0,86.01352321,-15.01352321,TRUE,1.0,86.24369291,-15.24369291,TRUE,1.0,0.0,1,1,B,USGS_gbHeatFlowWells_wEstimates.shp,known measured,21bc0d4e-3e0d-3f5a-b17a-bdd5a94006ea,-54149.96209,340780.7193
2414,Point,0,1,0.0,,2414,87.941836,105.0,17.058164,TRUE,1.0,87.91124828,17.08875172,TRUE,1.0,88.28720618,16.71279382,TRUE,1.0,0.0,1,1,B,USGS_gbHeatFlowWells_wEstimates.shp,known measured,47d9a976-c67e-391b-a2d5-b22b922d70b2,-62155.78977,353540.8602
2415,Point,0,1,0.0,,2415,86.99634147,84.0,-2.996341471,TRUE,1.0,86.93862592,-2.938625921,TRUE,1.0,87.14885466,-3.14885466,TRUE,1.0,0.0,1,1,B,USGS_gbHeatFlowWells_wEstimates.shp,known measured,b4d286b7-f7a9-3238-9a68-d541f3fd88cc,-58250.13848,348650.3139
2416,Point,0,1,0.0,,2416,84.74764494,65.702,-19.04564494,TRUE,1.0,84.4839592,-18.7819592,TRUE,1.0,87.38675953,-21.68475953,TRUE,1.0,0.0,1,1,B,USGS_gbHeatFlowWells_wEstimates.shp,Data release - assumed measured,1b539c74-86ee-35f9-be5c-d206c676a678,-147880.659,312167.396
2417,Point,0,1,0.0,,2417,85.98059761,84.084,-1.896597611,TRUE,1.0,85.81593389,-1.731933893,TRUE,1.0,87.97625482,-3.892254818,TRUE,0.01,0.0,1,1,B,USGS_gbHeatFlowWells_wEstimates.shp,unmeasured,7a9e5e26-4eae-3fb4-9797-cd366e594a88,-153562.9961,301629.2818
2418,Point,0,1,0.0,,2418,84.41489033,56.056,-28.35889033,TRUE,1.0,85.26252952,-29.20652952,TRUE,1.0,84.82792353,-28.77192353,TRUE,0.01,0.0,1,1,B,USGS_gbHeatFlowWells_wEstimates.shp,unmeasured,d263ce24-590f-3095-8326-9c2e7b759fc9,-187735.3468,284611.5846
2419,Point,0,1,0.0,,2419,89.08507428,96.824,7.738925723,TRUE,1.0,90.64239728,6.181602716,TRUE,1.0,87.81566636,9.008333638,TRUE,1.0,0.0,1,1,B,USGS_gbHeatFlowWells_wEstimates.shp,Data release - assumed measured,d48edf07-60bc-3d00-bf02-983801edd44f,-201673.0912,246092.0278
2420,Point,0,1,0.0,,2420,86.50324536,96.824,10.32075464,TRUE,1.0,86.48581952,10.33818048,TRUE,1.0,86.61797598,10.20602402,TRUE,0.01,0.0,1,1,B,USGS_gbHeatFlowWells_wEstimates.shp,unmeasured,9f1c46c9-165a-3878-b698-ad23acff2255,-163747.8325,285208.0521
2421,Point,0,1,0.0,,2421,85.44511574,68.796,-16.64911574,TRUE,1.0,85.26108543,-16.46508543,TRUE,1.0,87.16586204,-18.36986204,TRUE,0.01,0.0,1,1,B,USGS_gbHeatFlowWells_wEstimates.shp,unmeasured,ae03d716-2170-30c6-9f7d-049475e4295d,-160933.6933,298972.2558
2422,Point,0,1,0.0,,2422,86.25896316,53.508,-32.75096316,TRUE,1.0,86.13116279,-32.62316279,TRUE,1.0,88.17247304,-34.66447304,TRUE,0.01,0.0,1,1,B,USGS_gbHeatFlowWells_wEstimates.shp,unmeasured,2aeb011b-364a-3da9-9582-4b29f34aa608,-152040.4267,300292.986
2423,Point,0,1,0.0,,2423,85.05247082,119.76,34.70752918,TRUE,1.0,84.78767363,34.97232637,TRUE,1.0,87.33864238,32.42135762,TRUE,0.01,0.0,1,1,B,USGS_gbHeatFlowWells_wEstimates.shp,unmeasured,c1bd2cd6-66cb-3d40-9a63-192fb9e4a435,-156577.4594,305796.2092
2424,Point,0,1,0.0,,2424,87.08499074,86.632,-0.452990742,TRUE,1.0,87.19066026,-0.558660256,TRUE,1.0,88.45960529,-1.827605288,TRUE,0.01,0.0,1,1,B,USGS_gbHeatFlowWells_wEstimates.shp,unmeasured,e41ebb22-9a04-313f-8192-99e9cd2ad50d,-143202.5804,290792.4643
2425,Point,0,1,0.0,,2425,87.23182912,114.66,27.42817088,TRUE,1.0,87.34348012,27.31651988,TRUE,1.0,87.92400895,26.73599105,TRUE,0.01,0.0,1,1,B,USGS_gbHeatFlowWells_wEstimates.shp,unmeasured,19917935-5d54-385a-b119-3f8ebabf8953,-147255.9229,284889.1553
2426,Point,0,1,0.0,,2426,85.88020326,82.992,-2.88820326,TRUE,1.0,85.81593438,-2.823934376,TRUE,1.0,86.59407279,-3.602072792,TRUE,1.0,0.0,1,1,B,USGS_gbHeatFlowWells_wEstimates.shp,Data release - assumed measured,0107fe63-27db-3907-bfce-e29a22389aaf,-165343.2479,289910.1094
2427,Point,0,1,0.0,,2427,86.26128346,53.508,-32.75328346,TRUE,1.0,86.34024824,-32.83224824,TRUE,1.0,88.40359202,-34.89559202,TRUE,0.01,0.0,1,1,B,USGS_gbHeatFlowWells_wEstimates.shp,unmeasured,7b38df4e-e8ff-3cf0-ba92-f2034708e426,-135944.6362,303365.7715
2428,Point,0,1,0.0,,2428,85.15183703,71.344,-13.80783703,TRUE,1.0,85.01116824,-13.66716824,TRUE,1.0,87.70048676,-16.35648676,TRUE,0.01,0.0,1,1,B,USGS_gbHeatFlowWells_wEstimates.shp,unmeasured,b98051ec-9e79-3039-809b-73a73a4aa699,-141719.2629,310935.6207
2429,Point,0,1,0.0,,2429,84.96226598,99.372,14.40973402,TRUE,1.0,86.00082874,13.37117126,TRUE,1.0,86.52048806,12.85151194,TRUE,0.01,0.0,1,1,B,USGS_gbHeatFlowWells_wEstimates.shp,unmeasured,9644bcc2-9a32-3798-ae32-981b416d91bd,-63086.55707,44316.01422
2430,Point,0,1,0.0,,2430,83.26824114,119.76,36.49175886,TRUE,1.0,84.99043967,34.76956033,TRUE,1.0,84.69535985,35.06464015,TRUE,0.01,0.0,1,1,B,USGS_gbHeatFlowWells_wEstimates.shp,unmeasured,3b4a8066-a52f-322e-974d-6ec94021befa,-58011.36916,22610.31576
2432,Point,0,1,0.0,,2432,83.52884709,68.796,-14.73284709,TRUE,1.0,83.18496351,-14.38896351,TRUE,1.0,85.93009019,-17.13409019,TRUE,0.01,0.0,1,1,B,USGS_gbHeatFlowWells_wEstimates.shp,unmeasured,97021413-c22b-3e2e-8dfc-c4c8bf0ac5a7,-164845.4707,307269.1969
2433,Point,0,1,0.0,,2433,84.98074183,92.4,7.419258169,TRUE,1.0,85.62457522,6.775424776,TRUE,1.0,85.2722622,7.127737803,TRUE,1.0,0.0,1,1,B,USGS_gbHeatFlowWells_wEstimates.shp,Data release - assumed measured,daea9769-0002-3fe6-b97a-0a195a4a402f,-84371.9054,267646.391
2434,Point,0,1,0.0,,2434,84.81484429,110.6,25.78515571,TRUE,1.0,85.43777174,25.16222826,TRUE,1.0,85.075509,25.524491,TRUE,1.0,0.0,1,1,B,USGS_gbHeatFlowWells_wEstimates.shp,assumed measured,e978ecb4-054a-36e9-acec-f3fc4980a593,-85498.65081,266907.4659
2435,Point,0,1,0.0,,2435,87.0546259,68.6,-18.4546259,TRUE,1.0,87.34792284,-18.74792284,TRUE,1.0,87.42164139,-18.82164139,TRUE,1.0,0.0,1,1,B,USGS_gbHeatFlowWells_wEstimates.shp,Data release - assumed measured,b46c1595-e45e-3dd7-b549-48ed7673ce3b,-70782.30166,263985.8761
2436,Point,0,1,0.0,,2436,84.08126506,68.6,-15.48126506,TRUE,1.0,84.54312131,-15.94312131,TRUE,1.0,84.21793963,-15.61793963,TRUE,1.0,0.0,1,1,B,USGS_gbHeatFlowWells_wEstimates.shp,assumed measured,f4d31fa2-4814-3c52-bc93-17e518da6ae8,-87225.43871,260090.3513
2437,Point,0,1,0.0,,2437,84.22397973,100.8,16.57602027,TRUE,1.0,84.7176055,16.0823945,TRUE,1.0,84.37932596,16.42067404,TRUE,1.0,0.0,1,1,B,USGS_gbHeatFlowWells_wEstimates.shp,assumed measured,88eea2b2-9807-3997-894e-72df8cc08ccd,-87335.47586,261682.8018
2438,Point,0,1,0.0,,2438,90.55562102,35.672,-54.88362102,TRUE,0.63775689,90.89059015,-55.21859015,TRUE,0.618381365,91.50922532,-55.83722532,TRUE,0.00584132,0.0,1,1,B,USGS_gbHeatFlowWells_wEstimates.shp,unmeasured,ca7d3fd9-ca4d-3ce8-af13-44e05ec32f3e,-57088.05213,296068.7177
2439,Point,0,1,0.0,,2439,84.08303668,63.0,-21.08303668,TRUE,1.0,84.54803352,-21.54803352,TRUE,1.0,84.2187284,-21.2187284,TRUE,1.0,0.0,1,1,B,USGS_gbHeatFlowWells_wEstimates.shp,assumed measured,0cdc0765-a8bf-3616-9598-9d9f4091b008,-87478.12591,260261.1716
2440,Point,0,1,0.0,,2440,84.24267271,107.8,23.55732729,TRUE,1.0,84.74007192,23.05992808,TRUE,1.0,84.40082033,23.39917967,TRUE,1.0,0.0,1,1,B,USGS_gbHeatFlowWells_wEstimates.shp,assumed measured,cdc7fa30-970f-3c92-bd28-635972b685c1,-87299.60728,261861.7008
2441,Point,0,1,0.0,,2441,81.81049517,53.44,-28.37049517,TRUE,1.0,81.92218914,-28.48218914,TRUE,1.0,81.6975465,-28.2575465,TRUE,1.0,0.0,1,1,B,USGS_gbHeatFlowWells_wEstimates.shp,Data release - assumed measured,829c7a7a-9b38-3dd7-baf5-5d9520591214,-99726.37991,214160.6125
2443,Point,0,1,0.0,,2443,85.53166453,38.0,-47.53166453,TRUE,1.0,85.77751211,-47.77751211,TRUE,1.0,85.28882687,-47.28882687,TRUE,1.0,0.0,1,1,B,USGS_gbHeatFlowWells_wEstimates.shp,Data release - assumed measured,62ccdde5-7bad-3bd2-9d0e-539cb22ba9a8,-136075.0618,269653.3677
2444,Point,0,1,0.0,,2444,84.6656037,11.0,-73.6656037,TRUE,0.11307741,85.10931637,-74.10931637,TRUE,0.108549379,84.71562575,-73.71562575,TRUE,0.112557638,0.0,1,1,B,USGS_gbHeatFlowWells_wEstimates.shp,Data release - assumed measured,4c79a20f-e129-3099-b457-971a921af30b,-113694.8067,269978.8943
2445,Point,0,1,0.0,,2445,86.47197272,30.576,-55.89597272,TRUE,0.580979878,86.6575332,-56.0815332,TRUE,0.571134864,88.42250434,-57.84650434,TRUE,0.004854448,0.0,1,1,B,USGS_gbHeatFlowWells_wEstimates.shp,unmeasured,524bcc33-5872-3049-9afc-539791c3f549,-132499.6191,299012.8857
2446,Point,0,1,0.0,,2446,84.36714422,34.58,-49.78714422,TRUE,1.0,84.56533244,-49.98533244,TRUE,1.0,85.31606722,-50.73606722,TRUE,0.934452674,0.0,1,1,B,USGS_gbHeatFlowWells_wEstimates.shp,Data release - assumed measured,b744bc03-a7f3-381b-811c-af5726133034,-177424.9962,291662.0036
2447,Point,0,1,0.0,,2447,85.57321266,38.038,-47.53521266,TRUE,1.0,85.89950839,-47.86150839,TRUE,1.0,85.48535536,-47.44735536,TRUE,1.0,0.0,1,1,B,USGS_gbHeatFlowWells_wEstimates.shp,Data release - assumed measured,9958137e-ab2e-3281-9b6e-1a0306469277,-176619.4989,283425.8474
2451,Point,0,1,0.0,,2451,80.60993725,50.0,-30.60993725,TRUE,1.0,81.56814309,-31.56814309,TRUE,1.0,80.65554854,-30.65554854,TRUE,1.0,0.0,1,1,C,USGS_gbHeatFlowWells_wEstimates.shp,Data release - assumed measured,4ee48d4f-7b3d-3b53-97fd-2efce2420164,-127814.1973,93079.67003
2452,Point,0,1,0.0,,2452,85.59945618,58.24,-27.35945618,FALSE,-9999.0,86.51424719,-28.27424719,FALSE,-9999.0,85.08632851,-26.84632851,FALSE,-9999.0,0.0,1,1,C,USGS_gbHeatFlowWells_wEstimates.shp,Data release - assumed measured,68c8b948-02fc-3969-bf09-3fc8886e6b6e,-186319.8024,276912.6866
2453,Point,0,1,0.0,,2453,82.42988808,104.0,21.57011192,TRUE,1.0,83.15367715,20.84632285,TRUE,1.0,82.54026194,21.45973806,TRUE,1.0,0.0,1,1,C,USGS_gbHeatFlowWells_wEstimates.shp,Data release - assumed measured,d2bfa29f-96f0-3f1c-85c6-f482846ab9d7,-90061.36916,39256.19155
2454,Point,0,1,0.0,,2454,92.90572443,84.0,-8.905724434,FALSE,-9999.0,92.32702591,-8.327025907,FALSE,-9999.0,92.66546959,-8.665469591,FALSE,-9999.0,0.0,1,1,C,USGS_gbHeatFlowWells_wEstimates.shp,Data release - assumed measured,5ce833d7-e81a-381b-bb33-5f820b8e3a4c,-40355.10463,260806.9441
2455,Point,0,1,0.0,,2455,89.93492619,76.3,-13.63492619,FALSE,-9999.0,89.61344325,-13.31344325,FALSE,-9999.0,89.76870134,-13.46870134,FALSE,-9999.0,0.0,1,1,C,USGS_gbHeatFlowWells_wEstimates.shp,known measured,30ce95d6-5da6-3a1c-b1e4-866224ae9c75,-48342.7171,251938.4913
2456,Point,0,1,0.0,,2456,87.08896989,42.0,-45.08896989,FALSE,-9999.0,87.18658558,-45.18658558,FALSE,-9999.0,86.96696901,-44.96696901,FALSE,-9999.0,0.0,1,1,C,USGS_gbHeatFlowWells_wEstimates.shp,known measured,4de9ac1d-79c8-39c2-8756-08a25f76e74d,-139251.6577,227365.4958
2457,Point,0,1,0.0,,2457,77.86377687,78.988,1.124223133,TRUE,1.0,77.31829717,1.669702833,TRUE,1.0,80.23510087,-1.247100866,TRUE,1.0,0.0,1,1,C,USGS_gbHeatFlowWells_wEstimates.shp,assumed measured,b0f58d2e-0de2-3e67-b16e-a62609974f5d,-178712.9008,327358.7311
2458,Point,0,1,0.0,,2458,97.88718762,110.57,12.68281238,TRUE,1.0,98.37319258,12.19680742,TRUE,1.0,98.03734332,12.53265668,TRUE,1.0,0.0,1,1,C,USGS_gbHeatFlowWells_wEstimates.shp,Data release - assumed measured,2de04f81-a6f3-39d9-8061-4ccbc324c9ed,18531.86673,337942.2488
2460,Point,0,1,0.0,,2460,89.77957091,86.632,-3.147570909,TRUE,1.0,92.15727484,-5.52527484,TRUE,1.0,89.8624817,-3.230481701,TRUE,1.0,0.0,1,1,C,USGS_gbHeatFlowWells_wEstimates.shp,Data release - assumed measured,9ee949b3-8b00-3d5f-8f44-b26cf678dc54,57792.35803,326581.1633
2461,Point,0,1,0.0,,2461,88.93386259,80.08,-8.853862589,FALSE,-9999.0,91.32623118,-11.24623118,FALSE,-9999.0,89.02597033,-8.945970332,FALSE,-9999.0,0.0,1,1,C,USGS_gbHeatFlowWells_wEstimates.shp,Data release - assumed measured,21dcfd70-c451-367b-ae10-d66a724a73a5,60969.74339,336899.4062
2462,Point,0,1,0.0,,2462,85.80876326,51.87,-33.93876326,FALSE,-9999.0,87.010827,-35.140827,FALSE,-9999.0,86.41086492,-34.54086492,FALSE,-9999.0,0.0,1,1,C,USGS_gbHeatFlowWells_wEstimates.shp,Data release - assumed measured,43fc4dbb-ddfd-323a-bcf1-be74bfa0ec0f,-84735.65685,285421.8137
2463,Point,0,1,0.0,,2463,84.67725013,87.36,2.682749868,TRUE,1.0,85.47707234,1.88292766,TRUE,1.0,85.6496106,1.710389397,TRUE,1.0,0.0,1,1,C,USGS_gbHeatFlowWells_wEstimates.shp,Data release - assumed measured,31c85e88-ed62-373c-8a4e-6fb2a785f353,-108347.9771,296932.6079
2464,Point,0,1,0.0,,2464,85.83636498,91.728,5.891635022,TRUE,1.0,85.73360407,5.994395927,TRUE,1.0,85.61697903,6.111020967,TRUE,1.0,0.0,1,1,C,USGS_gbHeatFlowWells_wEstimates.shp,Data release - assumed measured,cb700449-8736-3c36-86dc-bf1848ecb8c7,-53614.44643,231299.7112
2465,Point,0,1,0.0,,2465,81.25793932,53.235,-28.02293932,TRUE,1.0,81.39137573,-28.15637573,TRUE,1.0,80.95397892,-27.71897892,TRUE,1.0,0.0,1,1,C,USGS_gbHeatFlowWells_wEstimates.shp,Data release - assumed measured,563c3284-53b4-3107-ad12-d3ba611d6ae6,-76114.20622,213570.6266
2466,Point,0,1,0.0,,2466,93.36561742,110.0,16.63438258,TRUE,1.0,94.550322,15.449678,TRUE,1.0,93.57061673,16.42938327,TRUE,1.0,0.0,1,1,C,USGS_gbHeatFlowWells_wEstimates.shp,assumed measured,920dbec4-19bd-3d79-8c1c-947a44243ec6,37176.51888,344929.7911
2467,Point,0,1,0.0,,2467,95.61273895,99.0,3.387261053,TRUE,1.0,96.54433817,2.455661829,TRUE,1.0,95.8681483,3.131851698,TRUE,1.0,0.0,1,1,C,USGS_gbHeatFlowWells_wEstimates.shp,assumed measured,972f8949-428d-329b-80c6-3db98ad41921,29113.7657,343731.3167
2468,Point,0,1,0.0,,2468,79.54696798,71.344,-8.202967976,TRUE,1.0,79.14639612,-7.802396116,TRUE,1.0,82.26905625,-10.92505625,TRUE,1.0,0.0,1,1,C,USGS_gbHeatFlowWells_wEstimates.shp,Data release - assumed measured,1c4ac020-c48d-3adf-b950-7849a9f60e42,-179614.496,317182.2381
2469,Point,0,1,0.0,,2469,79.04174399,81.536,2.49425601,TRUE,1.0,78.78050835,2.755491646,TRUE,1.0,81.58038677,-0.044386769,TRUE,1.0,0.0,1,1,C,USGS_gbHeatFlowWells_wEstimates.shp,Data release - assumed measured,a50df562-c092-3f00-ac4a-dae6ac6a2430,-188158.5075,315832.0138
2470,Point,0,1,0.0,,2470,77.15884222,91.728,14.56915778,TRUE,1.0,76.54057698,15.18742302,TRUE,1.0,78.88518472,12.84281528,TRUE,1.0,0.0,1,1,C,USGS_gbHeatFlowWells_wEstimates.shp,Data release - assumed measured,a5d543f9-67f9-34d6-b408-f7d12b2ab591,-178209.3091,334843.3533
2472,Point,0,1,0.0,,2472,83.01430684,118.75,35.73569316,FALSE,-9999.0,83.26329001,35.48670999,FALSE,-9999.0,83.75857035,34.99142965,FALSE,-9999.0,0.0,1,1,C,USGS_gbHeatFlowWells_wEstimates.shp,known measured,eb68b21b-0022-34d7-800b-f96e6c5172a6,-113965.6813,335383.164
2473,Point,0,1,0.0,,2473,92.72850323,94.276,1.54749677,TRUE,1.0,92.55811555,1.71788445,TRUE,1.0,93.48263267,0.793367327,TRUE,1.0,0.0,1,1,C,USGS_gbHeatFlowWells_wEstimates.shp,Data release - assumed measured,8b1b36a1-ea64-3352-918f-a845cc3977f3,-43454.33056,358412.4244
2475,Point,0,1,0.0,,2475,79.47103882,109.2,29.72896118,FALSE,-9999.0,79.2913758,29.9086242,FALSE,-9999.0,79.24148527,29.95851473,FALSE,-9999.0,0.0,1,1,C,USGS_gbHeatFlowWells_wEstimates.shp,Data release - assumed measured,fc399e52-80c1-3c2c-9644-b3653316df4e,-90272.54116,174912.8759
2476,Point,0,1,0.0,,2476,85.75295197,113.0,27.24704803,TRUE,1.0,86.82593442,26.17406558,TRUE,1.0,86.28736794,26.71263206,TRUE,1.0,0.0,1,1,C,USGS_gbHeatFlowWells_wEstimates.shp,assumed measured,0845f88e-b6d5-3385-b6aa-5db2ae5dd258,-84701.5386,280625.712
2477,Point,0,1,0.0,,2477,86.33021789,68.25,-18.08021789,FALSE,-9999.0,86.26493237,-18.01493237,FALSE,-9999.0,86.40017346,-18.15017346,FALSE,-9999.0,0.0,1,1,C,USGS_gbHeatFlowWells_wEstimates.shp,Data release - assumed measured,4f31e5d9-72a8-3e17-8148-ddad5ee48489,-56127.59293,345017.2092
2478,Point,0,1,0.0,,2478,87.08089394,84.63,-2.450893935,FALSE,-9999.0,86.9217856,-2.291785598,FALSE,-9999.0,87.20186559,-2.571865586,FALSE,-9999.0,0.0,1,1,C,USGS_gbHeatFlowWells_wEstimates.shp,Data release - assumed measured,b56088f4-0901-39f5-889e-372a124967f3,-51689.26281,343340.704
2480,Point,0,1,0.0,,2480,89.80305214,62.79,-27.01305214,TRUE,1.0,91.17917621,-28.38917621,TRUE,1.0,88.71190679,-25.92190679,TRUE,1.0,0.0,1,1,C,USGS_gbHeatFlowWells_wEstimates.shp,Data release - assumed measured,9ad6250d-c863-389b-94a3-eeca9e46e8e6,-196508.1134,239347.4271
2482,Point,0,1,0.0,,2482,77.34511088,61.88,-15.46511088,FALSE,-9999.0,77.21830087,-15.33830087,FALSE,-9999.0,79.18491494,-17.30491494,FALSE,-9999.0,0.0,1,1,C,USGS_gbHeatFlowWells_wEstimates.shp,Data release - assumed measured,c123efaf-5bfb-3735-9a6c-97cef589e588,-208163.1513,321347.3768
2483,Point,0,1,0.0,,2483,89.64497054,59.2,-30.44497054,FALSE,-9999.0,90.21529054,-31.01529054,FALSE,-9999.0,89.20251656,-30.00251656,FALSE,-9999.0,0.0,1,1,C,USGS_gbHeatFlowWells_wEstimates.shp,assumed measured,860cc02b-6219-3125-9c0e-1943065c56fe,-166757.9821,228187.7762
2484,Point,0,1,0.0,,2484,86.38097398,65.52,-20.86097398,FALSE,-9999.0,86.62887788,-21.10887788,FALSE,-9999.0,86.57370315,-21.05370315,FALSE,-9999.0,0.0,1,1,C,USGS_gbHeatFlowWells_wEstimates.shp,Data release - assumed measured,8038d5d1-24d2-3e29-b44b-644535ff22b0,-123221.36,196114.5568
2485,Point,0,1,0.0,,2485,85.61057232,81.9,-3.710572318,TRUE,1.0,85.7836876,-3.883687598,TRUE,1.0,85.71993592,-3.819935923,TRUE,1.0,0.0,1,1,C,USGS_gbHeatFlowWells_wEstimates.shp,Data release - assumed measured,cff67df5-1794-30c0-9083-ee7f7b34e159,-120435.8934,199390.6044
2486,Point,0,1,0.0,,2486,85.80744838,68.796,-17.01144838,FALSE,-9999.0,85.93906238,-17.14306238,FALSE,-9999.0,85.91301717,-17.11701717,FALSE,-9999.0,0.0,1,1,C,USGS_gbHeatFlowWells_wEstimates.shp,Data release - assumed measured,cf5fad80-a999-3780-ab54-3173ca995e4f,-122418.9021,203959.7368
2487,Point,0,1,0.0,,2487,88.10310897,86.814,-1.289108971,TRUE,1.0,88.17653906,-1.362539058,TRUE,1.0,88.18882536,-1.374825364,TRUE,1.0,0.0,1,1,C,USGS_gbHeatFlowWells_wEstimates.shp,Data release - assumed measured,fee99967-1afb-335e-9f36-751e22c63cd3,-134867.4319,210725.2099
2488,Point,0,1,0.0,,2488,85.79999729,65.0,-20.79999729,FALSE,-9999.0,85.77556361,-20.77556361,FALSE,-9999.0,85.84835564,-20.84835564,FALSE,-9999.0,0.0,1,1,C,USGS_gbHeatFlowWells_wEstimates.shp,unmeasured,b795991f-6e33-36c9-b7cf-b538ff0b88be,-57311.07155,343871.8953
2489,Point,0,1,0.0,,2489,86.74459686,81.9,-4.844596861,FALSE,-9999.0,86.75572394,-4.855723941,FALSE,-9999.0,88.67621865,-6.776218646,FALSE,-9999.0,0.0,1,1,C,USGS_gbHeatFlowWells_wEstimates.shp,Data release - assumed measured,7a321b41-885b-3f4b-bf0b-b7cc5c9ef022,-142774.7023,299006.026
2490,Point,0,1,0.0,,2490,82.42782605,78.624,-3.80382605,FALSE,-9999.0,83.12099007,-4.49699007,FALSE,-9999.0,83.59791154,-4.973911543,FALSE,-9999.0,0.0,1,1,C,USGS_gbHeatFlowWells_wEstimates.shp,Data release - assumed measured,f6e2dd0a-196b-3a0c-aed1-84adcbc262f7,-112127.2981,316580.7154
2491,Point,0,1,0.0,,2491,82.28589313,72.8,-9.485893129,FALSE,-9999.0,82.82718512,-10.02718512,FALSE,-9999.0,83.43674035,-10.63674035,FALSE,-9999.0,0.0,1,1,C,USGS_gbHeatFlowWells_wEstimates.shp,Data release - assumed measured,7959a8b9-fb3f-3aaa-9add-9e6e974bc344,-113912.7389,321378.6286
2492,Point,0,1,0.0,,2492,82.93331701,112.84,29.90668299,TRUE,1.0,83.50625331,29.33374669,TRUE,1.0,84.39943204,28.44056796,TRUE,1.0,0.0,1,1,C,USGS_gbHeatFlowWells_wEstimates.shp,Data release - assumed measured,a18ee5f7-0426-3a9a-8146-5578a87b8733,-115513.6065,315474.8316
2493,Point,0,1,0.0,,2493,86.99203358,58.24,-28.75203358,FALSE,-9999.0,87.17013177,-28.93013177,FALSE,-9999.0,88.1368332,-29.8968332,FALSE,-9999.0,0.0,1,1,C,USGS_gbHeatFlowWells_wEstimates.shp,Data release - assumed measured,3c7d133f-b58c-35f1-bf76-fc8c5dfef171,-140112.0802,287025.1285
2494,Point,0,1,0.0,,2494,83.27365055,107.84,24.56634945,TRUE,1.0,82.99525532,24.84474468,TRUE,1.0,84.91190543,22.92809457,TRUE,1.0,0.0,1,1,C,USGS_gbHeatFlowWells_wEstimates.shp,Data release - assumed measured,dfc966b2-4087-3468-ad70-1e91ef087e39,-137911.5478,331245.5759
2495,Point,0,1,0.0,,2495,88.14417959,117.0,28.85582041,FALSE,-9999.0,87.88073962,29.11926038,FALSE,-9999.0,88.31206872,28.68793128,FALSE,-9999.0,0.0,1,1,C,USGS_gbHeatFlowWells_wEstimates.shp,unmeasured,404f9711-ab2f-34b9-bd62-337719edf8ff,-47664.0246,342498.0061
2496,Point,0,1,0.0,,2496,86.49610935,117.39,30.89389065,TRUE,1.0,86.43361402,30.95638598,TRUE,1.0,87.49328445,29.89671555,TRUE,1.0,0.0,1,1,C,USGS_gbHeatFlowWells_wEstimates.shp,Data release - assumed measured,f69016d6-a8e6-311f-8196-c9b011115922,-158468.0526,291232.147
2497,Point,0,1,0.0,,2497,87.14861954,43.68,-43.46861954,FALSE,-9999.0,87.2031373,-43.5231373,FALSE,-9999.0,88.03916543,-44.35916543,FALSE,-9999.0,0.0,1,1,C,USGS_gbHeatFlowWells_wEstimates.shp,Data release - assumed measured,b3d8c42b-f10f-3782-975d-6486ab5ef058,-150078.3614,287787.7043
2498,Point,0,1,0.0,,2498,85.27315694,103.74,18.46684306,TRUE,1.0,85.87448004,17.86551996,TRUE,1.0,85.94215024,17.79784976,TRUE,1.0,0.0,1,1,C,USGS_gbHeatFlowWells_wEstimates.shp,Data release - assumed measured,14f38af7-e760-3b25-9a47-7c5887e171ad,-110685.9643,286622.2563
2499,Point,0,1,0.0,,2499,86.04095622,91.7,5.659043784,TRUE,1.0,86.20449391,5.495506088,TRUE,1.0,85.47559316,6.224406836,TRUE,1.0,0.0,1,1,C,USGS_gbHeatFlowWells_wEstimates.shp,Data release - assumed measured,30f95e33-92ac-3bff-9e92-9683a6b7e2cf,-145986.4,242278.9475
2500,Point,0,1,0.0,,2500,75.17904872,43.68,-31.49904872,FALSE,-9999.0,74.79759479,-31.11759479,FALSE,-9999.0,75.33686931,-31.65686931,FALSE,-9999.0,0.0,1,1,C,USGS_gbHeatFlowWells_wEstimates.shp,Data release - assumed measured,e343cffb-249c-39c8-856e-1876866d6580,-196835.0072,360433.7133
2501,Point,0,1,0.0,,2501,86.68737445,51.87,-34.81737445,FALSE,-9999.0,87.79139942,-35.92139942,FALSE,-9999.0,87.43462181,-35.56462181,FALSE,-9999.0,0.0,1,1,C,USGS_gbHeatFlowWells_wEstimates.shp,Data release - assumed measured,4c54f433-0bb1-382a-a85a-3977a3be883d,-76878.56061,293354.1632
2502,Point,0,1,0.0,,2502,84.82554161,186.55,101.7244584,FALSE,-9999.0,85.43765434,101.1123457,FALSE,-9999.0,85.03421202,101.515788,FALSE,-9999.0,0.0,1,1,C,USGS_gbHeatFlowWells_wEstimates.shp,Data release - assumed measured,2cab6be3-e8db-3a46-b8ec-3c633c36ee9c,-101703.6653,274625.9323
2503,Point,0,1,0.0,,2503,85.18136029,137.24,52.05863971,FALSE,-9999.0,85.44818495,51.79181505,FALSE,-9999.0,85.31241819,51.92758181,FALSE,-9999.0,0.0,1,1,C,USGS_gbHeatFlowWells_wEstimates.shp,Data release - assumed measured,f0af7e11-b73f-3fdc-92d3-95dacc7ffbcc,-76596.06538,254680.6021
2504,Point,0,1,0.0,,2504,84.53490473,66.633,-17.90190473,FALSE,-9999.0,84.6532375,-18.0202375,FALSE,-9999.0,84.54645665,-17.91345665,FALSE,-9999.0,0.0,1,1,C,USGS_gbHeatFlowWells_wEstimates.shp,Data release - assumed measured,51ef52ea-d3fb-3869-8c34-44d75d66f038,-115105.0447,198942.9426
2514,Point,0,1,0.0,,2514,92.33072811,39.48,-52.85072811,FALSE,-9999.0,92.00149251,-52.52149251,FALSE,-9999.0,92.58603823,-53.10603823,FALSE,-9999.0,0.0,1,1,D,USGS_gbHeatFlowWells_wEstimates.shp,known measured,2587eab8-0e4b-3b94-a13f-3f1f32c2bdda,-48380.0941,269307.3642
2515,Point,0,1,0.0,,2515,75.14378596,25.0,-50.14378596,FALSE,-9999.0,74.76092099,-49.76092099,FALSE,-9999.0,75.30427298,-50.30427298,FALSE,-9999.0,0.0,1,1,D,USGS_gbHeatFlowWells_wEstimates.shp,known measured,74d2c72f-4160-324a-8ceb-04f2df99a878,-197287.3631,360108.806
2518,Point,0,1,0.0,,2518,86.703714,10.92,-75.783714,TRUE,0.093036088,88.53918235,-77.61918235,TRUE,0.000785656,86.37532319,-75.45532319,TRUE,0.095893037,0.0,1,1,D,USGS_gbHeatFlowWells_wEstimates.shp,assumed measured,9572c4c0-cc5b-3c2e-88fd-554015cc9155,-224470.2777,262181.8524
2519,Point,0,1,0.0,,2519,84.94392099,20.748,-64.19592099,FALSE,-9999.0,86.76308779,-66.01508779,FALSE,-9999.0,84.21366711,-63.46566711,FALSE,-9999.0,0.0,1,1,D,USGS_gbHeatFlowWells_wEstimates.shp,Data release - assumed measured,2e39378a-a270-3955-b8b5-90c36eaef63d,-231723.0195,222274.7862
2520,Point,0,1,0.0,,2520,84.93197713,20.475,-64.45697713,TRUE,0.264071124,85.02746698,-64.55246698,TRUE,0.002617588,87.28992604,-66.81492604,TRUE,0.212521542,0.0,1,1,D,USGS_gbHeatFlowWells_wEstimates.shp,assumed measured,e7ae7c67-86ce-337b-a45f-209212084a41,-131343.8855,311136.136
2524,Point,0,1,0.0,,2524,74.97769112,335.0,260.0223089,FALSE,-9999.0,74.54161299,260.458387,FALSE,-9999.0,75.23081998,259.76918,FALSE,-9999.0,0.0,1,1,G,USGS_gbHeatFlowWells_wEstimates.shp,assumed measured,a1612c0a-12ac-374d-b5b3-d5664b5abde5,-198526.3601,355467.715
2525,Point,0,1,0.0,,2525,88.07895518,157.0,68.92104482,FALSE,-9999.0,87.81472447,69.18527553,FALSE,-9999.0,88.25701978,68.74298022,FALSE,-9999.0,0.0,1,1,G,USGS_gbHeatFlowWells_wEstimates.shp,assumed measured,3890fab6-b607-347a-b995-e05b9ed894ca,-47667.36985,341937.972
2526,Point,0,1,0.0,,2526,74.97851718,1841.0,1766.021483,FALSE,-9999.0,74.54310266,1766.456897,FALSE,-9999.0,75.22995487,1765.770045,FALSE,-9999.0,0.0,1,1,G,USGS_gbHeatFlowWells_wEstimates.shp,assumed measured,d8b130c0-3d05-3d84-a933-d9916d120c51,-198524.965,355523.6994
2536,Point,0,1,0.0,,2536,83.03711622,203.0,119.9628838,FALSE,-9999.0,83.82791441,119.1720856,FALSE,-9999.0,83.41372666,119.5862733,FALSE,-9999.0,0.0,1,1,G,USGS_gbHeatFlowWells_wEstimates.shp,Data release - assumed measured,9208ed38-343e-368e-8edc-5652b05c6ee6,-85377.84653,41754.68235
2537,Point,0,1,0.0,,2537,83.1443938,146.0,62.8556062,FALSE,-9999.0,83.95434102,62.04565898,FALSE,-9999.0,83.54132028,62.45867972,FALSE,-9999.0,0.0,1,1,G,USGS_gbHeatFlowWells_wEstimates.shp,Data release - assumed measured,f0974288-8083-3e51-8cd6-8e7a651392b6,-84320.43418,41048.93711
2538,Point,0,1,0.0,,2538,87.52669064,400.5,312.9733094,FALSE,-9999.0,87.87766601,312.622334,FALSE,-9999.0,85.67731943,314.8226806,FALSE,-9999.0,0.0,1,1,G,USGS_gbHeatFlowWells_wEstimates.shp,known measured,86c39a80-6f60-33b4-af96-18b3b8bdfeb3,-167332.5643,260457.6269
2539,Point,0,1,0.0,,2539,86.89839213,1409.8,1322.901608,FALSE,-9999.0,87.13332857,1322.666671,FALSE,-9999.0,85.35614966,1324.44385,FALSE,-9999.0,0.0,1,1,G,USGS_gbHeatFlowWells_wEstimates.shp,known measured,82214a78-b2f5-34f5-adbe-56f18e401b37,-156860.6427,258678.1153
2540,Point,0,1,0.0,,2540,87.47782416,127.4,39.92217584,TRUE,1.0,87.74462329,39.65537671,TRUE,1.0,86.10396298,41.29603702,TRUE,1.0,0.0,1,1,G,USGS_gbHeatFlowWells_wEstimates.shp,assumed measured,b96408b8-58e3-39d4-bbb5-53ebb930d023,-160738.2723,249373.4013
2541,Point,0,1,0.0,,2541,83.79724118,192.0,108.2027588,FALSE,-9999.0,84.68990856,107.3100914,FALSE,-9999.0,84.45438745,107.5456126,FALSE,-9999.0,0.0,1,1,G,USGS_gbHeatFlowWells_wEstimates.shp,Data release - assumed measured,5bfdcba7-0ad5-36f7-988c-ed9cc0ad1364,-78866.92667,41746.21858
2542,Point,0,1,0.0,,2542,84.03285914,292.5,208.4671409,FALSE,-9999.0,84.96980506,207.5301949,FALSE,-9999.0,84.75581491,207.7441851,FALSE,-9999.0,0.0,1,1,G,USGS_gbHeatFlowWells_wEstimates.shp,Data release - assumed measured,6ff6ce16-76ca-3d89-8edc-cacea06237c2,-76619.68276,40693.97273
2543,Point,0,1,0.0,,2543,83.91846499,334.6,250.681535,FALSE,-9999.0,84.84526854,249.7547315,FALSE,-9999.0,84.58231206,250.0176879,FALSE,-9999.0,0.0,1,1,G,USGS_gbHeatFlowWells_wEstimates.shp,Data release - assumed measured,e615aafd-2b5e-3d64-9e21-a40fc3a7d2bd,-77496.37095,40141.70644
2544,Point,0,1,0.0,,2544,83.59662867,336.0,252.4033713,FALSE,-9999.0,84.43422054,251.5657795,FALSE,-9999.0,84.26926037,251.7307396,FALSE,-9999.0,0.0,1,1,G,USGS_gbHeatFlowWells_wEstimates.shp,Data release - assumed measured,32b091fe-3920-3ce0-b5c1-4b9e5638f169,-81229.27303,45221.21007
2545,Point,0,1,0.0,,2545,83.90604402,455.0,371.093956,FALSE,-9999.0,84.79254611,370.2074539,FALSE,-9999.0,84.6587844,370.3412156,FALSE,-9999.0,0.0,1,1,G,USGS_gbHeatFlowWells_wEstimates.shp,Data release - assumed measured,c419b1e3-03e1-32c9-9f95-cce93ca20753,-78333.45116,43792.28246
2546,Point,0,1,0.0,,2546,99.09517134,418.4,319.3048287,FALSE,-9999.0,98.12049464,320.2795054,FALSE,-9999.0,97.90173392,320.4982661,FALSE,-9999.0,0.0,1,1,G,USGS_gbHeatFlowWells_wEstimates.shp,Data release - assumed measured,9d819b43-5526-3ca6-afef-cd6995133874,-12137.40374,268648.6582
2547,Point,0,1,0.0,,2547,99.25498922,427.0,327.7450108,FALSE,-9999.0,98.27464177,328.7253582,FALSE,-9999.0,98.06224041,328.9377596,FALSE,-9999.0,0.0,1,1,G,USGS_gbHeatFlowWells_wEstimates.shp,Data release - assumed measured,a7ff40e7-9545-36a5-906b-75eadfcbf530,-12136.31449,269376.9826
2548,Point,0,1,0.0,,2548,99.13998725,326.0,226.8600127,FALSE,-9999.0,98.15848778,227.8415122,FALSE,-9999.0,97.94809505,228.0519049,FALSE,-9999.0,0.0,1,1,G,USGS_gbHeatFlowWells_wEstimates.shp,Data release - assumed measured,2565af73-7e2a-3a6d-87f2-771d494eb24f,-12298.13505,268839.3905
2549,Point,0,1,0.0,,2549,80.60778428,280.0,199.3922157,FALSE,-9999.0,81.50018002,198.49982,FALSE,-9999.0,80.36522638,199.6347736,FALSE,-9999.0,0.0,1,1,G,USGS_gbHeatFlowWells_wEstimates.shp,Data release - assumed measured,8d8bac38-097a-36f8-af28-f4663c9b0815,-134824.1897,88146.9951
2550,Point,0,1,0.0,,2550,85.87203919,234.0,148.1279608,FALSE,-9999.0,87.08938527,146.9106147,FALSE,-9999.0,86.49549044,147.5045096,FALSE,-9999.0,0.0,1,1,G,USGS_gbHeatFlowWells_wEstimates.shp,Data release - assumed measured,324f8e8c-92f2-32d8-9a7b-20b212a95495,-84074.04523,286412.0998
2551,Point,0,1,0.0,,2551,98.89624555,527.0,428.1037544,FALSE,-9999.0,97.9332951,429.0667049,FALSE,-9999.0,97.70173494,429.2982651,FALSE,-9999.0,0.0,1,1,G,USGS_gbHeatFlowWells_wEstimates.shp,Data release - assumed measured,1fa7d313-c045-3027-8b20-34f830fe4c7d,-12011.56591,267785.6897
2561,Point,0,1,0.0,,2561,86.16066186,380.38,294.2193381,FALSE,-9999.0,87.22297325,293.1570268,FALSE,-9999.0,85.24343252,295.1365675,FALSE,-9999.0,0.0,1,1,G,USGS_gbHeatFlowWells_wEstimates.shp,Data release - assumed measured,991bf67f-76f6-3dbf-8fac-e52a6d8993bb,-188108.2011,271787.4285
2562,Point,0,1,0.0,,2562,86.50872326,218.4,131.8912767,FALSE,-9999.0,86.74416794,131.6558321,FALSE,-9999.0,85.5394438,132.8605562,FALSE,-9999.0,0.0,1,1,G,USGS_gbHeatFlowWells_wEstimates.shp,assumed measured,6c7586db-d46a-3eec-9bd7-0674c048c087,-172374.1599,277879.5949
2563,Point,0,1,0.0,,2563,85.01383327,327.6,242.5861667,FALSE,-9999.0,86.14009919,241.4599008,FALSE,-9999.0,84.86202955,242.7379705,FALSE,-9999.0,0.0,1,1,G,USGS_gbHeatFlowWells_wEstimates.shp,Data release - assumed measured,1f153beb-b1ca-327c-ad06-6894f3bc3e43,-190630.169,278392.1863
2564,Point,0,1,0.0,,2564,86.58105867,196.56,109.9789413,FALSE,-9999.0,86.74942858,109.8105714,FALSE,-9999.0,85.6633729,110.8966271,FALSE,-9999.0,0.0,1,1,G,USGS_gbHeatFlowWells_wEstimates.shp,Data release - assumed measured,22441988-9c36-317f-8f41-dae421aac0c4,-170547.942,278535.5368
2565,Point,0,1,0.0,,2565,85.77619569,122.85,37.07380431,FALSE,-9999.0,86.24916511,36.60083489,FALSE,-9999.0,85.32952619,37.52047381,FALSE,-9999.0,0.0,1,1,G,USGS_gbHeatFlowWells_wEstimates.shp,Data release - assumed measured,5f2a493f-987b-3010-990c-8ffee2bb44c0,-178790.778,280294.6879
2566,Point,0,1,0.0,,2566,86.20066002,318.5,232.29934,FALSE,-9999.0,86.43627705,232.063723,FALSE,-9999.0,85.59276141,232.9072386,FALSE,-9999.0,0.0,1,1,G,USGS_gbHeatFlowWells_wEstimates.shp,Data release - assumed measured,922026d2-d973-3520-a450-bd2f41a6a7f8,-173244.735,280319.0496
2567,Point,0,1,0.0,,2567,85.1586659,247.0,161.8413341,FALSE,-9999.0,86.21939403,160.780606,FALSE,-9999.0,86.94358634,160.0564137,FALSE,-9999.0,0.0,1,1,G,USGS_gbHeatFlowWells_wEstimates.shp,Data release - assumed measured,86cdf0ba-083f-3d9b-9a6c-ce4aff19821a,-58438.183,44659.27805
2568,Point,0,1,0.0,,2568,82.17300239,184.37,102.1969976,FALSE,-9999.0,82.85716148,101.5128385,FALSE,-9999.0,82.22487471,102.1451253,FALSE,-9999.0,0.0,1,1,G,USGS_gbHeatFlowWells_wEstimates.shp,Data release - assumed measured,a9f3f072-e8fe-3786-a826-0ca1650e1273,-92464.95674,40246.58711
2569,Point,0,1,0.0,,2569,82.87450956,235.0,152.1254904,FALSE,-9999.0,83.63345671,151.3665433,FALSE,-9999.0,83.24534129,151.7546587,FALSE,-9999.0,0.0,1,1,G,USGS_gbHeatFlowWells_wEstimates.shp,Data release - assumed measured,8d56fd6b-7078-3cfe-b811-4f8487e14619,-87157.51604,43779.51607
2570,Point,0,1,0.0,,2570,82.10974249,420.0,337.8902575,FALSE,-9999.0,82.78923663,337.2107634,FALSE,-9999.0,82.124183,337.875817,FALSE,-9999.0,0.0,1,1,G,USGS_gbHeatFlowWells_wEstimates.shp,Data release - assumed measured,b2e8c57a-c368-3e8a-a5f3-403418a16af6,-92838.23899,39473.63197
2571,Point,0,1,0.0,,2571,79.78236613,351.62,271.8376339,FALSE,-9999.0,80.89148922,270.7285108,FALSE,-9999.0,79.97581787,271.6441821,FALSE,-9999.0,0.0,1,1,G,USGS_gbHeatFlowWells_wEstimates.shp,assumed measured,97c2ba09-7f00-3663-8310-dad0d982d1f0,-185010.8291,143118.5526
2573,Point,0,1,0.0,,2573,85.26794347,292.78,207.5120565,FALSE,-9999.0,85.38469461,207.3953054,FALSE,-9999.0,85.13568541,207.6443146,FALSE,-9999.0,0.0,1,1,G,USGS_gbHeatFlowWells_wEstimates.shp,assumed measured,3663c988-26e4-3fa5-8f0d-3c89bcc4fcd6,-132453.8405,231958.8878
2574,Point,0,1,0.0,,2574,85.27104828,735.7,650.4289517,FALSE,-9999.0,85.38770373,650.3122963,FALSE,-9999.0,85.13867668,650.5613233,FALSE,-9999.0,0.0,1,1,G,USGS_gbHeatFlowWells_wEstimates.shp,assumed measured,27250d17-a2ae-36a8-b1a0-a6c35490aa7b,-132470.8666,231959.1666
2575,Point,0,1,0.0,,2575,82.39472636,43.47,-38.92472636,FALSE,-9999.0,82.49528601,-39.02528601,FALSE,-9999.0,82.32613937,-38.85613937,FALSE,-9999.0,0.0,1,1,G,USGS_gbHeatFlowWells_wEstimates.shp,Data release - assumed measured,7bdf73d8-6c0c-32fd-8641-7d19f3f0deb0,-105970.0187,215149.6128
2576,Point,0,1,0.0,,2576,81.68811249,154.8,73.11188751,FALSE,-9999.0,81.83917063,72.96082937,FALSE,-9999.0,81.60402944,73.19597056,FALSE,-9999.0,0.0,1,1,G,USGS_gbHeatFlowWells_wEstimates.shp,Data release - assumed measured,50326f9e-984d-3603-b681-990de81d68a7,-98491.03315,219751.443
2577,Point,0,1,0.0,,2577,81.7210046,585.8,504.0789954,FALSE,-9999.0,81.90884144,503.8911586,FALSE,-9999.0,81.67010177,504.1298982,FALSE,-9999.0,0.0,1,1,G,USGS_gbHeatFlowWells_wEstimates.shp,Data release - assumed measured,57ce532b-c349-390c-8ad3-53a7289a5658,-97223.11866,227346.0841
2578,Point,0,1,0.0,,2578,76.21627919,1563.66,1487.443721,FALSE,-9999.0,75.8229829,1487.837017,FALSE,-9999.0,77.97508854,1485.684911,FALSE,-9999.0,0.0,1,1,G,USGS_gbHeatFlowWells_wEstimates.shp,assumed measured,d95232e4-ff06-3a46-94ee-0cdd3dc0fae1,-201381.8639,329017.9143
2579,Point,0,1,0.0,,2579,85.24084751,120.0,34.75915249,FALSE,-9999.0,86.24589882,33.75410118,FALSE,-9999.0,87.03859015,32.96140985,FALSE,-9999.0,0.0,1,1,G,USGS_gbHeatFlowWells_wEstimates.shp,Data release - assumed measured,cf9f839e-e31a-349d-a7b1-5f4a148441ce,-58861.75697,46343.50082
2580,Point,0,1,0.0,,2580,82.42822136,131.0,48.57177864,FALSE,-9999.0,83.13306879,47.86693121,FALSE,-9999.0,82.63604676,48.36395324,FALSE,-9999.0,0.0,1,1,G,USGS_gbHeatFlowWells_wEstimates.shp,Data release - assumed measured,9d54c23e-6774-32e1-a4b5-ffbeb7956581,-90917.10298,43360.36129
2581,Point,0,1,0.0,,2581,77.31290962,203.8,126.4870904,FALSE,-9999.0,77.1174201,126.6825799,FALSE,-9999.0,79.33410477,124.4658952,FALSE,-9999.0,0.0,1,1,G,USGS_gbHeatFlowWells_wEstimates.shp,assumed measured,2a1af14a-8109-3bf8-94d0-16a6c67cb17f,-203584.6582,321498.5699
2582,Point,0,1,0.0,,2582,84.44907592,1184.85,1100.400924,FALSE,-9999.0,85.06169142,1099.788309,FALSE,-9999.0,85.99067321,1098.859327,FALSE,-9999.0,0.0,1,1,G,USGS_gbHeatFlowWells_wEstimates.shp,assumed measured,57e48542-bf94-3580-98e6-04be620c32c2,-116072.4784,305970.612
2583,Point,0,1,0.0,,2583,76.79010645,632.16,555.3698935,FALSE,-9999.0,76.48529066,555.6747093,FALSE,-9999.0,78.77442553,553.3855745,FALSE,-9999.0,0.0,1,1,G,USGS_gbHeatFlowWells_wEstimates.shp,assumed measured,dcf53050-4f7a-3014-9df2-8f40a024565d,-201675.0206,324733.5386
2584,Point,0,1,0.0,,2584,85.26604253,130.2,44.93395747,FALSE,-9999.0,86.26676985,43.93323015,FALSE,-9999.0,87.08006104,43.11993896,FALSE,-9999.0,0.0,1,1,G,USGS_gbHeatFlowWells_wEstimates.shp,assumed measured,03b03c37-4870-32f6-8a71-002309f2c0b1,-58573.10406,46520.78689
2585,Point,0,1,0.0,,2585,83.13308632,159.0,75.86691368,FALSE,-9999.0,83.92362699,75.07637301,FALSE,-9999.0,83.59839212,75.40160788,FALSE,-9999.0,0.0,1,1,G,USGS_gbHeatFlowWells_wEstimates.shp,Data release - assumed measured,dac9c6b4-0331-3e62-b822-810df945356d,-84956.69013,43876.21117
2586,Point,0,1,0.0,,2586,86.96040882,127.4,40.43959118,FALSE,-9999.0,87.07384972,40.32615028,FALSE,-9999.0,87.64158518,39.75841482,FALSE,-9999.0,0.0,1,1,G,USGS_gbHeatFlowWells_wEstimates.shp,unmeasured,db33fb00-422a-3110-9b94-89bb7b938de5,-98181.26802,354347.2108
2587,Point,0,1,0.0,,2587,85.31486804,140.0,54.68513196,FALSE,-9999.0,86.49668132,53.50331868,FALSE,-9999.0,87.28535717,52.71464283,FALSE,-9999.0,0.0,1,1,G,USGS_gbHeatFlowWells_wEstimates.shp,Data release - assumed measured,d8cec824-d14d-32c5-9778-0c52385e4598,-53765.74528,42509.33315
2588,Point,0,1,0.0,,2588,85.24400544,167.01,81.76599456,FALSE,-9999.0,86.27075397,80.73924603,FALSE,-9999.0,87.06343766,79.94656234,FALSE,-9999.0,0.0,1,1,G,USGS_gbHeatFlowWells_wEstimates.shp,assumed measured,8bec98b4-afb8-3751-ba7f-0129de13e74a,-58142.87594,45778.0116
2589,Point,0,1,0.0,,2589,86.87622063,127.4,40.52377937,FALSE,-9999.0,86.97015611,40.42984389,FALSE,-9999.0,87.56444346,39.83555654,FALSE,-9999.0,0.0,1,1,G,USGS_gbHeatFlowWells_wEstimates.shp,unmeasured,c547329b-45a9-38a3-b634-9769f2f2ac32,-101260.3095,354012.3428
2591,Point,0,1,0.0,,2591,83.03711622,127.4,44.36288378,FALSE,-9999.0,83.82791441,43.57208559,FALSE,-9999.0,83.41372666,43.98627334,FALSE,-9999.0,0.0,1,1,G,USGS_gbHeatFlowWells_wEstimates.shp,assumed measured,8f26f30f-391b-30b7-82e1-f7ddb862dfa6,-85377.84653,41754.68235
2592,Point,0,1,0.0,,2592,85.26257501,326.04,240.777425,FALSE,-9999.0,86.25600647,239.7839935,FALSE,-9999.0,87.06757352,238.9724265,FALSE,-9999.0,0.0,1,1,G,USGS_gbHeatFlowWells_wEstimates.shp,Data release - assumed measured,128006c7-708d-3875-b21f-c40f2630682e,-58859.1264,46713.34764
2602,Point,0,1,0.0,,2602,93.08792357,288.0,194.9120764,FALSE,-9999.0,92.59137106,195.4086289,FALSE,-9999.0,93.10809323,194.8919068,FALSE,-9999.0,0.0,1,1,G,USGS_gbHeatFlowWells_wEstimates.shp,Data release - assumed measured,acfbdbea-81c4-3cde-8bf8-7c823d4ad4bd,-43775.67475,266718.8038
2603,Point,0,1,0.0,,2603,93.840803,279.0,185.159197,FALSE,-9999.0,93.28080869,185.7191913,FALSE,-9999.0,93.82358724,185.1764128,FALSE,-9999.0,0.0,1,1,G,USGS_gbHeatFlowWells_wEstimates.shp,Data release - assumed measured,6200c851-8237-315d-9019-f3ce3b9bc085,-41714.18453,268668.7967
2604,Point,0,1,0.0,,2604,92.34901753,133.42,41.07098247,FALSE,-9999.0,91.83225048,41.58774952,FALSE,-9999.0,92.17206986,41.24793014,FALSE,-9999.0,0.0,1,1,G,USGS_gbHeatFlowWells_wEstimates.shp,known measured,3683f04e-e550-3c45-945b-100152b06d7d,-42496.45486,260123.1832
2605,Point,0,1,0.0,,2605,92.59956902,184.52,91.92043098,FALSE,-9999.0,92.0303253,92.4896747,FALSE,-9999.0,92.31523453,92.20476547,FALSE,-9999.0,0.0,1,1,G,USGS_gbHeatFlowWells_wEstimates.shp,known measured,7d39b7c8-fd57-3399-9265-2466ae460ed7,-40127.32349,258844.8399
2606,Point,0,1,0.0,,2606,92.32553212,135.24,42.91446788,FALSE,-9999.0,91.88840218,43.35159782,FALSE,-9999.0,92.36072662,42.87927338,FALSE,-9999.0,0.0,1,1,G,USGS_gbHeatFlowWells_wEstimates.shp,known measured,8cbc4065-580b-3c4b-9908-ad199f201f82,-45724.17178,264436.2407
2607,Point,0,1,0.0,,2607,92.25989369,512.0,419.7401063,FALSE,-9999.0,91.75165648,420.2483435,FALSE,-9999.0,92.0882383,419.9117617,FALSE,-9999.0,0.0,1,1,G,USGS_gbHeatFlowWells_wEstimates.shp,Data release - assumed measured,54c3b66a-e822-3e15-b4c4-83cd9917effa,-42768.99295,259922.9213
2608,Point,0,1,0.0,,2608,93.13564112,270.0,176.8643589,FALSE,-9999.0,92.57756459,177.4224354,FALSE,-9999.0,93.00774327,176.9922567,FALSE,-9999.0,0.0,1,1,G,USGS_gbHeatFlowWells_wEstimates.shp,Data release - assumed measured,b1a6f045-3306-347f-a7a8-567fa153e76e,-41671.24631,263850.297
2609,Point,0,1,0.0,,2609,91.82712887,222.74,130.9128711,FALSE,-9999.0,91.37057644,131.3694236,FALSE,-9999.0,91.70986419,131.0301358,FALSE,-9999.0,0.0,1,1,G,USGS_gbHeatFlowWells_wEstimates.shp,known measured,4fcbd608-bcf8-3c8f-871f-b6a11a22ae9f,-44620.44978,259574.3493
2610,Point,0,1,0.0,,2610,93.3456453,1117.6,1024.254355,FALSE,-9999.0,92.7903415,1024.809659,FALSE,-9999.0,93.2643955,1024.335604,FALSE,-9999.0,0.0,1,1,G,USGS_gbHeatFlowWells_wEstimates.shp,known measured,5650938e-897c-3ccd-9e8f-3ce6a62e69eb,-41902.76738,265536.0351
2611,Point,0,1,0.0,,2611,83.33061999,141.4,58.06938001,FALSE,-9999.0,84.12280036,57.27719964,FALSE,-9999.0,83.98151948,57.41848052,FALSE,-9999.0,0.0,1,1,G,USGS_gbHeatFlowWells_wEstimates.shp,Data release - assumed measured,e78a78ce-08b7-3463-a452-8750218cf75b,-83953.15011,48050.48143
2612,Point,0,1,0.0,,2612,87.96666618,1209.12,1121.153334,FALSE,-9999.0,88.43764017,1120.68236,FALSE,-9999.0,86.19523609,1122.924764,FALSE,-9999.0,0.0,1,1,G,USGS_gbHeatFlowWells_wEstimates.shp,known measured,7d10ab44-93db-3987-b53d-57c072ab7ce7,-170585.0187,255145.8828
2613,Point,0,1,0.0,,2613,87.62527189,7609.8,7522.174728,FALSE,-9999.0,88.03978446,7521.760216,FALSE,-9999.0,85.7554692,7524.044531,FALSE,-9999.0,0.0,1,1,G,USGS_gbHeatFlowWells_wEstimates.shp,known measured,7d7b823d-a0bb-3464-9fdc-2a3dd847f89f,-170065.348,260458.7394
2614,Point,0,1,0.0,,2614,94.79210329,280.0,185.2078967,FALSE,-9999.0,95.84769189,184.1523081,FALSE,-9999.0,95.03185607,184.9681439,FALSE,-9999.0,0.0,1,1,G,USGS_gbHeatFlowWells_wEstimates.shp,assumed measured,f7537813-4491-3b38-bb74-719e8ee66634,32346.31177,343687.7951
2615,Point,0,1,0.0,,2615,93.50664045,220.0,126.4933595,FALSE,-9999.0,94.65362826,125.3463717,FALSE,-9999.0,93.72604953,126.2739505,FALSE,-9999.0,0.0,1,1,G,USGS_gbHeatFlowWells_wEstimates.shp,assumed measured,7d96d520-b2c4-324e-9788-e3a5ed454d24,36451.73131,345553.6809
2616,Point,0,1,0.0,,2616,74.94061268,218.0,143.0593873,FALSE,-9999.0,74.52641069,143.4735893,FALSE,-9999.0,75.17022199,142.829778,FALSE,-9999.0,0.0,1,1,G,USGS_gbHeatFlowWells_wEstimates.shp,known measured,0efe0a9e-02e1-397e-82ff-af6ee4ec0a36,-199899.1689,356252.6795
2617,Point,0,1,0.0,,2617,74.92878463,418.0,343.0712154,FALSE,-9999.0,74.50889203,343.491108,FALSE,-9999.0,75.17367451,342.8263255,FALSE,-9999.0,0.0,1,1,G,USGS_gbHeatFlowWells_wEstimates.shp,known measured,6db0e9ce-e7ba-362d-822d-d8876602082f,-200030.5688,355695.7851
2618,Point,0,1,0.0,,2618,94.21387972,820.0,725.7861203,FALSE,-9999.0,95.31231792,724.6876821,FALSE,-9999.0,94.44795466,725.5520453,FALSE,-9999.0,0.0,1,1,G,USGS_gbHeatFlowWells_wEstimates.shp,assumed measured,f5067510-261c-38af-8b8f-0ad2142f56bb,34197.80937,344614.0043
2619,Point,0,1,0.0,,2619,87.78594187,4206.4,4118.614058,FALSE,-9999.0,88.252703,4118.147297,FALSE,-9999.0,85.93729206,4120.462708,FALSE,-9999.0,0.0,1,1,G,USGS_gbHeatFlowWells_wEstimates.shp,known measured,a23b85cb-be23-3c4b-b43e-f1d0ca75cd84,-171279.5592,258433.368
2620,Point,0,1,0.0,,2620,87.78452934,1578.13,1490.345471,FALSE,-9999.0,88.25143468,1489.878565,FALSE,-9999.0,85.93526189,1492.194738,FALSE,-9999.0,0.0,1,1,G,USGS_gbHeatFlowWells_wEstimates.shp,known measured,606153f7-17a3-3fad-981c-af8c52d6d09f,-171295.8241,258467.3382
2621,Point,0,1,0.0,,2621,94.44714818,159.29,64.84285182,FALSE,-9999.0,95.60976009,63.68023991,FALSE,-9999.0,94.64926704,64.64073296,FALSE,-9999.0,0.0,1,1,G,USGS_gbHeatFlowWells_wEstimates.shp,known measured,c905325c-b346-3382-a8e0-8d6651888d22,34143.04203,341723.9201
2622,Point,0,1,0.0,,2622,95.00985524,242.0,146.9901448,FALSE,-9999.0,96.10665224,145.8933478,FALSE,-9999.0,95.22430027,146.7756997,FALSE,-9999.0,0.0,1,1,G,USGS_gbHeatFlowWells_wEstimates.shp,known measured,6caa6f8e-dc15-3c1e-bff1-1a034cdae074,32128.8952,341390.699
2623,Point,0,1,0.0,,2623,94.33533825,4200.0,4105.664662,FALSE,-9999.0,95.46199701,4104.538003,FALSE,-9999.0,94.555135,4105.444865,FALSE,-9999.0,0.0,1,1,G,USGS_gbHeatFlowWells_wEstimates.shp,assumed measured,4978e035-747e-3c18-9e46-417e83a1b48b,34136.26854,343303.2358
2624,Point,0,1,0.0,,2624,94.34282989,1400.0,1305.65717,FALSE,-9999.0,95.47681433,1304.523186,FALSE,-9999.0,94.55928776,1305.440712,FALSE,-9999.0,0.0,1,1,G,USGS_gbHeatFlowWells_wEstimates.shp,assumed measured,f9ba5fb6-f7a1-3424-898d-8cc6229ef897,34179.35972,343045.794
2630,Point,0,1,0.0,,2630,94.53974008,124.22,29.68025992,TRUE,1.0,96.09375454,28.12624546,TRUE,1.0,94.57852461,29.64147539,TRUE,1.0,0.0,1,1,G,USGS_gbHeatFlowWells_wEstimates.shp,assumed measured,0bd8b1eb-66f7-3d10-88d4-904405fe231b,35554.1557,324703.5851
2631,Point,0,1,0.0,,2631,92.44068786,190.01,97.56931214,FALSE,-9999.0,94.41868014,95.59131986,FALSE,-9999.0,92.47331534,97.53668466,FALSE,-9999.0,0.0,1,1,G,USGS_gbHeatFlowWells_wEstimates.shp,Data release - assumed measured,051a0ce6-1d8a-3474-8849-dbdf904212b6,44071.70726,316949.1578
2639,Point,0,1,0.0,,2639,98.88972503,276.64,177.750275,FALSE,-9999.0,98.26878825,178.3712117,FALSE,-9999.0,98.84853912,177.7914609,FALSE,-9999.0,0.0,1,1,G,USGS_gbHeatFlowWells_wEstimates.shp,Data release - assumed measured,cd534569-ff36-32ad-8232-05a8f8088d15,-4730.284191,327426.0216
2641,Point,0,1,0.0,,2641,97.03884133,121.21,24.17115867,TRUE,1.0,96.18797557,25.02202443,TRUE,1.0,96.98341095,24.22658905,TRUE,1.0,0.0,1,1,G,USGS_gbHeatFlowWells_wEstimates.shp,Data release - assumed measured,3095aa63-0283-3d42-a0e8-72866073d7ca,-30149.61614,303888.3473
2645,Point,0,1,0.0,,2645,79.80646728,185.9,106.0935327,TRUE,0.00570504,77.7385649,108.1614351,TRUE,0.004715661,80.88068001,105.01932,TRUE,0.006298356,0.0,1,1,G,USGS_gbHeatFlowWells_wEstimates.shp,assumed measured,9e250503-c0dc-3c72-8433-8de51d38e589,-16207.87704,147025.7
2646,Point,0,1,0.0,,2646,79.67546886,271.6,191.9245311,TRUE,2.1e-06,77.60104591,193.9989541,TRUE,1.74e-06,80.68691037,190.9130896,TRUE,2.31e-06,0.0,1,1,G,USGS_gbHeatFlowWells_wEstimates.shp,assumed measured,13af3795-2aa7-308f-81e5-2843bf2144ce,-15216.43599,148178.2602
2647,Point,0,1,0.0,,2647,85.65914075,232.96,147.3008593,FALSE,-9999.0,86.91258583,146.0474142,FALSE,-9999.0,86.27784218,146.6821578,FALSE,-9999.0,0.0,1,1,G,USGS_gbHeatFlowWells_wEstimates.shp,Data release - assumed measured,f9c86c98-642f-3192-8a05-7c3b5a829995,-85106.91266,290299.8023
2648,Point,0,1,0.0,,2648,85.59768288,203.84,118.2423171,FALSE,-9999.0,86.81507564,117.0249244,FALSE,-9999.0,86.1739103,117.6660897,FALSE,-9999.0,0.0,1,1,G,USGS_gbHeatFlowWells_wEstimates.shp,Data release - assumed measured,97e9b11e-1759-3818-8af2-e5be47c88d08,-86829.45823,287337.7567
2649,Point,0,1,0.0,,2649,84.76138894,160.16,75.39861106,TRUE,0.096395233,85.81107209,74.34892791,TRUE,0.10618004,85.38986835,74.77013165,TRUE,0.102139737,0.0,1,1,G,USGS_gbHeatFlowWells_wEstimates.shp,Data release - assumed measured,8949ddbd-ab64-3bf3-b429-f936e1822262,-98171.59455,293361.9713
2650,Point,0,1,0.0,,2650,83.36177081,242.2,158.8382292,FALSE,-9999.0,84.22021591,157.9797841,FALSE,-9999.0,83.78322291,158.4167771,FALSE,-9999.0,0.0,1,1,G,USGS_gbHeatFlowWells_wEstimates.shp,Data release - assumed measured,bbf78046-f045-3f9a-abe2-2ba711ef4cab,-82015.03725,38873.80271
2651,Point,0,1,0.0,,2651,83.91706296,545.29,461.372937,FALSE,-9999.0,84.19221411,461.0977859,FALSE,-9999.0,84.3185169,460.9714831,FALSE,-9999.0,0.0,1,1,G,USGS_gbHeatFlowWells_wEstimates.shp,known measured,61ec357c-a887-3ecc-a6f8-af8e0937e779,-104905.9922,342484.5299
2655,Point,0,1,0.0,,2655,76.75835606,1510.6,1433.841644,FALSE,-9999.0,76.45697118,1434.143029,FALSE,-9999.0,78.71480005,1431.8852,FALSE,-9999.0,0.0,1,1,G,USGS_gbHeatFlowWells_wEstimates.shp,Data release - assumed measured,a8719a9e-0c23-3ef6-911d-da5d5f143908,-202260.4323,324894.0001
2657,Point,0,1,0.0,,2657,89.10538723,170.66,81.55461277,FALSE,-9999.0,89.35175893,81.30824107,FALSE,-9999.0,89.30367637,81.35632363,FALSE,-9999.0,0.0,1,1,G,USGS_gbHeatFlowWells_wEstimates.shp,Data release - assumed measured,72d8f1a9-6814-3b23-9d17-735b5e53f08c,-140955.3647,207757.4249
2658,Point,0,1,0.0,,2658,89.49554256,162.96,73.46445744,FALSE,-9999.0,89.74428414,73.21571586,FALSE,-9999.0,89.63376909,73.32623091,FALSE,-9999.0,0.0,1,1,G,USGS_gbHeatFlowWells_wEstimates.shp,Data release - assumed measured,d143c881-4e50-398d-bd4a-2b9e64c8ef7f,-145672.8791,210463.593
2659,Point,0,1,0.0,,2659,87.12513301,287.92,200.794867,FALSE,-9999.0,87.0094784,200.9105216,FALSE,-9999.0,87.24410742,200.6758926,FALSE,-9999.0,0.0,1,1,G,USGS_gbHeatFlowWells_wEstimates.shp,Data release - assumed measured,4dc1257b-95a0-3028-bcf4-39acaff3cc30,-54371.36418,346505.9971
2660,Point,0,1,0.0,,2660,86.57311541,134.0,47.42688459,FALSE,-9999.0,86.65354402,47.34645598,FALSE,-9999.0,86.49628117,47.50371883,FALSE,-9999.0,0.0,1,1,G,USGS_gbHeatFlowWells_wEstimates.shp,known measured,d7290da5-09a3-3122-8d06-0407dd778d24,-135101.1289,225894.1865
2661,Point,0,1,0.0,,2661,87.48744686,372.0,284.5125531,FALSE,-9999.0,87.3755514,284.6244486,FALSE,-9999.0,87.65075977,284.3492402,FALSE,-9999.0,0.0,1,1,G,USGS_gbHeatFlowWells_wEstimates.shp,assumed measured,2accd3ad-7975-3da0-820c-d1d7915817a4,-55080.93497,348280.5949
2662,Point,0,1,0.0,,2662,94.02164521,570.0,475.9783548,FALSE,-9999.0,95.12850181,474.8714982,FALSE,-9999.0,94.25418873,475.7458113,FALSE,-9999.0,0.0,1,1,G,USGS_gbHeatFlowWells_wEstimates.shp,assumed measured,97d41d6d-710a-31e3-ba84-5cc8b9267fda,34758.44156,345030.8655
2663,Point,0,1,0.0,,2663,87.84815911,418.0,330.1518409,FALSE,-9999.0,87.71899581,330.2810042,FALSE,-9999.0,88.03442862,329.9655714,FALSE,-9999.0,0.0,1,1,G,USGS_gbHeatFlowWells_wEstimates.shp,assumed measured,7db592c4-2996-3732-ae1f-db7127f95be8,-54262.60722,348924.6384
2664,Point,0,1,0.0,,2664,87.49278824,224.22,136.7272118,FALSE,-9999.0,87.35281503,136.867185,FALSE,-9999.0,87.63194424,136.5880558,FALSE,-9999.0,0.0,1,1,G,USGS_gbHeatFlowWells_wEstimates.shp,Data release - assumed measured,398cdab7-941e-326d-9ee6-1d72d9542e0f,-53294.18184,346935.5676
2674,Point,0,1,0.0,,2674,74.95653885,289.0,214.0434612,FALSE,-9999.0,74.53160623,214.4683938,FALSE,-9999.0,75.19759041,213.8024096,FALSE,-9999.0,0.0,1,1,G,USGS_gbHeatFlowWells_wEstimates.shp,assumed measured,0b492cbf-a91a-3819-a504-9c1f82afb7eb,-199254.8512,355855.6179
2675,Point,0,1,0.0,,2675,88.77826793,555.52,466.7417321,FALSE,-9999.0,88.88488118,466.6351188,FALSE,-9999.0,88.86055449,466.6594455,FALSE,-9999.0,0.0,1,1,G,USGS_gbHeatFlowWells_wEstimates.shp,Data release - assumed measured,a95215e1-82a2-3ea3-9143-e47f14bd35f8,-139349.3173,211753.6636
2676,Point,0,1,0.0,,2676,89.31782614,155.4,66.08217386,FALSE,-9999.0,89.50349216,65.89650784,FALSE,-9999.0,89.41469329,65.98530671,FALSE,-9999.0,0.0,1,1,G,USGS_gbHeatFlowWells_wEstimates.shp,Data release - assumed measured,da0f7010-b9ea-300e-a495-6a6682286771,-144083.9545,211948.4408
2677,Point,0,1,0.0,,2677,88.49388382,56.0,-32.49388382,FALSE,-9999.0,88.76353799,-32.76353799,FALSE,-9999.0,88.75575302,-32.75575302,FALSE,-9999.0,0.0,1,1,G,USGS_gbHeatFlowWells_wEstimates.shp,assumed measured,2b904194-8114-3480-a179-1db56de30d0d,-134664.1922,202382.4847
2679,Point,0,1,0.0,,2679,89.21742974,165.96,76.74257026,FALSE,-9999.0,89.39487667,76.56512333,FALSE,-9999.0,89.33169005,76.62830995,FALSE,-9999.0,0.0,1,1,G,USGS_gbHeatFlowWells_wEstimates.shp,assumed measured,37a06f48-9d50-32ac-b116-51dd92609143,-142634.5627,210869.204
2680,Point,0,1,0.0,,2680,89.20042427,126.0,36.79957573,FALSE,-9999.0,89.37393605,36.62606395,FALSE,-9999.0,89.3127483,36.6872517,FALSE,-9999.0,0.0,1,1,G,USGS_gbHeatFlowWells_wEstimates.shp,assumed measured,8cb2d731-5f3d-3b99-972a-a24ad9b07816,-142488.4799,210922.6817
2681,Point,0,1,0.0,,2681,86.78348768,175.81,89.02651232,FALSE,-9999.0,87.36314573,88.44685427,FALSE,-9999.0,85.37685205,90.43314795,FALSE,-9999.0,0.0,1,1,G,USGS_gbHeatFlowWells_wEstimates.shp,assumed measured,7c339003-1504-3dff-a291-bf565ea92b1b,-178443.3102,271137.8773
2682,Point,0,1,0.0,,2682,86.98530622,135.04,48.05469378,FALSE,-9999.0,87.54331944,47.49668056,FALSE,-9999.0,85.43328466,49.60671534,FALSE,-9999.0,0.0,1,1,G,USGS_gbHeatFlowWells_wEstimates.shp,unmeasured,01166638-ea8b-3881-b535-84a612d1cb4d,-177491.9253,269435.6912
2683,Point,0,1,0.0,,2683,86.26638198,155.43,69.16361802,FALSE,-9999.0,86.52618834,68.90381166,FALSE,-9999.0,85.53715033,69.89284967,FALSE,-9999.0,0.0,1,1,G,USGS_gbHeatFlowWells_wEstimates.shp,unmeasured,19de846b-bb92-3fb9-aaf8-9bdd68f31e70,-173602.4024,279437.6596
2684,Point,0,1,0.0,,2684,86.70981519,206.39,119.6801848,FALSE,-9999.0,87.20512936,119.1848706,FALSE,-9999.0,85.35618937,121.0338106,FALSE,-9999.0,0.0,1,1,G,USGS_gbHeatFlowWells_wEstimates.shp,unmeasured,397207c5-f055-3ff9-86ef-290f65ed66ad,-176998.471,272600.3588
2686,Point,0,1,0.0,,2686,94.50484324,146.0,51.49515676,FALSE,-9999.0,95.69089127,50.30910873,FALSE,-9999.0,94.69566196,51.30433804,FALSE,-9999.0,0.0,1,1,G,USGS_gbHeatFlowWells_wEstimates.shp,assumed measured,797cb7bb-4094-3bb1-8ed4-56fe859dfe6f,34172.56738,340715.9433
2687,Point,0,1,0.0,,2687,92.97333733,126.0,33.02666267,FALSE,-9999.0,94.28127146,31.71872854,FALSE,-9999.0,93.13716043,32.86283957,FALSE,-9999.0,0.0,1,1,G,USGS_gbHeatFlowWells_wEstimates.shp,assumed measured,0df3b74b-36cd-314c-b3b1-55dffaba7bcd,39327.43004,342845.5388
2688,Point,0,1,0.0,,2688,94.32499321,251.0,156.6750068,FALSE,-9999.0,95.51275979,155.4872402,FALSE,-9999.0,94.5181294,156.4818706,FALSE,-9999.0,0.0,1,1,G,USGS_gbHeatFlowWells_wEstimates.shp,assumed measured,99081383-b7e2-3498-888f-7b1bf43b0aba,34665.17246,341390.1446
2689,Point,0,1,0.0,,2689,94.20080222,293.0,198.7991978,FALSE,-9999.0,95.37343191,197.6265681,FALSE,-9999.0,94.4021559,198.5978441,FALSE,-9999.0,0.0,1,1,G,USGS_gbHeatFlowWells_wEstimates.shp,assumed measured,0692c831-3651-3363-babd-c24286dcd8e5,34870.90134,342354.3357
2690,Point,0,1,0.0,,2690,94.16457194,569.0,474.8354281,FALSE,-9999.0,95.32558229,473.6744177,FALSE,-9999.0,94.37147313,474.6285269,FALSE,-9999.0,0.0,1,1,G,USGS_gbHeatFlowWells_wEstimates.shp,assumed measured,3fa357b7-0a87-3922-8506-bf85d10ed45f,34868.69042,342858.368
2691,Point,0,1,0.0,,2691,93.68972994,155.0,61.31027006,FALSE,-9999.0,94.95787251,60.04212749,FALSE,-9999.0,93.85361579,61.14638421,FALSE,-9999.0,0.0,1,1,G,USGS_gbHeatFlowWells_wEstimates.shp,assumed measured,68b988b2-b941-3544-8d31-8f14c9f2028e,37111.30792,340908.3209
2692,Point,0,1,0.0,,2692,93.59045311,132.44,38.84954689,FALSE,-9999.0,94.8368551,37.6031449,FALSE,-9999.0,93.765363,38.674637,FALSE,-9999.0,0.0,1,1,G,USGS_gbHeatFlowWells_wEstimates.shp,assumed measured,1aafbe04-e8cf-3d14-8165-7e4832667305,37181.45745,342073.5574
2693,Point,0,1,0.0,,2693,85.59485253,127.68,42.08514747,FALSE,-9999.0,87.52200453,40.15799547,FALSE,-9999.0,84.95457419,42.72542581,FALSE,-9999.0,0.0,1,1,G,USGS_gbHeatFlowWells_wEstimates.shp,assumed measured,f9334f57-4835-3dc1-b195-239253ac24e1,-234678.8167,230073.3294
2694,Point,0,1,0.0,,2694,83.83185704,180.91,97.07814296,TRUE,0.01308803,85.26252557,95.64747443,TRUE,0.014931417,84.29778555,96.61221445,TRUE,0.01366191,0.0,1,1,G,USGS_gbHeatFlowWells_wEstimates.shp,assumed measured,041563e5-8d7d-339c-a7c4-fcd00a14a1e8,-198531.3793,281508.5259
2695,Point,0,1,0.0,,2695,86.24439948,145.24,58.99560052,FALSE,-9999.0,86.46872008,58.77127992,FALSE,-9999.0,85.60617886,59.63382114,FALSE,-9999.0,0.0,1,1,G,USGS_gbHeatFlowWells_wEstimates.shp,assumed measured,51f68786-8e03-353b-a73a-43677f576168,-172881.0872,280169.2716
2696,Point,0,1,0.0,,2696,83.82133184,4252.5,4168.678668,FALSE,-9999.0,85.57115804,4166.928842,FALSE,-9999.0,83.05483324,4169.445167,FALSE,-9999.0,0.0,1,1,G,USGS_gbHeatFlowWells_wEstimates.shp,assumed measured,d65ea5ef-cce8-36e0-8d7d-b0db2667f08b,-233349.8595,214058.489
2697,Point,0,1,0.0,,2697,83.87199982,2780.0,2696.128,FALSE,-9999.0,85.64636448,2694.353636,FALSE,-9999.0,83.12129551,2696.878704,FALSE,-9999.0,0.0,1,1,G,USGS_gbHeatFlowWells_wEstimates.shp,assumed measured,d7b1e5ac-7a7b-3e75-a2f2-50e7c9260ab6,-234602.7709,215025.2049
2698,Point,0,1,0.0,,2698,83.87947825,3584.0,3500.120522,FALSE,-9999.0,85.65352434,3498.346476,FALSE,-9999.0,83.12821339,3500.871787,FALSE,-9999.0,0.0,1,1,G,USGS_gbHeatFlowWells_wEstimates.shp,assumed measured,30f9ee19-1104-3b00-85e4-987acc3dff87,-234533.876,215045.6355
2699,Point,0,1,0.0,,2699,83.88633425,8052.5,7968.613666,FALSE,-9999.0,85.66011295,7966.839887,FALSE,-9999.0,83.13458759,7969.365412,FALSE,-9999.0,0.0,1,1,G,USGS_gbHeatFlowWells_wEstimates.shp,assumed measured,35f20c3b-1cbf-3efe-adbd-4215ca7a834f,-234473.5123,215066.3133
2700,Point,0,1,0.0,,2700,87.65346794,265.0,177.3465321,FALSE,-9999.0,87.40872611,177.5912739,FALSE,-9999.0,87.86575239,177.1342476,FALSE,-9999.0,0.0,1,1,G,USGS_gbHeatFlowWells_wEstimates.shp,known measured,2d684de9-9b63-3210-a10c-91ffa7f085d0,-48419.91127,339702.2439
2701,Point,0,1,0.0,,2701,87.12624852,208.0,120.8737515,FALSE,-9999.0,86.93352012,121.0664799,FALSE,-9999.0,87.33820225,120.6617977,FALSE,-9999.0,0.0,1,1,G,USGS_gbHeatFlowWells_wEstimates.shp,known measured,b96d30b2-4eb4-3522-852c-97d2acf6cda3,-50060.20021,339342.7013
2702,Point,0,1,0.0,,2702,87.22418043,146.0,58.77581957,FALSE,-9999.0,87.01518789,58.98481211,FALSE,-9999.0,87.46078719,58.53921281,FALSE,-9999.0,0.0,1,1,G,USGS_gbHeatFlowWells_wEstimates.shp,known measured,d3c73c8c-48f4-3b39-88c0-0ed41ec0e2de,-49539.93919,337894.4767
2703,Point,0,1,0.0,,2703,86.22731915,123.06,36.83268085,FALSE,-9999.0,86.34197003,36.71802997,FALSE,-9999.0,86.80746485,36.25253515,FALSE,-9999.0,0.0,1,1,G,USGS_gbHeatFlowWells_wEstimates.shp,known measured,f641ba67-b56f-3ba2-9951-2b2a121bc540,-102366.7333,351659.2784
2704,Point,0,1,0.0,,2704,85.24223218,208.62,123.3777678,FALSE,-9999.0,85.33597334,123.2840267,FALSE,-9999.0,85.8264233,122.7935767,FALSE,-9999.0,0.0,1,1,G,USGS_gbHeatFlowWells_wEstimates.shp,known measured,4a03b8f5-5e8c-3846-9f5e-77dca0d41430,-109509.2756,347721.5804
2705,Point,0,1,0.0,,2705,85.4280584,179.2,93.7719416,FALSE,-9999.0,85.53261508,93.66738492,FALSE,-9999.0,86.00192664,93.19807336,FALSE,-9999.0,0.0,1,1,G,USGS_gbHeatFlowWells_wEstimates.shp,known measured,24bd04e5-f425-3961-aa0c-8135529ae740,-107735.729,348537.5662
2706,Point,0,1,0.0,,2706,94.5943825,595.14,500.5456175,FALSE,-9999.0,94.10815222,501.0318478,FALSE,-9999.0,94.96726017,500.1727398,FALSE,-9999.0,0.0,1,1,G,USGS_gbHeatFlowWells_wEstimates.shp,Data release - assumed measured,1fd667f7-28ba-39af-940f-d35a629e6a05,-39977.07599,300995.8985
2707,Point,0,1,0.0,,2707,76.54568201,134.68,58.13431799,FALSE,-9999.0,76.23036207,58.44963793,FALSE,-9999.0,78.3865968,56.2934032,FALSE,-9999.0,0.0,1,1,G,USGS_gbHeatFlowWells_wEstimates.shp,Data release - assumed measured,68d1052b-54d0-30a7-85dd-66a13dba5b82,-203656.8404,326274.1088
2708,Point,0,1,0.0,,2708,82.99098744,218.0,135.0090126,FALSE,-9999.0,83.79503437,134.2049656,FALSE,-9999.0,83.03218891,134.9678111,FALSE,-9999.0,0.0,1,1,G,USGS_gbHeatFlowWells_wEstimates.shp,assumed measured,3b8728bc-17e6-3439-a45e-d28bc3ec5630,-75983.67458,322366.6277
2709,Point,0,1,0.0,,2709,84.3400359,148.0,63.6599641,FALSE,-9999.0,85.25587698,62.74412302,FALSE,-9999.0,84.62183372,63.37816628,FALSE,-9999.0,0.0,1,1,G,USGS_gbHeatFlowWells_wEstimates.shp,assumed measured,160bf05a-89ba-3dfc-a51e-5bd86db73b57,-76360.28911,312287.4742
2710,Point,0,1,0.0,,2710,82.70363558,207.0,124.2963644,FALSE,-9999.0,83.45871109,123.5412889,FALSE,-9999.0,82.70391452,124.2960855,FALSE,-9999.0,0.0,1,1,G,USGS_gbHeatFlowWells_wEstimates.shp,known measured,db17700a-7354-3f02-8058-e3f8be6fe30b,-76377.07272,325548.1931
2711,Point,0,1,0.0,,2711,89.30133605,138.32,49.01866395,TRUE,1.0,88.70005976,49.61994024,TRUE,1.0,88.68663003,49.63336997,TRUE,1.0,0.0,1,1,G,USGS_gbHeatFlowWells_wEstimates.shp,Data release - assumed measured,181b8056-e626-3043-8b88-a329dd1cd11b,-21774.60174,236508.3901
2712,Point,0,1,0.0,,2712,80.10113204,145.24,65.13886796,FALSE,-9999.0,79.15825473,66.08174527,FALSE,-9999.0,79.66079297,65.57920703,FALSE,-9999.0,0.0,1,1,G,USGS_gbHeatFlowWells_wEstimates.shp,assumed measured,2bbfb126-325f-3240-a6f4-f2d27b191e2b,13863.56177,210715.7952
2713,Point,0,1,0.0,,2713,84.06233157,190.19,106.1276684,TRUE,0.005687131,83.59423767,106.5957623,TRUE,0.005447152,83.58909365,106.6009063,TRUE,0.005444572,0.0,1,1,G,USGS_gbHeatFlowWells_wEstimates.shp,assumed measured,b2c1d9f4-2a4d-360c-829e-3c248c60d7a8,-22949.66729,222129.8235
2714,Point,0,1,0.0,,2714,99.28755664,390.75,291.4624434,FALSE,-9999.0,98.312544,292.437456,FALSE,-9999.0,98.09337746,292.6566225,FALSE,-9999.0,0.0,1,1,G,USGS_gbHeatFlowWells_wEstimates.shp,Data release - assumed measured,0065bab9-be34-373d-aab9-601e25d40e65,-11941.17148,269544.7684
2715,Point,0,1,0.0,,2715,99.28123752,439.17,339.8887625,FALSE,-9999.0,98.31600343,340.8539966,FALSE,-9999.0,98.08484846,341.0851515,FALSE,-9999.0,0.0,1,1,G,USGS_gbHeatFlowWells_wEstimates.shp,Data release - assumed measured,7ca53e8e-2aa1-31b8-b58d-305ca8954ea6,-11658.70852,269544.3657
2716,Point,0,1,0.0,,2716,91.91260849,290.47,198.5573915,FALSE,-9999.0,91.44465942,199.0253406,FALSE,-9999.0,91.78146666,198.6885333,FALSE,-9999.0,0.0,1,1,G,USGS_gbHeatFlowWells_wEstimates.shp,Data release - assumed measured,f953da85-4611-3ff7-903d-e45a4a93a270,-44196.24337,259572.0239
2717,Point,0,1,0.0,,2717,99.34255645,338.88,239.5374435,FALSE,-9999.0,98.50584234,240.3741577,FALSE,-9999.0,98.13878454,240.7412155,FALSE,-9999.0,0.0,1,1,G,USGS_gbHeatFlowWells_wEstimates.shp,unmeasured,50ed7751-ee9b-3044-bb9f-477b6845b352,-8409.293731,270660.8409
2718,Point,0,1,0.0,,2718,99.09024227,267.54,168.4497577,FALSE,-9999.0,98.10841151,169.4315885,FALSE,-9999.0,97.8988054,169.6411946,FALSE,-9999.0,0.0,1,1,G,USGS_gbHeatFlowWells_wEstimates.shp,assumed measured,b6fb3b34-847c-3faf-9b76-de7336bcaeda,-12366.27857,268611.6595
2719,Point,0,1,0.0,,2719,99.23323314,400.04,300.8067669,FALSE,-9999.0,98.27944586,301.7605541,FALSE,-9999.0,98.03467909,302.0053209,FALSE,-9999.0,0.0,1,1,G,USGS_gbHeatFlowWells_wEstimates.shp,assumed measured,563358dc-3897-3313-ab14-818d324a0777,-11376.51787,269357.2167
2720,Point,0,1,0.0,,2720,99.19263027,422.97,323.7773697,FALSE,-9999.0,98.24022262,324.7297774,FALSE,-9999.0,97.99390996,324.97609,FALSE,-9999.0,0.0,1,1,G,USGS_gbHeatFlowWells_wEstimates.shp,unmeasured,f8b7582a-31d8-3928-862a-2ed001c9acbb,-11376.78172,269170.4604
2721,Point,0,1,0.0,,2721,99.37521996,211.48,112.10478,FALSE,-9999.0,98.51850166,112.9614983,FALSE,-9999.0,98.17094157,113.3090584,FALSE,-9999.0,0.0,1,1,G,USGS_gbHeatFlowWells_wEstimates.shp,unmeasured,da37c3d1-b28f-3786-bff6-fee09eeb7d77,-8832.925173,270661.2945
2722,Point,0,1,0.0,,2722,99.48005655,211.48,111.9999434,FALSE,-9999.0,98.60200913,112.8779909,FALSE,-9999.0,98.27644868,113.2035513,FALSE,-9999.0,0.0,1,1,G,USGS_gbHeatFlowWells_wEstimates.shp,unmeasured,43488220-4af8-3298-a10d-b55cfe2280d2,-9256.127164,271035.2584
2723,Point,0,1,0.0,,2723,98.70585037,234.42,135.7141496,FALSE,-9999.0,97.7181244,136.7018756,FALSE,-9999.0,97.52165188,136.8983481,FALSE,-9999.0,0.0,1,1,G,USGS_gbHeatFlowWells_wEstimates.shp,unmeasured,e56d92fc-c9d6-34f9-a058-87c4313f9aa2,-13075.20795,266932.0036
2726,Point,0,1,0.0,,2726,86.63313524,172.9,86.26686476,FALSE,-9999.0,87.44676871,85.45323129,FALSE,-9999.0,85.38033262,87.51966738,FALSE,-9999.0,0.0,1,1,G,USGS_gbHeatFlowWells_wEstimates.shp,Data release - assumed measured,c891389a-b9bc-313a-92ed-cd3918106a22,-183119.8681,270495.6454
2727,Point,0,1,0.0,,2727,86.17869378,380.38,294.2013062,FALSE,-9999.0,87.26969896,293.110301,FALSE,-9999.0,85.25179983,295.1282002,FALSE,-9999.0,0.0,1,1,G,USGS_gbHeatFlowWells_wEstimates.shp,Data release - assumed measured,c11f282c-ede9-3f9b-b65d-4b5d901b4e31,-188608.7186,271406.8512
2728,Point,0,1,0.0,,2728,85.95391997,276.64,190.68608,FALSE,-9999.0,86.96685452,189.6731455,FALSE,-9999.0,85.17019166,191.4698083,FALSE,-9999.0,0.0,1,1,G,USGS_gbHeatFlowWells_wEstimates.shp,Data release - assumed measured,3f4ecbe5-9331-38c2-b105-d9b51fe501f7,-187455.2323,273621.5191
2729,Point,0,1,0.0,,2729,84.93214624,242.06,157.1278538,FALSE,-9999.0,86.06049062,155.9995094,FALSE,-9999.0,84.83803028,157.2219697,FALSE,-9999.0,0.0,1,1,G,USGS_gbHeatFlowWells_wEstimates.shp,Data release - assumed measured,74961294-3632-30c7-841a-26747eb479b9,-190805.4941,278855.8596
2730,Point,0,1,0.0,,2730,86.12122531,380.38,294.2587747,FALSE,-9999.0,87.36226359,293.0177364,FALSE,-9999.0,85.22765746,295.1523425,FALSE,-9999.0,0.0,1,1,G,USGS_gbHeatFlowWells_wEstimates.shp,assumed measured,52f6dd94-bece-39e6-a2db-cdb5139cf2cb,-191431.0048,270352.6184
2731,Point,0,1,0.0,,2731,86.10359257,345.8,259.6964074,FALSE,-9999.0,87.05818207,258.7418179,FALSE,-9999.0,85.21917773,260.5808223,FALSE,-9999.0,0.0,1,1,G,USGS_gbHeatFlowWells_wEstimates.shp,Data release - assumed measured,fce1e6d6-49e5-3232-ac58-2505229c1a6e,-186279.8815,273145.9295
2732,Point,0,1,0.0,,2732,86.24264149,242.06,155.8173585,FALSE,-9999.0,87.12917539,154.9308246,FALSE,-9999.0,85.26005409,156.7999459,FALSE,-9999.0,0.0,1,1,G,USGS_gbHeatFlowWells_wEstimates.shp,Data release - assumed measured,162ae7e4-f291-3149-bc87-721cc8238821,-184932.409,272778.6382
2733,Point,0,1,0.0,,2733,80.7875182,150.33,69.5424818,FALSE,-9999.0,80.80538519,69.52461481,FALSE,-9999.0,83.04551518,67.28448482,FALSE,-9999.0,0.0,1,1,G,USGS_gbHeatFlowWells_wEstimates.shp,assumed measured,0fb9ce6e-d9a9-34dd-90d7-9a58043c938a,-187352.9199,307016.3927
2734,Point,0,1,0.0,,2734,83.87199982,2659.65,2575.778,FALSE,-9999.0,85.64636448,2574.003636,FALSE,-9999.0,83.12129551,2576.528704,FALSE,-9999.0,0.0,1,1,G,USGS_gbHeatFlowWells_wEstimates.shp,assumed measured,94d55eb2-21ac-35f7-b1e8-5d0226f448da,-234602.7709,215025.2049
2735,Point,0,1,0.0,,2735,83.86236692,747.95,664.0876331,FALSE,-9999.0,85.63789615,662.3121039,FALSE,-9999.0,83.11305947,664.8369405,FALSE,-9999.0,0.0,1,1,G,USGS_gbHeatFlowWells_wEstimates.shp,assumed measured,9f3e396d-8406-32f2-9715-6f87c5fae59d,-234747.8035,215029.4032
2736,Point,0,1,0.0,,2736,86.18219781,380.38,294.1978022,FALSE,-9999.0,87.23521941,293.1447806,FALSE,-9999.0,85.25114657,295.1288534,FALSE,-9999.0,0.0,1,1,G,USGS_gbHeatFlowWells_wEstimates.shp,Data release - assumed measured,6dba990d-0a67-3abd-b888-fea68db05280,-187923.1357,271727.0653
2738,Point,0,1,0.0,,2738,85.64233364,124.45,38.80766636,FALSE,-9999.0,87.58248811,36.86751189,FALSE,-9999.0,85.01770934,39.43229066,FALSE,-9999.0,0.0,1,1,G,USGS_gbHeatFlowWells_wEstimates.shp,assumed measured,4adf4304-4231-334d-b6df-55670d4ea7f5,-235310.0631,230932.5151
2739,Point,0,1,0.0,,2739,79.20477841,229.32,150.1152216,FALSE,-9999.0,80.09166995,149.22833,FALSE,-9999.0,78.86720223,150.4527978,FALSE,-9999.0,0.0,1,1,G,USGS_gbHeatFlowWells_wEstimates.shp,unmeasured,df01bf3b-a934-3d25-8426-0f564c3e0b20,-153419.5519,97997.36718
2741,Point,0,1,0.0,,2741,85.66067261,2510.0,2424.339327,FALSE,-9999.0,85.7583687,2424.241631,FALSE,-9999.0,85.5586107,2424.441389,FALSE,-9999.0,0.0,1,1,G,USGS_gbHeatFlowWells_wEstimates.shp,known measured,f2cdd0c9-25a0-39ed-9359-78a8485615f9,-132491.5205,229135.0659
2742,Point,0,1,0.0,,2742,86.98115585,147.42,60.43884415,FALSE,-9999.0,86.809042,60.610958,FALSE,-9999.0,87.17124249,60.24875751,FALSE,-9999.0,0.0,1,1,G,USGS_gbHeatFlowWells_wEstimates.shp,Data release - assumed measured,bb37af1d-0f99-34c6-9be8-221699a999bc,-50784.62122,340355.389
2743,Point,0,1,0.0,,2743,85.43206347,133.77,48.33793653,FALSE,-9999.0,85.46998922,48.30001078,FALSE,-9999.0,85.43578198,48.33421802,FALSE,-9999.0,0.0,1,1,G,USGS_gbHeatFlowWells_wEstimates.shp,assumed measured,7218e4a2-e9d1-3950-a9aa-086287acbbc2,-60853.2246,345096.6083
2744,Point,0,1,0.0,,2744,85.81530603,188.37,102.554694,FALSE,-9999.0,85.78170633,102.5882937,FALSE,-9999.0,85.88572935,102.4842706,FALSE,-9999.0,0.0,1,1,G,USGS_gbHeatFlowWells_wEstimates.shp,Data release - assumed measured,7f2823bc-3a25-3088-b3fa-d62468de2cbf,-56510.88426,343048.5142
2746,Point,0,1,0.0,,2746,84.75304221,2998.8,2914.046958,FALSE,-9999.0,86.63304657,2912.166953,FALSE,-9999.0,84.1084345,2914.691565,FALSE,-9999.0,0.0,1,1,G,USGS_gbHeatFlowWells_wEstimates.shp,assumed measured,ffbee2d2-4441-35c8-bd05-e080347b3b4e,-239406.8006,225816.8312
2747,Point,0,1,0.0,,2747,84.90657119,358.2,273.2934288,FALSE,-9999.0,86.80151037,271.3984896,FALSE,-9999.0,84.2549419,273.9450581,FALSE,-9999.0,0.0,1,1,G,USGS_gbHeatFlowWells_wEstimates.shp,assumed measured,855a3269-7ee7-385d-9dd3-5545f1d760e6,-237992.5293,225775.1462
2748,Point,0,1,0.0,,2748,84.75304221,1380.6,1295.846958,FALSE,-9999.0,86.63304657,1293.966953,FALSE,-9999.0,84.1084345,1296.491565,FALSE,-9999.0,0.0,1,1,G,USGS_gbHeatFlowWells_wEstimates.shp,assumed measured,8120680f-81db-3dda-86e5-091f05cba88a,-239406.8006,225816.8312
2749,Point,0,1,0.0,,2749,84.75304221,1657.8,1573.046958,FALSE,-9999.0,86.63304657,1571.166953,FALSE,-9999.0,84.1084345,1573.691565,FALSE,-9999.0,0.0,1,1,G,USGS_gbHeatFlowWells_wEstimates.shp,assumed measured,56c357c7-bc73-39aa-84b1-7050b17949cb,-239406.8006,225816.8312
2750,Point,0,1,0.0,,2750,84.75304221,754.0,669.2469578,FALSE,-9999.0,86.63304657,667.3669534,FALSE,-9999.0,84.1084345,669.8915655,FALSE,-9999.0,0.0,1,1,G,USGS_gbHeatFlowWells_wEstimates.shp,assumed measured,414759c4-c83f-318c-8d31-53fb105af5ab,-239406.8006,225816.8312
2751,Point,0,1,0.0,,2751,83.88622377,4727.5,4643.613776,FALSE,-9999.0,85.66207892,4641.837921,FALSE,-9999.0,83.13620931,4644.363791,FALSE,-9999.0,0.0,1,1,G,USGS_gbHeatFlowWells_wEstimates.shp,assumed measured,7f78bfd5-8962-32c3-9202-cc15dda42c71,-234616.5905,215137.7245
2752,Point,0,1,0.0,,2752,98.39116349,144.0,45.60883651,FALSE,-9999.0,97.88588464,46.11411536,FALSE,-9999.0,98.61659512,45.38340488,FALSE,-9999.0,0.0,1,1,G,USGS_gbHeatFlowWells_wEstimates.shp,Data release - assumed measured,923bb6c5-70b8-3f1d-88d6-6cad62c9d508,-8005.62215,341598.4376
2753,Point,0,1,0.0,,2753,83.51266092,321.59,238.0773391,FALSE,-9999.0,85.25253323,236.3374668,FALSE,-9999.0,82.74867806,238.8413219,FALSE,-9999.0,0.0,1,1,G,USGS_gbHeatFlowWells_wEstimates.shp,Data release - assumed measured,6a9113d9-5fc1-30f4-8577-82fc825092c6,-234483.2928,212364.5508
2754,Point,0,1,0.0,,2754,84.05701768,2188.91,2104.852982,FALSE,-9999.0,85.85081215,2103.059188,FALSE,-9999.0,83.31577915,2105.594221,FALSE,-9999.0,0.0,1,1,G,USGS_gbHeatFlowWells_wEstimates.shp,Data release - assumed measured,23ac5942-9b47-3d77-a2bc-fac13c40cd2a,-234790.2959,216510.5887
2755,Point,0,1,0.0,,2755,83.72094628,162.53,78.80905372,FALSE,-9999.0,85.45905054,77.07094946,FALSE,-9999.0,82.94991885,79.58008115,FALSE,-9999.0,0.0,1,1,G,USGS_gbHeatFlowWells_wEstimates.shp,Data release - assumed measured,e8624aba-fa06-3cc1-9fb6-9c55ed1825f4,-233177.1258,213235.059
2757,Point,0,1,0.0,,2757,77.79832992,305.76,227.9616701,FALSE,-9999.0,77.73822484,228.0217752,FALSE,-9999.0,79.72162582,226.0383742,FALSE,-9999.0,0.0,1,1,G,USGS_gbHeatFlowWells_wEstimates.shp,Data release - assumed measured,36e3e729-c008-3c50-b42a-f7f056f23352,-207132.3897,318855.2594
2758,Point,0,1,0.0,,2758,94.34588314,572.6,478.2541169,FALSE,-9999.0,95.49509037,477.1049096,FALSE,-9999.0,94.55561022,478.0443898,FALSE,-9999.0,0.0,1,1,G,USGS_gbHeatFlowWells_wEstimates.shp,assumed measured,4295c239-c039-3d0d-bb58-7dcf94061caa,34299.03212,342553.4674
2759,Point,0,1,0.0,,2759,93.97580693,1960.0,1866.024193,FALSE,-9999.0,95.13913509,1864.860865,FALSE,-9999.0,94.18339921,1865.816601,FALSE,-9999.0,0.0,1,1,G,USGS_gbHeatFlowWells_wEstimates.shp,assumed measured,43fd5622-aade-35e7-8389-eaf187b70d28,35386.68736,343443.1082
2760,Point,0,1,0.0,,2760,88.67757082,363.25,274.5724292,FALSE,-9999.0,88.96157394,274.2884261,FALSE,-9999.0,88.24228741,275.0077126,FALSE,-9999.0,0.0,1,1,G,USGS_gbHeatFlowWells_wEstimates.shp,assumed measured,3d8fca75-b56f-35b8-b005-7f835181efd1,-155884.5483,231344.9883
2761,Point,0,1,0.0,,2761,88.69395919,45.5,-43.19395919,FALSE,-9999.0,88.98466315,-43.48466315,FALSE,-9999.0,88.23464997,-42.73464997,FALSE,-9999.0,0.0,1,1,G,USGS_gbHeatFlowWells_wEstimates.shp,assumed measured,241a7328-1311-32aa-9b0b-9ebacb18b603,-156447.6137,231736.9444
2762,Point,0,1,0.0,,2762,88.77516474,1029.01,940.2348353,FALSE,-9999.0,89.09737655,939.9126235,FALSE,-9999.0,88.20419198,940.805808,FALSE,-9999.0,0.0,1,1,G,USGS_gbHeatFlowWells_wEstimates.shp,assumed measured,d7946eaf-982a-3ab1-8e3d-0f7cf51c7dcb,-158952.0533,233444.6128
2763,Point,0,1,0.0,,2763,86.25061329,165.62,79.36938671,FALSE,-9999.0,86.40417359,79.21582641,FALSE,-9999.0,85.1728602,80.4471398,FALSE,-9999.0,0.0,1,1,G,USGS_gbHeatFlowWells_wEstimates.shp,Data release - assumed measured,80e36b3f-b90a-3aff-a2b7-a451ac5b0ccb,-150804.315,248901.6409
2764,Point,0,1,0.0,,2764,86.84019308,341.43,254.5898069,FALSE,-9999.0,87.3842267,254.0457733,FALSE,-9999.0,85.38660802,256.043392,FALSE,-9999.0,0.0,1,1,G,USGS_gbHeatFlowWells_wEstimates.shp,unmeasured,5f372512-f00b-34fc-8ffa-42b99ee98367,-177600.2231,270932.4555
2765,Point,0,1,0.0,,2765,87.07242929,228.23,141.1575707,FALSE,-9999.0,87.11841818,141.1115818,FALSE,-9999.0,88.37047806,139.8595219,FALSE,-9999.0,0.0,1,1,G,USGS_gbHeatFlowWells_wEstimates.shp,Data release - assumed measured,8e75ea45-75dc-3549-b40a-e52c843d0fa9,-147562.2248,291244.8701
2766,Point,0,1,0.0,,2766,87.15828292,245.52,158.3617171,FALSE,-9999.0,87.25099256,158.2690074,FALSE,-9999.0,88.22358825,157.2964118,FALSE,-9999.0,0.0,1,1,G,USGS_gbHeatFlowWells_wEstimates.shp,assumed measured,efc5d8ee-caf8-3c4d-8cd6-e9e737ed3527,-146348.9781,288234.4253
2767,Point,0,1,0.0,,2767,87.25658977,221.31,134.0534102,FALSE,-9999.0,87.40747624,133.9025238,FALSE,-9999.0,87.53547479,133.7745252,FALSE,-9999.0,0.0,1,1,G,USGS_gbHeatFlowWells_wEstimates.shp,Data release - assumed measured,71703ac5-1906-31b6-8d4a-5a0c7b603316,-145779.7873,280753.294
2768,Point,0,1,0.0,,2768,83.44914773,183.27,99.82085227,FALSE,-9999.0,83.14523893,100.1247611,FALSE,-9999.0,85.59966901,97.67033099,FALSE,-9999.0,0.0,1,1,G,USGS_gbHeatFlowWells_wEstimates.shp,Data release - assumed measured,7fba4d38-e72b-36a3-8df4-809e3d9e2dfd,-142440.2395,325700.7137
2769,Point,0,1,0.0,,2769,86.59540354,210.94,124.3445965,FALSE,-9999.0,86.74067428,124.1993257,FALSE,-9999.0,88.5512858,122.3887142,FALSE,-9999.0,0.0,1,1,G,USGS_gbHeatFlowWells_wEstimates.shp,Data release - assumed measured,3cefb122-b843-399a-85ab-c568ce547d82,-134754.125,298863.6646
2770,Point,0,1,0.0,,2770,86.64238569,140.14,53.49761431,FALSE,-9999.0,87.04603373,53.09396627,FALSE,-9999.0,85.37026832,54.76973168,FALSE,-9999.0,0.0,1,1,G,USGS_gbHeatFlowWells_wEstimates.shp,unmeasured,1fda30fb-088d-38c4-9881-1c9a290d1487,-175408.9416,274246.7115
2771,Point,0,1,0.0,,2771,85.83297072,141.78,55.94702928,FALSE,-9999.0,86.56399052,55.21600948,FALSE,-9999.0,85.18091144,56.59908856,FALSE,-9999.0,0.0,1,1,G,USGS_gbHeatFlowWells_wEstimates.shp,Data release - assumed measured,f956925a-561b-32ba-a0bf-a01ec56c148d,-182968.866,277138.4244
2772,Point,0,1,0.0,,2772,86.88978439,137.59,50.70021561,FALSE,-9999.0,86.88974365,50.70025635,FALSE,-9999.0,87.07821712,50.51178288,FALSE,-9999.0,0.0,1,1,G,USGS_gbHeatFlowWells_wEstimates.shp,assumed measured,bc92737e-d285-32f4-bde1-37b55c66c353,-159663.8622,284939.1551
2773,Point,0,1,0.0,,2773,83.33041269,142.69,59.35958731,FALSE,-9999.0,82.95001293,59.73998707,FALSE,-9999.0,85.83064427,56.85935573,FALSE,-9999.0,0.0,1,1,G,USGS_gbHeatFlowWells_wEstimates.shp,assumed measured,acbca782-b951-3572-9a16-3e343553b594,-149655.42,322471.1709
2774,Point,0,1,0.0,,2774,87.13453607,183.46,96.32546393,FALSE,-9999.0,87.27081683,96.18918317,FALSE,-9999.0,88.13969992,95.32030008,FALSE,-9999.0,0.0,1,1,G,USGS_gbHeatFlowWells_wEstimates.shp,unmeasured,ec83841b-19a1-3016-b149-759bf758bae9,-143839.4839,286694.9972
2775,Point,0,1,0.0,,2775,85.83633904,168.17,82.33366096,FALSE,-9999.0,85.87883304,82.29116696,FALSE,-9999.0,88.08583803,80.08416197,FALSE,-9999.0,0.0,1,1,G,USGS_gbHeatFlowWells_wEstimates.shp,unmeasured,273f29a0-2c6e-3df0-bbe1-716e06b75b46,-136312.607,306546.7243
2776,Point,0,1,0.0,,2776,84.80930297,147.78,62.97069703,FALSE,-9999.0,84.57703409,63.20296591,FALSE,-9999.0,87.43831628,60.34168372,FALSE,-9999.0,0.0,1,1,G,USGS_gbHeatFlowWells_wEstimates.shp,unmeasured,5cf3cc53-47ec-375a-a26e-99f97f7e0221,-145626.1721,312499.6055
2777,Point,0,1,0.0,,2777,87.7033517,121.0,33.2966483,FALSE,-9999.0,88.1399304,32.8600696,FALSE,-9999.0,85.84746861,35.15253139,FALSE,-9999.0,0.0,1,1,G,USGS_gbHeatFlowWells_wEstimates.shp,known measured,21413c15-6a96-38ed-8829-600ff1869575,-170414.2226,259210.8046
2778,Point,0,1,0.0,,2778,85.24005339,221.68,136.4399466,FALSE,-9999.0,86.27387752,135.4061225,FALSE,-9999.0,87.06262741,134.6173726,FALSE,-9999.0,0.0,1,1,G,USGS_gbHeatFlowWells_wEstimates.shp,assumed measured,6b378ca7-37a0-336e-8227-27586579eb58,-57996.15053,45586.45116
2779,Point,0,1,0.0,,2779,78.89192854,178.36,99.46807146,FALSE,-9999.0,79.75094856,98.60905144,FALSE,-9999.0,78.52483568,99.83516432,FALSE,-9999.0,0.0,1,1,G,USGS_gbHeatFlowWells_wEstimates.shp,unmeasured,e3b995bf-d049-3438-aff6-1e5fb7a17954,-156578.5391,98804.23101
2780,Point,0,1,0.0,,2780,86.66426781,184.0,97.33573219,FALSE,-9999.0,87.78594517,96.21405483,FALSE,-9999.0,87.38146135,96.61853865,FALSE,-9999.0,0.0,1,1,G,USGS_gbHeatFlowWells_wEstimates.shp,Data release - assumed measured,188ea6fb-fece-37ff-add7-600007b2b34a,-78724.14155,286077.8512
2781,Point,0,1,0.0,,2781,87.16293655,394.9,307.7370635,FALSE,-9999.0,87.42766269,307.4723373,FALSE,-9999.0,85.51224324,309.3877568,FALSE,-9999.0,0.0,1,1,G,USGS_gbHeatFlowWells_wEstimates.shp,known measured,9a91a1b0-f4be-3ca2-b641-9c0a274d15d7,-160149.9339,258462.543
2782,Point,0,1,0.0,,2782,84.90652989,183.46,98.55347011,FALSE,-9999.0,84.6952598,98.7647402,FALSE,-9999.0,87.52084062,95.93915938,FALSE,-9999.0,0.0,1,1,G,USGS_gbHeatFlowWells_wEstimates.shp,Data release - assumed measured,567a639f-aa19-3261-930f-2209c1fd62c2,-144649.8573,312093.4978
2784,Point,0,1,0.0,,2784,84.46327952,180.54,96.07672048,FALSE,-9999.0,84.18005988,96.35994012,FALSE,-9999.0,87.12896064,93.41103936,FALSE,-9999.0,0.0,1,1,G,USGS_gbHeatFlowWells_wEstimates.shp,Data release - assumed measured,a76b223f-375b-31df-8955-44dd9474a724,-147730.5516,314211.3562
2786,Point,0,1,0.0,,2786,86.3574465,176.36,90.0025535,FALSE,-9999.0,86.82255147,89.53744853,FALSE,-9999.0,85.32819791,91.03180209,FALSE,-9999.0,0.0,1,1,G,USGS_gbHeatFlowWells_wEstimates.shp,Data release - assumed measured,3fcd1e6f-bb82-3f3a-971e-ee207e7c9db7,-177347.961,275970.3188
2787,Point,0,1,0.0,,2787,84.98968819,139.23,54.24031181,FALSE,-9999.0,85.74152105,53.48847895,FALSE,-9999.0,85.04758849,54.18241151,FALSE,-9999.0,0.0,1,1,G,USGS_gbHeatFlowWells_wEstimates.shp,Data release - assumed measured,f8860967-eb3a-3883-9432-15303b0fe0a5,-184965.2458,282406.782
2789,Point,0,1,0.0,,2789,87.12162363,130.0,42.87837637,FALSE,-9999.0,86.94434283,43.05565717,FALSE,-9999.0,87.28548439,42.71451561,FALSE,-9999.0,0.0,1,1,G,USGS_gbHeatFlowWells_wEstimates.shp,assumed measured,7dfe01a8-9380-3102-a33b-9f4130134351,-50742.63829,341676.8664
2790,Point,0,1,0.0,,2790,87.64902651,226.0,138.3509735,FALSE,-9999.0,87.40331679,138.5966832,FALSE,-9999.0,87.86453996,138.13546,FALSE,-9999.0,0.0,1,1,G,USGS_gbHeatFlowWells_wEstimates.shp,assumed measured,193a3570-6731-3b35-9bfd-1ecaf6c6c33c,-48395.93471,339500.4717
2791,Point,0,1,0.0,,2791,83.54736912,272.09,188.5426309,FALSE,-9999.0,83.21557931,188.8744207,FALSE,-9999.0,85.94241024,186.1475898,FALSE,-9999.0,0.0,1,1,G,USGS_gbHeatFlowWells_wEstimates.shp,Data release - assumed measured,b8c2da63-2c12-390e-86e6-d74620963e93,-145798.9418,323072.2451
2792,Point,0,1,0.0,,2792,85.78700976,142.32,56.53299024,TRUE,0.547873621,86.22815854,56.09184146,TRUE,0.570592871,86.91947073,55.40052927,TRUE,0.608105357,0.0,1,1,G,USGS_gbHeatFlowWells_wEstimates.shp,Data release - assumed measured,6465d061-cad2-3e72-a123-5533be482658,-120956.3474,289795.6399
2794,Point,0,1,0.0,,2794,87.971094,155.0,67.028906,FALSE,-9999.0,87.93442814,67.06557186,FALSE,-9999.0,88.3061577,66.6938423,FALSE,-9999.0,0.0,1,1,G,USGS_gbHeatFlowWells_wEstimates.shp,unmeasured,427db02e-88a9-3561-afcf-f5580faca744,-61645.06278,353436.0979
2796,Point,0,1,0.0,,2796,83.14552015,131.4,48.25447985,FALSE,-9999.0,82.74019303,48.65980697,FALSE,-9999.0,85.82139672,45.57860328,FALSE,-9999.0,0.0,1,1,G,USGS_gbHeatFlowWells_wEstimates.shp,Data release - assumed measured,df81a73b-80bb-3f12-afa5-b4736c1a1ca4,-162080.3153,311881.7298
2797,Point,0,1,0.0,,2797,83.49584365,465.92,382.4241564,FALSE,-9999.0,83.10311054,382.8168895,FALSE,-9999.0,86.2298439,379.6901561,FALSE,-9999.0,0.0,1,1,G,USGS_gbHeatFlowWells_wEstimates.shp,Data release - assumed measured,9499b531-9ce9-3f03-a3b2-223c498ddc63,-154677.0682,316807.496
2798,Point,0,1,0.0,,2798,85.95786961,134.0,48.04213039,FALSE,-9999.0,85.90883217,48.09116783,FALSE,-9999.0,86.03554313,47.96445687,FALSE,-9999.0,0.0,1,1,G,USGS_gbHeatFlowWells_wEstimates.shp,assumed measured,4925a1ab-b41a-3a4c-b72e-e7f0a44e7c0b,-55914.50729,343077.9278
2799,Point,0,1,0.0,,2799,85.49914155,245.52,160.0208584,FALSE,-9999.0,85.27898368,160.2410163,FALSE,-9999.0,87.66406846,157.8559315,FALSE,-9999.0,0.0,1,1,G,USGS_gbHeatFlowWells_wEstimates.shp,Data release - assumed measured,76f3adec-118e-391e-91fb-6b2b4d2bbddf,-155063.4099,304085.9912
2800,Point,0,1,0.0,,2800,86.05227173,121.0,34.94772827,FALSE,-9999.0,85.99861122,35.00138878,FALSE,-9999.0,86.11949642,34.88050358,FALSE,-9999.0,0.0,1,1,G,USGS_gbHeatFlowWells_wEstimates.shp,unmeasured,b12c732f-0f1d-3fd6-9d68-0f49dda4e8e4,-56019.26077,343705.9247
2801,Point,0,1,0.0,,2801,86.72128278,160.52,73.79871722,FALSE,-9999.0,86.91349179,73.60650821,FALSE,-9999.0,86.22907759,74.29092241,FALSE,-9999.0,0.0,1,1,G,USGS_gbHeatFlowWells_wEstimates.shp,Data release - assumed measured,a4b08582-c67f-3270-8535-c36918feeedb,-143851.4299,271816.8665
2802,Point,0,1,0.0,,2802,87.63063056,165.62,77.98936944,FALSE,-9999.0,87.7364304,77.8835696,FALSE,-9999.0,86.59848813,79.02151187,FALSE,-9999.0,0.0,1,1,G,USGS_gbHeatFlowWells_wEstimates.shp,Data release - assumed measured,74095b09-6ef5-3b07-8a09-84ec0273c9c7,-157251.2458,275619.9347
2803,Point,0,1,0.0,,2803,89.67208896,124.88,35.20791104,FALSE,-9999.0,90.40809281,34.47190719,FALSE,-9999.0,90.21430383,34.66569617,FALSE,-9999.0,0.0,1,1,G,USGS_gbHeatFlowWells_wEstimates.shp,known measured,0c10ed7c-720e-37b5-a5cf-7ea58e8c2468,-148765.7491,186845.5711
2804,Point,0,1,0.0,,2804,89.37166508,135.1,45.72833492,FALSE,-9999.0,89.5736922,45.5263078,FALSE,-9999.0,89.4609365,45.6390635,FALSE,-9999.0,0.0,1,1,G,USGS_gbHeatFlowWells_wEstimates.shp,assumed measured,f13e3cf6-d23b-35b0-b98c-b825c81a3a63,-145162.3834,212748.5413
2805,Point,0,1,0.0,,2805,88.87827062,137.62,48.74172938,FALSE,-9999.0,89.07091142,48.54908858,FALSE,-9999.0,88.87393907,48.74606093,FALSE,-9999.0,0.0,1,1,G,USGS_gbHeatFlowWells_wEstimates.shp,assumed measured,edeb9298-a4eb-3003-96a8-44a3618e65fd,-145471.7726,219292.5563
2806,Point,0,1,0.0,,2806,89.5436984,129.92,40.3763016,FALSE,-9999.0,90.32161332,39.59838668,FALSE,-9999.0,89.80652107,40.11347893,FALSE,-9999.0,0.0,1,1,G,USGS_gbHeatFlowWells_wEstimates.shp,known measured,f4b43c90-7f8e-36a1-86ce-180071835b37,-163876.3247,208994.8005
2807,Point,0,1,0.0,,2807,89.61888611,132.44,42.82111389,FALSE,-9999.0,90.35223753,42.08776247,FALSE,-9999.0,89.86664704,42.57335296,FALSE,-9999.0,0.0,1,1,G,USGS_gbHeatFlowWells_wEstimates.shp,known measured,7aebd288-b5ec-3144-8c5d-9da386d70200,-162588.2346,209342.5467
2808,Point,0,1,0.0,,2808,86.08697899,140.14,54.05302101,FALSE,-9999.0,86.19242885,53.94757115,FALSE,-9999.0,85.9078781,54.2321219,FALSE,-9999.0,0.0,1,1,G,USGS_gbHeatFlowWells_wEstimates.shp,unmeasured,63220682-1120-32ea-baa3-e4416479d703,-170412.1588,283478.7073
2809,Point,0,1,0.0,,2809,86.27168028,527.44,441.1683197,FALSE,-9999.0,87.32030917,440.1196908,FALSE,-9999.0,85.28550134,442.1544987,FALSE,-9999.0,0.0,1,1,G,USGS_gbHeatFlowWells_wEstimates.shp,unmeasured,4b498fb9-7e11-3455-9f3b-27608b66efda,-187766.7665,271163.0172
2810,Point,0,1,0.0,,2810,86.76133623,168.17,81.40866377,FALSE,-9999.0,87.42730583,80.74269417,FALSE,-9999.0,85.38770813,82.78229187,FALSE,-9999.0,0.0,1,1,G,USGS_gbHeatFlowWells_wEstimates.shp,unmeasured,f82dd237-4666-34bf-b75f-c9f1afce86eb,-180150.239,270615.4805
2811,Point,0,1,0.0,,2811,87.8875874,127.95,40.0624126,FALSE,-9999.0,89.61024157,38.33975843,FALSE,-9999.0,87.17165824,40.77834176,FALSE,-9999.0,0.0,1,1,G,USGS_gbHeatFlowWells_wEstimates.shp,assumed measured,16934452-54d6-3799-813f-654b6d512072,-214434.0595,235210.4438
2812,Point,0,1,0.0,,2812,87.5976125,622.44,534.8423875,FALSE,-9999.0,89.33748949,533.1025105,FALSE,-9999.0,86.89890541,535.5410946,FALSE,-9999.0,0.0,1,1,G,USGS_gbHeatFlowWells_wEstimates.shp,assumed measured,ddc8e19a-f421-39a1-991e-fc67ffd1cf29,-216439.6601,234516.4932
2813,Point,0,1,0.0,,2813,88.004721,138.32,50.315279,FALSE,-9999.0,89.71882741,48.60117259,FALSE,-9999.0,87.28231125,51.03768875,FALSE,-9999.0,0.0,1,1,G,USGS_gbHeatFlowWells_wEstimates.shp,Data release - assumed measured,f153e769-2ed6-3e3e-ae6b-ff1b1c3b02b8,-213578.1507,235374.6395
2814,Point,0,1,0.0,,2814,87.79775932,138.32,50.52224068,FALSE,-9999.0,89.53902238,48.78097762,FALSE,-9999.0,87.06128752,51.25871248,FALSE,-9999.0,0.0,1,1,G,USGS_gbHeatFlowWells_wEstimates.shp,Data release - assumed measured,55269a65-b035-36ba-8e6e-ed1671886d42,-215533.8795,236547.553
2815,Point,0,1,0.0,,2815,88.05882852,176.36,88.30117148,FALSE,-9999.0,89.77594563,86.58405437,FALSE,-9999.0,87.3142579,89.0457421,FALSE,-9999.0,0.0,1,1,G,USGS_gbHeatFlowWells_wEstimates.shp,assumed measured,38803a05-4256-3883-a18e-db6b29ff9d4b,-213411.693,236304.4499
2816,Point,0,1,0.0,,2816,98.36394026,167.36,68.99605974,FALSE,-9999.0,97.37781171,69.98218829,FALSE,-9999.0,97.1873472,70.1726528,FALSE,-9999.0,0.0,1,1,G,USGS_gbHeatFlowWells_wEstimates.shp,Data release - assumed measured,5f632ced-459e-361a-97db-4d6d05a81ab5,-13574.81692,265547.1247
2817,Point,0,1,0.0,,2817,98.11695695,167.36,69.24304305,FALSE,-9999.0,97.13326059,70.22673941,FALSE,-9999.0,96.94711999,70.41288001,FALSE,-9999.0,0.0,1,1,G,USGS_gbHeatFlowWells_wEstimates.shp,Data release - assumed measured,91fc557b-baf0-3b46-8e66-fc9405c81b78,-13941.00475,264595.305
2818,Point,0,1,0.0,,2818,98.00610197,133.89,35.88389803,FALSE,-9999.0,97.01231005,36.87768995,FALSE,-9999.0,96.84599118,37.04400882,FALSE,-9999.0,0.0,1,1,G,USGS_gbHeatFlowWells_wEstimates.shp,assumed measured,323fadcf-26c9-32c9-b562-62f39542700b,-14594.56954,264215.4789
2819,Point,0,1,0.0,,2819,98.73604806,397.5,298.7639519,FALSE,-9999.0,97.74931884,299.7506812,FALSE,-9999.0,97.5509093,299.9490907,FALSE,-9999.0,0.0,1,1,G,USGS_gbHeatFlowWells_wEstimates.shp,assumed measured,a1eaf8e2-462b-3c98-b806-cfa93c794659,-12995.89454,267058.8758
2820,Point,0,1,0.0,,2820,85.16765939,866.32,781.1523406,FALSE,-9999.0,85.28886187,781.0311381,FALSE,-9999.0,85.03283979,781.2871602,FALSE,-9999.0,0.0,1,1,G,USGS_gbHeatFlowWells_wEstimates.shp,assumed measured,039a0f99-36df-31c9-a4f2-282e628f53e3,-132209.0584,232347.1584
2821,Point,0,1,0.0,,2821,87.06697379,315.26,228.1930262,FALSE,-9999.0,87.29973646,227.9602635,FALSE,-9999.0,85.45494821,229.8050518,FALSE,-9999.0,0.0,1,1,G,USGS_gbHeatFlowWells_wEstimates.shp,known measured,d356bb0e-338f-326f-bb28-da0c45ccd09a,-157734.7531,260858.2363
2822,Point,0,1,0.0,,2822,75.01785636,105.0,29.98214364,FALSE,-9999.0,74.57373413,30.42626587,FALSE,-9999.0,75.27093448,29.72906552,FALSE,-9999.0,0.0,1,1,G,USGS_gbHeatFlowWells_wEstimates.shp,known measured,df98c8a2-2c3f-3bd9-b347-137e5299dbe8,-197544.128,355499.3288
2823,Point,0,1,0.0,,2823,74.96442425,682.0,607.0355757,FALSE,-9999.0,74.53388004,607.46612,FALSE,-9999.0,75.2124819,606.7875181,FALSE,-9999.0,0.0,1,1,G,USGS_gbHeatFlowWells_wEstimates.shp,assumed measured,8dca1705-94ce-397d-b6ec-10f472639217,-198941.8942,355623.7308
2824,Point,0,1,0.0,,2824,85.62156138,143.64,58.01843862,FALSE,-9999.0,87.57174778,56.06825222,FALSE,-9999.0,85.01405978,58.62594022,FALSE,-9999.0,0.0,1,1,G,USGS_gbHeatFlowWells_wEstimates.shp,assumed measured,a4f99ba4-4e98-32df-b4d8-a21b0f2fcfce,-236485.7055,231527.3467
2830,Point,0,1,0.0,,2830,84.8639283,145.24,60.3760717,FALSE,-9999.0,86.60924346,58.63075654,FALSE,-9999.0,84.14101291,61.09898709,FALSE,-9999.0,0.0,1,1,G,USGS_gbHeatFlowWells_wEstimates.shp,Data release - assumed measured,df0a88cc-bebc-3035-ab23-71fc1803885a,-227675.695,218568.6762
2831,Point,0,1,0.0,,2831,84.61272149,1549.18,1464.567279,FALSE,-9999.0,86.34121813,1462.838782,FALSE,-9999.0,83.8860294,1465.293971,FALSE,-9999.0,0.0,1,1,G,USGS_gbHeatFlowWells_wEstimates.shp,Data release - assumed measured,2c88b743-1398-35f2-8063-ac2e30b05d11,-227733.3812,216514.8714
2832,Point,0,1,0.0,,2832,79.68374789,733.82,654.1362521,FALSE,-9999.0,80.80192352,653.0180765,FALSE,-9999.0,79.88673038,653.9332696,FALSE,-9999.0,0.0,1,1,G,USGS_gbHeatFlowWells_wEstimates.shp,assumed measured,e4c2c4f6-e699-3e88-b82d-cf8307ee13b8,-187415.1708,144668.11
2833,Point,0,1,0.0,,2833,80.04804661,183.46,103.4119534,FALSE,-9999.0,81.17436692,102.2856331,FALSE,-9999.0,80.27078322,103.1892168,FALSE,-9999.0,0.0,1,1,G,USGS_gbHeatFlowWells_wEstimates.shp,assumed measured,b0bc5d0c-80ef-3138-be94-3923a7f1ba02,-184120.7352,144406.455
2834,Point,0,1,0.0,,2834,79.84124559,244.61,164.7687544,FALSE,-9999.0,80.96246741,163.6475326,FALSE,-9999.0,80.05172316,164.5582768,FALSE,-9999.0,0.0,1,1,G,USGS_gbHeatFlowWells_wEstimates.shp,assumed measured,f8c94ccd-3e8b-3f09-af1a-8af0cb8fc741,-185841.8033,144445.3635
2835,Point,0,1,0.0,,2835,80.35767282,175.81,95.45232718,FALSE,-9999.0,81.54016858,94.26983142,FALSE,-9999.0,80.65585025,95.15414975,FALSE,-9999.0,0.0,1,1,G,USGS_gbHeatFlowWells_wEstimates.shp,assumed measured,bbfd1651-fd47-3786-a37c-39173250928e,-187712.4924,150467.4259
2836,Point,0,1,0.0,,2836,79.79991081,275.18,195.3800892,FALSE,-9999.0,80.90521709,194.2747829,FALSE,-9999.0,79.98869715,195.1913029,FALSE,-9999.0,0.0,1,1,G,USGS_gbHeatFlowWells_wEstimates.shp,assumed measured,2e0b9cd0-9314-3a8f-877c-83d93b67b5bf,-184306.2127,142542.0966
2837,Point,0,1,0.0,,2837,80.32641572,331.24,250.9135843,FALSE,-9999.0,81.50516197,249.734838,FALSE,-9999.0,80.6194416,250.6205584,FALSE,-9999.0,0.0,1,1,G,USGS_gbHeatFlowWells_wEstimates.shp,assumed measured,3b61a750-162f-3a29-baac-5fe81f3d5074,-187577.7503,150090.6208
2839,Point,0,1,0.0,,2839,79.26686165,374.56,295.2931383,FALSE,-9999.0,80.18553644,294.3744636,FALSE,-9999.0,78.9909605,295.5690395,FALSE,-9999.0,0.0,1,1,G,USGS_gbHeatFlowWells_wEstimates.shp,assumed measured,adcb78d0-dce2-3b7c-9455-90ff44f9f1ab,-153089.3734,100233.2999
2840,Point,0,1,0.0,,2840,85.59998667,131.04,45.44001333,FALSE,-9999.0,86.81954492,44.22045508,FALSE,-9999.0,86.2245133,44.8154867,FALSE,-9999.0,0.0,1,1,G,USGS_gbHeatFlowWells_wEstimates.shp,Data release - assumed measured,f5928d9e-f579-3b68-b065-3eb478ba73da,-82707.49947,295933.0158
2841,Point,0,1,0.0,,2841,86.28813978,122.85,36.56186022,FALSE,-9999.0,87.4860306,35.3639694,FALSE,-9999.0,86.98615157,35.86384843,FALSE,-9999.0,0.0,1,1,G,USGS_gbHeatFlowWells_wEstimates.shp,Data release - assumed measured,ff8afe6c-464b-3d9f-b175-baedb4d6bf77,-80508.37555,289479.3302
2842,Point,0,1,0.0,,2842,82.48841688,257.0,174.5115831,FALSE,-9999.0,82.75279335,174.2472066,FALSE,-9999.0,82.48769006,174.5123099,FALSE,-9999.0,0.0,1,1,G,USGS_gbHeatFlowWells_wEstimates.shp,Data release - assumed measured,a7122d9e-c875-3c69-8293-6248868ca516,-90954.23557,243893.3588
2843,Point,0,1,0.0,,2843,84.02146447,194.22,110.1985355,FALSE,-9999.0,84.47041941,109.7495806,FALSE,-9999.0,84.15079813,110.0692019,FALSE,-9999.0,0.0,1,1,G,USGS_gbHeatFlowWells_wEstimates.shp,Data release - assumed measured,9dc24c1d-990c-3c93-bec5-8b4464a2ec85,-87156.34683,259417.2401
2844,Point,0,1,0.0,,2844,87.5455666,413.6,326.0544334,FALSE,-9999.0,88.25127685,325.3487231,FALSE,-9999.0,88.22611939,325.3738806,FALSE,-9999.0,0.0,1,1,G,USGS_gbHeatFlowWells_wEstimates.shp,Data release - assumed measured,839768d6-96b1-3ac0-aa4b-15f5c74a7bab,-72836.19158,277865.2331
2845,Point,0,1,0.0,,2845,90.32298459,612.61,522.2870154,FALSE,-9999.0,90.68547787,521.9245221,FALSE,-9999.0,91.14015202,521.469848,FALSE,-9999.0,0.0,1,1,G,USGS_gbHeatFlowWells_wEstimates.shp,assumed measured,0a335cba-8b19-3903-8110-35a2f0ce563c,-60298.6706,280137.0525
2846,Point,0,1,0.0,,2846,86.58156894,775.0,688.4184311,FALSE,-9999.0,87.29666821,687.7033318,FALSE,-9999.0,87.10397266,687.8960273,FALSE,-9999.0,0.0,1,1,G,USGS_gbHeatFlowWells_wEstimates.shp,unmeasured,9d00b830-095f-3470-adb1-2dfdac65aa90,-77212.10172,274421.183
2847,Point,0,1,0.0,,2847,87.08241426,121.0,33.91758574,FALSE,-9999.0,87.76137363,33.23862637,FALSE,-9999.0,87.66749222,33.33250778,FALSE,-9999.0,0.0,1,1,G,USGS_gbHeatFlowWells_wEstimates.shp,unmeasured,6f99f5a4-79f8-37b8-b172-e219499e0548,-74788.15011,275518.8321
2848,Point,0,1,0.0,,2848,87.7694647,335.0,247.2305353,FALSE,-9999.0,88.48086233,246.5191377,FALSE,-9999.0,88.49695812,246.5030419,FALSE,-9999.0,0.0,1,1,G,USGS_gbHeatFlowWells_wEstimates.shp,assumed measured,2a7f696a-fe1a-3554-9e12-4d47dce8570a,-71753.35967,278729.5077
2849,Point,0,1,0.0,,2849,81.93309962,507.5,425.5669004,FALSE,-9999.0,82.09433973,425.4056603,FALSE,-9999.0,81.90351967,425.5964803,FALSE,-9999.0,0.0,1,1,G,USGS_gbHeatFlowWells_wEstimates.shp,Data release - assumed measured,f4c1a725-a050-30f1-be0e-a2844baf256b,-85184.30471,232479.3411
2850,Point,0,1,0.0,,2850,83.14763585,249.51,166.3623641,TRUE,2.22e-05,83.61406105,165.8959389,TRUE,2.31e-05,83.04717741,166.4628226,TRUE,2.2e-05,0.0,1,1,G,USGS_gbHeatFlowWells_wEstimates.shp,Data release - assumed measured,83d592f4-5ac6-393d-bb33-fe82b673bd41,-105435.8398,258594.8745
2851,Point,0,1,0.0,,2851,82.52632995,345.6,263.07367,FALSE,-9999.0,82.63480604,262.965194,FALSE,-9999.0,82.47028967,263.1297103,FALSE,-9999.0,0.0,1,1,G,USGS_gbHeatFlowWells_wEstimates.shp,Data release - assumed measured,e65e9a26-9da9-3f3f-81ef-d91be7889927,-107823.772,217550.1272
2852,Point,0,1,0.0,,2852,82.55354031,190.77,108.2164597,FALSE,-9999.0,82.6629551,108.1070449,FALSE,-9999.0,82.49888036,108.2711196,FALSE,-9999.0,0.0,1,1,G,USGS_gbHeatFlowWells_wEstimates.shp,Data release - assumed measured,e3698c8a-7195-3ed3-9542-fa94cb9fb0ae,-108176.5875,217958.3097
2853,Point,0,1,0.0,,2853,82.54898379,269.26,186.7110162,FALSE,-9999.0,82.65186816,186.6081318,FALSE,-9999.0,82.49203651,186.7679635,FALSE,-9999.0,0.0,1,1,G,USGS_gbHeatFlowWells_wEstimates.shp,Data release - assumed measured,c0a6a0fe-f88a-3e5c-bdd0-f6679d50c40c,-107685.8793,216371.463
2854,Point,0,1,0.0,,2854,82.39114398,406.6,324.208856,FALSE,-9999.0,82.49331023,324.1066898,FALSE,-9999.0,82.32362821,324.2763718,FALSE,-9999.0,0.0,1,1,G,USGS_gbHeatFlowWells_wEstimates.shp,Data release - assumed measured,5b35d244-3823-3436-9512-2fba9ba0cddc,-105993.1285,215340.4534
2855,Point,0,1,0.0,,2855,82.46054126,246.74,164.2794587,FALSE,-9999.0,82.5387378,164.2012622,FALSE,-9999.0,82.37665144,164.3633486,FALSE,-9999.0,0.0,1,1,G,USGS_gbHeatFlowWells_wEstimates.shp,Data release - assumed measured,2a19f30b-3d96-39e0-9f0b-6439e73fae57,-105911.0399,213131.4041
2856,Point,0,1,0.0,,2856,82.47851852,279.34,196.8614815,FALSE,-9999.0,82.5664097,196.7735903,FALSE,-9999.0,82.40518333,196.9348167,FALSE,-9999.0,0.0,1,1,G,USGS_gbHeatFlowWells_wEstimates.shp,Data release - assumed measured,081bf114-bd05-30f7-980e-fd875168942d,-106368.3072,214056.4505
2857,Point,0,1,0.0,,2857,82.56630527,195.05,112.4836947,FALSE,-9999.0,82.64662429,112.4033757,FALSE,-9999.0,82.49278409,112.5572159,FALSE,-9999.0,0.0,1,1,G,USGS_gbHeatFlowWells_wEstimates.shp,Data release - assumed measured,37c9a2cb-ac87-3ef9-8832-c4b1aab8b2e7,-106938.0684,213559.576
2858,Point,0,1,0.0,,2858,82.52894327,95.4,12.87105673,TRUE,1.0,82.62843278,12.77156722,TRUE,1.0,82.46875363,12.93124637,TRUE,1.0,0.0,1,1,G,USGS_gbHeatFlowWells_wEstimates.shp,Data release - assumed measured,cab72a72-30b8-327f-afd8-2a90f000f10e,-107294.6203,215637.7561
2859,Point,0,1,0.0,,2859,82.50146881,216.18,133.6785312,FALSE,-9999.0,82.59403411,133.5859659,FALSE,-9999.0,82.43396314,133.7460369,FALSE,-9999.0,0.0,1,1,G,USGS_gbHeatFlowWells_wEstimates.shp,Data release - assumed measured,8d607a49-a5c7-30b6-a7c9-b2c5a7c3a466,-106744.8806,214621.7863
2860,Point,0,1,0.0,,2860,81.79589489,374.7,292.9041051,FALSE,-9999.0,82.00165835,292.6983416,FALSE,-9999.0,81.75823549,292.9417645,FALSE,-9999.0,0.0,1,1,G,USGS_gbHeatFlowWells_wEstimates.shp,Data release - assumed measured,6208926a-d73b-3ba3-bbe1-04752022a6df,-97577.82211,230432.3791
2861,Point,0,1,0.0,,2861,81.70817499,436.08,354.371825,TRUE,6.69e-13,81.88599231,354.1940077,TRUE,6.8e-13,81.64868276,354.4313172,TRUE,6.65e-13,0.0,1,1,B,USGS_gbHeatFlowWells_wEstimates.shp,assumed measured,24f0b713-d141-306b-ae37-7e2e13141a19,-97851.72231,225381.1324
2862,Point,0,1,0.0,,2862,81.72125378,121.34,39.61874622,FALSE,-9999.0,81.90400829,39.43599171,FALSE,-9999.0,81.66614987,39.67385013,FALSE,-9999.0,0.0,1,1,G,USGS_gbHeatFlowWells_wEstimates.shp,Data release - assumed measured,65e0619e-c9fb-38a5-804e-62549dcc9269,-97789.10587,226333.0172
2863,Point,0,1,0.0,,2863,81.6502141,145.13,63.4797859,FALSE,-9999.0,81.83302339,63.29697661,FALSE,-9999.0,81.59343686,63.53656314,FALSE,-9999.0,0.0,1,1,G,USGS_gbHeatFlowWells_wEstimates.shp,Data release - assumed measured,a7bdd65a-57f1-3c6a-9e94-aebc03a18467,-95409.34497,226551.2118
2864,Point,0,1,0.0,,2864,81.70161398,130.41,48.70838602,FALSE,-9999.0,81.85594023,48.55405977,FALSE,-9999.0,81.6220173,48.7879827,FALSE,-9999.0,0.0,1,1,G,USGS_gbHeatFlowWells_wEstimates.shp,Data release - assumed measured,d33f54a0-9336-32b3-98bd-d7bbd78376f2,-98667.70078,220650.2107
2865,Point,0,1,0.0,,2865,81.7983914,217.58,135.7816086,FALSE,-9999.0,81.98791476,135.5920852,FALSE,-9999.0,81.74934424,135.8306558,FALSE,-9999.0,0.0,1,1,G,USGS_gbHeatFlowWells_wEstimates.shp,Data release - assumed measured,b1ce7750-64ac-309d-8a73-033cae86d70a,-99377.23299,227450.663
2866,Point,0,1,0.0,,2866,81.75283398,184.23,102.477166,FALSE,-9999.0,81.93471409,102.2952859,FALSE,-9999.0,81.69795621,102.5320438,FALSE,-9999.0,0.0,1,1,G,USGS_gbHeatFlowWells_wEstimates.shp,Data release - assumed measured,6033dd58-7f28-3b21-ab23-d84f1a50e1aa,-98660.11076,226175.4586
2867,Point,0,1,0.0,,2867,81.64867077,26.22,-55.42867077,FALSE,-9999.0,81.8213009,-55.6013009,FALSE,-9999.0,81.58151607,-55.36151607,FALSE,-9999.0,0.0,1,1,G,USGS_gbHeatFlowWells_wEstimates.shp,Data release - assumed measured,dac91dc9-e25f-3534-b5af-da344c4d9661,-96869.18949,224170.1167
2868,Point,0,1,0.0,,2868,88.0682798,246.9,158.8317202,FALSE,-9999.0,88.28760174,158.6123983,FALSE,-9999.0,88.28806701,158.611933,FALSE,-9999.0,0.0,1,1,C,USGS_gbHeatFlowWells_wEstimates.shp,Data release - assumed measured,76299b7d-08fd-334a-8bcd-0ba3ecaf3b84,-133007.3612,204395.2071
2869,Point,0,1,0.0,,2869,86.58090006,117.2,30.61909994,TRUE,1.0,86.61175608,30.58824392,TRUE,1.0,86.61833399,30.58166601,TRUE,1.0,0.0,1,1,A,USGS_gbHeatFlowWells_wEstimates.shp,A quality,9ba6ef5c-8ad1-3a95-b784-c8f6bc6b3c25,-128773.6911,212733.4504
2870,Point,0,1,0.0,,2870,88.13127269,3037.6,2949.468727,FALSE,-9999.0,88.24223772,2949.357762,FALSE,-9999.0,88.25201,2949.34799,FALSE,-9999.0,0.0,1,1,C,USGS_gbHeatFlowWells_wEstimates.shp,Data release - assumed measured,d54f8ce3-2578-3799-bbe5-5a260251ec72,-134635.8924,209241.8121
2871,Point,0,1,0.0,,2871,88.5789237,150.6,62.0210763,TRUE,0.330488954,88.67929076,61.92070924,TRUE,0.333558207,88.67287536,61.92712464,TRUE,0.333361172,0.0,1,1,B,USGS_gbHeatFlowWells_wEstimates.shp,Data release - assumed measured,0bcc0f02-a819-391a-86bd-5b14c637b867,-137682.6477,210862.1449
2872,Point,0,1,0.0,,2872,88.30319549,866.1,777.7968045,TRUE,0.0,88.56188907,777.5381109,TRUE,0.0,88.55695178,777.5430482,TRUE,0.0,0.0,1,1,B,USGS_gbHeatFlowWells_wEstimates.shp,Data release - assumed measured,c568151c-9e06-3076-8a06-0fb0bc20922d,-133554.8933,202274.5017
2873,Point,0,1,0.0,,2873,86.3703845,54.4,-31.9703845,TRUE,1.0,86.61935532,-32.21935532,TRUE,1.0,86.56353867,-32.16353867,TRUE,1.0,0.0,1,1,A,USGS_gbHeatFlowWells_wEstimates.shp,A quality,533d9593-a02b-3cf7-9347-bfd017cf40a8,-123138.3914,195945.1643
2874,Point,0,1,0.0,,2874,85.6042059,66.9,-18.7042059,TRUE,1.0,85.77959767,-18.87959767,TRUE,1.0,85.71405828,-18.81405828,TRUE,1.0,0.0,1,1,A,USGS_gbHeatFlowWells_wEstimates.shp,A quality,0f58616e-2ce7-3cd2-a286-e02ccd1771f4,-120353.8988,199154.0032
2875,Point,0,1,0.0,,2875,88.94246603,104.6,15.65753397,TRUE,1.0,89.20183163,15.39816837,TRUE,1.0,89.16691094,15.43308906,TRUE,1.0,0.0,1,1,A,USGS_gbHeatFlowWells_wEstimates.shp,A quality,6dde4c66-b04a-3913-a186-68a1b9e4ae5f,-139293.9925,206518.1883
2876,Point,0,1,0.0,,2876,88.30502735,4773.9,4685.594973,FALSE,-9999.0,88.47244156,4685.427558,FALSE,-9999.0,88.47191168,4685.428088,FALSE,-9999.0,0.0,1,1,C,USGS_gbHeatFlowWells_wEstimates.shp,Data release - assumed measured,8321a24c-e48c-3dae-a5e8-302c5e3f0633,-135259.6267,207682.9571
2877,Point,0,1,0.0,,2877,88.37675475,3305.4,3217.023245,FALSE,-9999.0,88.61562534,3216.784375,FALSE,-9999.0,88.61065293,3216.789347,FALSE,-9999.0,0.0,1,1,C,USGS_gbHeatFlowWells_wEstimates.shp,Data release - assumed measured,077ddf27-9bff-3566-82fb-43009fd98e01,-134715.8052,204423.3571
2878,Point,0,1,0.0,,2878,82.29197901,100.32,18.02802099,TRUE,1.0,82.50835767,17.81164233,TRUE,1.0,82.28834254,18.03165746,TRUE,1.0,0.0,1,1,B,USGS_gbHeatFlowWells_wEstimates.shp,known measured,7920c37b-3f3a-326e-a501-f9d75dd67619,-88787.83428,239879.662
2879,Point,0,1,0.0,,2879,82.56294541,110.77,28.20705459,TRUE,1.0,82.80872208,27.96127792,TRUE,1.0,82.56708789,28.20291211,TRUE,1.0,0.0,1,1,B,USGS_gbHeatFlowWells_wEstimates.shp,known measured,0319672f-d8d9-37af-814a-b319f97f427f,-88600.88889,243743.9511
2880,Point,0,1,0.0,,2880,87.51394524,193.37,105.8560548,TRUE,0.005831198,88.17872534,105.1912747,TRUE,0.006199391,88.17027386,105.1997261,TRUE,0.006194567,0.0,1,1,B,USGS_gbHeatFlowWells_wEstimates.shp,assumed measured,a0d3cdcc-6451-3af7-8f1d-7a56acaa02f4,-72723.99372,276790.7759
2881,Point,0,1,0.0,,2881,84.77375927,657.93,573.1562407,FALSE,-9999.0,84.95553483,572.9744652,FALSE,-9999.0,85.24864428,572.6813557,FALSE,-9999.0,0.0,1,1,G,USGS_gbHeatFlowWells_wEstimates.shp,assumed measured,6f7ae57a-9686-347d-bd12-ce86fdffe695,-105638.5235,346079.7597
2882,Point,0,1,0.0,,2882,83.0625048,57.06,-26.0025048,TRUE,1.0,83.43858569,-26.37858569,TRUE,1.0,83.4782878,-26.4182878,TRUE,1.0,0.0,1,1,A,USGS_gbHeatFlowWells_wEstimates.shp,A quality,c2842887-9e56-324e-a328-ff784bafa095,-105594.1036,338013.6343
2883,Point,0,1,0.0,,2883,83.09562279,71.49,-11.60562279,TRUE,1.0,83.48156122,-11.99156122,TRUE,1.0,83.47182086,-11.98182086,TRUE,1.0,0.0,1,1,A,USGS_gbHeatFlowWells_wEstimates.shp,A quality,b3b0cfd9-2962-3755-92c9-a52b220d98fa,-104387.1347,338423.4525
2884,Point,0,1,0.0,,2884,84.30821222,10.3,-74.00821222,FALSE,-9999.0,84.56639385,-74.26639385,FALSE,-9999.0,84.66840048,-74.36840048,FALSE,-9999.0,0.0,1,1,C,USGS_gbHeatFlowWells_wEstimates.shp,Data release - assumed measured,dd158145-8fd9-38ba-ab52-0afc841f7511,-102729.5755,344473.5012
2885,Point,0,1,0.0,,2885,84.45484406,766.25,681.7951559,FALSE,-9999.0,84.66570993,681.5842901,FALSE,-9999.0,84.90333594,681.3466641,FALSE,-9999.0,0.0,1,1,G,USGS_gbHeatFlowWells_wEstimates.shp,Data release - assumed measured,2dccdb47-3023-345b-b9fd-0af3f3fdb1ae,-105647.4847,344769.2547
2886,Point,0,1,0.0,,2886,94.11728589,41.3,-52.81728589,FALSE,-9999.0,95.55678541,-54.25678541,FALSE,-9999.0,94.20098397,-52.90098397,FALSE,-9999.0,0.0,1,1,X,USGS_gbHeatFlowWells_wEstimates.shp,X quality,3ec9d7bd-824d-31db-b3a4-97e3059239c3,37045.11518,331655.5933
2887,Point,0,1,0.0,,2887,91.86256384,225.0,133.1374362,FALSE,-9999.0,93.98215587,131.0178441,FALSE,-9999.0,91.91306225,133.0869377,FALSE,-9999.0,0.0,1,1,G,USGS_gbHeatFlowWells_wEstimates.shp,Data release - assumed measured,1443aa5d-977b-3c7a-9fe9-c38a6bc35618,46535.55998,314812.1917
2891,Point,0,1,0.0,,2891,94.14300921,145.0,50.85699079,FALSE,-9999.0,95.21518138,49.78481862,FALSE,-9999.0,94.3896859,50.6103141,FALSE,-9999.0,0.0,1,1,G,USGS_gbHeatFlowWells_wEstimates.shp,Data release - assumed measured,96e05424-8384-3de1-bf49-c64637003e21,34134.62163,345644.2153
2892,Point,0,1,0.0,,2892,94.56664499,24.9,-69.66664499,FALSE,-9999.0,95.58713897,-70.68713897,FALSE,-9999.0,94.82773777,-69.92773777,FALSE,-9999.0,0.0,1,1,D,USGS_gbHeatFlowWells_wEstimates.shp,Data release - assumed measured,fc89790d-52e2-3b75-a45a-9579b1ef1806,32590.19571,345637.7446
2893,Point,0,1,0.0,,2893,94.72648797,259.7,164.973512,FALSE,-9999.0,95.81312643,163.8868736,FALSE,-9999.0,94.95487375,164.7451262,FALSE,-9999.0,0.0,1,1,G,USGS_gbHeatFlowWells_wEstimates.shp,Data release - assumed measured,e794572a-c222-3bf6-9468-0856a4c5ba2b,32785.74509,342995.1304
2894,Point,0,1,0.0,,2894,87.59848232,401.3,313.7015177,FALSE,-9999.0,88.29919666,313.0008033,FALSE,-9999.0,88.28709806,313.0129019,FALSE,-9999.0,0.0,1,1,G,USGS_gbHeatFlowWells_wEstimates.shp,Data release - assumed measured,c4ccf2b9-ac2c-346c-8bf4-0dd857956873,-72547.78513,277929.8583
2895,Point,0,1,0.0,,2895,85.16516723,48.1,-37.06516723,FALSE,-9999.0,85.20153933,-37.10153933,FALSE,-9999.0,85.26438875,-37.16438875,FALSE,-9999.0,0.0,1,1,D,USGS_gbHeatFlowWells_wEstimates.shp,Data release - assumed measured,e7182fde-4013-32b0-82a1-ba01a5173170,-58245.76411,341190.3536
2896,Point,0,1,0.0,,2896,87.39235066,258.5,171.1076493,FALSE,-9999.0,87.70581005,170.79419,FALSE,-9999.0,85.75224504,172.747755,FALSE,-9999.0,0.0,1,1,G,USGS_gbHeatFlowWells_wEstimates.shp,Data release - assumed measured,9f7a7a58-4a31-3177-9d2a-5f09588e7cef,-163004.291,255415.1303
2897,Point,0,1,0.0,,2897,72.37120549,294.6,222.2287945,TRUE,1.29e-07,72.25943407,222.3405659,TRUE,1.28e-07,71.11483373,223.4851663,TRUE,1.15e-07,0.0,1,1,G,USGS_gbHeatFlowWells_wEstimates.shp,Data release - assumed measured,54ad9607-1280-32de-85de-fddded6a6707,-173667.0069,31274.58055
2898,Point,0,1,0.0,,2898,88.83216951,310.1,221.2678305,FALSE,-9999.0,89.1528315,220.9471685,FALSE,-9999.0,88.33166871,221.7683313,FALSE,-9999.0,0.0,1,1,G,USGS_gbHeatFlowWells_wEstimates.shp,Data release - assumed measured,8e241a76-f4f9-3e8f-bc0f-3ae42257b727,-158187.8385,232028.564
2899,Point,0,1,0.0,,2899,88.78842409,828.2,739.4115759,FALSE,-9999.0,89.10500682,739.0949932,FALSE,-9999.0,88.26611365,739.9338863,FALSE,-9999.0,0.0,1,1,G,USGS_gbHeatFlowWells_wEstimates.shp,Data release - assumed measured,a17e0954-1d2e-373c-b99c-eb6393bc2619,-158237.1369,232556.3315
2900,Point,0,1,0.0,,2900,88.50781114,321.4,232.8921889,FALSE,-9999.0,88.79925997,232.60074,FALSE,-9999.0,87.89179653,233.5082035,FALSE,-9999.0,0.0,1,1,G,USGS_gbHeatFlowWells_wEstimates.shp,Data release - assumed measured,4c22e9dd-3fc3-3784-ae0b-731ff0c293ae,-157939.7466,235139.7104
2901,Point,0,1,0.0,,2901,75.13183097,112.2,37.06816903,FALSE,-9999.0,74.74606735,37.45393265,FALSE,-9999.0,75.29451998,36.90548002,FALSE,-9999.0,0.0,1,1,G,USGS_gbHeatFlowWells_wEstimates.shp,Data release - assumed measured,51ef83a5-3f8c-3722-9654-032b03fe692d,-197368.595,359875.5461
2902,Point,0,1,0.0,,2902,74.95717248,401.4,326.4428275,FALSE,-9999.0,74.51965263,326.8803474,FALSE,-9999.0,75.22313548,326.1768645,FALSE,-9999.0,0.0,1,1,G,USGS_gbHeatFlowWells_wEstimates.shp,Data release - assumed measured,c9bfdf55-88de-37a6-8637-22255dd301b0,-198939.6587,355041.0741
2903,Point,0,1,0.0,,2903,74.85986484,163.1,88.24013516,FALSE,-9999.0,74.47566179,88.62433821,FALSE,-9999.0,75.08763105,88.01236895,FALSE,-9999.0,0.0,1,1,X,USGS_gbHeatFlowWells_wEstimates.shp,X quality,e302a449-1682-31ad-ad52-06815fdbfad0,-203112.7698,356210.6947
2915,Point,0,1,0.0,,2915,100.5659745,210.0,109.4340255,FALSE,-9999.0,99.73307467,110.2669253,FALSE,-9999.0,99.94985715,110.0501429,FALSE,-9999.0,0.0,1,1,G,USGS_gbHeatFlowWells_wEstimates.shp,Data release - assumed measured,d2666562-eafd-3cca-9782-2d4dfe1e78ce,-8708.581528,304856.126
2916,Point,0,1,0.0,,2916,81.48797461,100.0,18.51202539,TRUE,1.0,84.72574054,15.27425946,TRUE,1.0,82.1414605,17.8585395,TRUE,1.0,0.0,1,1,A,USGS_gbHeatFlowWells_wEstimates.shp,A quality,fc4ee6e0-b11a-35ea-874c-4630f214a6db,70932.55738,257141.9248
2918,Point,0,1,0.0,,2918,82.93715552,12.5,-70.43715552,TRUE,0.152234743,82.35018388,-69.85018388,TRUE,0.001606914,82.44894029,-69.94894029,TRUE,0.159236414,0.0,1,1,D,USGS_gbHeatFlowWells_wEstimates.shp,Data release - assumed measured,80c0d764-4709-3de2-9c7b-699016dd3f28,-18696.47253,217135.5999
2919,Point,0,1,0.0,,2919,81.73205547,114.9,33.16794453,FALSE,-9999.0,80.92046549,33.97953451,FALSE,-9999.0,81.03369262,33.86630738,FALSE,-9999.0,0.0,1,1,G,USGS_gbHeatFlowWells_wEstimates.shp,Data release - assumed measured,cb3c7115-dca2-3e26-b3ed-002d0589a387,-25369.92558,210429.4168
2920,Point,0,1,0.0,,2920,80.03457787,90.0,9.965422134,TRUE,1.0,78.70867186,11.29132814,TRUE,0.01,79.12029668,10.87970332,TRUE,1.0,0.0,1,1,D,USGS_gbHeatFlowWells_wEstimates.shp,Data release - assumed measured,60a0e401-7d7b-3356-ac85-0abe42c9ddfe,-21139.47248,199243.6416
2921,Point,0,1,0.0,,2921,81.10876314,120.7,39.59123686,FALSE,-9999.0,79.21299312,41.48700688,FALSE,-9999.0,83.1717911,37.5282089,FALSE,-9999.0,0.0,1,1,D,USGS_gbHeatFlowWells_wEstimates.shp,Data release - assumed measured,3b503522-e937-3805-8de3-f3bfee1cebdc,-10858.75567,126090.8015
2922,Point,0,1,0.0,,2922,80.262473,116.6,36.337527,TRUE,1.0,78.30119994,38.29880006,TRUE,0.01,82.01472499,34.58527501,TRUE,1.0,0.0,1,1,D,USGS_gbHeatFlowWells_wEstimates.shp,Data release - assumed measured,eeacbace-0378-39f7-a793-4eadcaaf8370,-7093.31203,132027.1885
2923,Point,0,1,0.0,,2923,86.4662944,135.0,48.5337056,TRUE,1.0,85.9225001,49.0774999,TRUE,0.01,85.92139241,49.07860759,TRUE,1.0,0.0,1,1,D,USGS_gbHeatFlowWells_wEstimates.shp,assumed measured,f400f40a-8155-3339-9936-dc7369adbf0b,-9726.123887,229738.7664
2924,Point,0,1,0.0,,2924,76.85675594,48.0,-28.85675594,TRUE,1.0,74.85261761,-26.85261761,TRUE,1.0,77.16995048,-29.16995048,TRUE,1.0,0.0,1,1,C,USGS_gbHeatFlowWells_wEstimates.shp,Data release - assumed measured,ebadeccc-1825-3613-b2f2-80aa7d4edd42,12482.12154,163652.4645
2926,Point,0,1,0.0,,2926,99.18144414,297.5,198.3185559,FALSE,-9999.0,98.19954256,199.3004574,FALSE,-9999.0,97.98942063,199.5105794,FALSE,-9999.0,0.0,1,1,G,USGS_gbHeatFlowWells_wEstimates.shp,Data release - assumed measured,cb0543b1-63a4-3729-b62c-f2e255a94017,-12263.94811,269029.8266
2927,Point,0,1,0.0,,2927,98.7013575,403.9,305.1986425,FALSE,-9999.0,97.71414955,306.1858505,FALSE,-9999.0,97.51705559,306.3829444,FALSE,-9999.0,0.0,1,1,G,USGS_gbHeatFlowWells_wEstimates.shp,Data release - assumed measured,0ca9733d-11e4-318a-8e09-bc9193d83c34,-13063.93944,266913.3173
2928,Point,0,1,0.0,,2928,89.21509841,132.0,42.78490159,FALSE,-9999.0,88.94659193,43.05340807,FALSE,-9999.0,89.03840901,42.96159099,FALSE,-9999.0,0.0,1,1,D,USGS_gbHeatFlowWells_wEstimates.shp,Data release - assumed measured,2ad7c5e4-4af4-39b4-ada3-c1476e0596b9,-50040.04965,248926.9229
2929,Point,0,1,0.0,,2929,83.99325323,49.5,-34.49325323,FALSE,-9999.0,84.9713122,-35.4713122,FALSE,-9999.0,84.83545822,-35.33545822,FALSE,-9999.0,0.0,1,1,D,USGS_gbHeatFlowWells_wEstimates.shp,assumed measured,11e95fcc-3871-3086-936c-a6eef4749188,-103605.7208,301811.2231
2930,Point,0,1,0.0,,2930,87.71346657,121.0,33.28653343,TRUE,1.0,89.34536214,31.65463786,TRUE,1.0,87.35399509,33.64600491,TRUE,1.0,0.0,1,1,C,USGS_gbHeatFlowWells_wEstimates.shp,Data release - assumed measured,a2ebe550-781a-33e7-8c2d-6ae2b664e98d,-209960.5588,224035.9226
2931,Point,0,1,0.0,,2931,79.10018757,63.0,-16.10018757,TRUE,1.0,80.36163867,-17.36163867,TRUE,1.0,78.36795963,-15.36795963,TRUE,1.0,0.0,1,1,C,USGS_gbHeatFlowWells_wEstimates.shp,Data release - assumed measured,904bbd4b-181d-3759-8d6c-db79132c7f66,-228051.7502,181572.5997
2932,Point,0,1,0.0,,2932,85.47734588,58.5,-26.97734588,TRUE,1.0,87.10094426,-28.60094426,TRUE,0.01,88.14688034,-29.64688034,TRUE,1.0,0.0,1,1,D,USGS_gbHeatFlowWells_wEstimates.shp,Data release - assumed measured,7d628908-3850-353e-8907-2ef5d306825f,-32925.0902,40192.47873
2933,Point,0,1,0.0,,2933,86.02418849,108.9,22.87581151,TRUE,1.0,85.92156333,22.97843667,TRUE,1.0,87.13889846,21.76110154,TRUE,1.0,0.0,1,1,C,USGS_gbHeatFlowWells_wEstimates.shp,Data release - assumed measured,f9764afa-713f-31a9-8624-24d1f54499d7,-161537.5274,292884.5563
2934,Point,0,1,0.0,,2934,86.60403849,191.4,104.7959615,FALSE,-9999.0,86.77895796,104.621042,FALSE,-9999.0,85.64390568,105.7560943,FALSE,-9999.0,0.0,1,1,G,USGS_gbHeatFlowWells_wEstimates.shp,Data release - assumed measured,eef66418-b5a4-329a-ad0b-3e50d7bdefae,-170631.009,278212.2965
2935,Point,0,1,0.0,,2935,83.50656954,44.1,-39.40656954,TRUE,1.0,84.18567779,-40.08567779,TRUE,1.0,84.97343677,-40.87343677,TRUE,1.0,0.0,1,1,B,USGS_gbHeatFlowWells_wEstimates.shp,Data release - assumed measured,168088fd-b664-3e81-b625-8b1cccfe3b7f,-114173.8827,310727.5649
2936,Point,0,1,0.0,,2936,86.57496383,80.6,-5.974963829,TRUE,1.0,87.70363705,-7.103637051,TRUE,1.0,87.16071461,-6.560714612,TRUE,1.0,0.0,1,1,B,USGS_gbHeatFlowWells_wEstimates.shp,Data release - assumed measured,2cc4e8fe-1873-333e-92c2-384e25dbfdfd,-169531.2146,177621.9785
2940,Point,0,1,0.0,,2940,83.51533521,142.5,58.98466479,FALSE,-9999.0,83.20849283,59.29150717,FALSE,-9999.0,85.75871911,56.74128089,FALSE,-9999.0,0.0,1,1,G,USGS_gbHeatFlowWells_wEstimates.shp,Data release - assumed measured,8579270a-7ab0-3d7a-ab1b-e8fd2d55a4d8,-143278.5068,324640.1106
2941,Point,0,1,0.0,,2941,86.60717927,140.6,53.99282073,TRUE,0.692288585,88.61207321,51.98792679,TRUE,0.832689193,86.42844169,54.17155831,TRUE,0.680985191,0.0,1,1,G,USGS_gbHeatFlowWells_wEstimates.shp,Data release - assumed measured,56b6cfed-feaf-34f1-8e3f-636d29a5a7b1,-239676.0213,257799.0165
2942,Point,0,1,0.0,,2942,86.88166593,33.0,-53.88166593,TRUE,0.699412456,88.78093723,-55.78093723,TRUE,0.005871682,86.55806326,-53.55806326,TRUE,0.720572145,0.0,1,1,D,USGS_gbHeatFlowWells_wEstimates.shp,Data release - assumed measured,a9b84c8e-3d5d-379d-9732-ff2c0f11472d,-229036.8365,257400.2789
2943,Point,0,1,0.0,,2943,89.2202525,99.9,10.6797475,TRUE,1.0,89.32070168,10.57929832,TRUE,1.0,90.71474319,9.185256814,TRUE,1.0,0.0,1,1,G,USGS_gbHeatFlowWells_wEstimates.shp,Data release - assumed measured,160b1ccd-90be-3841-a20b-987399a0c1bb,-85290.05037,361639.8325
2944,Point,0,1,0.0,,2944,78.79398918,143.3,64.50601082,FALSE,-9999.0,77.97484944,65.32515056,FALSE,-9999.0,78.09510842,65.20489158,FALSE,-9999.0,0.0,1,1,G,USGS_gbHeatFlowWells_wEstimates.shp,Data release - assumed measured,87ee8fb4-1dca-3fd8-b498-4daef5933d1a,-60357.65061,177248.1651
2945,Point,0,1,0.0,,2945,79.21210212,136.0,56.78789788,TRUE,0.535160542,80.9331559,55.0668441,TRUE,0.627084745,79.79225681,56.20774319,TRUE,0.56453422,0.0,1,1,G,USGS_gbHeatFlowWells_wEstimates.shp,Data release - assumed measured,b83b3054-c121-3aef-9e4c-57dcdf64013c,-71159.99212,-8892.290871
2946,Point,0,1,0.0,,2946,81.06575506,50.0,-31.06575506,TRUE,1.0,82.01518112,-32.01518112,TRUE,0.01,80.91850919,-30.91850919,TRUE,0.01,0.0,1,1,X,USGS_gbHeatFlowWells_wEstimates.shp,X quality,a53d4c77-e875-3b4c-a4d4-9428056c2aac,-85291.12779,13531.81823
2947,Point,0,1,0.0,,2947,87.02450603,129.6,42.57549397,FALSE,-9999.0,87.43998379,42.16001621,FALSE,-9999.0,85.42035852,44.17964148,FALSE,-9999.0,0.0,1,1,G,USGS_gbHeatFlowWells_wEstimates.shp,Data release - assumed measured,49c746f5-8146-30f4-afe7-73aa12b33174,-174291.4468,270288.594
2948,Point,0,1,0.0,,2948,86.07317878,27.0,-59.07317878,FALSE,-9999.0,86.33344426,-59.33344426,FALSE,-9999.0,86.56992955,-59.56992955,FALSE,-9999.0,0.0,1,1,X,USGS_gbHeatFlowWells_wEstimates.shp,X quality,842500eb-e8bb-3113-b769-64924008bae9,-133017.2049,278253.6167
2949,Point,0,1,0.0,,2949,81.6425747,86.1,4.457425302,TRUE,1.0,82.35840076,3.741599239,TRUE,1.0,82.975284,3.124716002,TRUE,1.0,0.0,1,1,B,USGS_gbHeatFlowWells_wEstimates.shp,Data release - assumed measured,0d51b572-563c-3bab-9959-02ff4d0f1d88,-92618.73756,85905.59802
2956,Point,0,1,0.0,,2956,77.3789915,120.7,43.3210085,FALSE,-9999.0,77.25680087,43.44319913,FALSE,-9999.0,79.22678337,41.47321663,FALSE,-9999.0,0.0,1,1,D,USGS_gbHeatFlowWells_wEstimates.shp,Data release - assumed measured,3299fc2c-ab35-39db-95d3-c9e0dbed5b09,-208067.0744,321154.3805
2957,Point,0,1,0.0,,2957,87.71537465,103.5,15.78462535,TRUE,1.0,87.48292328,16.01707672,TRUE,1.0,87.88914339,15.61085661,TRUE,1.0,0.0,1,1,G,USGS_gbHeatFlowWells_wEstimates.shp,Data release - assumed measured,e2f584a5-d8a2-3d87-8747-8d01e712d141,-48801.78196,341821.6029
2960,Point,0,1,0.0,,2960,84.90585467,84.5,-0.405854667,TRUE,1.0,85.18233415,-0.682334154,TRUE,1.0,84.98426695,-0.484266949,TRUE,1.0,0.0,1,1,C,USGS_gbHeatFlowWells_wEstimates.shp,Data release - assumed measured,0a3c394d-daa6-3f30-805b-b81d533e99aa,-86624.1828,347552.422
2968,Point,0,1,0.0,,2968,85.14138156,212.8,127.6586184,FALSE,-9999.0,86.14298956,126.6570104,FALSE,-9999.0,86.84595668,125.9540433,FALSE,-9999.0,0.0,1,1,C,USGS_gbHeatFlowWells_wEstimates.shp,Data release - assumed measured,fb2b20a9-d289-3e25-afd4-c8c4d0a309a1,-60866.12511,46167.4346
2969,Point,0,1,0.0,,2969,85.36962593,184.8,99.43037407,TRUE,0.010538651,86.27431319,98.52568681,TRUE,0.011454405,87.19387394,97.60612606,TRUE,0.012466799,0.0,1,1,B,USGS_gbHeatFlowWells_wEstimates.shp,Data release - assumed measured,a12bf656-52e6-34ef-b385-ffef9391ae31,-59709.74884,49521.49093
2970,Point,0,1,0.0,,2970,85.57147676,77.0,-8.571476761,TRUE,1.0,86.58021812,-9.580218124,TRUE,1.0,87.57912444,-10.57912444,TRUE,1.0,0.0,1,1,B,USGS_gbHeatFlowWells_wEstimates.shp,Data release - assumed measured,7c97a595-b447-37c7-9824-0461e6f8a9ac,-54503.55755,46907.72634
2971,Point,0,1,0.0,,2971,82.98825223,333.7,250.7117478,TRUE,9.37e-09,83.83914265,249.8608574,TRUE,1.01e-08,83.15855995,250.5414401,TRUE,9.51e-09,0.0,1,1,B,USGS_gbHeatFlowWells_wEstimates.shp,Data release - assumed measured,ce064d83-9ca9-3a1b-a269-f45c50e16c07,-84140.80858,33840.1766
2972,Point,0,1,0.0,,2972,83.99205174,282.8,198.8079483,TRUE,1.12e-06,84.92043442,197.8795656,TRUE,1.22e-06,84.70429886,198.0957011,TRUE,1.19e-06,0.0,1,1,A,USGS_gbHeatFlowWells_wEstimates.shp,A quality,22d3cc69-053e-36a3-a787-f97d6ef3b5c1,-77027.18613,40921.92257
2973,Point,0,1,0.0,,2973,83.68780651,185.0,101.3121935,TRUE,0.008861602,84.56279722,100.4372028,TRUE,0.009605321,84.31105662,100.6889434,TRUE,0.009385173,0.0,1,1,B,USGS_gbHeatFlowWells_wEstimates.shp,Data release - assumed measured,8dae405a-138b-3129-8490-25e135d4e763,-79866.05678,42058.40325
2974,Point,0,1,0.0,,2974,83.99177355,303.8,219.8082264,TRUE,1.61e-07,84.92624656,218.8737534,TRUE,1.76e-07,84.6907579,219.1092421,TRUE,1.72e-07,0.0,1,1,A,USGS_gbHeatFlowWells_wEstimates.shp,A quality,b924efdc-3c4e-3458-b5cb-ff8e7f7e9cea,-76918.78722,40394.12791
2975,Point,0,1,0.0,,2975,86.21736174,135.0,48.78263826,TRUE,1.0,86.45280812,48.54719188,TRUE,1.0,88.51725842,46.48274158,TRUE,1.0,0.0,1,1,B,USGS_gbHeatFlowWells_wEstimates.shp,Data release - assumed measured,ae28f24a-37eb-3d51-80e9-b82c5730334a,-55116.29284,67333.32626
2976,Point,0,1,0.0,,2976,86.18329965,147.6,61.41670035,TRUE,0.349407309,86.43288044,61.16711956,TRUE,0.357532246,88.46783697,59.13216303,TRUE,0.431234481,0.0,1,1,B,USGS_gbHeatFlowWells_wEstimates.shp,Data release - assumed measured,98548f8a-e7af-38df-9d15-c76191249f7d,-55421.74978,67122.40683
2977,Point,0,1,0.0,,2977,85.25912866,216.7,131.4408713,TRUE,0.000552542,86.83975506,129.8602449,TRUE,0.000639131,87.57416291,129.1258371,TRUE,0.000683859,0.0,1,1,A,USGS_gbHeatFlowWells_wEstimates.shp,A quality,36c06c87-f9b0-37f2-8550-6923b7fdf155,-43643.57276,37114.91904
2978,Point,0,1,0.0,,2978,84.94159996,128.0,43.05840004,FALSE,-9999.0,86.48290702,41.51709298,FALSE,-9999.0,87.00930451,40.99069549,FALSE,-9999.0,0.0,1,1,C,USGS_gbHeatFlowWells_wEstimates.shp,Data release - assumed measured,be48bd48-1323-39c3-9ea9-d342f22a6362,-49233.5616,35408.96205
3582,Point,0,1,0.0,,3582,76.42574792,84.0,7.574252084,TRUE,1.0,76.57752168,7.422478321,TRUE,1.0,75.09763721,8.902362794,TRUE,1.0,0.0,1,1,C,USGS_gbHeatFlowWells_wEstimates.shp,known measured,4e5c676e-8c6e-3fb3-bb50-23af841adc77,-134016.9913,21616.99926
3637,Point,0,1,0.0,,3637,75.25893885,79.0,3.741061151,TRUE,1.0,75.26486563,3.735134372,TRUE,1.0,73.82151656,5.178483438,TRUE,1.0,0.0,1,1,A,USGS_gbHeatFlowWells_wEstimates.shp,A quality,9ae1b31d-cebb-3392-bb19-dec7d4a24c60,-141067.9623,18001.19769
4070,Point,0,1,0.0,,4070,89.86508429,50.96,-38.90508429,TRUE,1.0,89.73764122,-38.77764122,TRUE,1.0,90.13366806,-39.17366806,TRUE,1.0,0.0,1,1,A,USGS_gbHeatFlowWells_wEstimates.shp,A quality,115a6fb9-c36e-3ffe-9471-e7cbd2a3a426,-56193.36336,262821.508
4071,Point,0,1,0.0,,4071,94.95115428,80.08,-14.87115428,TRUE,1.0,96.03174438,-15.95174438,TRUE,1.0,95.17480372,-15.09480372,TRUE,1.0,0.0,1,1,A,USGS_gbHeatFlowWells_wEstimates.shp,A quality,6a8ff3ad-0f0f-3f24-9b19-df3ee7cf072c,32150.83128,342197.2641
4072,Point,0,1,0.0,,4072,94.34783515,583.8,489.4521649,FALSE,-9999.0,95.47785295,488.322147,FALSE,-9999.0,94.56595193,489.2340481,FALSE,-9999.0,0.0,1,1,G,USGS_gbHeatFlowWells_wEstimates.shp,assumed measured,4fd458f6-55f4-30b5-8997-e872192c470f,34132.76371,343151.0086
4074,Point,0,1,0.0,,4074,97.74463227,86.0,-11.74463227,TRUE,1.0,96.90356679,-10.90356679,TRUE,1.0,97.94166737,-11.94166737,TRUE,1.0,0.0,1,1,A,USGS_gbHeatFlowWells_wEstimates.shp,A quality,32c6347d-870c-35d3-bbd3-5d0c6ce4adf8,-19669.76938,341820.1502
4077,Point,0,1,0.0,,4077,86.49375152,96.0,9.506248477,TRUE,1.0,85.97558141,10.02441859,TRUE,1.0,89.21425637,6.785743626,TRUE,1.0,0.0,1,1,A,USGS_gbHeatFlowWells_wEstimates.shp,A quality,f4003278-0369-3592-a101-fd2748eaebbb,-47767.38704,82318.16813
4078,Point,0,1,0.0,,4078,72.19356095,48.0,-24.19356095,TRUE,1.0,72.86146447,-24.86146447,TRUE,1.0,71.39832734,-23.39832734,TRUE,1.0,0.0,1,1,A,USGS_gbHeatFlowWells_wEstimates.shp,A quality,35f22040-5eea-3269-8064-fb4cae242d18,-236493.3653,154723.2652
4079,Point,0,1,0.0,,4079,74.95866478,76.44,1.481335219,TRUE,1.0,74.48292548,1.957074516,TRUE,1.0,75.34850656,1.09149344,TRUE,1.0,0.0,1,1,A,USGS_gbHeatFlowWells_wEstimates.shp,A quality,f97d96ec-1bf1-3b2b-9939-b7ceb5414896,-198432.4888,351824.1452
4080,Point,0,1,0.0,,4080,98.40833121,146.0,47.59166879,TRUE,1.0,97.88899844,48.11100156,TRUE,1.0,98.63534592,47.36465408,TRUE,1.0,0.0,1,1,A,USGS_gbHeatFlowWells_wEstimates.shp,A quality,8e555e9c-3856-33dc-a602-ba5a658a3f5b,-8475.684516,341800.5323
4081,Point,0,1,0.0,,4081,74.63337121,84.0,9.366628786,TRUE,1.0,73.07047527,10.92952473,TRUE,1.0,74.92896322,9.071036775,TRUE,1.0,0.0,1,1,A,USGS_gbHeatFlowWells_wEstimates.shp,A quality,9bffeb2c-4e0b-37c7-85eb-f75d89bee5b4,31400.84678,164443.2861
4082,Point,0,1,0.0,,4082,82.83022778,83.0,0.169772222,TRUE,1.0,83.08193892,-0.081938918,TRUE,1.0,85.14884754,-2.148847543,TRUE,1.0,0.0,1,1,A,USGS_gbHeatFlowWells_wEstimates.shp,A quality,5c1091a0-b1a2-3285-8ad9-e2d52b767f24,-75141.97966,91870.24945
4084,Point,0,1,0.0,,4084,85.93531623,70.0,-15.93531623,TRUE,1.0,84.99988024,-14.99988024,TRUE,1.0,88.78554124,-18.78554124,TRUE,1.0,0.0,1,1,A,USGS_gbHeatFlowWells_wEstimates.shp,A quality,57132bac-883b-3c46-9c3c-42b82a8a7e88,-44829.21778,91649.63178
4085,Point,0,1,0.0,,4085,87.52240183,79.0,-8.522401826,TRUE,1.0,88.40187631,-9.401876312,TRUE,1.0,88.15519226,-9.155192259,TRUE,1.0,0.0,1,1,A,USGS_gbHeatFlowWells_wEstimates.shp,A quality,0ecfe2fe-43d9-3bcd-a150-e14fc74c1c47,-140311.579,163715.786
4087,Point,0,1,0.0,,4087,71.76617759,59.0,-12.76617759,TRUE,1.0,71.19910051,-12.19910051,TRUE,1.0,72.11016933,-13.11016933,TRUE,1.0,0.0,1,1,A,USGS_gbHeatFlowWells_wEstimates.shp,A quality,f325954e-f6e8-3d38-bf8c-eec420334247,57192.86579,158979.3837
4088,Point,0,1,0.0,,4088,83.3140136,78.0,-5.314013596,TRUE,1.0,84.54570794,-6.545707938,TRUE,1.0,83.81397213,-5.813972131,TRUE,1.0,0.0,1,1,A,USGS_gbHeatFlowWells_wEstimates.shp,A quality,a1727e91-c5ef-30d5-a9cf-4ccfbb9cc878,-177558.3555,162568.8137
4089,Point,0,1,0.0,,4089,84.67585397,90.61,5.934146032,TRUE,1.0,85.14502362,5.46497638,TRUE,1.0,86.45181641,4.158183594,TRUE,1.0,0.0,1,1,A,USGS_gbHeatFlowWells_wEstimates.shp,A quality,bfd2ad96-d7af-3d6b-b543-eec021c7ef64,-120452.8488,307558.9927
4090,Point,0,1,0.0,,4090,83.07475902,98.02,14.94524098,TRUE,1.0,83.7776684,14.2423316,TRUE,1.0,84.44548696,13.57451304,TRUE,1.0,0.0,1,1,A,USGS_gbHeatFlowWells_wEstimates.shp,A quality,44e12827-8fe8-36e4-ac1d-6d2839d35af7,-113219.174,312652.3126
4091,Point,0,1,0.0,,4091,91.86875097,66.96,-24.90875097,TRUE,1.0,91.35844798,-24.39844798,TRUE,1.0,91.5951189,-24.6351189,TRUE,1.0,0.0,1,1,A,USGS_gbHeatFlowWells_wEstimates.shp,A quality,da222f24-a3eb-33ca-aefc-82eabb93eea7,-41667.03592,256443.4093
4092,Point,0,1,0.0,,4092,75.9083299,100.0,24.0916701,TRUE,1.0,75.51246704,24.48753296,TRUE,1.0,77.41834505,22.58165495,TRUE,1.0,0.0,1,1,A,USGS_gbHeatFlowWells_wEstimates.shp,A quality,00651ecf-da8c-3907-90d7-2573b394a36b,-204700.888,331533.7962
4093,Point,0,1,0.0,,4093,90.55159549,84.0,-6.551595492,TRUE,1.0,90.13035109,-6.130351085,TRUE,1.0,90.24332201,-6.243322006,TRUE,1.0,0.0,1,1,A,USGS_gbHeatFlowWells_wEstimates.shp,A quality,7620d265-0546-337d-af58-9d201e727405,-43327.49702,250692.3417
4094,Point,0,1,0.0,,4094,93.9207393,94.18,0.259260704,TRUE,1.0,95.10430916,-0.924309162,TRUE,1.0,94.11967629,0.060323714,TRUE,1.0,0.0,1,1,A,USGS_gbHeatFlowWells_wEstimates.shp,A quality,b5922315-7597-39c7-aa20-ed4548eaf6e0,35716.24225,342974.1396
4095,Point,0,1,0.0,,4095,85.47293438,47.0,-38.47293438,TRUE,1.0,85.57907553,-38.57907553,TRUE,1.0,85.35745082,-38.35745082,TRUE,1.0,0.0,1,1,A,USGS_gbHeatFlowWells_wEstimates.shp,A quality,1b8082e2-c5f8-3876-ac15-f050a69b2abe,-132410.8393,230422.6827
4096,Point,0,1,0.0,,4096,89.81661691,78.988,-10.82861691,TRUE,1.0,90.43236159,-11.44436159,TRUE,1.0,90.2056581,-11.2176581,TRUE,1.0,0.0,1,1,A,USGS_gbHeatFlowWells_wEstimates.shp,A quality,8a2538b8-4abb-31b9-ab34-317b9439d327,-153150.9301,201050.9524
4097,Point,0,1,0.0,,4097,83.14345457,101.92,18.77654543,TRUE,1.0,83.91953992,18.00046008,TRUE,1.0,83.70105436,18.21894564,TRUE,1.0,0.0,1,1,A,USGS_gbHeatFlowWells_wEstimates.shp,A quality,c99fd9a6-ac90-3e71-9701-b1730e0b7fc6,-85430.68601,47193.18619
4098,Point,0,1,0.0,,4098,92.72091092,96.0,3.279089085,TRUE,1.0,94.03959324,1.960406757,TRUE,1.0,92.88673871,3.113261291,TRUE,1.0,0.0,1,1,A,USGS_gbHeatFlowWells_wEstimates.shp,A quality,6470fbba-849f-353e-b295-2201f98f9be1,40070.66163,343655.7211
4100,Point,0,1,0.0,,4100,86.71602367,92.0,5.283976331,TRUE,1.0,86.57042378,5.429576215,TRUE,1.0,86.90610353,5.093896468,TRUE,1.0,0.0,1,1,A,USGS_gbHeatFlowWells_wEstimates.shp,A quality,6d08a857-2f6e-3136-b00f-b1158d0385bc,-51626.28024,340091.9419
4101,Point,0,1,0.0,,4101,83.82735737,94.0,10.17264263,TRUE,1.0,84.5680607,9.4319393,TRUE,1.0,83.98355684,10.01644316,TRUE,1.0,0.0,1,1,A,USGS_gbHeatFlowWells_wEstimates.shp,A quality,43cfee5c-55e8-379c-861c-03814b440bea,-72361.10826,319532.3866
4102,Point,0,1,0.0,,4102,83.63069977,43.316,-40.31469977,TRUE,1.0,84.31176212,-40.99576212,TRUE,1.0,85.08387046,-41.76787046,TRUE,1.0,0.0,1,1,A,USGS_gbHeatFlowWells_wEstimates.shp,A quality,c8ca6d2b-a9a1-3313-be5c-68fa3da41764,-114187.9717,309936.0059
4104,Point,0,1,0.0,,4104,98.16954425,104.47,6.300455752,TRUE,1.0,97.16032588,7.309674118,TRUE,1.0,97.01249707,7.457502927,TRUE,1.0,0.0,1,1,A,USGS_gbHeatFlowWells_wEstimates.shp,A quality,10c69656-7bf1-3888-8ca5-7c7a53ab9601,-14915.56043,264880.905
4106,Point,0,1,0.0,,4106,83.5457738,66.248,-17.2977738,TRUE,1.0,84.26061603,-18.01261603,TRUE,1.0,84.93165283,-18.68365283,TRUE,1.0,0.0,1,1,A,USGS_gbHeatFlowWells_wEstimates.shp,A quality,f1991c3d-7e3e-373f-b3b7-126d17f17f9a,-113318.2191,309819.0993
4107,Point,0,1,0.0,,4107,78.96714654,48.412,-30.55514654,TRUE,1.0,79.83507356,-31.42307356,TRUE,1.0,78.61091837,-30.19891837,TRUE,1.0,0.0,1,1,A,USGS_gbHeatFlowWells_wEstimates.shp,A quality,f6fd869e-2e49-3815-9471-f9190c438e62,-155857.4211,98790.54317
4109,Point,0,1,0.0,,4109,87.76959729,94.0,6.230402712,TRUE,1.0,87.67950983,6.320490166,TRUE,1.0,87.97670034,6.02329966,TRUE,1.0,0.0,1,1,A,USGS_gbHeatFlowWells_wEstimates.shp,A quality,3a4aea6d-e2e4-3780-9356-59d7a27922da,-56978.77826,350433.2603
4111,Point,0,1,0.0,,4111,84.90657119,81.9,-3.006571195,TRUE,1.0,86.80151037,-4.901510374,TRUE,1.0,84.2549419,-2.3549419,TRUE,1.0,0.0,1,1,A,USGS_gbHeatFlowWells_wEstimates.shp,A quality,e61f7507-7545-339e-a315-1d1855a929d6,-237992.5293,225775.1462
4112,Point,0,1,0.0,,4112,88.02098804,90.0,1.979011958,TRUE,1.0,87.73780087,2.262199126,TRUE,1.0,88.24059214,1.759407862,TRUE,1.0,0.0,1,1,A,USGS_gbHeatFlowWells_wEstimates.shp,A quality,cc397eb6-f157-35f3-b306-dc4c472358cf,-47220.25244,339437.4342
4114,Point,0,1,0.0,,4114,89.64169069,96.88,7.238309314,TRUE,1.0,90.36436106,6.515638941,TRUE,1.0,90.18782773,6.692172267,TRUE,1.0,0.0,1,1,A,USGS_gbHeatFlowWells_wEstimates.shp,A quality,86b5858f-2f22-375b-ba28-b24504d2831d,-146934.5105,185504.5269
4115,Point,0,1,0.0,,4115,74.95061441,100.0,25.04938559,TRUE,1.0,74.50639934,25.49360066,TRUE,1.0,75.23619777,24.76380223,TRUE,1.0,0.0,1,1,A,USGS_gbHeatFlowWells_wEstimates.shp,A quality,5a365db9-2a20-3efa-abf6-a98be139fa56,-198954.4683,354447.6482
4116,Point,0,1,0.0,,4116,83.01161454,104.47,21.45838546,TRUE,1.0,83.39933792,21.07066208,TRUE,1.0,82.48465387,21.98534613,TRUE,1.0,0.0,1,1,A,USGS_gbHeatFlowWells_wEstimates.shp,A quality,7bb444ba-dc04-3dde-bc71-ad2c0cf3768e,-126280.4881,257513.9961
4118,Point,0,1,0.0,,4118,80.30932213,84.084,3.774677867,TRUE,1.0,81.47610575,2.607894252,TRUE,1.0,80.58883593,3.495164074,TRUE,1.0,0.0,1,1,A,USGS_gbHeatFlowWells_wEstimates.shp,A quality,a167ec1d-1cad-3447-9225-8978c648702e,-186317.6227,148753.8254
4119,Point,0,1,0.0,,4119,79.24024816,63.7,-15.54024816,TRUE,1.0,80.31014653,-16.61014653,TRUE,1.0,79.37291109,-15.67291109,TRUE,1.0,0.0,1,1,A,USGS_gbHeatFlowWells_wEstimates.shp,A quality,25ca1b73-6a8f-38fe-9720-082e7f349b3f,-187218.0396,140739.6383
4120,Point,0,1,0.0,,4120,88.26106998,101.0,12.73893002,TRUE,1.0,88.91579988,12.08420012,TRUE,1.0,89.01144138,11.98855862,TRUE,1.0,0.0,1,1,A,USGS_gbHeatFlowWells_wEstimates.shp,A quality,4c0342eb-2a17-3785-b091-2c3975e76b48,-69710.2999,279279.6536
4121,Point,0,1,0.0,,4121,82.15592651,88.31,6.154073489,TRUE,1.0,82.26997378,6.040026223,TRUE,1.0,82.08020069,6.229799306,TRUE,1.0,0.0,1,1,A,USGS_gbHeatFlowWells_wEstimates.shp,A quality,7a533cf8-f51f-3fd4-880b-ddeba81640da,-103854.6967,215761.1225
4122,Point,0,1,0.0,,4122,82.11937339,109.1,26.98062661,TRUE,1.0,82.21349548,26.88650452,TRUE,1.0,82.02095165,27.07904835,TRUE,1.0,0.0,1,1,A,USGS_gbHeatFlowWells_wEstimates.shp,A quality,a0f30d76-4b4f-32d1-b622-1ba05a1c4426,-102960.0159,213653.8275
4123,Point,0,1,0.0,,4123,74.84940464,21.0,-53.84940464,TRUE,0.701493763,74.42943484,-53.42943484,TRUE,0.729159614,75.27720909,-54.27720909,TRUE,0.674390799,0.0,1,1,A,USGS_gbHeatFlowWells_wEstimates.shp,A quality,858976a3-a220-3ea9-b0d8-1ee567362429,-205580.1687,350302.169
4124,Point,0,1,0.0,,4124,87.58603342,36.0,-51.58603342,TRUE,0.864089372,87.94151039,-51.94151039,TRUE,0.83625665,85.8880089,-49.8880089,TRUE,1.0,0.0,1,1,A,USGS_gbHeatFlowWells_wEstimates.shp,A quality,943c61bd-ddd1-3554-a061-a81baf53b38e,-165473.9971,255487.7968
4125,Point,0,1,0.0,,4125,76.51047019,20.4,-56.11047019,TRUE,0.569614705,76.18576489,-55.78576489,TRUE,0.586907155,78.34749134,-57.94749134,TRUE,0.480950462,0.0,1,1,A,USGS_gbHeatFlowWells_wEstimates.shp,A quality,711ffd1d-bb86-3aa6-8836-1e4184b4fa3e,-203355.2378,326546.58
4126,Point,0,1,0.0,,4126,94.66364696,34.58,-60.08364696,TRUE,0.39505187,96.0405624,-61.4605624,TRUE,0.347998606,94.2613623,-59.6813623,TRUE,0.409963795,0.0,1,1,A,USGS_gbHeatFlowWells_wEstimates.shp,A quality,78f0adb5-aca8-3f2c-b6b0-8e2646579c87,21908.68794,285999.5639
4127,Point,0,1,0.0,,4127,88.764998,10.64,-78.124998,TRUE,0.074989435,89.07297169,-78.43297169,TRUE,0.072892212,88.27127451,-77.63127451,TRUE,0.078478198,0.0,1,1,A,USGS_gbHeatFlowWells_wEstimates.shp,A quality,083ea94e-c034-37bd-b534-9d4b3bfc7935,-157572.7068,232128.6476
4131,Point,0,1,0.0,,4131,97.59823422,134.0,36.40176578,TRUE,1.0,97.56432226,36.43567774,TRUE,1.0,98.07204091,35.92795909,TRUE,1.0,0.0,1,1,B,USGS_gbHeatFlowWells_wEstimates.shp,known measured,1589ef3c-5b9b-3d5e-99ad-bf6fddb2bfa8,-5668.795951,356728.3144
4132,Point,0,1,0.0,,4132,97.09789985,105.0,7.902100152,TRUE,1.0,97.98341939,7.016580607,TRUE,1.0,96.86097403,8.139025973,TRUE,1.0,0.0,1,1,B,USGS_gbHeatFlowWells_wEstimates.shp,known measured,8d39bed5-2ea5-37ff-96b4-7f149544db86,20999.6611,310088.6628
4136,Point,0,1,0.0,,4136,96.93840681,127.0,30.06159319,TRUE,1.0,97.93410723,29.06589277,TRUE,1.0,96.83891957,30.16108043,TRUE,1.0,0.0,1,1,B,USGS_gbHeatFlowWells_wEstimates.shp,known measured,332b464b-6c34-3dbe-86ea-e966c287417a,23784.94778,317557.5128
4137,Point,0,1,0.0,,4137,85.14665224,64.0,-21.14665224,TRUE,1.0,85.36799867,-21.36799867,TRUE,1.0,85.27141656,-21.27141656,TRUE,1.0,0.0,1,1,B,USGS_gbHeatFlowWells_wEstimates.shp,known measured,3d1cb3fe-8dba-37b3-9a42-8fda16240bbd,-117020.3477,191371.3393
4139,Point,0,1,0.0,,4139,83.79242554,83.7,-0.092425545,TRUE,1.0,83.83958687,-0.139586875,TRUE,1.0,83.74578927,-0.045789266,TRUE,1.0,0.0,1,1,B,USGS_gbHeatFlowWells_wEstimates.shp,Data release - assumed measured,4c52efab-bb47-3ab3-966c-7728c4243ae9,-113119.5649,207848.7322
4140,Point,0,1,0.0,,4140,82.03070179,83.7,1.669298213,TRUE,1.0,82.16110669,1.538893309,TRUE,1.0,81.9581593,1.741840702,TRUE,1.0,0.0,1,1,B,USGS_gbHeatFlowWells_wEstimates.shp,Data release - assumed measured,37684a6c-a413-34bf-83fd-321cdab4819d,-103036.5984,218373.33
4141,Point,0,1,0.0,,4141,81.95291052,29.3,-52.65291052,TRUE,0.783219658,82.13994111,-52.83994111,TRUE,0.769843337,81.90425436,-52.60425436,TRUE,0.786737453,0.0,1,1,B,USGS_gbHeatFlowWells_wEstimates.shp,Data release - assumed measured,c0ff3810-b2e5-39c8-aaa7-d88a58556694,-102703.5096,227155.9291
4142,Point,0,1,0.0,,4142,85.09671992,69.0,-16.09671992,TRUE,1.0,85.81745765,-16.81745765,TRUE,1.0,85.6928791,-16.6928791,TRUE,1.0,0.0,1,1,B,USGS_gbHeatFlowWells_wEstimates.shp,Data release - assumed measured,0d1a3001-34c3-3200-bd38-26021831d3f8,-105740.3668,286477.2731
4145,Point,0,1,0.0,,4145,92.5055263,118.0,25.4944737,TRUE,1.0,91.9012756,26.0987244,TRUE,1.0,92.07509763,25.92490237,TRUE,1.0,0.0,1,1,B,USGS_gbHeatFlowWells_wEstimates.shp,Data release - assumed measured,67d205a0-b5b9-3ade-a3af-4a219ccd5ebf,-37257.36196,255592.6679
4146,Point,0,1,0.0,,4146,89.68044804,119.7,30.01955196,TRUE,1.0,90.09972052,29.60027948,TRUE,1.0,89.931044,29.768956,TRUE,1.0,0.0,1,1,B,USGS_gbHeatFlowWells_wEstimates.shp,Data release - assumed measured,7db2abb8-7674-37c4-9c5a-f04de1eb111e,-148915.1183,207339.0564
4147,Point,0,1,0.0,,4147,83.51967899,82.0,-1.519678991,TRUE,1.0,83.97896463,-1.978964628,TRUE,1.0,83.36600425,-1.366004247,TRUE,1.0,0.0,1,1,B,USGS_gbHeatFlowWells_wEstimates.shp,Data release - assumed measured,b127610d-7ad4-345b-bfde-8009d87fdeae,-113969.7742,261914.248
4148,Point,0,1,0.0,,4148,82.20469354,77.0,-5.204693538,TRUE,1.0,82.59797144,-5.59797144,TRUE,1.0,82.05519064,-5.055190637,TRUE,1.0,0.0,1,1,B,USGS_gbHeatFlowWells_wEstimates.shp,Data release - assumed measured,63f50a99-d792-30f3-908e-5ce1a70bc175,-111949.5797,246073.2236
4149,Point,0,1,0.0,,4149,82.57441539,62.0,-20.57441539,TRUE,1.0,82.82814707,-20.82814707,TRUE,1.0,82.4874567,-20.4874567,TRUE,1.0,0.0,1,1,B,USGS_gbHeatFlowWells_wEstimates.shp,Data release - assumed measured,6d87af21-a44d-3a72-9a19-8aa002557c22,-116642.27,235414.15
4151,Point,0,1,0.0,,4151,84.64619387,84.0,-0.646193868,TRUE,1.0,84.78486785,-0.784867853,TRUE,1.0,84.54012021,-0.540120207,TRUE,1.0,0.0,1,1,B,USGS_gbHeatFlowWells_wEstimates.shp,known measured,e70db76c-30d1-3517-b08d-accb9d216130,-128583.88,231134.3475
4152,Point,0,1,0.0,,4152,82.91579958,63.7,-19.21579958,TRUE,1.0,82.47152758,-18.77152758,TRUE,1.0,84.01199659,-20.31199659,TRUE,1.0,0.0,1,1,B,USGS_gbHeatFlowWells_wEstimates.shp,Data release - assumed measured,22d3fb44-02bc-3670-b946-93688a42bf84,-144988.5237,339885.2777
4153,Point,0,1,0.0,,4153,77.23158799,73.892,-3.339587995,TRUE,1.0,76.6179278,-2.725927799,TRUE,1.0,77.82131211,-3.929312112,TRUE,1.0,0.0,1,1,B,USGS_gbHeatFlowWells_wEstimates.shp,Data release - assumed measured,d9b6c528-889a-3e16-b40b-293b6eb23405,-175042.2356,348878.9253
4165,Point,0,1,0.0,,4165,86.70267539,81.536,-5.166675387,TRUE,1.0,86.88936983,-5.353369829,TRUE,1.0,85.60363645,-4.067636447,TRUE,0.01,0.0,1,1,B,USGS_gbHeatFlowWells_wEstimates.shp,unmeasured,1386766c-3a29-3c87-968e-d35411a65fe1,-170546.6596,277130.8784
4166,Point,0,1,0.0,,4166,86.31857758,81.536,-4.782577576,TRUE,1.0,86.66343745,-5.127437449,TRUE,1.0,85.41743853,-3.881438525,TRUE,0.01,0.0,1,1,B,USGS_gbHeatFlowWells_wEstimates.shp,unmeasured,3b5ab6f2-1396-3a83-82fb-da4d8800a5e0,-175190.5846,277790.9759
4167,Point,0,1,0.0,,4167,86.39009902,81.536,-4.854099016,TRUE,1.0,86.69506554,-5.159065544,TRUE,1.0,85.45548906,-3.919489058,TRUE,0.01,0.0,1,1,B,USGS_gbHeatFlowWells_wEstimates.shp,unmeasured,23a0ce6f-3001-3e95-bece-1e96c91d1195,-174202.9963,277769.5399
4168,Point,0,1,0.0,,4168,87.76147855,55.6,-32.16147855,TRUE,1.0,87.59575378,-31.99575378,TRUE,1.0,87.90724792,-32.30724792,TRUE,1.0,0.0,1,1,B,USGS_gbHeatFlowWells_wEstimates.shp,known measured,7b062352-6e71-3919-8712-40c19bc07b77,-52002.716,346781.4508
4170,Point,0,1,0.0,,4170,85.15973936,103.74,18.58026064,TRUE,1.0,86.36610496,17.37389504,TRUE,1.0,84.87129982,18.86870018,TRUE,1.0,0.0,1,1,B,USGS_gbHeatFlowWells_wEstimates.shp,Data release - assumed measured,8f992412-9845-367b-a555-9aa38c7bfc26,-191705.2413,276635.6644
4171,Point,0,1,0.0,,4171,86.94248267,69.16,-17.78248267,TRUE,1.0,88.40564758,-19.24564758,TRUE,1.0,85.67948902,-16.51948902,TRUE,1.0,0.0,1,1,B,USGS_gbHeatFlowWells_wEstimates.shp,Data release - assumed measured,7b1fdcd3-1b30-3f4a-90e5-d77efbc9d0fd,-196273.7385,262959.4334
4172,Point,0,1,0.0,,4172,81.69512234,84.084,2.388877664,TRUE,1.0,81.6277548,2.456245198,TRUE,1.0,83.88862037,0.195379628,TRUE,0.01,0.0,1,1,B,USGS_gbHeatFlowWells_wEstimates.shp,unmeasured,e84634bb-f87f-3a9e-a5b9-20e7899f60ab,-181346.2893,305197.3965
4173,Point,0,1,0.0,,4173,85.75295197,42.0,-43.75295197,TRUE,1.0,86.82593442,-44.82593442,TRUE,1.0,86.28736794,-44.28736794,TRUE,1.0,0.0,1,1,B,USGS_gbHeatFlowWells_wEstimates.shp,assumed measured,575c023c-fbe4-3370-a2da-26042e94f67e,-84701.5386,280625.712
4174,Point,0,1,0.0,,4174,85.75295197,63.0,-22.75295197,TRUE,1.0,86.82593442,-23.82593442,TRUE,1.0,86.28736794,-23.28736794,TRUE,1.0,0.0,1,1,B,USGS_gbHeatFlowWells_wEstimates.shp,assumed measured,f6887176-9645-39c0-97a7-06da3696c399,-84701.5386,280625.712
4175,Point,0,1,0.0,,4175,86.8121573,109.0,22.1878427,TRUE,1.0,87.92872157,21.07127843,TRUE,1.0,87.56074807,21.43925193,TRUE,1.0,0.0,1,1,B,USGS_gbHeatFlowWells_wEstimates.shp,Data release - assumed measured,84d642b8-a4be-3d0a-8c55-a557a3a93a13,-77603.20732,288307.8964
4176,Point,0,1,0.0,,4176,84.28944549,73.892,-10.39744549,TRUE,1.0,82.81128717,-8.919287167,TRUE,1.0,87.20758586,-13.31558586,TRUE,0.01,0.0,1,1,B,USGS_gbHeatFlowWells_wEstimates.shp,unmeasured,b12c81a0-54d6-3999-8b35-1b9c47346b41,-22706.97236,103884.7096
4177,Point,0,1,0.0,,4177,78.97653698,63.7,-15.27653698,TRUE,1.0,78.23277601,-14.53277601,TRUE,1.0,80.01220688,-16.31220688,TRUE,0.01,0.0,1,1,B,USGS_gbHeatFlowWells_wEstimates.shp,unmeasured,f05a1f62-32d2-32d4-a024-2aa22d5a1f0b,-67638.79813,143548.9434
4178,Point,0,1,0.0,,4178,85.66074811,67.0,-18.66074811,TRUE,1.0,85.64191835,-18.64191835,TRUE,1.0,85.7400333,-18.7400333,TRUE,0.01,0.0,1,1,B,USGS_gbHeatFlowWells_wEstimates.shp,unmeasured,f5e10590-82b1-3e0e-ad55-861066c0b913,-56841.84357,342558.0054
4179,Point,0,1,0.0,,4179,86.0929982,53.0,-33.0929982,TRUE,1.0,86.07614824,-33.07614824,TRUE,1.0,86.15390117,-33.15390117,TRUE,1.0,0.0,1,1,B,USGS_gbHeatFlowWells_wEstimates.shp,known measured,7222cc33-4ded-33e6-be11-5d69b37aec6a,-59056.48401,346270.441
4180,Point,0,1,0.0,,4180,85.75146159,62.0,-23.75146159,TRUE,1.0,85.73708252,-23.73708252,TRUE,1.0,85.79023809,-23.79023809,TRUE,1.0,0.0,1,1,B,USGS_gbHeatFlowWells_wEstimates.shp,known measured,a9220fcd-d263-3b40-8d8c-c16816681ca3,-57946.44271,344246.116
4181,Point,0,1,0.0,,4181,87.79666382,89.0,1.203336178,TRUE,1.0,87.73202394,1.267976064,TRUE,1.0,88.01553057,0.984469431,TRUE,1.0,0.0,1,1,B,USGS_gbHeatFlowWells_wEstimates.shp,known measured,b172ce15-0945-35e3-8548-484e9dbf81af,-59066.47694,351725.3043
4182,Point,0,1,0.0,,4182,86.61122076,102.0,15.38877924,TRUE,1.0,86.55571951,15.44428049,TRUE,1.0,86.71425306,15.28574694,TRUE,1.0,0.0,1,1,B,USGS_gbHeatFlowWells_wEstimates.shp,known measured,08285514-498f-3dbb-ad7b-646f243a6786,-57565.27705,347043.6161
4183,Point,0,1,0.0,,4183,85.10139735,40.768,-44.33339735,TRUE,1.0,86.0453034,-45.2773034,TRUE,1.0,85.59176749,-44.82376749,TRUE,1.0,0.0,1,1,B,USGS_gbHeatFlowWells_wEstimates.shp,assumed measured,f8eba0e1-540b-310f-aab9-f916b1bd0168,-97481.2162,285252.4249
4184,Point,0,1,0.0,,4184,87.27275605,72.618,-14.65475605,TRUE,1.0,87.41986075,-14.80186075,TRUE,1.0,87.54515612,-14.92715612,TRUE,1.0,0.0,1,1,B,USGS_gbHeatFlowWells_wEstimates.shp,Data release - assumed measured,aeaa58b4-7f93-30f0-8385-70007be80344,-146144.7092,280857.0338
4185,Point,0,1,0.0,,4185,87.09763189,119.76,32.66236811,TRUE,1.0,87.79915167,31.96084833,TRUE,1.0,85.53353927,34.22646073,TRUE,0.01,0.0,1,1,B,USGS_gbHeatFlowWells_wEstimates.shp,unmeasured,6b03dbf5-b6c4-3a13-8eae-e0a15f08a2f4,-180221.2221,267441.4977
4186,Point,0,1,0.0,,4186,89.83700751,51.87,-37.96700751,TRUE,1.0,91.03089501,-39.16089501,TRUE,1.0,88.46036642,-36.59036642,TRUE,1.0,0.0,1,1,B,USGS_gbHeatFlowWells_wEstimates.shp,Data release - assumed measured,8fcd3b29-5988-3604-a93b-7f6eb200beb3,-191966.3294,243053.2663
4187,Point,0,1,0.0,,4187,86.19099549,66.248,-19.94299549,TRUE,1.0,86.14440991,-19.89640991,TRUE,1.0,88.40373999,-22.15573999,TRUE,0.01,0.0,1,1,B,USGS_gbHeatFlowWells_wEstimates.shp,unmeasured,9ca3b040-6ebc-32e5-a613-860cb584116a,-141975.3931,304403.9707
4188,Point,0,1,0.0,,4188,85.18358008,55.328,-29.85558008,TRUE,1.0,85.33524129,-30.00724129,TRUE,1.0,85.67901773,-30.35101773,TRUE,1.0,0.0,1,1,B,USGS_gbHeatFlowWells_wEstimates.shp,Data release - assumed measured,ccfa3bf4-54c2-3fbc-836e-753e0cf1d7d8,-174174.6885,288195.2469
4189,Point,0,1,0.0,,4189,84.97023903,68.796,-16.17423903,TRUE,1.0,86.34593754,-17.54993754,TRUE,1.0,86.90204626,-18.10604626,TRUE,0.01,0.0,1,1,B,USGS_gbHeatFlowWells_wEstimates.shp,unmeasured,0a6d5bf3-06a2-343b-83aa-7e23990bb621,-52965.75911,37707.15131
4190,Point,0,1,0.0,,4190,84.75051381,119.76,35.00948619,TRUE,1.0,85.85878268,33.90121732,TRUE,1.0,86.17135832,33.58864168,TRUE,1.0,0.0,1,1,B,USGS_gbHeatFlowWells_wEstimates.shp,assumed measured,96713804-7583-37f5-a215-0b1c0e587177,-64128.80904,40961.5578
4192,Point,0,1,0.0,,4192,85.15860221,107.2,22.04139779,TRUE,1.0,85.17654915,22.02345085,TRUE,1.0,85.95597302,21.24402698,TRUE,1.0,0.0,1,1,B,USGS_gbHeatFlowWells_wEstimates.shp,Data release - assumed measured,9a883083-1b59-3bc7-baf5-99e0d805bd5a,-171103.0199,290777.7848
4193,Point,0,1,0.0,,4193,83.90039873,48.412,-35.48839873,TRUE,1.0,83.66555789,-35.25355789,TRUE,1.0,85.89761931,-37.48561931,TRUE,0.01,0.0,1,1,B,USGS_gbHeatFlowWells_wEstimates.shp,unmeasured,13a16ac8-0be9-34be-9937-2339174f29e1,-168043.483,302292.9718
4194,Point,0,1,0.0,,4194,78.68513954,99.372,20.68686046,TRUE,1.0,77.81962064,21.55237936,TRUE,1.0,78.85304806,20.51895194,TRUE,0.01,0.0,1,1,B,USGS_gbHeatFlowWells_wEstimates.shp,unmeasured,94678290-1fe7-3f75-895b-ce76d47d573d,-63934.49522,158650.8161
4195,Point,0,1,0.0,,4195,84.68791431,100.28,15.59208569,TRUE,1.0,86.40266012,13.87733988,TRUE,1.0,83.98704106,16.29295894,TRUE,1.0,0.0,1,1,B,USGS_gbHeatFlowWells_wEstimates.shp,Data release - assumed measured,3486e2c5-41cd-329a-a4ba-9f5936a23324,-226327.4266,215914.9345
4196,Point,0,1,0.0,,4196,84.89834484,50.4,-34.49834484,TRUE,1.0,85.55996965,-35.15996965,TRUE,1.0,85.17290844,-34.77290844,TRUE,1.0,0.0,1,1,B,USGS_gbHeatFlowWells_wEstimates.shp,assumed measured,171c1218-e5f3-38c7-bac2-425daa2926a0,-86202.14346,268506.1784
4197,Point,0,1,0.0,,4197,86.27574769,86.8,0.524252312,TRUE,1.0,86.5693566,0.230643403,TRUE,1.0,86.53119542,0.268804582,TRUE,1.0,0.0,1,1,B,USGS_gbHeatFlowWells_wEstimates.shp,Data release - assumed measured,ea1121e1-1f0b-3aea-aac3-67b95d863589,-73647.18666,260425.6672
4198,Point,0,1,0.0,,4198,85.76096669,82.6,-3.160966691,TRUE,1.0,86.02589952,-3.425899516,TRUE,1.0,85.93794261,-3.337942605,TRUE,1.0,0.0,1,1,B,USGS_gbHeatFlowWells_wEstimates.shp,Data release - assumed measured,93c4e7d9-f490-366d-94ac-1fb37439e751,-74791.60511,256861.4953
4199,Point,0,1,0.0,,4199,83.98381785,75.6,-8.383817854,TRUE,1.0,84.4752298,-8.875229797,TRUE,1.0,84.07869148,-8.478691482,TRUE,1.0,0.0,1,1,B,USGS_gbHeatFlowWells_wEstimates.shp,known measured,19c548c0-6845-391e-9080-2532235f3c93,-92167.88028,261938.2667
4200,Point,0,1,0.0,,4200,85.06140916,91.0,5.938590842,TRUE,1.0,85.72484438,5.275155618,TRUE,1.0,85.36855094,5.631449057,TRUE,1.0,0.0,1,1,B,USGS_gbHeatFlowWells_wEstimates.shp,known measured,44a09760-403d-397e-9285-03e4cea2aef2,-84194.78247,268372.9067
4203,Point,0,1,0.0,,4203,88.61798085,32.0,-56.61798085,TRUE,0.54360165,88.35037477,-56.35037477,TRUE,0.557166517,88.77212382,-56.77212382,TRUE,0.005359386,0.0,1,1,B,USGS_gbHeatFlowWells_wEstimates.shp,unmeasured,3748d2e8-02df-3786-9434-5a25fe8763f7,-47314.02302,344881.7574
4207,Point,0,1,0.0,,4207,86.79712625,81.9,-4.897126251,FALSE,-9999.0,86.9623585,-5.0623585,FALSE,-9999.0,85.64075576,-3.740755758,FALSE,-9999.0,0.0,1,1,C,USGS_gbHeatFlowWells_wEstimates.shp,Data release - assumed measured,92dbe89d-395e-3065-be64-a70da716ae0c,-169602.9133,276767.2528
4208,Point,0,1,0.0,,4208,86.45418867,116.48,30.02581133,TRUE,1.0,86.76023596,29.71976404,TRUE,1.0,85.44807803,31.03192197,TRUE,1.0,0.0,1,1,C,USGS_gbHeatFlowWells_wEstimates.shp,Data release - assumed measured,8794669a-c608-336e-81d2-8d40d4c7f583,-174039.8393,277220.5956
4209,Point,0,1,0.0,,4209,81.91291215,67.0,-14.91291215,FALSE,-9999.0,82.57323934,-15.57323934,FALSE,-9999.0,81.83745106,-14.83745106,FALSE,-9999.0,0.0,1,1,C,USGS_gbHeatFlowWells_wEstimates.shp,Data release - assumed measured,96f77bd6-27c6-3596-8558-187bf18ad8ef,-94217.68468,38131.10951
4210,Point,0,1,0.0,,4210,92.12863093,74.0,-18.12863093,FALSE,-9999.0,91.58014989,-17.58014989,FALSE,-9999.0,91.79429179,-17.79429179,FALSE,-9999.0,0.0,1,1,C,USGS_gbHeatFlowWells_wEstimates.shp,Data release - assumed measured,62ca0456-4cab-3cac-8e98-6b5be1b8fdee,-39945.57043,256132.1639
4211,Point,0,1,0.0,,4211,93.14500462,94.64,1.494995381,TRUE,1.0,92.62434969,2.015650311,TRUE,1.0,93.116985,1.523014995,TRUE,1.0,0.0,1,1,C,USGS_gbHeatFlowWells_wEstimates.shp,known measured,09350a0a-f8b7-3b6b-a47b-681ba59184d1,-43031.16078,265915.4843
4212,Point,0,1,0.0,,4212,75.04453035,59.0,-16.04453035,FALSE,-9999.0,74.59148786,-15.59148786,FALSE,-9999.0,75.30648651,-16.30648651,FALSE,-9999.0,0.0,1,1,C,USGS_gbHeatFlowWells_wEstimates.shp,known measured,0e25322b-4614-3ebc-8ec4-90ff52f4ebf6,-196854.398,355235.7838
4213,Point,0,1,0.0,,4213,98.83502444,62.17,-36.66502444,FALSE,-9999.0,98.5113503,-36.3413503,FALSE,-9999.0,98.80350243,-36.63350243,FALSE,-9999.0,0.0,1,1,C,USGS_gbHeatFlowWells_wEstimates.shp,Data release - assumed measured,6febb0c4-54f9-3042-98c2-d7cd8531a6cd,2663.821127,329609.5079
4214,Point,0,1,0.0,,4214,89.51639762,79.85,-9.666397621,TRUE,1.0,91.53643336,-11.68643336,TRUE,1.0,89.62527331,-9.775273312,TRUE,1.0,0.0,1,1,C,USGS_gbHeatFlowWells_wEstimates.shp,Data release - assumed measured,966631dc-3f9e-323a-8383-62ab78a6df58,55262.32626,343186.5839
4217,Point,0,1,0.0,,4217,88.89421625,87.36,-1.534216246,FALSE,-9999.0,91.38034755,-4.020347554,FALSE,-9999.0,88.98740818,-1.627408177,FALSE,-9999.0,0.0,1,1,C,USGS_gbHeatFlowWells_wEstimates.shp,Data release - assumed measured,bcd84637-8259-3c71-b508-960b51f0e1eb,62115.39745,333301.2741
4218,Point,0,1,0.0,,4218,97.19296396,98.28,1.087036039,TRUE,1.0,96.32299033,1.957009673,TRUE,1.0,97.11269698,1.167303018,TRUE,1.0,0.0,1,1,C,USGS_gbHeatFlowWells_wEstimates.shp,Data release - assumed measured,bdac8459-6b54-3d13-a7d2-0c6d57c77338,-29516.01606,304098.8676
4221,Point,0,1,0.0,,4221,85.6203227,58.24,-27.3803227,FALSE,-9999.0,86.71191662,-28.47191662,FALSE,-9999.0,86.13273822,-27.89273822,FALSE,-9999.0,0.0,1,1,C,USGS_gbHeatFlowWells_wEstimates.shp,Data release - assumed measured,3c99ab79-a962-333c-937e-426b2ca62852,-86468.57447,281574.5233
4222,Point,0,1,0.0,,4222,85.46195665,87.36,1.898043351,TRUE,1.0,86.56322178,0.796778216,TRUE,1.0,85.95523449,1.404765513,TRUE,1.0,0.0,1,1,C,USGS_gbHeatFlowWells_wEstimates.shp,Data release - assumed measured,2b6e86b5-e6b2-3eda-be47-16f211540bea,-88990.03806,283125.9056
4223,Point,0,1,0.0,,4223,83.58569056,91.728,8.14230944,TRUE,1.0,83.63044017,8.097559828,TRUE,1.0,83.50491468,8.223085324,TRUE,1.0,0.0,1,1,C,USGS_gbHeatFlowWells_wEstimates.shp,Data release - assumed measured,dafffded-7765-3b49-ac6f-4e29a8d9a3c5,-110716.4813,203702.1593
4224,Point,0,1,0.0,,4224,81.85457866,49.14,-32.71457866,FALSE,-9999.0,81.97070861,-32.83070861,FALSE,-9999.0,81.75126951,-32.61126951,FALSE,-9999.0,0.0,1,1,C,USGS_gbHeatFlowWells_wEstimates.shp,Data release - assumed measured,09ee9a29-b9b3-3d53-851b-0c1b927a3fc7,-100327.9137,214640.7786
4225,Point,0,1,0.0,,4225,84.53334447,102.38,17.84665553,TRUE,1.0,84.54147981,17.83852019,TRUE,1.0,84.30999082,18.07000918,TRUE,1.0,0.0,1,1,C,USGS_gbHeatFlowWells_wEstimates.shp,Data release - assumed measured,4c1a2f0c-ecd5-3a15-8b96-4061d9c1c986,-58127.24121,227711.0084
4226,Point,0,1,0.0,,4226,86.51059969,92.0,5.489400309,TRUE,1.0,86.58543054,5.414569455,TRUE,1.0,86.45395687,5.546043127,TRUE,1.0,0.0,1,1,C,USGS_gbHeatFlowWells_wEstimates.shp,known measured,3eb0ead9-3748-320a-b3f6-8eddece6d047,-133870.9628,224528.7744
4227,Point,0,1,0.0,,4227,94.67120075,110.0,15.32879925,TRUE,1.0,95.68392882,14.31607118,TRUE,1.0,94.93284929,15.06715071,TRUE,1.0,0.0,1,1,C,USGS_gbHeatFlowWells_wEstimates.shp,assumed measured,c990ab08-edac-32ec-9570-7f9420312fb3,32255.13087,345468.3681
4228,Point,0,1,0.0,,4228,85.05940863,81.536,-3.523408628,TRUE,1.0,84.73509665,-3.199096646,TRUE,1.0,85.40365311,-3.867653111,TRUE,1.0,0.0,1,1,C,USGS_gbHeatFlowWells_wEstimates.shp,Data release - assumed measured,3381cee1-88e4-3705-9145-1ed9c9dc9456,-144864.5916,360562.5411
4229,Point,0,1,0.0,,4229,77.23324204,56.056,-21.17724204,TRUE,1.0,76.77992686,-20.72392686,TRUE,1.0,79.58541443,-23.52941443,TRUE,1.0,0.0,1,1,C,USGS_gbHeatFlowWells_wEstimates.shp,Data release - assumed measured,730e3e73-c1c3-398d-92bc-fed1f03aef9d,-188526.313,325264.5353
4231,Point,0,1,0.0,,4231,80.41123054,100.0,19.58876946,TRUE,1.0,81.28487868,18.71512132,TRUE,1.0,80.07707364,19.92292636,TRUE,1.0,0.0,1,1,C,USGS_gbHeatFlowWells_wEstimates.shp,Data release - assumed measured,770434c1-d1b0-3b49-9e04-5929bac72dab,-139159.6842,88028.50872
4233,Point,0,1,0.0,,4233,84.80522305,79.534,-5.271223051,FALSE,-9999.0,84.24974414,-4.715744144,FALSE,-9999.0,84.30414318,-4.770143183,FALSE,-9999.0,0.0,1,1,C,USGS_gbHeatFlowWells_wEstimates.shp,Data release - assumed measured,77c95942-b34c-3c47-930b-6dac564b730e,-11154.58107,225093.5752
4234,Point,0,1,0.0,,4234,79.79857414,114.66,34.86142586,FALSE,-9999.0,79.68726299,34.97273701,FALSE,-9999.0,79.67123923,34.98876077,FALSE,-9999.0,0.0,1,1,C,USGS_gbHeatFlowWells_wEstimates.shp,Data release - assumed measured,f2dd7acb-20de-3b2d-b847-50cc4859dbc1,-93124.24049,172972.2109
4235,Point,0,1,0.0,,4235,80.96088776,61.152,-19.80888776,FALSE,-9999.0,81.07709389,-19.92509389,FALSE,-9999.0,83.13024728,-21.97824728,FALSE,-9999.0,0.0,1,1,C,USGS_gbHeatFlowWells_wEstimates.shp,unmeasured,fe0082ab-f1a2-3bb8-bfe4-9b75ea3f22d0,-188376.3774,305359.4259
4236,Point,0,1,0.0,,4236,85.75295197,109.0,23.24704803,TRUE,1.0,86.82593442,22.17406558,TRUE,1.0,86.28736794,22.71263206,TRUE,1.0,0.0,1,1,C,USGS_gbHeatFlowWells_wEstimates.shp,assumed measured,78f7243b-9f1c-3391-8088-be1da89f0d76,-84701.5386,280625.712
4238,Point,0,1,0.0,,4238,86.18785509,79.17,-7.017855093,FALSE,-9999.0,86.11757709,-6.947577092,FALSE,-9999.0,86.26765145,-7.097651451,FALSE,-9999.0,0.0,1,1,C,USGS_gbHeatFlowWells_wEstimates.shp,Data release - assumed measured,a44a7955-4616-3cf3-b7e8-1964660ada60,-55240.08901,343465.276
4239,Point,0,1,0.0,,4239,85.60700108,70.98,-14.62700108,FALSE,-9999.0,85.58854268,-14.60854268,FALSE,-9999.0,85.7394429,-14.7594429,FALSE,-9999.0,0.0,1,1,C,USGS_gbHeatFlowWells_wEstimates.shp,Data release - assumed measured,47b86697-ae3f-32c0-a808-7077ff71e76a,-56139.59849,340917.6602
4240,Point,0,1,0.0,,4240,86.03723087,57.33,-28.70723087,FALSE,-9999.0,85.968898,-28.638898,FALSE,-9999.0,86.18984375,-28.85984375,FALSE,-9999.0,0.0,1,1,C,USGS_gbHeatFlowWells_wEstimates.shp,Data release - assumed measured,e09b2e56-70c3-3eb4-97a7-e87e43cf5b17,-54367.95011,340838.2086
4241,Point,0,1,0.0,,4241,86.98818908,113.0,26.01181092,TRUE,1.0,86.97407254,26.02592746,TRUE,1.0,87.16634636,25.83365364,TRUE,0.01,0.0,1,1,C,USGS_gbHeatFlowWells_wEstimates.shp,unmeasured,85dc0ad9-3eb0-3197-a231-a179666cac81,-61878.65374,350346.5233
4242,Point,0,1,0.0,,4242,88.53179965,87.36,-1.171799647,TRUE,1.0,88.37735369,-1.017353686,TRUE,1.0,88.75315825,-1.393158254,TRUE,1.0,0.0,1,1,C,USGS_gbHeatFlowWells_wEstimates.shp,Data release - assumed measured,5c52eb69-8f99-32b4-b35c-8aacbd9dba4e,-52843.86542,350304.0151
4243,Point,0,1,0.0,,4243,88.4328446,51.87,-36.5628446,FALSE,-9999.0,88.33020701,-36.46020701,FALSE,-9999.0,88.69557957,-36.82557957,FALSE,-9999.0,0.0,1,1,C,USGS_gbHeatFlowWells_wEstimates.shp,Data release - assumed measured,7b7e56bf-9162-32d9-8563-48dd07c40c78,-56394.35091,352411.6174
4244,Point,0,1,0.0,,4244,80.76279997,119.76,38.99720003,FALSE,-9999.0,84.44551181,35.31448819,FALSE,-9999.0,83.79360606,35.96639394,FALSE,-9999.0,0.0,1,1,C,USGS_gbHeatFlowWells_wEstimates.shp,unmeasured,28b0da5f-11b5-3a90-95a4-deb9f76eb840,-9266.314744,6162.807323
4246,Point,0,1,0.0,,4246,84.68344868,44.954,-39.72944868,FALSE,-9999.0,86.54430393,-41.59030393,FALSE,-9999.0,83.98486975,-39.03086975,FALSE,-9999.0,0.0,1,1,C,USGS_gbHeatFlowWells_wEstimates.shp,Data release - assumed measured,d98f76a6-4fec-3086-ab20-5a6bcb386eff,-235654.5251,222018.1806
4248,Point,0,1,0.0,,4248,82.8186484,81.9,-0.918648398,FALSE,-9999.0,83.02281304,-1.122813037,FALSE,-9999.0,84.02858968,-2.128589678,FALSE,-9999.0,0.0,1,1,C,USGS_gbHeatFlowWells_wEstimates.shp,Data release - assumed measured,1c82f8dd-d324-3338-8b15-a8e2495baf2d,-119695.3296,328868.3953
4249,Point,0,1,0.0,,4249,82.7752442,99.008,16.2327558,TRUE,1.0,83.09627585,15.91172415,TRUE,1.0,84.22768975,14.78031025,TRUE,1.0,0.0,1,1,C,USGS_gbHeatFlowWells_wEstimates.shp,Data release - assumed measured,c138cc97-eea4-3981-9e80-70fd921df488,-119282.1098,322722.8159
4250,Point,0,1,0.0,,4250,87.59151053,58.968,-28.62351053,FALSE,-9999.0,87.73320952,-28.76520952,FALSE,-9999.0,86.39943973,-27.43143973,FALSE,-9999.0,0.0,1,1,C,USGS_gbHeatFlowWells_wEstimates.shp,Data release - assumed measured,02e90a50-3fbb-3571-8d0f-781126e0fb68,-155277.1818,272566.9557
4251,Point,0,1,0.0,,4251,86.3189103,84.0,-2.318910304,FALSE,-9999.0,86.24728446,-2.24728446,FALSE,-9999.0,86.39040366,-2.390403658,FALSE,-9999.0,0.0,1,1,C,USGS_gbHeatFlowWells_wEstimates.shp,unmeasured,a93b6e6a-a8f3-3f3c-8a02-2a0e7eb18704,-55627.44771,344509.6624
4252,Point,0,1,0.0,,4252,85.25418945,46.592,-38.66218945,TRUE,1.0,85.08309242,-38.49109242,TRUE,1.0,85.92190219,-39.32990219,TRUE,1.0,0.0,1,1,C,USGS_gbHeatFlowWells_wEstimates.shp,Data release - assumed measured,437f7ad2-d575-360a-8f4d-0ec53361ac88,-125360.9531,348458.9307
4253,Point,0,1,0.0,,4253,86.00147948,90.09,4.088520516,TRUE,1.0,85.84027335,4.249726645,TRUE,1.0,88.09201862,1.997981384,TRUE,1.0,0.0,1,1,C,USGS_gbHeatFlowWells_wEstimates.shp,Data release - assumed measured,c62336fa-0192-3546-9366-396cf04af6e7,-151571.3163,302775.4583
4254,Point,0,1,0.0,,4254,84.13210946,106.47,22.33789054,TRUE,1.0,84.05873409,22.41126591,TRUE,1.0,85.64611077,20.82388923,TRUE,1.0,0.0,1,1,C,USGS_gbHeatFlowWells_wEstimates.shp,Data release - assumed measured,f7b8643c-d48e-3b62-bcbd-89f5f2a06a75,-172205.6911,297185.2909
4255,Point,0,1,0.0,,4255,86.70143833,75.0,-11.70143833,FALSE,-9999.0,86.55929421,-11.55929421,FALSE,-9999.0,86.88261336,-11.88261336,FALSE,-9999.0,0.0,1,1,C,USGS_gbHeatFlowWells_wEstimates.shp,unmeasured,6fc159d8-6081-31d1-8e21-be96d901664c,-51791.72935,340485.0653
4256,Point,0,1,0.0,,4256,86.83567557,71.0,-15.83567557,FALSE,-9999.0,86.67879664,-15.67879664,FALSE,-9999.0,87.02243543,-16.02243543,FALSE,-9999.0,0.0,1,1,C,USGS_gbHeatFlowWells_wEstimates.shp,unmeasured,c1192d7c-788c-3133-aec4-51651a05dded,-51288.5032,340369.8012
4257,Point,0,1,0.0,,4257,83.83411791,107.02,23.18588209,FALSE,-9999.0,85.55969877,21.46030123,FALSE,-9999.0,83.0608495,23.9591505,FALSE,-9999.0,0.0,1,1,C,USGS_gbHeatFlowWells_wEstimates.shp,Data release - assumed measured,e54e2365-fa01-325d-88db-f42baecccb12,-231724.2844,213271.9174
4258,Point,0,1,0.0,,4258,87.12142716,67.9,-19.22142716,FALSE,-9999.0,87.30017633,-19.40017633,FALSE,-9999.0,86.62084701,-18.72084701,FALSE,-9999.0,0.0,1,1,C,USGS_gbHeatFlowWells_wEstimates.shp,Data release - assumed measured,cb8bd3b7-7889-380e-9bec-c18861812184,-149479.6979,237803.4846
4259,Point,0,1,0.0,,4259,85.9435402,62.0,-23.9435402,FALSE,-9999.0,86.126666,-24.126666,FALSE,-9999.0,84.77699839,-22.77699839,FALSE,-9999.0,0.0,1,1,C,USGS_gbHeatFlowWells_wEstimates.shp,Data release - assumed measured,829c79ae-7695-3f82-9a86-6760a47cf131,-149805.943,253242.8778
4260,Point,0,1,0.0,,4260,85.9118031,145.6,59.6881969,FALSE,-9999.0,86.8162765,58.7837235,FALSE,-9999.0,86.41364659,59.18635341,FALSE,-9999.0,0.0,1,1,C,USGS_gbHeatFlowWells_wEstimates.shp,Data release - assumed measured,3c8848aa-b83c-328d-a956-63b3bb015be8,-82025.95522,276597.7601
4261,Point,0,1,0.0,,4261,91.13805792,42.588,-48.55005792,FALSE,-9999.0,91.47172503,-48.88372503,FALSE,-9999.0,92.06815647,-49.48015647,FALSE,-9999.0,0.0,1,1,C,USGS_gbHeatFlowWells_wEstimates.shp,Data release - assumed measured,53f20404-42e4-3007-9be3-993db21f3ed5,-56112.0075,291905.126
4262,Point,0,1,0.0,,4262,83.15079179,90.09,6.939208206,TRUE,1.0,83.37420125,6.715798752,TRUE,1.0,83.17055863,6.919441374,TRUE,1.0,0.0,1,1,C,USGS_gbHeatFlowWells_wEstimates.shp,Data release - assumed measured,223cdaca-e70d-3690-8cd1-96d719b55ebc,-82483.92035,245819.7064
4263,Point,0,1,0.0,,4263,82.27161557,81.9,-0.371615572,TRUE,1.0,82.58361967,-0.683619666,TRUE,1.0,82.24637439,-0.346374387,TRUE,1.0,0.0,1,1,C,USGS_gbHeatFlowWells_wEstimates.shp,Data release - assumed measured,873f82d1-bb89-3a37-8b8e-a9b864a53e81,-97412.16489,244181.5071
4264,Point,0,1,0.0,,4264,86.0190507,3263.4,3177.380949,FALSE,-9999.0,86.29145091,3177.108549,FALSE,-9999.0,86.22834458,3177.171655,FALSE,-9999.0,0.0,1,1,C,USGS_gbHeatFlowWells_wEstimates.shp,Data release - assumed measured,05e65231-3c6e-3d5a-b277-da6b8dd78ec1,-74116.03901,258334.4603
4265,Point,0,1,0.0,,4265,75.18666221,29.0,-46.18666221,FALSE,-9999.0,74.80476089,-45.80476089,FALSE,-9999.0,75.34403952,-46.34403952,FALSE,-9999.0,0.0,1,1,D,USGS_gbHeatFlowWells_wEstimates.shp,known measured,cf405247-1283-32a0-ae26-366f53d54ba1,-196725.2571,360464.611
4272,Point,0,1,0.0,,4272,80.31958245,33.0,-47.31958245,TRUE,1.0,81.35332119,-48.35332119,TRUE,0.01,80.34875594,-47.34875594,TRUE,1.0,0.0,1,1,D,USGS_gbHeatFlowWells_wEstimates.shp,Data release - assumed measured,90b31cbf-56d7-31c1-8531-cd72bdc47041,-136935.6096,100322.2325
4274,Point,0,1,0.0,,4274,83.44911956,25.48,-57.96911956,FALSE,-9999.0,85.20251006,-59.72251006,FALSE,-9999.0,82.70202523,-57.22202523,FALSE,-9999.0,0.0,1,1,D,USGS_gbHeatFlowWells_wEstimates.shp,known measured,ae995096-225a-391f-aea0-372c4624c1bd,-236175.0578,212929.3763
4275,Point,0,1,0.0,,4275,86.16588168,32.76,-53.40588168,TRUE,0.730743116,87.11799409,-54.35799409,TRUE,0.006693916,86.8081013,-54.0481013,TRUE,0.688772736,0.0,1,1,D,USGS_gbHeatFlowWells_wEstimates.shp,Data release - assumed measured,0b69375a-a6f3-3b40-b3ca-c3b02681d681,-74691.77864,302263.2201
4276,Point,0,1,0.0,,4276,82.41539291,22.932,-59.48339291,TRUE,0.417507502,82.78765821,-59.85565821,TRUE,0.004034351,82.35647046,-59.42447046,TRUE,0.419779457,0.0,1,1,D,USGS_gbHeatFlowWells_wEstimates.shp,Data release - assumed measured,ec931a2b-d212-348e-8fcf-1ecbf8edeeaf,-101365.6006,247558.5513
4277,Point,0,1,0.0,,4277,90.76834774,35.035,-55.73334774,FALSE,-9999.0,90.75904498,-55.72404498,FALSE,-9999.0,91.31747054,-56.28247054,FALSE,-9999.0,0.0,1,1,D,USGS_gbHeatFlowWells_wEstimates.shp,Data release - assumed measured,c9c37009-a13a-37f0-9204-f5a084bbd208,-56223.70617,272252.9035
4278,Point,0,1,0.0,,4278,82.82771816,48.18,-34.64771816,TRUE,1.0,83.96046555,-35.78046555,TRUE,0.01,83.1039579,-34.9239579,TRUE,1.0,0.0,1,1,D,USGS_gbHeatFlowWells_wEstimates.shp,Data release - assumed measured,646f4f18-948a-3eba-b125-3b68f59905e5,-89483.54864,312229.2984
4279,Point,0,1,0.0,,4279,75.07463412,222.0,146.9253659,FALSE,-9999.0,74.67736955,147.3226304,FALSE,-9999.0,75.25085935,146.7491406,FALSE,-9999.0,0.0,1,1,G,USGS_gbHeatFlowWells_wEstimates.shp,known measured,acabea3d-551d-3d06-93d1-42367fc20c91,-197881.252,358812.7414
4280,Point,0,1,0.0,,4280,88.18144288,183.0,94.81855712,FALSE,-9999.0,87.89899261,95.10100739,FALSE,-9999.0,88.37590854,94.62409146,FALSE,-9999.0,0.0,1,1,G,USGS_gbHeatFlowWells_wEstimates.shp,known measured,6188bda1-ba8c-37b7-b536-8e2dc81197aa,-47092.69033,341128.0741
4281,Point,0,1,0.0,,4281,75.02214425,2720.0,2644.977856,FALSE,-9999.0,74.61055009,2645.38945,FALSE,-9999.0,75.22225999,2644.77774,FALSE,-9999.0,0.0,1,1,G,USGS_gbHeatFlowWells_wEstimates.shp,assumed measured,17dd2430-72a4-35e1-9630-7bf41977b376,-198332.8414,357513.1607
4282,Point,0,1,0.0,,4282,84.64647704,115.0,30.35352296,FALSE,-9999.0,86.34202125,28.65797875,FALSE,-9999.0,83.98488633,31.01511367,FALSE,-9999.0,0.0,1,1,G,USGS_gbHeatFlowWells_wEstimates.shp,known measured,46e186e2-4de5-3341-8f97-1b370bf787d4,-224807.3976,214187.2132
4289,Point,0,1,0.0,,4289,83.15350082,163.0,79.84649918,FALSE,-9999.0,83.97241015,79.02758985,FALSE,-9999.0,83.52786553,79.47213447,FALSE,-9999.0,0.0,1,1,G,USGS_gbHeatFlowWells_wEstimates.shp,Data release - assumed measured,ccd186a8-b861-3f25-8341-9909b87466d2,-84034.60574,40014.86613
4290,Point,0,1,0.0,,4290,83.67029267,162.4,78.72970733,FALSE,-9999.0,84.55922834,77.84077166,FALSE,-9999.0,84.24350447,78.15649553,FALSE,-9999.0,0.0,1,1,G,USGS_gbHeatFlowWells_wEstimates.shp,Data release - assumed measured,f78d555f-705f-37a2-979c-664942c480f0,-79673.3108,40352.88493
4291,Point,0,1,0.0,,4291,83.9661266,294.0,210.0338734,FALSE,-9999.0,84.89339993,209.1066001,FALSE,-9999.0,84.66257927,209.3374207,FALSE,-9999.0,0.0,1,1,G,USGS_gbHeatFlowWells_wEstimates.shp,Data release - assumed measured,ccbc44a4-a013-3a71-9959-287cb24ba6f3,-77203.55649,40699.39534
4292,Point,0,1,0.0,,4292,83.97218967,504.0,420.0278103,FALSE,-9999.0,84.87856374,419.1214363,FALSE,-9999.0,84.72108694,419.2789131,FALSE,-9999.0,0.0,1,1,G,USGS_gbHeatFlowWells_wEstimates.shp,Data release - assumed measured,33aa9143-bbfb-320d-84bd-bb515d593c8a,-77551.21116,42664.08672
4293,Point,0,1,0.0,,4293,83.93437644,350.0,266.0656236,FALSE,-9999.0,84.84876948,265.1512305,FALSE,-9999.0,84.63736941,265.3626306,FALSE,-9999.0,0.0,1,1,G,USGS_gbHeatFlowWells_wEstimates.shp,Data release - assumed measured,62068c5a-4e7e-3558-8703-47bef7e38cbb,-77632.24769,41454.34946
4294,Point,0,1,0.0,,4294,83.79327652,490.0,406.2067235,FALSE,-9999.0,84.67016863,405.3298314,FALSE,-9999.0,84.4901203,405.5098797,FALSE,-9999.0,0.0,1,1,G,USGS_gbHeatFlowWells_wEstimates.shp,Data release - assumed measured,d515f2d5-861e-34dd-9068-3dcdc1494ce5,-79209.07343,43329.8549
4295,Point,0,1,0.0,,4295,98.79752518,552.0,453.2024748,FALSE,-9999.0,97.82662904,454.173371,FALSE,-9999.0,97.60633674,454.3936633,FALSE,-9999.0,0.0,1,1,G,USGS_gbHeatFlowWells_wEstimates.shp,Data release - assumed measured,8cd3e2be-c354-30cd-a37c-f145cd61e3c7,-12385.169,267338.0454
4298,Point,0,1,0.0,,4298,76.07055629,622.4,546.3294437,FALSE,-9999.0,75.66962279,546.7303772,FALSE,-9999.0,77.72975411,544.6702459,FALSE,-9999.0,0.0,1,1,G,USGS_gbHeatFlowWells_wEstimates.shp,assumed measured,c3119740-0a77-3c06-a219-290f4948fc5c,-202379.5804,330167.3891
4299,Point,0,1,0.0,,4299,76.42809171,5832.0,5755.571908,FALSE,-9999.0,76.07715087,5755.922849,FALSE,-9999.0,78.26249565,5753.737504,FALSE,-9999.0,0.0,1,1,G,USGS_gbHeatFlowWells_wEstimates.shp,assumed measured,dc4e3b24-1079-3eb2-9333-d64eb681aefb,-202302.2163,327237.0516
4300,Point,0,1,0.0,,4300,86.21807113,191.1,104.8819289,FALSE,-9999.0,86.67862417,104.4213758,FALSE,-9999.0,85.32748364,105.7725164,FALSE,-9999.0,0.0,1,1,G,USGS_gbHeatFlowWells_wEstimates.shp,Data release - assumed measured,cbdd18bc-d2a4-3004-8754-024baf33fa36,-177598.8413,277141.4256
4301,Point,0,1,0.0,,4301,86.36044363,254.8,168.4395564,FALSE,-9999.0,86.72426689,168.0757331,FALSE,-9999.0,85.39633432,169.4036657,FALSE,-9999.0,0.0,1,1,G,USGS_gbHeatFlowWells_wEstimates.shp,Data release - assumed measured,f743d0e7-3eef-301f-85a8-d1f187d6a4e7,-175446.3469,277195.0862
4302,Point,0,1,0.0,,4302,86.36346192,318.5,232.1365381,FALSE,-9999.0,86.62447683,231.8755232,FALSE,-9999.0,85.51954354,232.9804565,FALSE,-9999.0,0.0,1,1,G,USGS_gbHeatFlowWells_wEstimates.shp,Data release - assumed measured,c18d529f-c3d7-3581-900b-098a1290c803,-173365.3229,278651.7708
4303,Point,0,1,0.0,,4303,86.28854201,294.84,208.551458,FALSE,-9999.0,86.46282579,208.3771742,FALSE,-9999.0,85.70722171,209.1327783,FALSE,-9999.0,0.0,1,1,G,USGS_gbHeatFlowWells_wEstimates.shp,Data release - assumed measured,d85d2cc2-7e03-3064-adb9-f385597f652d,-171585.7384,280698.1615
4304,Point,0,1,0.0,,4304,86.02386649,318.5,232.4761335,FALSE,-9999.0,86.23721008,232.2627899,FALSE,-9999.0,85.65849301,232.841507,FALSE,-9999.0,0.0,1,1,G,USGS_gbHeatFlowWells_wEstimates.shp,Data release - assumed measured,92c1700d-94e9-39a7-b68f-66c785488e7f,-173209.2857,281965.7365
4305,Point,0,1,0.0,,4305,82.23970784,220.0,137.7602922,FALSE,-9999.0,82.92208587,137.0779141,FALSE,-9999.0,82.37660032,137.6233997,FALSE,-9999.0,0.0,1,1,G,USGS_gbHeatFlowWells_wEstimates.shp,Data release - assumed measured,62b8b256-428a-3727-8f01-ac5968209240,-92466.37798,42983.34286
4306,Point,0,1,0.0,,4306,82.61430449,206.8,124.1856955,FALSE,-9999.0,83.34719366,123.4528063,FALSE,-9999.0,82.85699422,123.9430058,FALSE,-9999.0,0.0,1,1,G,USGS_gbHeatFlowWells_wEstimates.shp,Data release - assumed measured,1843c8ce-c083-324c-8bd5-2420156b8121,-89095.17375,42234.6715
4307,Point,0,1,0.0,,4307,82.17799053,1019.0,936.8220095,FALSE,-9999.0,82.86171276,936.1382872,FALSE,-9999.0,82.23699823,936.7630018,FALSE,-9999.0,0.0,1,1,G,USGS_gbHeatFlowWells_wEstimates.shp,Data release - assumed measured,f46de8a6-a2a9-342a-ba83-d6715f062e7c,-92473.89177,40487.66231
4308,Point,0,1,0.0,,4308,82.4816127,125.0,42.5183873,FALSE,-9999.0,83.21276036,41.78723964,FALSE,-9999.0,82.60758954,42.39241046,FALSE,-9999.0,0.0,1,1,G,USGS_gbHeatFlowWells_wEstimates.shp,Data release - assumed measured,d863074a-8e14-38be-a560-5dd0a1b3da1e,-89610.05956,39208.33401
4309,Point,0,1,0.0,,4309,82.29597949,613.0,530.7040205,FALSE,-9999.0,82.99620094,530.0037991,FALSE,-9999.0,82.3877049,530.6122951,FALSE,-9999.0,0.0,1,1,G,USGS_gbHeatFlowWells_wEstimates.shp,Data release - assumed measured,400fa393-8e86-332e-b468-2fc7245c41ff,-91422.91958,40289.20123
4310,Point,0,1,0.0,,4310,85.4022676,671.94,586.5377324,FALSE,-9999.0,85.50927944,586.4307206,FALSE,-9999.0,85.29364402,586.646356,FALSE,-9999.0,0.0,1,1,G,USGS_gbHeatFlowWells_wEstimates.shp,assumed measured,8c1b2907-f947-3adc-ab8f-f850fb1bc9b6,-131794.7201,230076.3888
4311,Point,0,1,0.0,,4311,76.35073557,5446.4,5370.049264,FALSE,-9999.0,75.98650876,5370.413491,FALSE,-9999.0,78.1546983,5368.245302,FALSE,-9999.0,0.0,1,1,G,USGS_gbHeatFlowWells_wEstimates.shp,assumed measured,e5906b3c-cdab-3157-964d-99792fa82b16,-202160.4581,327849.7726
4312,Point,0,1,0.0,,4312,76.20528558,8420.4,8344.194714,FALSE,-9999.0,75.8229564,8344.577044,FALSE,-9999.0,77.93419065,8342.465809,FALSE,-9999.0,0.0,1,1,G,USGS_gbHeatFlowWells_wEstimates.shp,assumed measured,16c5e8a6-4662-3621-9ebd-dae8d9ca4a74,-202383.6336,329009.5879
4313,Point,0,1,0.0,,4313,76.20896629,3670.4,3594.191034,FALSE,-9999.0,75.82151482,3594.578485,FALSE,-9999.0,77.95109218,3592.448908,FALSE,-9999.0,0.0,1,1,G,USGS_gbHeatFlowWells_wEstimates.shp,assumed measured,4110120f-6d7b-3029-9ad7-13671999c821,-201928.8706,329020.5089
4314,Point,0,1,0.0,,4314,81.86320551,129.7,47.83679449,FALSE,-9999.0,81.98373145,47.71626855,FALSE,-9999.0,81.76541616,47.93458384,FALSE,-9999.0,0.0,1,1,G,USGS_gbHeatFlowWells_wEstimates.shp,Data release - assumed measured,68cd631b-404b-3305-8d6c-a1d315eafd0b,-100501.7992,215068.8385
4315,Point,0,1,0.0,,4315,87.77939117,121.3,33.52060883,FALSE,-9999.0,88.0336657,33.2663343,FALSE,-9999.0,88.02198189,33.27801811,FALSE,-9999.0,0.0,1,1,G,USGS_gbHeatFlowWells_wEstimates.shp,Data release - assumed measured,fe3e3f46-a302-3c44-9759-c3608177be78,-130701.236,201152.0568
4316,Point,0,1,0.0,,4316,85.24701636,234.33,149.0829836,FALSE,-9999.0,85.36383427,148.9661657,FALSE,-9999.0,85.11848309,149.2115169,FALSE,-9999.0,0.0,1,1,G,USGS_gbHeatFlowWells_wEstimates.shp,assumed measured,d73c5536-e45e-36f6-8f40-36f22f843e1a,-132193.041,231764.0832
4317,Point,0,1,0.0,,4317,77.56037459,178.4,100.8396254,FALSE,-9999.0,77.37505093,101.0249491,FALSE,-9999.0,79.68222313,98.71777687,FALSE,-9999.0,0.0,1,1,G,USGS_gbHeatFlowWells_wEstimates.shp,assumed measured,6f9bb760-3a20-3a57-a2e1-025c66f92c2c,-201647.5948,320250.4881
4318,Point,0,1,0.0,,4318,76.50991265,1820.0,1743.490087,FALSE,-9999.0,76.17411571,1743.825884,FALSE,-9999.0,78.37264967,1741.62735,FALSE,-9999.0,0.0,1,1,G,USGS_gbHeatFlowWells_wEstimates.shp,assumed measured,974e28e6-6e9a-37b7-a462-59f0bf768d5e,-202511.8773,326603.6271
4319,Point,0,1,0.0,,4319,76.9901775,455.0,378.0098225,FALSE,-9999.0,76.74038598,378.259614,FALSE,-9999.0,78.9643125,376.0356875,FALSE,-9999.0,0.0,1,1,G,USGS_gbHeatFlowWells_wEstimates.shp,assumed measured,0e16353e-ee27-3296-9c03-39fdc633a6d4,-203393.7154,323376.3103
4320,Point,0,1,0.0,,4320,76.5257328,1019.2,942.6742672,FALSE,-9999.0,76.23322843,942.9667716,FALSE,-9999.0,78.28747809,940.9125219,FALSE,-9999.0,0.0,1,1,G,USGS_gbHeatFlowWells_wEstimates.shp,assumed measured,b57cb201-2de0-3e3f-93fe-96cdc5f43259,-205733.6535,326383.2834
4321,Point,0,1,0.0,,4321,91.76907286,165.76,73.99092714,FALSE,-9999.0,91.28187493,74.47812507,FALSE,-9999.0,91.54470655,74.21529345,FALSE,-9999.0,0.0,1,1,G,USGS_gbHeatFlowWells_wEstimates.shp,known measured,cefc0b8c-8826-3ec4-b013-33194dfa67f8,-42834.74769,257121.8558
4331,Point,0,1,0.0,,4331,93.97399662,653.8,559.8260034,FALSE,-9999.0,93.41251812,560.3874819,FALSE,-9999.0,93.9700372,559.8299628,FALSE,-9999.0,0.0,1,1,G,USGS_gbHeatFlowWells_wEstimates.shp,known measured,e6edd47b-d598-3f3c-b3df-ebed50fd0879,-41599.94621,269456.3101
4332,Point,0,1,0.0,,4332,92.71391207,428.4,335.6860879,FALSE,-9999.0,92.26071207,336.1392879,FALSE,-9999.0,92.77553217,335.6244678,FALSE,-9999.0,0.0,1,1,G,USGS_gbHeatFlowWells_wEstimates.shp,known measured,4471cf06-2d99-33c9-816e-499c733fa307,-45148.4548,266300.5621
4333,Point,0,1,0.0,,4333,92.04621212,267.4,175.3537879,FALSE,-9999.0,91.52297993,175.8770201,FALSE,-9999.0,91.77491206,175.6250879,FALSE,-9999.0,0.0,1,1,G,USGS_gbHeatFlowWells_wEstimates.shp,known measured,173e583e-5b7e-3755-b8cb-5564abe3efe9,-41380.60401,257129.2233
4334,Point,0,1,0.0,,4334,89.27268233,175.0,85.72731767,FALSE,-9999.0,88.9990241,86.0009759,FALSE,-9999.0,89.0943727,85.9056273,FALSE,-9999.0,0.0,1,1,G,USGS_gbHeatFlowWells_wEstimates.shp,Data release - assumed measured,0a489d5c-7c9f-3125-a79c-7121fb7aa09d,-49835.0505,249104.9546
4335,Point,0,1,0.0,,4335,93.34894381,238.0,144.6510562,FALSE,-9999.0,92.78965308,145.2103469,FALSE,-9999.0,93.25787706,144.7421229,FALSE,-9999.0,0.0,1,1,G,USGS_gbHeatFlowWells_wEstimates.shp,known measured,0263b15e-ef22-3a21-821a-28cf3f77d997,-41762.42937,265348.5557
4336,Point,0,1,0.0,,4336,85.10882905,122.3,37.19117095,FALSE,-9999.0,84.91799614,37.38200386,FALSE,-9999.0,86.7858426,35.5141574,FALSE,-9999.0,0.0,1,1,G,USGS_gbHeatFlowWells_wEstimates.shp,unmeasured,4e21689e-2dbf-3106-a301-9a1f31129cda,-163474.102,298650.0594
4337,Point,0,1,0.0,,4337,84.21286675,366.91,282.6971332,FALSE,-9999.0,83.89627025,283.0137298,FALSE,-9999.0,86.54960662,280.3603934,FALSE,-9999.0,0.0,1,1,G,USGS_gbHeatFlowWells_wEstimates.shp,unmeasured,af227075-e7db-3e9d-8d83-6bb44283ae9c,-161627.4705,306456.6667
4338,Point,0,1,0.0,,4338,84.39935789,333.79,249.3906421,FALSE,-9999.0,84.11754863,249.6724514,FALSE,-9999.0,86.56315809,247.2268419,FALSE,-9999.0,0.0,1,1,G,USGS_gbHeatFlowWells_wEstimates.shp,assumed measured,80e5db57-7bcb-3dac-a11f-5bf24fe15988,-162797.5771,304239.207
4339,Point,0,1,0.0,,4339,84.06754692,193.65,109.5824531,FALSE,-9999.0,83.74568166,109.9043183,FALSE,-9999.0,86.40685091,107.2431491,FALSE,-9999.0,0.0,1,1,G,USGS_gbHeatFlowWells_wEstimates.shp,unmeasured,101a39ae-16bf-30bc-b6b3-42724866a8a4,-162470.9575,306473.708
4340,Point,0,1,0.0,,4340,84.04262313,234.42,150.3773769,FALSE,-9999.0,83.70800095,150.7119991,FALSE,-9999.0,86.45034868,147.9696513,FALSE,-9999.0,0.0,1,1,G,USGS_gbHeatFlowWells_wEstimates.shp,assumed measured,66a51dc0-b2c7-37e8-a79a-2abcbbb29d2d,-161608.6577,307390.075
4341,Point,0,1,0.0,,4341,83.04715038,183.46,100.4128496,FALSE,-9999.0,82.65823236,100.8017676,FALSE,-9999.0,85.62402383,97.83597617,FALSE,-9999.0,0.0,1,1,G,USGS_gbHeatFlowWells_wEstimates.shp,assumed measured,d0cd92da-e074-3607-9d1e-22f1e47772df,-164791.7427,309882.7026
4342,Point,0,1,0.0,,4342,84.71738324,183.46,98.74261676,FALSE,-9999.0,84.48722814,98.97277186,FALSE,-9999.0,86.61475581,96.84524419,FALSE,-9999.0,0.0,1,1,G,USGS_gbHeatFlowWells_wEstimates.shp,unmeasured,8970590a-0066-3d83-8d8a-68fa103961f8,-163846.7106,301085.6021
4343,Point,0,1,0.0,,4343,87.71815661,5693.6,5605.881843,FALSE,-9999.0,88.16614192,5605.433858,FALSE,-9999.0,85.85909506,5607.740905,FALSE,-9999.0,0.0,1,1,G,USGS_gbHeatFlowWells_wEstimates.shp,known measured,4f2d691f-edb3-367f-89ec-139de18fe389,-170871.1979,259276.517
4344,Point,0,1,0.0,,4344,87.87143943,7730.8,7642.928561,FALSE,-9999.0,88.34061945,7642.459381,FALSE,-9999.0,86.05650703,7644.743493,FALSE,-9999.0,0.0,1,1,G,USGS_gbHeatFlowWells_wEstimates.shp,known measured,f61da018-98fb-3681-9529-2660ff6bd01f,-170889.6948,256799.9213
4345,Point,0,1,0.0,,4345,85.10416422,510.0,424.8958358,FALSE,-9999.0,85.2273389,424.7726611,FALSE,-9999.0,84.97277399,425.027226,FALSE,-9999.0,0.0,1,1,G,USGS_gbHeatFlowWells_wEstimates.shp,known measured,257c6217-19f8-35d3-9e8b-f9fd8e967166,-131801.7223,232262.0658
4346,Point,0,1,0.0,,4346,74.96247357,318.0,243.0375264,FALSE,-9999.0,74.52458121,243.4754188,FALSE,-9999.0,75.22654978,242.7734502,FALSE,-9999.0,0.0,1,1,G,USGS_gbHeatFlowWells_wEstimates.shp,known measured,975c093f-3239-3968-bb6f-ac9a811ee9f7,-198812.2213,355105.1162
4347,Point,0,1,0.0,,4347,87.63802442,568.04,480.4019756,FALSE,-9999.0,88.07905748,479.9609425,FALSE,-9999.0,85.76226479,482.2777352,FALSE,-9999.0,0.0,1,1,G,USGS_gbHeatFlowWells_wEstimates.shp,known measured,0e2aed34-4793-3b85-8473-b60b748a44b9,-171243.9691,260909.5763
4348,Point,0,1,0.0,,4348,94.94002966,261.29,166.3499703,FALSE,-9999.0,95.98637483,165.3036252,FALSE,-9999.0,95.17876379,166.1112362,FALSE,-9999.0,0.0,1,1,G,USGS_gbHeatFlowWells_wEstimates.shp,known measured,7e8e95d5-2865-3bdf-a97f-ae3b2b1bbf63,31885.94137,343338.7078
4349,Point,0,1,0.0,,4349,87.76590541,316.8,229.0340946,FALSE,-9999.0,88.21151221,228.5884878,FALSE,-9999.0,85.92986644,230.8701336,FALSE,-9999.0,0.0,1,1,G,USGS_gbHeatFlowWells_wEstimates.shp,known measured,972c760c-ed73-3f68-a7bf-9f3ca8caa956,-170353.7386,258055.1042
4350,Point,0,1,0.0,,4350,94.84624026,293.76,198.9137597,FALSE,-9999.0,95.91806155,197.8419385,FALSE,-9999.0,95.07729979,198.6827002,FALSE,-9999.0,0.0,1,1,G,USGS_gbHeatFlowWells_wEstimates.shp,known measured,b890dc25-9af0-300c-a01f-dfb6241db99a,32349.31716,342948.5446
4351,Point,0,1,0.0,,4351,87.44382875,9.0,-78.44382875,FALSE,-9999.0,87.76591573,-78.76591573,FALSE,-9999.0,85.80939404,-76.80939404,FALSE,-9999.0,0.0,1,1,G,USGS_gbHeatFlowWells_wEstimates.shp,known measured,7ad93995-065c-31a8-a049-511d4e2074f7,-163447.4104,254919.7305
4352,Point,0,1,0.0,,4352,94.81515893,237.49,142.6748411,FALSE,-9999.0,95.89830964,141.5916904,FALSE,-9999.0,95.04235895,142.4476411,FALSE,-9999.0,0.0,1,1,G,USGS_gbHeatFlowWells_wEstimates.shp,known measured,2e29558c-97da-34aa-99bc-8fe70fab26e3,32526.55941,342725.242
4353,Point,0,1,0.0,,4353,94.44135104,2932.5,2838.058649,FALSE,-9999.0,95.56576907,2836.934231,FALSE,-9999.0,94.6602383,2837.839762,FALSE,-9999.0,0.0,1,1,G,USGS_gbHeatFlowWells_wEstimates.shp,known measured,2f87a487-d25e-31d8-8459-03f80da35ee2,33843.83896,342965.9558
4354,Point,0,1,0.0,,4354,94.49160812,383.52,289.0283919,FALSE,-9999.0,95.61968719,287.9003128,FALSE,-9999.0,94.70789073,288.8121093,FALSE,-9999.0,0.0,1,1,G,USGS_gbHeatFlowWells_wEstimates.shp,known measured,e6556d99-205b-3770-9f9b-023dab7b3589,33744.41075,342651.9022
4355,Point,0,1,0.0,,4355,94.69998131,173.57,78.87001869,FALSE,-9999.0,95.81271658,77.75728342,FALSE,-9999.0,94.91786632,78.65213368,FALSE,-9999.0,0.0,1,1,G,USGS_gbHeatFlowWells_wEstimates.shp,known measured,5e5a918b-914c-3e42-b6f3-15373f897087,33074.20289,342279.4572
4356,Point,0,1,0.0,,4356,94.01526961,598.23,504.2147304,FALSE,-9999.0,95.21305621,503.0169438,FALSE,-9999.0,94.20704957,504.0229504,FALSE,-9999.0,0.0,1,1,G,USGS_gbHeatFlowWells_wEstimates.shp,known measured,7bb5ca45-86fa-3bf2-816e-ac4b7076782c,35585.45773,342178.2819
4357,Point,0,1,0.0,,4357,87.78524855,3271.4,3183.614751,FALSE,-9999.0,88.25261129,3183.147389,FALSE,-9999.0,85.93588945,3185.464111,FALSE,-9999.0,0.0,1,1,G,USGS_gbHeatFlowWells_wEstimates.shp,known measured,ccb7ef4d-3adf-39e3-8ca3-9d018a214108,-171312.7943,258467.6987
4358,Point,0,1,0.0,,4358,94.74138171,295.63,200.8886183,FALSE,-9999.0,95.86247028,199.7675297,FALSE,-9999.0,94.95448649,200.6755135,FALSE,-9999.0,0.0,1,1,G,USGS_gbHeatFlowWells_wEstimates.shp,known measured,bd69f743-e0e1-335b-8924-1c7047c3a364,33034.07279,341831.2538
4359,Point,0,1,0.0,,4359,87.74944136,2741.2,2653.450559,FALSE,-9999.0,88.19510516,2653.004895,FALSE,-9999.0,85.90524966,2655.29475,FALSE,-9999.0,0.0,1,1,G,USGS_gbHeatFlowWells_wEstimates.shp,known measured,a00fabc2-4899-38f2-b8a8-60071edd613a,-170489.7113,258450.2543
4360,Point,0,1,0.0,,4360,98.57865275,303.03,204.4513473,FALSE,-9999.0,98.56646462,204.4635354,FALSE,-9999.0,98.75370908,204.2762909,FALSE,-9999.0,0.0,1,1,G,USGS_gbHeatFlowWells_wEstimates.shp,Data release - assumed measured,984500eb-b159-391d-a427-e38b394a2cb4,6547.444779,342168.5206
4361,Point,0,1,0.0,,4361,97.30597776,165.85,68.54402224,TRUE,0.181233764,97.47029415,68.37970585,TRUE,0.183997434,97.81730842,68.03269158,TRUE,0.189973205,0.0,1,1,G,USGS_gbHeatFlowWells_wEstimates.shp,Data release - assumed measured,82c443f7-6320-375b-9e82-9905051ec500,-455.1110596,358921.536
4364,Point,0,1,0.0,,4364,98.61178348,128.99,30.37821652,TRUE,1.0,97.63888129,31.35111871,TRUE,1.0,98.65584093,30.33415907,TRUE,1.0,0.0,1,1,G,USGS_gbHeatFlowWells_wEstimates.shp,Data release - assumed measured,ed43e2bd-e732-3964-b646-66d1ae431aca,-13930.01851,329665.8334
4365,Point,0,1,0.0,,4365,92.31262681,233.42,141.1073732,FALSE,-9999.0,93.45751688,139.9624831,FALSE,-9999.0,92.55395504,140.866045,FALSE,-9999.0,0.0,1,1,G,USGS_gbHeatFlowWells_wEstimates.shp,Data release - assumed measured,a000948f-7db2-3f66-8b34-5ff86c132b3a,39300.85531,349924.3242
4368,Point,0,1,0.0,,4368,97.28288716,231.6,134.3171128,FALSE,-9999.0,97.77175809,133.8282419,FALSE,-9999.0,97.580956,134.019044,FALSE,-9999.0,0.0,1,1,G,USGS_gbHeatFlowWells_wEstimates.shp,Data release - assumed measured,81e60bf2-d992-35e0-a311-f743d4af42af,18961.83128,347878.4956
4369,Point,0,1,0.0,,4369,91.99817592,168.35,76.35182408,FALSE,-9999.0,93.4297389,74.9202611,FALSE,-9999.0,92.1451261,76.2048739,FALSE,-9999.0,0.0,1,1,G,USGS_gbHeatFlowWells_wEstimates.shp,assumed measured,4ed549ce-339a-32f9-b745-76ac8b48bbcd,42983.25021,343805.3281
4374,Point,0,1,0.0,,4374,97.23007847,131.04,33.80992153,FALSE,-9999.0,96.32031693,34.71968307,FALSE,-9999.0,97.13668141,33.90331859,FALSE,-9999.0,0.0,1,1,G,USGS_gbHeatFlowWells_wEstimates.shp,Data release - assumed measured,c9db039c-ed87-39a4-952d-359f5eca5522,-28622.91911,306112.2262
4375,Point,0,1,0.0,,4375,98.61920032,157.89,59.27079968,FALSE,-9999.0,98.12995685,59.76004315,FALSE,-9999.0,98.66323828,59.22676172,FALSE,-9999.0,0.0,1,1,G,USGS_gbHeatFlowWells_wEstimates.shp,Data release - assumed measured,f27fca4e-12b5-31dd-b185-07656ef93b4f,-2802.317775,331625.7994
4377,Point,0,1,0.0,,4377,85.76415827,343.98,258.2158417,FALSE,-9999.0,86.98496507,256.9950349,FALSE,-9999.0,86.3696313,257.6103687,FALSE,-9999.0,0.0,1,1,G,USGS_gbHeatFlowWells_wEstimates.shp,Data release - assumed measured,73adfaee-af1a-354b-ac99-1021409142b1,-85061.25401,286624.168
4378,Point,0,1,0.0,,4378,79.78453925,184.28,104.4954608,FALSE,-9999.0,79.54314088,104.7368591,FALSE,-9999.0,79.10618692,105.1738131,FALSE,-9999.0,0.0,1,1,G,USGS_gbHeatFlowWells_wEstimates.shp,Data release - assumed measured,5bb97b18-af59-3b78-85c3-30c1740f2510,-82903.09478,195513.9846
4379,Point,0,1,0.0,,4379,77.02704838,309.4,232.3729516,FALSE,-9999.0,76.76232603,232.637674,FALSE,-9999.0,79.05906021,230.3409398,FALSE,-9999.0,0.0,1,1,G,USGS_gbHeatFlowWells_wEstimates.shp,Data release - assumed measured,f9741ce2-6f6c-3dd4-a26b-652f2884fefc,-201965.3634,323239.2856
4380,Point,0,1,0.0,,4380,77.01156792,498.68,421.6684321,FALSE,-9999.0,76.76637313,421.9136269,FALSE,-9999.0,78.98685733,419.6931427,FALSE,-9999.0,0.0,1,1,G,USGS_gbHeatFlowWells_wEstimates.shp,Data release - assumed measured,60f4bc5f-0218-3ba3-b2f7-b396bf4f3700,-203481.3106,323244.0651
4381,Point,0,1,0.0,,4381,84.05615002,217.85,133.79385,FALSE,-9999.0,85.79991998,132.05008,FALSE,-9999.0,83.28914612,134.5608539,FALSE,-9999.0,0.0,1,1,G,USGS_gbHeatFlowWells_wEstimates.shp,Data release - assumed measured,ecc89caf-8560-3a8d-a5ef-b7bc295c5694,-231677.2423,214918.6844
4382,Point,0,1,0.0,,4382,86.34632729,187.0,100.6536727,TRUE,0.00941571,89.3694373,97.6305627,TRUE,0.012438772,86.6572628,100.3427372,TRUE,0.009689259,0.0,1,1,G,USGS_gbHeatFlowWells_wEstimates.shp,assumed measured,bd2c87d2-5f11-3fef-b742-652aa9619a80,71167.74982,357045.0512
4384,Point,0,1,0.0,,4384,89.03898233,247.1,158.0610177,FALSE,-9999.0,89.22988215,157.8701178,FALSE,-9999.0,89.19077235,157.9092276,FALSE,-9999.0,0.0,1,1,G,USGS_gbHeatFlowWells_wEstimates.shp,Data release - assumed measured,8ec3d08e-5d64-3583-822e-00b0053b299b,-140631.2751,209208.9589
4385,Point,0,1,0.0,,4385,89.30361273,355.6,266.2963873,FALSE,-9999.0,89.61673683,265.9832632,FALSE,-9999.0,89.54388268,266.0561173,FALSE,-9999.0,0.0,1,1,G,USGS_gbHeatFlowWells_wEstimates.shp,Data release - assumed measured,e3ec490c-758a-399b-85f5-3ca1a45ea8a1,-142725.4917,206667.44
4386,Point,0,1,0.0,,4386,88.54228208,468.72,380.1777179,FALSE,-9999.0,88.62579381,380.0942062,FALSE,-9999.0,88.60922829,380.1107717,FALSE,-9999.0,0.0,1,1,G,USGS_gbHeatFlowWells_wEstimates.shp,Data release - assumed measured,15178755-7b09-365d-96d0-c768e28ec324,-138106.8051,212528.2433
4387,Point,0,1,0.0,,4387,89.7313792,134.0,44.2686208,TRUE,1.0,90.37855786,43.62144214,TRUE,1.0,88.69431382,45.30568618,TRUE,1.0,0.0,1,1,G,USGS_gbHeatFlowWells_wEstimates.shp,Data release - assumed measured,5e87ec68-f8b7-3b7d-8aa5-48cd67675b8a,-174528.1163,237318.7936
4388,Point,0,1,0.0,,4388,85.26828981,216.0,130.7317102,FALSE,-9999.0,85.61916733,130.3808327,FALSE,-9999.0,85.51875252,130.4812475,FALSE,-9999.0,0.0,1,1,G,USGS_gbHeatFlowWells_wEstimates.shp,assumed measured,3ccd81c8-9d82-3440-81a1-20b08010ca93,-123226.6456,275688.4934
4391,Point,0,1,0.0,,4391,87.67897673,2761.0,2673.321023,FALSE,-9999.0,87.55151107,2673.448489,FALSE,-9999.0,87.84921416,2673.150786,FALSE,-9999.0,0.0,1,1,G,USGS_gbHeatFlowWells_wEstimates.shp,unmeasured,302e0a57-a24a-3b3a-ac7e-b9af8b788ab5,-54241.46709,348330.8562
4392,Point,0,1,0.0,,4392,86.12242074,1088.0,1001.877579,FALSE,-9999.0,86.19722664,1001.802773,FALSE,-9999.0,86.07249832,1001.927502,FALSE,-9999.0,0.0,1,1,G,USGS_gbHeatFlowWells_wEstimates.shp,known measured,dc3e488c-bdad-3e05-a17d-4fe45971e0a9,-131812.14,224293.2704
4393,Point,0,1,0.0,,4393,94.98025573,230.0,135.0197443,FALSE,-9999.0,96.07556879,133.9244312,FALSE,-9999.0,95.1964818,134.8035182,FALSE,-9999.0,0.0,1,1,G,USGS_gbHeatFlowWells_wEstimates.shp,assumed measured,5ecc00f4-cd26-3159-b54a-1477d7a38e22,32195.30995,341581.3878
4394,Point,0,1,0.0,,4394,85.02291409,155.0,69.97708591,FALSE,-9999.0,85.13865892,69.86134108,FALSE,-9999.0,84.93563524,70.06436476,FALSE,-9999.0,0.0,1,1,G,USGS_gbHeatFlowWells_wEstimates.shp,known measured,e35537ad-0aca-3b5f-bb5b-6106453dd64a,-129097.1108,228856.0883
4395,Point,0,1,0.0,,4395,85.7207576,3330.0,3244.279242,FALSE,-9999.0,85.81226035,3244.18774,FALSE,-9999.0,85.63798569,3244.362014,FALSE,-9999.0,0.0,1,1,G,USGS_gbHeatFlowWells_wEstimates.shp,known measured,c7b7193a-398e-3267-9291-1b8af79ac13b,-131775.7682,227576.6709
4396,Point,0,1,0.0,,4396,85.31641079,954.0,868.6835892,FALSE,-9999.0,85.42806569,868.5719343,FALSE,-9999.0,85.20035208,868.7996479,FALSE,-9999.0,0.0,1,1,G,USGS_gbHeatFlowWells_wEstimates.shp,known measured,ee8fd63f-4bae-3ef4-92c5-65944d97a5e9,-131834.4994,230771.9348
4397,Point,0,1,0.0,,4397,87.55664848,923.34,835.7833515,FALSE,-9999.0,87.94710632,835.3928937,FALSE,-9999.0,85.678536,837.661464,FALSE,-9999.0,0.0,1,1,G,USGS_gbHeatFlowWells_wEstimates.shp,known measured,642ef75f-b220-3e08-bfb6-98fdcce074a9,-169683.127,261683.5629
4398,Point,0,1,0.0,,4398,87.58021826,1088.0,1000.419782,FALSE,-9999.0,87.45416885,1000.545831,FALSE,-9999.0,87.74094737,1000.259053,FALSE,-9999.0,0.0,1,1,G,USGS_gbHeatFlowWells_wEstimates.shp,assumed measured,bcfddd88-99cd-335e-b2bc-2f705b4275e6,-54243.75283,347994.8427
4399,Point,0,1,0.0,,4399,93.96399823,430.0,336.0360018,FALSE,-9999.0,95.16098143,334.8390186,FALSE,-9999.0,94.15654077,335.8434592,FALSE,-9999.0,0.0,1,1,G,USGS_gbHeatFlowWells_wEstimates.shp,assumed measured,43b4f6fd-cf64-333f-97ef-4134c940696a,35718.90788,342380.4887
4400,Point,0,1,0.0,,4400,93.55563171,150.0,56.44436829,FALSE,-9999.0,94.90867204,55.09132796,FALSE,-9999.0,93.68857967,56.31142033,FALSE,-9999.0,0.0,1,1,G,USGS_gbHeatFlowWells_wEstimates.shp,assumed measured,3169b28c-9260-3686-83f0-b4031521fb5a,38172.46285,338549.8646
4401,Point,0,1,0.0,,4401,93.90546065,280.0,186.0945393,FALSE,-9999.0,95.06288959,184.9371104,FALSE,-9999.0,94.11628923,185.8837108,FALSE,-9999.0,0.0,1,1,G,USGS_gbHeatFlowWells_wEstimates.shp,assumed measured,d0fd22cd-994f-36a0-b9ef-764ad5f928ee,35519.12375,343869.3391
4402,Point,0,1,0.0,,4402,94.24769452,210.0,115.7523055,FALSE,-9999.0,95.51255662,114.4874434,FALSE,-9999.0,94.40767825,115.5923218,FALSE,-9999.0,0.0,1,1,G,USGS_gbHeatFlowWells_wEstimates.shp,assumed measured,d372b262-831f-3caf-856c-19760ecd9792,35473.66239,338996.6426
4403,Point,0,1,0.0,,4403,87.65639513,753.0,665.3436049,FALSE,-9999.0,87.52375221,665.4762478,FALSE,-9999.0,87.81945178,665.1805482,FALSE,-9999.0,0.0,1,1,G,USGS_gbHeatFlowWells_wEstimates.shp,assumed measured,29d6bc5f-0260-3d71-88f0-df9876359f26,-53891.31752,347992.4643
4404,Point,0,1,0.0,,4404,87.4360658,624.26,536.8239342,FALSE,-9999.0,87.3064129,536.9535871,FALSE,-9999.0,87.57764322,536.6823568,FALSE,-9999.0,0.0,1,1,G,USGS_gbHeatFlowWells_wEstimates.shp,Data release - assumed measured,2c5e532f-f073-3ddb-b282-2cbd323f1422,-53871.4326,347208.271
4405,Point,0,1,0.0,,4405,87.43198738,1274.0,1186.568013,FALSE,-9999.0,87.31003882,1186.689961,FALSE,-9999.0,87.57979853,1186.420201,FALSE,-9999.0,0.0,1,1,G,USGS_gbHeatFlowWells_wEstimates.shp,Data release - assumed measured,ca2b4689-a4aa-3a85-b65a-bdfcf39dc1ef,-54355.72736,347569.9786
4406,Point,0,1,0.0,,4406,87.24104273,285.0,197.7589573,FALSE,-9999.0,87.12429558,197.8757044,FALSE,-9999.0,87.3717576,197.6282424,FALSE,-9999.0,0.0,1,1,G,USGS_gbHeatFlowWells_wEstimates.shp,unmeasured,eeaa59d2-490f-32b4-8657-6b62f0333b44,-54460.401,346988.2393
4407,Point,0,1,0.0,,4407,87.67719971,366.91,279.2328003,FALSE,-9999.0,87.54988718,279.3601128,FALSE,-9999.0,87.84738576,279.0626142,FALSE,-9999.0,0.0,1,1,G,USGS_gbHeatFlowWells_wEstimates.shp,Data release - assumed measured,91624809-ceca-3865-8506-d8507b42b203,-54249.85765,348330.9133
4408,Point,0,1,0.0,,4408,80.97606974,203.84,122.8639303,FALSE,-9999.0,80.9459039,122.8940961,FALSE,-9999.0,83.24797605,120.592024,FALSE,-9999.0,0.0,1,1,G,USGS_gbHeatFlowWells_wEstimates.shp,Data release - assumed measured,7b1c4fb3-0e83-3889-8ce3-5adcd380eaf2,-185413.0353,306971.3052
4415,Point,0,1,0.0,,4415,80.4738086,163.0,82.5261914,FALSE,-9999.0,81.39412314,81.60587686,FALSE,-9999.0,80.22553166,82.77446834,FALSE,-9999.0,0.0,1,1,G,USGS_gbHeatFlowWells_wEstimates.shp,Data release - assumed measured,c597fc63-0fe5-373b-aaa9-760962a104fc,-138098.935,90813.16199
4416,Point,0,1,0.0,,4416,86.50878233,137.59,51.08121767,FALSE,-9999.0,86.58799702,51.00200298,FALSE,-9999.0,86.43628913,51.15371087,FALSE,-9999.0,0.0,1,1,G,USGS_gbHeatFlowWells_wEstimates.shp,Data release - assumed measured,04a9c923-f22c-3286-b833-a8d896ba6c5b,-134618.6818,225695.607
4417,Point,0,1,0.0,,4417,86.01019107,415.32,329.3098089,FALSE,-9999.0,86.10200748,329.2179925,FALSE,-9999.0,85.90078875,329.4192112,FALSE,-9999.0,0.0,1,1,G,USGS_gbHeatFlowWells_wEstimates.shp,Data release - assumed measured,f4bbb66b-6ca3-3813-9525-6d0ef195e392,-134223.8449,228950.6424
4418,Point,0,1,0.0,,4418,87.88580385,308.31,220.4241962,FALSE,-9999.0,87.99565147,220.3143485,FALSE,-9999.0,87.83918899,220.470811,FALSE,-9999.0,0.0,1,1,G,USGS_gbHeatFlowWells_wEstimates.shp,Data release - assumed measured,71fc1c0b-87bb-3838-853a-e8dc901a36eb,-140301.2946,222351.0408
4419,Point,0,1,0.0,,4419,85.37206426,124.85,39.47793574,FALSE,-9999.0,85.50710947,39.34289053,FALSE,-9999.0,85.13316723,39.71683277,FALSE,-9999.0,0.0,1,1,G,USGS_gbHeatFlowWells_wEstimates.shp,Data release - assumed measured,22ef1b9b-c49c-303f-b114-39f93c72a358,-137243.1787,236768.447
4420,Point,0,1,0.0,,4420,84.58653125,295.57,210.9834687,FALSE,-9999.0,84.76398827,210.8060117,FALSE,-9999.0,84.317751,211.252249,FALSE,-9999.0,0.0,1,1,G,USGS_gbHeatFlowWells_wEstimates.shp,Data release - assumed measured,ffa8d46b-8a46-3dc1-b7f5-15f2d941a24b,-135991.5501,240345.0435
4421,Point,0,1,0.0,,4421,88.74476491,157.92,69.17523509,FALSE,-9999.0,88.87756997,69.04243003,FALSE,-9999.0,88.79251359,69.12748641,FALSE,-9999.0,0.0,1,1,G,USGS_gbHeatFlowWells_wEstimates.shp,Data release - assumed measured,477b6e3c-751b-39f3-957b-fbeeb887c5a3,-141382.7839,215577.404
4426,Point,0,1,0.0,,4426,83.89019991,3088.0,3004.1098,FALSE,-9999.0,85.66518607,3002.334814,FALSE,-9999.0,83.13930088,3004.860699,FALSE,-9999.0,0.0,1,1,G,USGS_gbHeatFlowWells_wEstimates.shp,assumed measured,fbab25ac-9182-3f15-96a5-95cc28e35910,-234531.6074,215124.0535
4427,Point,0,1,0.0,,4427,83.95537915,4585.0,4501.044621,FALSE,-9999.0,85.73850084,4499.261499,FALSE,-9999.0,83.20881702,4501.791183,FALSE,-9999.0,0.0,1,1,G,USGS_gbHeatFlowWells_wEstimates.shp,assumed measured,ebadd204-f51a-37d7-8d73-beda4b8472b8,-234686.0148,215689.1085
4428,Point,0,1,0.0,,4428,87.7994679,149.0,61.2005321,FALSE,-9999.0,87.69437236,61.30562764,FALSE,-9999.0,88.00033714,60.99966286,FALSE,-9999.0,0.0,1,1,G,USGS_gbHeatFlowWells_wEstimates.shp,known measured,16f703e7-6575-31c7-b6f1-89f6b2337d31,-55883.87457,349854.2773
4429,Point,0,1,0.0,,4429,89.96302914,139.23,49.26697086,FALSE,-9999.0,90.75487276,48.47512724,FALSE,-9999.0,88.92272653,50.30727347,FALSE,-9999.0,0.0,1,1,G,USGS_gbHeatFlowWells_wEstimates.shp,Data release - assumed measured,9b4d4e6e-506e-3f35-9331-b6871c029b53,-179211.3559,236468.4145
4430,Point,0,1,0.0,,4430,80.67950447,749.25,668.5704955,TRUE,0.0,81.78301308,667.4669869,TRUE,0.0,81.04322373,668.2067763,TRUE,0.0,0.0,1,1,G,USGS_gbHeatFlowWells_wEstimates.shp,assumed measured,1773ea23-7bdb-3ef8-b22d-a7e0d836a495,-132570.3803,111270.0889
4431,Point,0,1,0.0,,4431,92.87113449,243.0,150.1288655,FALSE,-9999.0,92.43817172,150.5618283,FALSE,-9999.0,92.99762304,150.002377,FALSE,-9999.0,0.0,1,1,G,USGS_gbHeatFlowWells_wEstimates.shp,assumed measured,0ae845ae-f3fb-3ba6-8eec-aa592fc0cdb4,-45564.1886,268241.41
4432,Point,0,1,0.0,,4432,91.97269737,293.0,201.0273026,FALSE,-9999.0,91.50278808,201.4972119,FALSE,-9999.0,91.84951573,201.1504843,FALSE,-9999.0,0.0,1,1,G,USGS_gbHeatFlowWells_wEstimates.shp,assumed measured,5a68c234-8a32-38cd-90ef-3adcf175d0b8,-44194.21639,259941.7914
4433,Point,0,1,0.0,,4433,84.98014899,693.31,608.329851,FALSE,-9999.0,85.13581084,608.1741892,FALSE,-9999.0,85.48890743,607.8210926,FALSE,-9999.0,0.0,1,1,G,USGS_gbHeatFlowWells_wEstimates.shp,known measured,2c6825ed-3062-372b-b4b1-a66d31b860fe,-106348.3515,346849.9106
4434,Point,0,1,0.0,,4434,85.11964219,142.69,57.57035781,FALSE,-9999.0,85.29904464,57.39095536,FALSE,-9999.0,85.58165481,57.10834519,FALSE,-9999.0,0.0,1,1,G,USGS_gbHeatFlowWells_wEstimates.shp,known measured,334a6f7e-2fd6-3181-8e14-be33a9b7c876,-103199.4608,347592.687
4436,Point,0,1,0.0,,4436,76.50557752,0.6,-75.90557752,FALSE,-9999.0,76.17043674,-75.57043674,FALSE,-9999.0,78.36353849,-77.76353849,FALSE,-9999.0,0.0,1,1,G,USGS_gbHeatFlowWells_wEstimates.shp,assumed measured,f66de49a-6a0b-3c52-920f-58478bc9592d,-202612.2708,326628.5822
4437,Point,0,1,0.0,,4437,83.10389405,138.0,54.89610595,FALSE,-9999.0,83.73942907,54.26057093,FALSE,-9999.0,83.16531465,54.83468535,FALSE,-9999.0,0.0,1,1,G,USGS_gbHeatFlowWells_wEstimates.shp,known measured,3ad90479-afae-324b-9ff8-dec79dde9fff,-72159.57599,326629.3063
4438,Point,0,1,0.0,,4438,83.19231124,136.0,52.80768876,FALSE,-9999.0,83.98378224,52.01621776,FALSE,-9999.0,83.25943207,52.74056793,FALSE,-9999.0,0.0,1,1,G,USGS_gbHeatFlowWells_wEstimates.shp,assumed measured,3e1ea028-172f-3de1-bd5a-1e29244d91b3,-75008.55272,321610.5839
4439,Point,0,1,0.0,,4439,79.95424745,127.95,47.99575255,FALSE,-9999.0,79.07465281,48.87534719,FALSE,-9999.0,79.54523031,48.40476969,FALSE,-9999.0,0.0,1,1,G,USGS_gbHeatFlowWells_wEstimates.shp,assumed measured,6f9d30aa-d3b4-396f-80c3-b376a0ac5e23,16281.231,211093.8832
4440,Point,0,1,0.0,,4440,79.65703999,304.3,224.64296,FALSE,-9999.0,78.62826775,225.6717323,FALSE,-9999.0,79.2062042,225.0937958,FALSE,-9999.0,0.0,1,1,G,USGS_gbHeatFlowWells_wEstimates.shp,assumed measured,0f3c234e-5418-34d5-af7b-4261db7f1138,14720.86886,208662.6633
4441,Point,0,1,0.0,,4441,97.99726678,137.59,39.59273322,FALSE,-9999.0,97.02342062,40.56657938,FALSE,-9999.0,96.82709683,40.76290317,FALSE,-9999.0,0.0,1,1,G,USGS_gbHeatFlowWells_wEstimates.shp,assumed measured,32d39b32-6aba-34e8-89bb-a6eb20c56467,-13786.34921,264131.8862
4442,Point,0,1,0.0,,4442,98.83337645,366.91,268.0766235,FALSE,-9999.0,97.8615469,269.0484531,FALSE,-9999.0,97.64193624,269.2680638,FALSE,-9999.0,0.0,1,1,G,USGS_gbHeatFlowWells_wEstimates.shp,assumed measured,0812a86a-4afc-3ab9-a10b-8ca9b8826c8b,-12367.98228,267491.15
4443,Point,0,1,0.0,,4443,98.87495039,481.57,382.6950496,FALSE,-9999.0,97.90591341,383.6640866,FALSE,-9999.0,97.68220933,383.8877907,FALSE,-9999.0,0.0,1,1,G,USGS_gbHeatFlowWells_wEstimates.shp,unmeasured,4001a5c4-5a32-363f-aa33-b0c6b74257f5,-12226.44399,267677.6919
4444,Point,0,1,0.0,,4444,98.56826966,259.9,161.3317303,FALSE,-9999.0,97.57094334,162.3290567,FALSE,-9999.0,97.39110686,162.5088931,FALSE,-9999.0,0.0,1,1,G,USGS_gbHeatFlowWells_wEstimates.shp,unmeasured,08cf6a45-6b29-34f2-b694-2278b43b86f3,-13641.24891,266372.6886
4445,Point,0,1,0.0,,4445,86.02854554,295.57,209.5414545,FALSE,-9999.0,87.83079017,207.7392098,FALSE,-9999.0,85.33746702,210.232533,FALSE,-9999.0,0.0,1,1,G,USGS_gbHeatFlowWells_wEstimates.shp,Data release - assumed measured,71dd37be-8e77-3c69-b6f8-87b66b42df4b,-226120.2435,228428.3725
4446,Point,0,1,0.0,,4446,83.98343505,425.52,341.536565,FALSE,-9999.0,85.73177489,339.7882251,FALSE,-9999.0,83.21592763,342.3040724,FALSE,-9999.0,0.0,1,1,G,USGS_gbHeatFlowWells_wEstimates.shp,Data release - assumed measured,6b807152-f1d9-3c34-9b9b-1cbb52732cbe,-232364.8714,214758.9737
4451,Point,0,1,0.0,,4451,85.31778265,124.49,39.17221735,FALSE,-9999.0,86.00578512,38.48421488,FALSE,-9999.0,85.66579916,38.82420084,FALSE,-9999.0,0.0,1,1,G,USGS_gbHeatFlowWells_wEstimates.shp,Data release - assumed measured,4c37618c-af27-3698-86bd-f640760535e0,-82877.4288,269547.0453
4452,Point,0,1,0.0,,4452,86.57076568,380.38,293.8092343,FALSE,-9999.0,87.64272958,292.7372704,FALSE,-9999.0,85.41702724,294.9629728,FALSE,-9999.0,0.0,1,1,G,USGS_gbHeatFlowWells_wEstimates.shp,Data release - assumed measured,d4331411-83fb-3246-a264-5d06158b7997,-187988.4833,268926.5686
4453,Point,0,1,0.0,,4453,84.91024149,172.9,87.98975851,FALSE,-9999.0,85.8782267,87.0217733,FALSE,-9999.0,84.91474733,87.98525267,FALSE,-9999.0,0.0,1,1,G,USGS_gbHeatFlowWells_wEstimates.shp,Data release - assumed measured,7cf04479-1750-3f70-a7de-14195d071c94,-188391.0038,280704.2802
4454,Point,0,1,0.0,,4454,86.93514217,276.64,189.7048578,FALSE,-9999.0,88.08557269,188.5544273,FALSE,-9999.0,85.62242632,191.0175737,FALSE,-9999.0,0.0,1,1,G,USGS_gbHeatFlowWells_wEstimates.shp,Data release - assumed measured,f87e7c3b-7e6c-39cb-80af-74d5d7587612,-189418.0861,265821.7365
4455,Point,0,1,0.0,,4455,86.56168237,380.38,293.8183176,FALSE,-9999.0,87.60157505,292.7784249,FALSE,-9999.0,85.40618876,294.9738112,FALSE,-9999.0,0.0,1,1,G,USGS_gbHeatFlowWells_wEstimates.shp,Data release - assumed measured,6161decc-58fb-39a6-a87f-4f98bc55b564,-187387.4576,269248.8102
4456,Point,0,1,0.0,,4456,86.02642273,138.32,52.29357727,FALSE,-9999.0,86.91891598,51.40108402,FALSE,-9999.0,85.19650927,53.12349073,FALSE,-9999.0,0.0,1,1,G,USGS_gbHeatFlowWells_wEstimates.shp,Data release - assumed measured,378b7d3f-9011-3882-b1b8-be968e0a9f34,-185322.4034,274244.6304
4457,Point,0,1,0.0,,4457,86.01401453,138.32,52.30598547,FALSE,-9999.0,87.47813252,50.84186748,FALSE,-9999.0,85.13956587,53.18043413,FALSE,-9999.0,0.0,1,1,G,USGS_gbHeatFlowWells_wEstimates.shp,Data release - assumed measured,6f965377-67f0-3480-afe7-d61b2d665dd6,-196052.646,268558.3442
4458,Point,0,1,0.0,,4458,84.947104,122.4,37.452896,FALSE,-9999.0,86.84585604,35.55414396,FALSE,-9999.0,84.30295275,38.09704725,FALSE,-9999.0,0.0,1,1,G,USGS_gbHeatFlowWells_wEstimates.shp,known measured,ca69edba-784f-3a44-bb1c-5e92d26a627d,-238313.8716,226446.0834
4459,Point,0,1,0.0,,4459,85.64233364,162.07,76.42766636,FALSE,-9999.0,87.58248811,74.48751189,FALSE,-9999.0,85.01770934,77.05229066,FALSE,-9999.0,0.0,1,1,G,USGS_gbHeatFlowWells_wEstimates.shp,assumed measured,aceead2f-d99a-3c36-b460-774b04e478bb,-235310.0631,230932.5151
4460,Point,0,1,0.0,,4460,87.24353404,131.04,43.79646596,FALSE,-9999.0,89.05349082,41.98650918,FALSE,-9999.0,86.49441732,44.54558268,FALSE,-9999.0,0.0,1,1,G,USGS_gbHeatFlowWells_wEstimates.shp,Data release - assumed measured,7fac6a73-7c13-3a5d-abb2-16e915480b55,-218143.8502,254441.6782
4462,Point,0,1,0.0,,4462,87.26091558,134.0,46.73908442,FALSE,-9999.0,87.06579944,46.93420056,FALSE,-9999.0,87.44021803,46.55978197,FALSE,-9999.0,0.0,1,1,G,USGS_gbHeatFlowWells_wEstimates.shp,assumed measured,ceefc09d-31fc-397c-8548-ad92b29a8224,-50074.1811,341135.0001
4463,Point,0,1,0.0,,4463,87.76367698,234.78,147.016323,FALSE,-9999.0,87.5118167,147.2681833,FALSE,-9999.0,87.96900703,146.810993,FALSE,-9999.0,0.0,1,1,G,USGS_gbHeatFlowWells_wEstimates.shp,assumed measured,f2978c77-cc86-3e72-8c4b-9509a12333a1,-48173.34716,340193.6163
4464,Point,0,1,0.0,,4464,87.14424243,243.0,155.8557576,FALSE,-9999.0,87.01726914,155.9827309,FALSE,-9999.0,87.25808221,155.7419178,FALSE,-9999.0,0.0,1,1,G,USGS_gbHeatFlowWells_wEstimates.shp,unmeasured,2260d67a-7443-3b74-8905-a10b466dc08e,-53686.62326,345986.1194
4465,Point,0,1,0.0,,4465,87.279045,158.34,71.060955,FALSE,-9999.0,87.07652047,71.26347953,FALSE,-9999.0,87.47448323,70.86551677,FALSE,-9999.0,0.0,1,1,G,USGS_gbHeatFlowWells_wEstimates.shp,Data release - assumed measured,865eccfb-ac37-3c7d-9a24-7be270feda2e,-49785.05027,340360.3043
4466,Point,0,1,0.0,,4466,88.0955196,327.6,239.5044804,FALSE,-9999.0,87.95928684,239.6407132,FALSE,-9999.0,88.29855808,239.3014419,FALSE,-9999.0,0.0,1,1,G,USGS_gbHeatFlowWells_wEstimates.shp,Data release - assumed measured,6669757e-3968-3b42-a5ea-da1f8335d3af,-53939.546,349549.6962
4467,Point,0,1,0.0,,4467,87.884925,378.0,290.115075,FALSE,-9999.0,87.74786631,290.2521337,FALSE,-9999.0,88.0678821,289.9321179,FALSE,-9999.0,0.0,1,1,G,USGS_gbHeatFlowWells_wEstimates.shp,known measured,23aee8f3-5c45-3815-afca-29915f6eee4c,-53777.48483,348697.3444
4468,Point,0,1,0.0,,4468,87.90285285,174.72,86.81714715,FALSE,-9999.0,87.65235196,87.06764804,FALSE,-9999.0,88.0818002,86.6381998,FALSE,-9999.0,0.0,1,1,G,USGS_gbHeatFlowWells_wEstimates.shp,assumed measured,ba57c82b-acfc-33cb-9fc2-324ccd3b10a9,-48164.03497,341739.3301
4469,Point,0,1,0.0,,4469,80.91182496,142.69,61.77817504,FALSE,-9999.0,84.52456314,58.16543686,FALSE,-9999.0,83.80932243,58.88067757,FALSE,-9999.0,0.0,1,1,G,USGS_gbHeatFlowWells_wEstimates.shp,assumed measured,0eddd8f7-175c-3192-a864-f389f100d8eb,-16124.75008,4305.379153
4471,Point,0,1,0.0,,4471,84.75304221,3123.0,3038.246958,FALSE,-9999.0,86.63304657,3036.366953,FALSE,-9999.0,84.1084345,3038.891565,FALSE,-9999.0,0.0,1,1,G,USGS_gbHeatFlowWells_wEstimates.shp,assumed measured,bf013255-fa3b-37f3-bb55-e2de2e978c3c,-239406.8006,225816.8312
4472,Point,0,1,0.0,,4472,84.90402416,698.4,613.4959758,FALSE,-9999.0,86.79877645,611.6012236,FALSE,-9999.0,84.25254782,614.1474522,FALSE,-9999.0,0.0,1,1,G,USGS_gbHeatFlowWells_wEstimates.shp,assumed measured,ddebbcd0-878a-350b-8e5c-7926f6a6e7e6,-238018.0878,225775.8976
4473,Point,0,1,0.0,,4473,96.99508865,136.86,39.86491135,FALSE,-9999.0,97.96759697,38.89240303,FALSE,-9999.0,96.88390639,39.97609361,FALSE,-9999.0,0.0,1,1,G,USGS_gbHeatFlowWells_wEstimates.shp,Data release - assumed measured,bced7ede-4c75-3870-a38d-32ccf70e5f00,23373.69543,317052.1905
4474,Point,0,1,0.0,,4474,82.82656016,221.31,138.4834398,FALSE,-9999.0,84.52923548,136.7807645,FALSE,-9999.0,82.07261784,139.2373822,FALSE,-9999.0,0.0,1,1,G,USGS_gbHeatFlowWells_wEstimates.shp,Data release - assumed measured,0ff08e46-e1b4-36da-9000-afebbfb9bb7c,-237215.2261,209484.0093
4475,Point,0,1,0.0,,4475,84.59006439,414.96,330.3699356,FALSE,-9999.0,86.37547196,328.584528,FALSE,-9999.0,83.84165217,331.1183478,FALSE,-9999.0,0.0,1,1,G,USGS_gbHeatFlowWells_wEstimates.shp,Data release - assumed measured,6eded20e-5290-3dbf-b930-4c5d06ebff31,-231473.5711,219061.1587
4476,Point,0,1,0.0,,4476,76.80266772,152.88,76.07733228,FALSE,-9999.0,76.47166599,76.40833401,FALSE,-9999.0,78.84848689,74.03151311,FALSE,-9999.0,0.0,1,1,G,USGS_gbHeatFlowWells_wEstimates.shp,Data release - assumed measured,bf5495a4-2828-39d5-8f1d-1dda382ab37e,-199734.9485,324864.1662
4477,Point,0,1,0.0,,4477,76.82684648,269.36,192.5331535,FALSE,-9999.0,76.61383279,192.7461672,FALSE,-9999.0,78.57689767,190.7831023,FALSE,-9999.0,0.0,1,1,G,USGS_gbHeatFlowWells_wEstimates.shp,Data release - assumed measured,20f60619-57e0-3ef9-8353-94cd611649b8,-208251.6746,324420.159
4478,Point,0,1,0.0,,4478,88.76783909,248.43,159.6621609,FALSE,-9999.0,89.07352259,159.3564774,FALSE,-9999.0,88.29081093,160.1391891,FALSE,-9999.0,0.0,1,1,G,USGS_gbHeatFlowWells_wEstimates.shp,assumed measured,a0599c67-61d7-3aef-bade-49d33b9f8c3b,-157297.6563,231820.6684
4479,Point,0,1,0.0,,4479,88.97848053,260.6,171.6215195,FALSE,-9999.0,89.31884467,171.2811553,FALSE,-9999.0,88.53102544,172.0689746,FALSE,-9999.0,0.0,1,1,G,USGS_gbHeatFlowWells_wEstimates.shp,assumed measured,d5197436-7652-3adb-9b3c-a1c8f0190fda,-158428.5144,230609.7708
4480,Point,0,1,0.0,,4480,88.69432875,1354.0,1265.305671,FALSE,-9999.0,89.00117777,1264.998822,FALSE,-9999.0,88.13879878,1265.861201,FALSE,-9999.0,0.0,1,1,G,USGS_gbHeatFlowWells_wEstimates.shp,assumed measured,d302cd10-0dd0-3ca9-ae75-7bac76923dea,-158134.4978,233451.017
4481,Point,0,1,0.0,,4481,88.82363379,264.6,175.7763662,FALSE,-9999.0,89.15618696,175.443813,FALSE,-9999.0,88.23906096,176.360939,FALSE,-9999.0,0.0,1,1,G,USGS_gbHeatFlowWells_wEstimates.shp,assumed measured,fb00d382-08c5-3c52-8ea5-817305978e99,-159521.2325,233511.8508
4482,Point,0,1,0.0,,4482,84.61481129,152.15,67.53518871,FALSE,-9999.0,84.31780542,67.83219458,FALSE,-9999.0,87.25764742,64.89235258,FALSE,-9999.0,0.0,1,1,G,USGS_gbHeatFlowWells_wEstimates.shp,Data release - assumed measured,e24fd850-8d9d-393a-b948-a390211d3736,-150556.8002,311843.7308
4483,Point,0,1,0.0,,4483,84.45566208,165.98,81.52433792,FALSE,-9999.0,84.22837861,81.75162139,FALSE,-9999.0,87.06279527,78.91720473,FALSE,-9999.0,0.0,1,1,G,USGS_gbHeatFlowWells_wEstimates.shp,Data release - assumed measured,2dcc7bf8-c849-3ac1-8ee3-6c0492787f32,-143462.2094,315635.2119
4484,Point,0,1,0.0,,4484,86.5181871,124.85,38.3318129,FALSE,-9999.0,87.21878712,37.63121288,FALSE,-9999.0,85.3220264,39.5279736,FALSE,-9999.0,0.0,1,1,G,USGS_gbHeatFlowWells_wEstimates.shp,unmeasured,64dafc76-1859-3829-bd91-5a24a4cbedce,-181242.0978,272321.1504
4485,Point,0,1,0.0,,4485,84.16262096,129.95,45.78737904,FALSE,-9999.0,83.85295017,46.09704983,FALSE,-9999.0,86.83085077,43.11914923,FALSE,-9999.0,0.0,1,1,G,USGS_gbHeatFlowWells_wEstimates.shp,unmeasured,344d3f9f-c148-3d3e-a829-7c12b0c3f4e0,-148226.1088,316282.1605
4486,Point,0,1,0.0,,4486,87.17287244,298.12,210.9471276,FALSE,-9999.0,87.28580221,210.8341978,FALSE,-9999.0,88.13577132,209.9842287,FALSE,-9999.0,0.0,1,1,G,USGS_gbHeatFlowWells_wEstimates.shp,assumed measured,54e79a13-6b29-341a-b4e4-d884fd3912d7,-145668.1564,286914.6918
4487,Point,0,1,0.0,,4487,87.16332253,173.26,86.09667747,FALSE,-9999.0,87.26292466,85.99707534,FALSE,-9999.0,88.20224686,85.05775314,FALSE,-9999.0,0.0,1,1,G,USGS_gbHeatFlowWells_wEstimates.shp,assumed measured,8a45f8dd-a3dd-3b94-86e1-b25078a42988,-146073.9681,287855.8956
4488,Point,0,1,0.0,,4488,86.68025285,193.65,106.9697471,FALSE,-9999.0,86.81943937,106.8305606,FALSE,-9999.0,88.59442114,105.0555789,FALSE,-9999.0,0.0,1,1,G,USGS_gbHeatFlowWells_wEstimates.shp,unmeasured,ef63f903-c1ff-31ab-9282-6c1d5e7e9bea,-135614.1796,297944.3769
4489,Point,0,1,0.0,,4489,86.81574988,178.36,91.54425012,FALSE,-9999.0,86.90241963,91.45758037,FALSE,-9999.0,88.69097148,89.66902852,FALSE,-9999.0,0.0,1,1,G,USGS_gbHeatFlowWells_wEstimates.shp,assumed measured,c94e44bd-87e1-3afa-b2a7-5e506424c0f6,-139142.1332,297444.4684
4490,Point,0,1,0.0,,4490,86.65052935,180.91,94.25947065,FALSE,-9999.0,86.75431105,94.15568895,FALSE,-9999.0,88.62722715,92.28277285,FALSE,-9999.0,0.0,1,1,G,USGS_gbHeatFlowWells_wEstimates.shp,unmeasured,9cc40a0e-a04d-352a-8543-9f16344d2004,-136858.4721,299272.7597
4491,Point,0,1,0.0,,4491,85.40436921,135.04,49.63563079,FALSE,-9999.0,85.34692581,49.69307419,FALSE,-9999.0,87.83206967,47.20793033,FALSE,-9999.0,0.0,1,1,G,USGS_gbHeatFlowWells_wEstimates.shp,unmeasured,528d784e-27cc-34e4-8983-5b0b4a2e2e01,-139075.61,309395.3605
4492,Point,0,1,0.0,,4492,86.13178719,211.48,125.3482128,FALSE,-9999.0,86.16679885,125.3132011,FALSE,-9999.0,88.33397642,123.1460236,FALSE,-9999.0,0.0,1,1,G,USGS_gbHeatFlowWells_wEstimates.shp,unmeasured,875409ce-3112-3c8a-8feb-0a570c52ae9a,-137469.2347,304698.9882
4493,Point,0,1,0.0,,4493,86.56647077,141.78,55.21352923,FALSE,-9999.0,86.53650621,55.24349379,FALSE,-9999.0,86.92759737,54.85240263,FALSE,-9999.0,0.0,1,1,G,USGS_gbHeatFlowWells_wEstimates.shp,Data release - assumed measured,3476fc64-2f5d-3756-a52e-ac2904d11270,-161744.427,286661.721
4494,Point,0,1,0.0,,4494,87.68967003,320.32,232.63033,FALSE,-9999.0,88.07976149,232.2402385,FALSE,-9999.0,85.93172156,234.3882784,FALSE,-9999.0,0.0,1,1,G,USGS_gbHeatFlowWells_wEstimates.shp,assumed measured,9049db99-224b-3962-b241-dd3fcd834009,-167419.0265,256290.0561
4495,Point,0,1,0.0,,4495,87.50976515,309.4,221.8902349,FALSE,-9999.0,87.84569705,221.554303,FALSE,-9999.0,85.85133953,223.5486605,FALSE,-9999.0,0.0,1,1,G,USGS_gbHeatFlowWells_wEstimates.shp,assumed measured,cb25cd39-1279-3e66-b293-e4379568a02a,-164294.0389,255048.9988
4498,Point,0,1,0.0,,4498,88.49332567,168.14,79.64667433,FALSE,-9999.0,88.57760646,79.56239354,FALSE,-9999.0,88.57294743,79.56705257,FALSE,-9999.0,0.0,1,1,G,USGS_gbHeatFlowWells_wEstimates.shp,Data release - assumed measured,0e483ffe-19d6-3f8b-9a60-d907b4869bac,-137356.0276,211495.516
4499,Point,0,1,0.0,,4499,88.37481433,1543.0,1454.625186,FALSE,-9999.0,88.61419413,1454.385806,FALSE,-9999.0,88.61009693,1454.389903,FALSE,-9999.0,0.0,1,1,G,USGS_gbHeatFlowWells_wEstimates.shp,Data release - assumed measured,04bbdd2e-a636-3fbb-8309-12b4edce70d4,-134633.1728,204253.8618
4500,Point,0,1,0.0,,4500,88.25931417,871.42,783.1606858,FALSE,-9999.0,88.40122982,783.0187702,FALSE,-9999.0,88.40488788,783.0151121,FALSE,-9999.0,0.0,1,1,G,USGS_gbHeatFlowWells_wEstimates.shp,Data release - assumed measured,e4c8ce9b-0c53-3c3a-a7a2-0d97a6e28111,-135161.7427,208432.3148
4501,Point,0,1,0.0,,4501,86.96470359,155.61,68.64529641,FALSE,-9999.0,86.9677485,68.6422515,FALSE,-9999.0,87.56966592,68.04033408,FALSE,-9999.0,0.0,1,1,G,USGS_gbHeatFlowWells_wEstimates.shp,Data release - assumed measured,a7696f7c-c863-3807-8bf4-e0629bcf79d3,-156010.5993,287172.23
4502,Point,0,1,0.0,,4502,86.26448046,203.84,117.5755195,FALSE,-9999.0,86.44819101,117.391809,FALSE,-9999.0,85.68935346,118.1506465,FALSE,-9999.0,0.0,1,1,G,USGS_gbHeatFlowWells_wEstimates.shp,unmeasured,bc46df50-669a-31f3-93b6-c4747d7fa9c0,-171881.8275,280708.2168
4503,Point,0,1,0.0,,4503,87.36849994,163.0,75.63150006,FALSE,-9999.0,87.15518225,75.84481775,FALSE,-9999.0,87.57025059,75.42974941,FALSE,-9999.0,0.0,1,1,G,USGS_gbHeatFlowWells_wEstimates.shp,assumed measured,623d6bc8-0c89-30c1-9a4c-9383ab231690,-49425.47391,340100.4361
4504,Point,0,1,0.0,,4504,82.6467575,153.97,71.3232425,FALSE,-9999.0,82.92685145,71.04314855,FALSE,-9999.0,83.74802362,70.22197638,FALSE,-9999.0,0.0,1,1,G,USGS_gbHeatFlowWells_wEstimates.shp,assumed measured,b922f62e-db3c-32fe-98e2-a892e0efce3a,-117341.6453,328732.6898
4505,Point,0,1,0.0,,4505,85.36784426,157.25,71.88215574,FALSE,-9999.0,85.70793427,71.54206573,FALSE,-9999.0,85.6977998,71.5522002,FALSE,-9999.0,0.0,1,1,G,USGS_gbHeatFlowWells_wEstimates.shp,Data release - assumed measured,d62bed7d-0f3a-36d9-9326-2289df997d2f,-124199.6763,276846.466
4506,Point,0,1,0.0,,4506,87.54277256,251.0,163.4572274,FALSE,-9999.0,87.31129389,163.6887061,FALSE,-9999.0,87.74859581,163.2514042,FALSE,-9999.0,0.0,1,1,G,USGS_gbHeatFlowWells_wEstimates.shp,assumed measured,978ce67d-14cc-3915-9731-52ab13acb61b,-48838.05968,340007.2198
4507,Point,0,1,0.0,,4507,84.11447262,234.42,150.3055274,FALSE,-9999.0,83.77490246,150.6450975,FALSE,-9999.0,86.8166787,147.6033213,FALSE,-9999.0,0.0,1,1,G,USGS_gbHeatFlowWells_wEstimates.shp,Data release - assumed measured,6104ca3e-db1e-3703-9a5a-1a87f288b577,-151514.0763,314730.2011
4508,Point,0,1,0.0,,4508,86.68746944,158.34,71.65253056,FALSE,-9999.0,86.70453751,71.63546249,FALSE,-9999.0,86.3650608,71.9749392,FALSE,-9999.0,0.0,1,1,G,USGS_gbHeatFlowWells_wEstimates.shp,Data release - assumed measured,fffb7c76-4c82-3d61-aecd-f02b82358dc7,-164652.0225,282368.7962
4509,Point,0,1,0.0,,4509,87.59362284,126.0,38.40637716,FALSE,-9999.0,87.37102438,38.62897562,FALSE,-9999.0,87.76827029,38.23172971,FALSE,-9999.0,0.0,1,1,G,USGS_gbHeatFlowWells_wEstimates.shp,unmeasured,db302af6-5bfe-343e-8e4b-526cf364481b,-49147.04987,341666.9029
4510,Point,0,1,0.0,,4510,87.05790999,169.44,82.38209001,FALSE,-9999.0,87.90260102,81.53739898,FALSE,-9999.0,85.57725418,83.86274582,FALSE,-9999.0,0.0,1,1,G,USGS_gbHeatFlowWells_wEstimates.shp,Data release - assumed measured,d159de81-30c3-3f33-924d-a3dfcc636d2f,-183200.5129,266948.2751
4511,Point,0,1,0.0,,4511,87.75428806,293.0,205.2457119,FALSE,-9999.0,87.50549806,205.4945019,FALSE,-9999.0,87.95505627,205.0449437,FALSE,-9999.0,0.0,1,1,G,USGS_gbHeatFlowWells_wEstimates.shp,assumed measured,995a4f7e-ffa7-303c-b446-6079c39f5d4f,-48264.18814,340451.787
4512,Point,0,1,0.0,,4512,83.36094414,238.6,155.2390559,FALSE,-9999.0,83.1205391,155.4794609,FALSE,-9999.0,84.75855732,153.8414427,FALSE,-9999.0,0.0,1,1,G,USGS_gbHeatFlowWells_wEstimates.shp,Data release - assumed measured,9de01271-4a4c-3d54-b4f0-a135069c8799,-134839.5986,333848.3539
4513,Point,0,1,0.0,,4513,88.45090583,3221.7,3133.249094,FALSE,-9999.0,88.72437313,3132.975627,FALSE,-9999.0,88.71531868,3132.984681,FALSE,-9999.0,0.0,1,1,C,USGS_gbHeatFlowWells_wEstimates.shp,Data release - assumed measured,6843b06a-c951-345f-8dd0-60afb5737ae5,-134327.5999,202063.0662
4514,Point,0,1,0.0,,4514,86.51269339,136.5,49.98730661,FALSE,-9999.0,86.43995954,50.06004046,FALSE,-9999.0,87.77781931,48.72218069,FALSE,-9999.0,0.0,1,1,G,USGS_gbHeatFlowWells_wEstimates.shp,Data release - assumed measured,6ca6ead5-4f83-367d-af49-c4c2946393e4,-156397.308,293376.7732
4515,Point,0,1,0.0,,4515,84.55880469,176.36,91.80119531,FALSE,-9999.0,84.25634773,92.10365227,FALSE,-9999.0,86.90400273,89.45599727,FALSE,-9999.0,0.0,1,1,G,USGS_gbHeatFlowWells_wEstimates.shp,Data release - assumed measured,d71d7428-3bb8-3f6e-988e-5af14fd14e59,-159233.8798,306595.5346
4516,Point,0,1,0.0,,4516,82.77146968,152.15,69.37853032,FALSE,-9999.0,82.42304673,69.72695327,FALSE,-9999.0,85.225234,66.924766,FALSE,-9999.0,0.0,1,1,G,USGS_gbHeatFlowWells_wEstimates.shp,assumed measured,5f2dc286-2a63-3b9d-9d26-d3e8b682b7b1,-168765.6062,308097.7846
4517,Point,0,1,0.0,,4517,83.8091147,121.39,37.5808853,FALSE,-9999.0,83.43618702,37.95381298,FALSE,-9999.0,86.43336989,34.95663011,FALSE,-9999.0,0.0,1,1,G,USGS_gbHeatFlowWells_wEstimates.shp,Data release - assumed measured,4f9fd3d4-9483-346b-a396-5f07fa065bd6,-159007.0197,310942.4223
4518,Point,0,1,0.0,,4518,83.8061605,221.13,137.3238395,FALSE,-9999.0,83.52000763,137.6099924,FALSE,-9999.0,86.25029083,134.8797092,FALSE,-9999.0,0.0,1,1,G,USGS_gbHeatFlowWells_wEstimates.shp,Data release - assumed measured,982c4e2e-01bc-3a94-acd7-e55278f13545,-143892.3295,321401.9432
4519,Point,0,1,0.0,,4519,85.66893653,124.49,38.82106347,FALSE,-9999.0,85.80695832,38.68304168,FALSE,-9999.0,85.80265669,38.68734331,FALSE,-9999.0,0.0,1,1,G,USGS_gbHeatFlowWells_wEstimates.shp,Data release - assumed measured,30791574-d41b-3f43-b5f1-ba00a330b926,-172482.8537,285577.4601
4521,Point,0,1,0.0,,4521,86.81664447,147.42,60.60335553,FALSE,-9999.0,86.80351028,60.61648972,FALSE,-9999.0,88.59151579,58.82848421,FALSE,-9999.0,0.0,1,1,G,USGS_gbHeatFlowWells_wEstimates.shp,Data release - assumed measured,90b3a861-e2df-3f95-999f-1892464a76d9,-146270.6813,297175.2298
4522,Point,0,1,0.0,,4522,87.03669068,152.88,65.84330932,FALSE,-9999.0,87.22011038,65.65988962,FALSE,-9999.0,87.6054832,65.2745168,FALSE,-9999.0,0.0,1,1,G,USGS_gbHeatFlowWells_wEstimates.shp,Data release - assumed measured,b9c34c2b-00dc-3bf1-8c89-f812d81b5d64,-142066.7992,281702.9142
4524,Point,0,1,0.0,,4524,88.97735462,155.4,66.42264538,FALSE,-9999.0,89.13227969,66.26772031,FALSE,-9999.0,89.03756272,66.36243728,FALSE,-9999.0,0.0,1,1,G,USGS_gbHeatFlowWells_wEstimates.shp,assumed measured,88dd3811-5a45-358e-a00a-7431cb855606,-142708.4191,214759.9616
4525,Point,0,1,0.0,,4525,89.10820581,331.24,242.1317942,FALSE,-9999.0,89.25560883,241.9843912,FALSE,-9999.0,89.19724245,242.0427576,FALSE,-9999.0,0.0,1,1,G,USGS_gbHeatFlowWells_wEstimates.shp,assumed measured,355729bc-8207-38a4-9e5b-3ef901546fdd,-142046.5085,211946.1493
4526,Point,0,1,0.0,,4526,89.78122494,137.62,47.83877506,FALSE,-9999.0,90.39358688,47.22641312,FALSE,-9999.0,89.96141142,47.65858858,FALSE,-9999.0,0.0,1,1,G,USGS_gbHeatFlowWells_wEstimates.shp,known measured,e688e001-903e-3ae2-93b4-6aa975ed2af2,-159844.3623,211343.0971
4527,Point,0,1,0.0,,4527,89.65958056,122.36,32.70041944,FALSE,-9999.0,90.38606172,31.97393828,FALSE,-9999.0,89.86005251,32.49994749,FALSE,-9999.0,0.0,1,1,G,USGS_gbHeatFlowWells_wEstimates.shp,known measured,135a123c-4c68-31bf-9110-4c8608484bf3,-163404.3351,211227.1734
4528,Point,0,1,0.0,,4528,85.95693665,183.27,97.31306335,FALSE,-9999.0,86.06778966,97.20221034,FALSE,-9999.0,85.89079342,97.37920658,FALSE,-9999.0,0.0,1,1,G,USGS_gbHeatFlowWells_wEstimates.shp,Data release - assumed measured,41fdd2fb-6fc6-3ea0-8ba7-2326a2d42ded,-170960.2147,284237.4656
4529,Point,0,1,0.0,,4529,85.90322337,183.27,97.36677663,FALSE,-9999.0,86.01283081,97.25716919,FALSE,-9999.0,85.89136561,97.37863439,FALSE,-9999.0,0.0,1,1,G,USGS_gbHeatFlowWells_wEstimates.shp,Data release - assumed measured,0a11ecd0-2669-3614-a265-be4a07337ff1,-171093.2443,284613.8617
4530,Point,0,1,0.0,,4530,86.41515242,175.81,89.39484758,FALSE,-9999.0,86.6177715,89.1922285,FALSE,-9999.0,85.6164549,90.1935451,FALSE,-9999.0,0.0,1,1,G,USGS_gbHeatFlowWells_wEstimates.shp,unmeasured,3d363290-8f90-30c9-a33f-22fbb48295c7,-171913.7357,279214.6164
4531,Point,0,1,0.0,,4531,87.85640868,363.09,275.2335913,FALSE,-9999.0,89.58783558,273.5021644,FALSE,-9999.0,87.12766189,275.9623381,FALSE,-9999.0,0.0,1,1,G,USGS_gbHeatFlowWells_wEstimates.shp,Data release - assumed measured,7c51c9d5-4847-36c8-93f0-7f83936b1c87,-214897.335,235936.4622
4532,Point,0,1,0.0,,4532,87.65195586,1279.46,1191.808044,FALSE,-9999.0,89.38745383,1190.072546,FALSE,-9999.0,86.95291129,1192.507089,FALSE,-9999.0,0.0,1,1,G,USGS_gbHeatFlowWells_wEstimates.shp,assumed measured,a37642d6-908c-3d01-96a5-83fd95e8708f,-216014.1266,234505.1163
4533,Point,0,1,0.0,,4533,87.52557837,204.02,116.4944216,FALSE,-9999.0,89.27121971,114.7487803,FALSE,-9999.0,86.82736967,117.1926303,FALSE,-9999.0,0.0,1,1,G,USGS_gbHeatFlowWells_wEstimates.shp,Data release - assumed measured,a1a54cab-0eba-3d2a-99a7-1dcb41e75406,-217007.0261,234531.6857
4534,Point,0,1,0.0,,4534,99.16383722,292.88,193.7161628,FALSE,-9999.0,98.18833141,194.6916686,FALSE,-9999.0,97.97019114,194.9098089,FALSE,-9999.0,0.0,1,1,G,USGS_gbHeatFlowWells_wEstimates.shp,Data release - assumed measured,4ad5bc30-cec1-33d1-90e9-0b316e3a22f4,-12086.0864,268962.3266
4535,Point,0,1,0.0,,4535,86.67211676,407.68,321.0078832,FALSE,-9999.0,86.85487537,320.8251246,FALSE,-9999.0,85.98707036,321.6929296,FALSE,-9999.0,0.0,1,1,G,USGS_gbHeatFlowWells_wEstimates.shp,Data release - assumed measured,99cc6fe1-721c-3dd6-a114-236085a53ce0,-150161.0586,242355.4093
4536,Point,0,1,0.0,,4536,87.78738615,1305.26,1217.472614,FALSE,-9999.0,88.22563491,1217.034365,FALSE,-9999.0,85.97513463,1219.284865,FALSE,-9999.0,0.0,1,1,G,USGS_gbHeatFlowWells_wEstimates.shp,known measured,2a05cd63-f927-32df-98d7-150cd5b49d2e,-169778.1192,257168.7456
4537,Point,0,1,0.0,,4537,83.54440578,1199.0,1115.455594,FALSE,-9999.0,84.2084009,1114.791599,FALSE,-9999.0,85.04027791,1113.959722,FALSE,-9999.0,0.0,1,1,G,USGS_gbHeatFlowWells_wEstimates.shp,assumed measured,610fe9d8-f4a8-3775-ae23-24cabf49f9f0,-114544.3447,310766.4658
4538,Point,0,1,0.0,,4538,84.43953014,149.38,64.94046986,FALSE,-9999.0,85.05038078,64.32961922,FALSE,-9999.0,85.98440975,63.39559025,FALSE,-9999.0,0.0,1,1,G,USGS_gbHeatFlowWells_wEstimates.shp,assumed measured,afe85b0f-69f5-3487-85fe-5b49d1aa0a69,-116129.9099,306083.4891
4541,Point,0,1,0.0,,4541,84.86906144,179.82,94.95093856,FALSE,-9999.0,86.63218403,93.18781597,FALSE,-9999.0,84.13540497,95.68459503,FALSE,-9999.0,0.0,1,1,G,USGS_gbHeatFlowWells_wEstimates.shp,Data release - assumed measured,61a87a86-e640-3467-bc5e-13353611791e,-228786.329,219534.2317
4543,Point,0,1,0.0,,4543,94.2761874,1569.4,1475.123813,FALSE,-9999.0,95.41458598,1473.985414,FALSE,-9999.0,94.4917217,1474.908278,FALSE,-9999.0,0.0,1,1,G,USGS_gbHeatFlowWells_wEstimates.shp,assumed measured,605ddfd3-7bc5-347b-8ee5-55a45585e7ef,34388.78002,343158.7053
4544,Point,0,1,0.0,,4544,94.16171676,2784.6,2690.438283,FALSE,-9999.0,95.31278815,2689.287212,FALSE,-9999.0,94.37306876,2690.226931,FALSE,-9999.0,0.0,1,1,G,USGS_gbHeatFlowWells_wEstimates.shp,assumed measured,b1f68604-8267-3f6e-91c1-e48b9176e652,34791.7072,343182.8655
4545,Point,0,1,0.0,,4545,79.84030054,282.83,202.9896995,FALSE,-9999.0,80.96919276,201.8608072,FALSE,-9999.0,80.06032699,202.769673,FALSE,-9999.0,0.0,1,1,G,USGS_gbHeatFlowWells_wEstimates.shp,assumed measured,2504527d-9196-3c5b-a84c-a1a6b97485e9,-186824.4326,145402.016
4546,Point,0,1,0.0,,4546,80.10834591,122.3,42.19165409,FALSE,-9999.0,81.2330761,41.0669239,FALSE,-9999.0,80.3309528,41.9690472,FALSE,-9999.0,0.0,1,1,G,USGS_gbHeatFlowWells_wEstimates.shp,assumed measured,a07e9916-b109-36c0-b8e3-4950e4f804b1,-183268.5557,144013.6155
4547,Point,0,1,0.0,,4547,79.41074939,463.74,384.3292506,FALSE,-9999.0,80.50105151,383.2389485,FALSE,-9999.0,79.57290001,384.1671,FALSE,-9999.0,0.0,1,1,G,USGS_gbHeatFlowWells_wEstimates.shp,assumed measured,fe921410-9839-3146-bd32-28ff567f60b7,-187466.5075,142427.021
4548,Point,0,1,0.0,,4548,80.0488027,468.83,388.7811973,FALSE,-9999.0,81.19677259,387.6332274,FALSE,-9999.0,80.29777012,388.5322299,FALSE,-9999.0,0.0,1,1,G,USGS_gbHeatFlowWells_wEstimates.shp,assumed measured,3a9cf451-aeab-3281-a06a-40d6140c60ff,-186786.0459,147082.8347
4549,Point,0,1,0.0,,4549,80.1787673,152.88,72.7012327,FALSE,-9999.0,81.33229682,71.54770318,FALSE,-9999.0,80.43856535,72.44143465,FALSE,-9999.0,0.0,1,1,G,USGS_gbHeatFlowWells_wEstimates.shp,assumed measured,8838d1f7-0ff9-3824-b9fe-451a08bb1434,-186060.6687,147440.0035
4550,Point,0,1,0.0,,4550,80.29942594,196.2,115.9005741,FALSE,-9999.0,81.46774531,114.7322547,FALSE,-9999.0,80.58023791,115.6197621,FALSE,-9999.0,0.0,1,1,G,USGS_gbHeatFlowWells_wEstimates.shp,assumed measured,f28febdc-15d9-3c75-812b-13bf81ddfd68,-186600.0499,148947.1293
4551,Point,0,1,0.0,,4551,79.33241949,127.4,48.06758051,FALSE,-9999.0,80.41945404,46.98054596,FALSE,-9999.0,79.48949774,47.91050226,FALSE,-9999.0,0.0,1,1,G,USGS_gbHeatFlowWells_wEstimates.shp,assumed measured,d48ece47-ad97-3080-a472-553f68488b60,-188183.7986,142443.4917
4552,Point,0,1,0.0,,4552,79.8052961,252.25,172.4447039,FALSE,-9999.0,80.91655638,171.3334436,FALSE,-9999.0,80.00208134,172.2479187,FALSE,-9999.0,0.0,1,1,G,USGS_gbHeatFlowWells_wEstimates.shp,unmeasured,46ae19d0-7611-33a6-a9ba-778f0eaf70ca,-185006.6044,143305.3178
4553,Point,0,1,0.0,,4553,80.1847856,555.46,475.2752144,FALSE,-9999.0,81.35834434,474.1016557,FALSE,-9999.0,80.46697389,474.9930261,FALSE,-9999.0,0.0,1,1,G,USGS_gbHeatFlowWells_wEstimates.shp,assumed measured,5bca13b4-80ef-38a9-b9ad-ab92c4a3b820,-188446.2957,149736.88
4557,Point,0,1,0.0,,4557,85.73172364,47.96,-37.77172364,FALSE,-9999.0,85.8295833,-37.8695833,FALSE,-9999.0,85.6205772,-37.6605772,FALSE,-9999.0,0.0,1,1,G,USGS_gbHeatFlowWells_wEstimates.shp,assumed measured,4fc86c24-1b48-367d-b014-87a76b0f0291,-133207.6578,229617.5581
4558,Point,0,1,0.0,,4558,85.89758217,783.51,697.6124178,FALSE,-9999.0,87.12369578,696.3863042,FALSE,-9999.0,86.53207593,696.9779241,FALSE,-9999.0,0.0,1,1,G,USGS_gbHeatFlowWells_wEstimates.shp,Data release - assumed measured,61037252-c063-3ef5-814c-2c70e46ed2a1,-83753.00878,287193.0947
4559,Point,0,1,0.0,,4559,86.17209789,134.68,48.50790211,FALSE,-9999.0,87.36903259,47.31096741,FALSE,-9999.0,86.8634467,47.8165533,FALSE,-9999.0,0.0,1,1,G,USGS_gbHeatFlowWells_wEstimates.shp,Data release - assumed measured,b3abb3f5-d0d0-3134-8d92-f78a6b57d28e,-80343.11828,292480.4905
4560,Point,0,1,0.0,,4560,83.23102777,1258.74,1175.508972,FALSE,-9999.0,83.60901466,1175.130985,FALSE,-9999.0,83.25662173,1175.483378,FALSE,-9999.0,0.0,1,1,G,USGS_gbHeatFlowWells_wEstimates.shp,Data release - assumed measured,5637908b-1c5d-35ff-b049-8b4d095768d9,-92481.17948,253839.7296
4561,Point,0,1,0.0,,4561,87.39750293,123.0,35.60249707,FALSE,-9999.0,88.01769483,34.98230517,FALSE,-9999.0,88.01145221,34.98854779,FALSE,-9999.0,0.0,1,1,G,USGS_gbHeatFlowWells_wEstimates.shp,assumed measured,90b32ea3-7716-300c-93e9-9e9d9124e386,-72952.70019,275283.5111
4562,Point,0,1,0.0,,4562,83.53248552,1356.0,1272.467514,FALSE,-9999.0,83.93765537,1272.062345,FALSE,-9999.0,83.58934554,1272.410654,FALSE,-9999.0,0.0,1,1,G,USGS_gbHeatFlowWells_wEstimates.shp,Data release - assumed measured,59f6e218-2064-3c35-9008-7c3d7367a15b,-91068.19459,256401.1311
4563,Point,0,1,0.0,,4563,84.64545248,114.8,30.15454752,FALSE,-9999.0,85.22217141,29.57782859,FALSE,-9999.0,84.87475988,29.92524012,FALSE,-9999.0,0.0,1,1,G,USGS_gbHeatFlowWells_wEstimates.shp,assumed measured,f604eca1-642d-3dc5-bea1-3b5715330fb0,-85644.83389,265116.0985
4564,Point,0,1,0.0,,4564,81.7482383,184.28,102.5317617,FALSE,-9999.0,81.91785528,102.3621447,FALSE,-9999.0,81.68446516,102.5955348,FALSE,-9999.0,0.0,1,1,G,USGS_gbHeatFlowWells_wEstimates.shp,Data release - assumed measured,c27a5528-f904-3cbe-bb0e-28e3769bd8b9,-99104.27128,223995.411
4565,Point,0,1,0.0,,4565,87.61242857,301.0,213.3875714,FALSE,-9999.0,88.31567247,212.6843275,FALSE,-9999.0,88.30487908,212.6951209,FALSE,-9999.0,0.0,1,1,G,USGS_gbHeatFlowWells_wEstimates.shp,unmeasured,6851f037-4503-351d-9b61-85c3be4094e2,-72494.94023,278035.5403
4566,Point,0,1,0.0,,4566,87.85579448,197.78,109.9242055,FALSE,-9999.0,88.59262064,109.1873794,FALSE,-9999.0,88.61184838,109.1681516,FALSE,-9999.0,0.0,1,1,G,USGS_gbHeatFlowWells_wEstimates.shp,assumed measured,c5583038-3a84-3726-aad8-6288bb8aafe9,-71449.6613,279567.1802
4567,Point,0,1,0.0,,4567,88.90540615,148.4,59.49459385,FALSE,-9999.0,88.92877877,59.47122123,FALSE,-9999.0,89.25749449,59.14250551,FALSE,-9999.0,0.0,1,1,G,USGS_gbHeatFlowWells_wEstimates.shp,known measured,dc0b26f3-9ec3-3a67-8708-c209b0e7c6a6,-61321.37058,263605.8824
4568,Point,0,1,0.0,,4568,83.38501779,67.2,-16.18501779,FALSE,-9999.0,83.7834413,-16.5834413,FALSE,-9999.0,83.42163059,-16.22163059,FALSE,-9999.0,0.0,1,1,G,USGS_gbHeatFlowWells_wEstimates.shp,known measured,c58ce87d-ef95-3bc7-be79-65b2b8cdb31f,-92410.86501,255531.0898
4569,Point,0,1,0.0,,4569,84.63239385,308.0,223.3676061,FALSE,-9999.0,85.20831041,222.7916896,FALSE,-9999.0,84.85858795,223.1414121,FALSE,-9999.0,0.0,1,1,G,USGS_gbHeatFlowWells_wEstimates.shp,known measured,6e6bc2f2-4653-3289-8bc9-6631483f9ec5,-85839.83934,265118.1625
4570,Point,0,1,0.0,,4570,86.88366966,313.0,226.1163303,FALSE,-9999.0,87.57867572,225.4213243,FALSE,-9999.0,87.44342926,225.5565707,FALSE,-9999.0,0.0,1,1,G,USGS_gbHeatFlowWells_wEstimates.shp,unmeasured,56ec5f65-748b-3d6e-99f1-a5c881654769,-75765.69827,275124.5829
4571,Point,0,1,0.0,,4571,86.97443672,174.0,87.02556328,FALSE,-9999.0,87.65904193,86.34095807,FALSE,-9999.0,87.54414927,86.45585073,FALSE,-9999.0,0.0,1,1,G,USGS_gbHeatFlowWells_wEstimates.shp,unmeasured,a786742b-8442-3475-87e9-6c3abf213d0f,-75298.91513,275232.2554
4572,Point,0,1,0.0,,4572,86.81274001,700.0,613.18726,FALSE,-9999.0,87.52859088,612.4714091,FALSE,-9999.0,87.37062053,612.6293795,FALSE,-9999.0,0.0,1,1,G,USGS_gbHeatFlowWells_wEstimates.shp,assumed measured,7c872240-05f5-311b-9c06-56f85d09fbe6,-76220.94026,275341.7737
4573,Point,0,1,0.0,,4573,82.52894327,374.65,292.1210567,FALSE,-9999.0,82.62843278,292.0215672,FALSE,-9999.0,82.46875363,292.1812464,FALSE,-9999.0,0.0,1,1,G,USGS_gbHeatFlowWells_wEstimates.shp,Data release - assumed measured,8445153d-1822-3e31-bbf7-72cd557f28cc,-107294.6203,215637.7561
4574,Point,0,1,0.0,,4574,82.34343194,199.39,117.0465681,FALSE,-9999.0,82.42606704,116.963933,FALSE,-9999.0,82.25400715,117.1359928,FALSE,-9999.0,0.0,1,1,G,USGS_gbHeatFlowWells_wEstimates.shp,Data release - assumed measured,d7d0e148-75c7-3e55-9667-5f234705c550,-104936.5309,213253.2441
4575,Point,0,1,0.0,,4575,82.5861282,223.31,140.7238718,FALSE,-9999.0,82.66084009,140.6491599,FALSE,-9999.0,82.50890604,140.801094,FALSE,-9999.0,0.0,1,1,G,USGS_gbHeatFlowWells_wEstimates.shp,Data release - assumed measured,4b19e451-64f1-3463-8fde-e8bdd7198baa,-106935.7428,213088.8002
4576,Point,0,1,0.0,,4576,82.62443201,148.85,66.22556799,FALSE,-9999.0,82.67507805,66.17492195,FALSE,-9999.0,82.52204255,66.32795745,FALSE,-9999.0,0.0,1,1,G,USGS_gbHeatFlowWells_wEstimates.shp,Data release - assumed measured,9a6e9d2d-3ba2-33a9-96d7-fb8a95e1f06e,-106460.5088,210930.6087
4577,Point,0,1,0.0,,4577,82.23241802,158.75,76.51758198,FALSE,-9999.0,82.32088997,76.42911003,FALSE,-9999.0,82.13892129,76.61107871,FALSE,-9999.0,0.0,1,1,G,USGS_gbHeatFlowWells_wEstimates.shp,Data release - assumed measured,9e1b2d9a-02a2-37ba-811d-a644a68e01f1,-103994.8895,213476.4956
4578,Point,0,1,0.0,,4578,81.67190052,944.28,862.6080995,FALSE,-9999.0,81.84067319,862.4393268,FALSE,-9999.0,81.60281792,862.6771821,FALSE,-9999.0,0.0,1,1,G,USGS_gbHeatFlowWells_wEstimates.shp,Data release - assumed measured,0e03504c-3a8a-34f4-9662-0b7f4e844480,-97644.62695,223473.3535
4579,Point,0,1,0.0,,4579,82.20897176,134.86,52.65102824,FALSE,-9999.0,82.30546992,52.55453008,FALSE,-9999.0,82.12128741,52.73871259,FALSE,-9999.0,0.0,1,1,G,USGS_gbHeatFlowWells_wEstimates.shp,Data release - assumed measured,e7d160d1-6ed0-31f6-813c-3ec723dfce7b,-103944.4694,214081.078
4580,Point,0,1,0.0,,4580,82.35255049,659.91,577.5574495,FALSE,-9999.0,82.46262496,577.447375,FALSE,-9999.0,82.2883086,577.6216914,FALSE,-9999.0,0.0,1,1,G,USGS_gbHeatFlowWells_wEstimates.shp,Data release - assumed measured,5c5230c6-c902-3c18-969f-6b35659e8663,-105936.4247,216415.6811
4581,Point,0,1,0.0,,4581,82.52894327,67.031,-15.49794327,FALSE,-9999.0,82.62843278,-15.59743278,FALSE,-9999.0,82.46875363,-15.43775363,FALSE,-9999.0,0.0,1,1,G,USGS_gbHeatFlowWells_wEstimates.shp,Data release - assumed measured,bd69709a-406e-3895-ba65-cad81c4528e4,-107294.6203,215637.7561
4582,Point,0,1,0.0,,4582,82.42315801,647.28,564.856842,FALSE,-9999.0,82.52406479,564.7559352,FALSE,-9999.0,82.35692742,564.9230726,FALSE,-9999.0,0.0,1,1,G,USGS_gbHeatFlowWells_wEstimates.shp,Data release - assumed measured,801919a4-3336-3796-816a-be01b84d59b3,-106274.9289,215321.7264
4583,Point,0,1,0.0,,4583,82.39114398,529.93,447.538856,FALSE,-9999.0,82.49331023,447.4366898,FALSE,-9999.0,82.32362821,447.6063718,FALSE,-9999.0,0.0,1,1,G,USGS_gbHeatFlowWells_wEstimates.shp,Data release - assumed measured,83bf7192-0cda-3303-bb64-ea594c2d1057,-105993.1285,215340.4534
4584,Point,0,1,0.0,,4584,81.73617799,26.88,-54.85617799,FALSE,-9999.0,81.93274655,-55.05274655,FALSE,-9999.0,81.69585931,-54.81585931,FALSE,-9999.0,0.0,1,1,G,USGS_gbHeatFlowWells_wEstimates.shp,Data release - assumed measured,d55a4cd6-9990-358e-ad12-8221e3036a48,-95090.33044,229775.1787
4585,Point,0,1,0.0,,4585,81.72992054,64.521,-17.20892054,FALSE,-9999.0,81.9245594,-17.4035594,FALSE,-9999.0,81.69024416,-17.16924416,FALSE,-9999.0,0.0,1,1,G,USGS_gbHeatFlowWells_wEstimates.shp,Data release - assumed measured,3950ca8b-e1a0-38f4-81ad-8f1d8fdc36c5,-94040.70664,229953.4513
4586,Point,0,1,0.0,,4586,81.78672695,623.53,541.743273,FALSE,-9999.0,81.98650422,541.5434958,FALSE,-9999.0,81.74450895,541.785491,FALSE,-9999.0,0.0,1,1,G,USGS_gbHeatFlowWells_wEstimates.shp,Data release - assumed measured,bb1319d5-a801-3af7-8c24-94eb1a63660f,-98179.47753,229274.0825
4587,Point,0,1,0.0,,4587,81.73747645,1069.2,987.4625236,FALSE,-9999.0,81.93046705,987.269533,FALSE,-9999.0,81.69111055,987.5088895,FALSE,-9999.0,0.0,1,1,G,USGS_gbHeatFlowWells_wEstimates.shp,Data release - assumed measured,8e07caa8-aa18-382f-b4be-ee5495ba2be9,-97049.19487,228352.6586
4588,Point,0,1,0.0,,4588,81.72747463,34.5,-47.22747463,FALSE,-9999.0,81.91497228,-47.41497228,FALSE,-9999.0,81.67632675,-47.17632675,FALSE,-9999.0,0.0,1,1,G,USGS_gbHeatFlowWells_wEstimates.shp,Data release - assumed measured,8092ef79-a63e-356f-83ce-84afc43c4ce5,-97488.39567,227248.4059
4589,Point,0,1,0.0,,4589,81.76509924,769.08,687.3149008,FALSE,-9999.0,81.95583566,687.1241643,FALSE,-9999.0,81.71664751,687.3633525,FALSE,-9999.0,0.0,1,1,G,USGS_gbHeatFlowWells_wEstimates.shp,Data release - assumed measured,3df242a7-e77b-3930-b1f6-6e4f24410d50,-98360.0613,227729.6488
4590,Point,0,1,0.0,,4590,81.7983914,213.44,131.6416086,FALSE,-9999.0,81.98791476,131.4520852,FALSE,-9999.0,81.74934424,131.6906558,FALSE,-9999.0,0.0,1,1,G,USGS_gbHeatFlowWells_wEstimates.shp,Data release - assumed measured,cf5b04d7-b926-3991-a55d-8e7461224278,-99377.23299,227450.663
4591,Point,0,1,0.0,,4591,81.75283398,791.07,709.317166,FALSE,-9999.0,81.93471409,709.1352859,FALSE,-9999.0,81.69795621,709.3720438,FALSE,-9999.0,0.0,1,1,G,USGS_gbHeatFlowWells_wEstimates.shp,Data release - assumed measured,9ca7934d-9724-32d4-8a93-592ac171ec95,-98660.11076,226175.4586
4592,Point,0,1,0.0,,4592,81.76217285,140.8,59.03782715,FALSE,-9999.0,81.94078788,58.85921212,FALSE,-9999.0,81.70533378,59.09466622,FALSE,-9999.0,0.0,1,1,G,USGS_gbHeatFlowWells_wEstimates.shp,Data release - assumed measured,a99e4cc4-b185-3423-b9e8-0c91d6852c06,-99041.80508,225619.7342
4593,Point,0,1,0.0,,4593,81.73956422,130.0,48.26043578,FALSE,-9999.0,81.91730384,48.08269616,FALSE,-9999.0,81.68128038,48.31871962,FALSE,-9999.0,0.0,1,1,G,USGS_gbHeatFlowWells_wEstimates.shp,assumed measured,dbd350b9-50ac-32c4-b90c-8e174d6276cd,-98584.04428,225423.6278
4594,Point,0,1,0.0,,4594,81.7983914,140.6,58.8016086,FALSE,-9999.0,81.98791476,58.61208524,FALSE,-9999.0,81.74934424,58.85065576,FALSE,-9999.0,0.0,1,1,G,USGS_gbHeatFlowWells_wEstimates.shp,Data release - assumed measured,924cab3c-e9d2-31e1-988d-b99f2be16cf5,-99377.23299,227450.663
4596,Point,0,1,0.0,,4596,88.66656565,238.5,149.8334344,TRUE,0.000101546,88.90958493,149.5904151,TRUE,0.000103844,88.89130356,149.6086964,TRUE,0.00010367,0.0,1,1,B,USGS_gbHeatFlowWells_wEstimates.shp,Data release - assumed measured,b8c0291a-2056-3521-8a04-1e64be18d24a,-137083.0377,205920.1224
4597,Point,0,1,0.0,,4597,87.8593603,163.2,75.3406397,TRUE,0.096911298,88.09141218,75.10858782,TRUE,0.099004854,88.09034527,75.10965473,TRUE,0.098995126,0.0,1,1,A,USGS_gbHeatFlowWells_wEstimates.shp,A quality,5ee89d5b-ded4-3176-a662-c7961c0023ea,-131331.5105,202350.3485
4598,Point,0,1,0.0,,4598,88.43503705,3213.3,3124.864963,FALSE,-9999.0,88.68131719,3124.618683,FALSE,-9999.0,88.67827938,3124.621721,FALSE,-9999.0,0.0,1,1,C,USGS_gbHeatFlowWells_wEstimates.shp,Data release - assumed measured,486a83c8-e61a-324f-8756-6077ef326ca4,-134728.8141,203638.9508
4599,Point,0,1,0.0,,4599,88.01226526,37.7,-50.31226526,FALSE,-9999.0,88.07439919,-50.37439919,FALSE,-9999.0,88.0880871,-50.3880871,FALSE,-9999.0,0.0,1,1,C,USGS_gbHeatFlowWells_wEstimates.shp,Data release - assumed measured,5a184ca6-e627-32d4-83f8-8b1b2113e613,-134518.9468,211145.3599
4600,Point,0,1,0.0,,4600,88.42886563,2719.6,2631.171134,TRUE,0.0,88.65205399,2630.947946,TRUE,0.0,88.6430911,2630.956909,TRUE,0.0,0.0,1,1,B,USGS_gbHeatFlowWells_wEstimates.shp,Data release - assumed measured,ebd41b53-3075-3e34-a101-230f63214395,-135545.7177,205894.3138
4601,Point,0,1,0.0,,4601,88.17529804,527.2,439.024702,TRUE,0.0,88.40721381,438.7927862,TRUE,0.0,88.4088039,438.7911961,TRUE,0.0,0.0,1,1,B,USGS_gbHeatFlowWells_wEstimates.shp,Data release - assumed measured,092a959c-0ebf-3e75-ab82-a18ec2a5a89c,-133194.7388,203389.4791
4602,Point,0,1,0.0,,4602,86.91268197,58.6,-28.31268197,TRUE,1.0,87.06372519,-28.46372519,TRUE,1.0,87.06160041,-28.46160041,TRUE,1.0,0.0,1,1,B,USGS_gbHeatFlowWells_wEstimates.shp,Data release - assumed measured,5dec58c8-dd4c-3253-98c8-a4b9a448173c,-128197.137,205999.1711
4603,Point,0,1,0.0,,4603,88.45307772,87.9,-0.553077719,TRUE,1.0,88.56149621,-0.661496211,TRUE,1.0,88.5621778,-0.662177804,TRUE,1.0,0.0,1,1,B,USGS_gbHeatFlowWells_wEstimates.shp,Data release - assumed measured,f30ab3a1-3b01-390e-9a53-4b57eb71744b,-136671.6019,210060.4437
4604,Point,0,1,0.0,,4604,87.88193703,1012.5,924.618063,FALSE,-9999.0,87.95667027,924.5433297,FALSE,-9999.0,87.97329053,924.5267095,FALSE,-9999.0,0.0,1,1,C,USGS_gbHeatFlowWells_wEstimates.shp,Data release - assumed measured,f53feb46-c38e-3a55-a4bd-91c669db58b4,-133594.8345,210233.4009
4605,Point,0,1,0.0,,4605,87.26403627,125.5,38.23596373,TRUE,1.0,87.29681463,38.20318537,TRUE,1.0,87.31055767,38.18944233,TRUE,1.0,0.0,1,1,A,USGS_gbHeatFlowWells_wEstimates.shp,A quality,98b3d66f-179e-3e64-b3c5-2e614682951b,-131508.0337,212553.1345
4606,Point,0,1,0.0,,4606,86.31055104,167.4,81.08944896,TRUE,0.057071862,86.35952213,81.04047787,TRUE,0.057329861,86.31722199,81.08277801,TRUE,0.057106939,0.0,1,1,B,USGS_gbHeatFlowWells_wEstimates.shp,Data release - assumed measured,85f0ff0c-427b-300b-935d-40358a3d2d7b,-129550.0701,217565.4489
4607,Point,0,1,0.0,,4607,88.68871454,1974.8,1886.111285,FALSE,-9999.0,88.98036792,1885.819632,FALSE,-9999.0,88.96531742,1885.834683,FALSE,-9999.0,0.0,1,1,C,USGS_gbHeatFlowWells_wEstimates.shp,Data release - assumed measured,633da91e-f486-37ac-bc63-4f9f64020ad3,-135780.2011,202087.2149
4608,Point,0,1,0.0,,4608,89.24452993,66.9,-22.34452993,TRUE,1.0,89.67637136,-22.77637136,TRUE,1.0,89.61287557,-22.71287557,TRUE,1.0,0.0,1,1,A,USGS_gbHeatFlowWells_wEstimates.shp,A quality,057b2540-9df5-3216-863e-a33ac8005394,-138750.4205,198326.3066
4609,Point,0,1,0.0,,4609,88.73486864,234.3,145.5651314,TRUE,0.000150451,89.00211912,145.2978809,TRUE,0.0001542,88.9835317,145.3164683,TRUE,0.000153936,0.0,1,1,B,USGS_gbHeatFlowWells_wEstimates.shp,Data release - assumed measured,aa6313c1-4fee-3192-ae15-8b015477695c,-137103.8397,204687.4982
4610,Point,0,1,0.0,,4610,88.58593455,2694.5,2605.914065,FALSE,-9999.0,88.85970159,2605.640298,FALSE,-9999.0,88.85042209,2605.649578,FALSE,-9999.0,0.0,1,1,C,USGS_gbHeatFlowWells_wEstimates.shp,Data release - assumed measured,078479c9-bd34-30c9-b609-8739e81b86a7,-135260.0586,202526.887
4611,Point,0,1,0.0,,4611,87.18495909,96.2,9.01504091,TRUE,1.0,87.43633822,8.763661785,TRUE,1.0,87.40844659,8.791553406,TRUE,1.0,0.0,1,1,B,USGS_gbHeatFlowWells_wEstimates.shp,Data release - assumed measured,19e4524b-6380-3b9f-bcde-61d76af7c979,-127781.6023,199827.8133
4612,Point,0,1,0.0,,4612,88.25326521,4313.7,4225.446735,FALSE,-9999.0,88.3904278,4225.309572,FALSE,-9999.0,88.39479692,4225.305203,FALSE,-9999.0,0.0,1,1,C,USGS_gbHeatFlowWells_wEstimates.shp,Data release - assumed measured,ab48e56e-9851-3cce-89e5-867942826464,-135159.316,208577.9907
4613,Point,0,1,0.0,,4613,84.60139525,2.09,-82.51139525,TRUE,0.050066149,84.75474104,-82.66474104,TRUE,0.049364002,84.59562558,-82.50562558,TRUE,0.050092762,0.0,1,1,B,USGS_gbHeatFlowWells_wEstimates.shp,known measured,eaebebe8-909b-3ce6-9c4a-f773f1953908,-75161.76052,243518.2373
4614,Point,0,1,0.0,,4614,82.47399394,88.75,6.276006062,TRUE,1.0,82.66984561,6.080154394,TRUE,1.0,82.47320765,6.276792346,TRUE,1.0,0.0,1,1,B,USGS_gbHeatFlowWells_wEstimates.shp,known measured,c028116f-8268-32ab-a562-ba71f8dc05c2,-85137.10363,240849.0317
4615,Point,0,1,0.0,,4615,82.87683691,206.91,124.0331631,TRUE,0.001093134,83.12159386,123.7884061,TRUE,0.001118057,82.8968187,124.0131813,TRUE,0.001095148,0.0,1,1,B,USGS_gbHeatFlowWells_wEstimates.shp,known measured,c9aa8c26-bd3f-3b56-a9bd-e0a95374c10f,-85149.42773,246138.7119
4616,Point,0,1,0.0,,4616,82.81091508,401.28,318.4690849,TRUE,1.82e-11,83.03028553,318.2497145,TRUE,1.86e-11,82.82192873,318.4580713,TRUE,1.83e-11,0.0,1,1,B,USGS_gbHeatFlowWells_wEstimates.shp,known measured,374dbb2f-0973-3908-bbe0-3d3082b67461,-84131.16473,244346.2061
4617,Point,0,1,0.0,,4617,83.15039501,47.52,-35.63039501,TRUE,1.0,83.37398083,-35.85398083,TRUE,1.0,83.17023832,-35.65023832,TRUE,1.0,0.0,1,1,B,USGS_gbHeatFlowWells_wEstimates.shp,known measured,c58e7d43-3c0e-3d8d-b1a9-96b8ba63f6f4,-82492.30433,245830.9987
4618,Point,0,1,0.0,,4618,86.73018823,173.32,86.58981177,TRUE,0.034388048,87.42395675,85.89604325,TRUE,0.036657114,87.26543474,86.05456526,TRUE,0.036125793,0.0,1,1,A,USGS_gbHeatFlowWells_wEstimates.shp,A quality,9dc89101-0ea7-383d-a993-5d347abfc19a,-76414.47168,274490.8873
4619,Point,0,1,0.0,,4619,87.81981444,674.66,586.8401856,TRUE,0.0,88.54017131,586.1198287,TRUE,0.0,88.56150572,586.0984943,TRUE,0.0,0.0,1,1,A,USGS_gbHeatFlowWells_wEstimates.shp,A quality,aab19dbf-69d5-3b5f-9fbe-55940729808c,-71544.49005,279087.3333
4620,Point,0,1,0.0,,4620,86.79011944,188.0,101.2098806,TRUE,0.008945503,87.43323206,100.5667679,TRUE,0.009491378,87.311544,100.688456,TRUE,0.009385594,0.0,1,1,A,USGS_gbHeatFlowWells_wEstimates.shp,A quality,0ae43f4a-cdac-372c-a931-118ef11b7190,-75769.20528,273490.8841
4621,Point,0,1,0.0,,4621,87.83920097,1084.44,996.600799,TRUE,0.0,88.56000681,995.8799932,TRUE,0.0,88.5851361,995.8548639,TRUE,0.0,0.0,1,1,B,USGS_gbHeatFlowWells_wEstimates.shp,assumed measured,43da0391-5f09-3e2d-83e7-c9d20ce07eec,-71444.85242,279154.7991
4622,Point,0,1,0.0,,4622,87.77438277,4144.56,4056.785617,FALSE,-9999.0,88.48894401,4056.071056,FALSE,-9999.0,88.5042263,4056.055774,FALSE,-9999.0,0.0,1,1,C,USGS_gbHeatFlowWells_wEstimates.shp,unmeasured,442155a0-9c38-3d84-a15a-ebecc1ec228c,-71746.95555,278817.3665
4623,Point,0,1,0.0,,4623,85.14392046,1535.57,1450.42608,FALSE,-9999.0,85.26326612,1450.306734,FALSE,-9999.0,85.69990086,1449.870099,FALSE,-9999.0,0.0,1,1,G,USGS_gbHeatFlowWells_wEstimates.shp,Data release - assumed measured,86a356c3-b323-349b-b230-fec2febff526,-108172.6498,347390.7391
4624,Point,0,1,0.0,,4624,86.89826531,78.5,-8.398265307,FALSE,-9999.0,86.7977661,-8.297766102,FALSE,-9999.0,87.00362185,-8.503621846,FALSE,-9999.0,0.0,1,1,C,USGS_gbHeatFlowWells_wEstimates.shp,Data release - assumed measured,7c6de640-f0db-369a-ab12-8c15d63cf87d,-54994.58683,346196.6394
4625,Point,0,1,0.0,,4625,83.13225068,107.97,24.83774932,TRUE,1.0,83.50448254,24.46551746,TRUE,1.0,83.53079093,24.43920907,TRUE,1.0,0.0,1,1,G,USGS_gbHeatFlowWells_wEstimates.shp,assumed measured,eb9f9443-c7fe-3751-a865-199539551b1a,-105083.5316,338499.8025
4626,Point,0,1,0.0,,4626,82.96399133,35.17,-47.79399133,TRUE,1.0,83.37962158,-48.20962158,TRUE,1.0,83.31262754,-48.14262754,TRUE,1.0,0.0,1,1,B,USGS_gbHeatFlowWells_wEstimates.shp,Data release - assumed measured,210db487-5295-366b-85f5-c6b115e92680,-103520.8378,337840.8526
4627,Point,0,1,0.0,,4627,82.69550111,45.44,-37.25550111,TRUE,1.0,83.15807494,-37.71807494,TRUE,1.0,83.03706408,-37.59706408,TRUE,1.0,0.0,1,1,A,USGS_gbHeatFlowWells_wEstimates.shp,A quality,08590238-7bc6-32b1-8275-97583235bf95,-103238.2175,336302.4623
4628,Point,0,1,0.0,,4628,95.46252995,134.3,38.83747005,FALSE,-9999.0,96.38320199,37.91679801,FALSE,-9999.0,95.73122215,38.56877785,FALSE,-9999.0,0.0,1,1,C,USGS_gbHeatFlowWells_wEstimates.shp,Data release - assumed measured,acc5b94f-de85-33e5-8752-ac8d39331ce3,29378.32657,344841.1669
4629,Point,0,1,0.0,,4629,93.39692612,164.4,71.00307388,FALSE,-9999.0,94.58286985,69.81713015,FALSE,-9999.0,93.60088656,70.79911344,FALSE,-9999.0,0.0,1,1,X,USGS_gbHeatFlowWells_wEstimates.shp,X quality,16372cd4-88d4-374e-9941-a8b3ee8a81a3,37110.09522,344772.6672
4636,Point,0,1,0.0,,4636,84.92336264,28.9,-56.02336264,FALSE,-9999.0,85.56942551,-56.66942551,FALSE,-9999.0,85.20563325,-56.30563325,FALSE,-9999.0,0.0,1,1,G,USGS_gbHeatFlowWells_wEstimates.shp,Data release - assumed measured,3485afb5-a381-3589-b7aa-d86c5ab28841,-85032.29849,267720.5599
4637,Point,0,1,0.0,,4637,86.50189739,114.8,28.29810261,FALSE,-9999.0,87.25521323,27.54478677,FALSE,-9999.0,87.02914318,27.77085682,FALSE,-9999.0,0.0,1,1,G,USGS_gbHeatFlowWells_wEstimates.shp,Data release - assumed measured,03e4f83c-94aa-3da4-8c56-cab58df5c41a,-77849.967,275021.195
4638,Point,0,1,0.0,,4638,85.46101179,192.9,107.4389882,FALSE,-9999.0,85.46615585,107.4338441,FALSE,-9999.0,85.52195569,107.3780443,FALSE,-9999.0,0.0,1,1,D,USGS_gbHeatFlowWells_wEstimates.shp,Data release - assumed measured,e93d90c2-91f0-3e5c-b1b8-da0b724da42c,-57856.89508,342699.706
4639,Point,0,1,0.0,,4639,86.62246173,86.1,-0.52246173,TRUE,1.0,86.53393133,-0.433931328,TRUE,0.01,86.70849062,-0.608490621,TRUE,1.0,0.0,1,1,D,USGS_gbHeatFlowWells_wEstimates.shp,Data release - assumed measured,576c6cad-b4af-3d15-b4ee-15f520f76f3a,-55243.64092,345380.6774
4640,Point,0,1,0.0,,4640,85.52365641,205.0,119.4763436,FALSE,-9999.0,85.51942442,119.4805756,FALSE,-9999.0,85.60656412,119.3934359,FALSE,-9999.0,0.0,1,1,D,USGS_gbHeatFlowWells_wEstimates.shp,Data release - assumed measured,71c4a9ce-5982-3500-9715-d8928f05ba41,-57247.14033,342247.264
4641,Point,0,1,0.0,,4641,86.88486087,25.5,-61.38486087,TRUE,0.350433459,88.55998513,-63.05998513,TRUE,0.300331299,87.06480539,-61.56480539,TRUE,0.344673413,0.0,1,1,C,USGS_gbHeatFlowWells_wEstimates.shp,assumed measured,3cf9569e-bc87-3ea8-804c-fcd0a4b5fecc,-204879.5011,211495.7379
4642,Point,0,1,0.0,,4642,91.81077414,429.3,337.4892259,FALSE,-9999.0,91.35457335,337.9454267,FALSE,-9999.0,91.69080233,337.6091977,FALSE,-9999.0,0.0,1,1,G,USGS_gbHeatFlowWells_wEstimates.shp,Data release - assumed measured,0e9da5dd-8613-3382-bbf9-b4629019f66c,-44612.58585,259462.2481
4643,Point,0,1,0.0,,4643,93.33613736,643.2,549.8638626,FALSE,-9999.0,92.7820522,550.4179478,FALSE,-9999.0,93.25638213,549.9436179,FALSE,-9999.0,0.0,1,1,G,USGS_gbHeatFlowWells_wEstimates.shp,Data release - assumed measured,9a8484bd-0886-3624-8f13-b31fcdda87b4,-41942.34367,265532.5096
4644,Point,0,1,0.0,,4644,93.24007689,405.5,312.2599231,FALSE,-9999.0,92.68675017,312.8132498,FALSE,-9999.0,93.14510669,312.3548933,FALSE,-9999.0,0.0,1,1,G,USGS_gbHeatFlowWells_wEstimates.shp,Data release - assumed measured,86ca697a-03b4-3500-ac2e-52de93536b0b,-41928.77029,264882.5311
4645,Point,0,1,0.0,,4645,93.32781915,346.5,253.1721809,FALSE,-9999.0,92.76934549,253.7306545,FALSE,-9999.0,93.23512842,253.2648716,FALSE,-9999.0,0.0,1,1,G,USGS_gbHeatFlowWells_wEstimates.shp,Data release - assumed measured,db46c088-2be2-3d11-b7cb-a6834af97090,-41782.77844,265240.3489
4646,Point,0,1,0.0,,4646,93.97965658,75.3,-18.67965658,FALSE,-9999.0,93.21075109,-17.91075109,FALSE,-9999.0,93.30625637,-18.00625637,FALSE,-9999.0,0.0,1,1,C,USGS_gbHeatFlowWells_wEstimates.shp,Data release - assumed measured,a2abc13a-29e8-322b-8750-194ca82d15f5,-30029.90196,256593.5139
4647,Point,0,1,0.0,,4647,83.92291949,23.8,-60.12291949,TRUE,0.393625496,85.10255802,-61.30255802,TRUE,0.353099969,84.42588425,-60.62588425,TRUE,0.375806796,0.0,1,1,A,USGS_gbHeatFlowWells_wEstimates.shp,A quality,6d3b6a65-c336-3186-8867-d401e4f68649,-170305.9891,158557.8493
4648,Point,0,1,0.0,,4648,81.81341774,874.5,792.6865823,FALSE,-9999.0,82.02479989,792.4752001,FALSE,-9999.0,81.78046151,792.7195385,FALSE,-9999.0,0.0,1,1,X,USGS_gbHeatFlowWells_wEstimates.shp,X quality,4ce4fc93-3a54-32a8-ab5f-2bdee320dfac,-96933.37417,231623.8239
4649,Point,0,1,0.0,,4649,88.63712138,1922.0,1833.362879,FALSE,-9999.0,88.93154077,1833.068459,FALSE,-9999.0,88.10486897,1833.895131,FALSE,-9999.0,0.0,1,1,G,USGS_gbHeatFlowWells_wEstimates.shp,Data release - assumed measured,9afb3070-3fd2-3795-8b85-9289edddc2cc,-157355.3417,233234.0754
4650,Point,0,1,0.0,,4650,88.54518414,1495.4,1406.854816,FALSE,-9999.0,88.82895562,1406.571044,FALSE,-9999.0,88.00030927,1407.399691,FALSE,-9999.0,0.0,1,1,G,USGS_gbHeatFlowWells_wEstimates.shp,Data release - assumed measured,1a16d208-675f-308f-955a-613c16c3273e,-156978.8931,233764.7809
4651,Point,0,1,0.0,,4651,87.85521821,197.6,109.7447818,FALSE,-9999.0,88.09089366,109.5091063,FALSE,-9999.0,87.22797835,110.3720217,FALSE,-9999.0,0.0,1,1,G,USGS_gbHeatFlowWells_wEstimates.shp,Data release - assumed measured,9b6fd3ed-d442-3baf-87f3-3dd85ddc466e,-154767.2933,237656.3387
4652,Point,0,1,0.0,,4652,88.63926805,1143.1,1054.460732,FALSE,-9999.0,88.93899432,1054.161006,FALSE,-9999.0,88.07732779,1055.022672,FALSE,-9999.0,0.0,1,1,G,USGS_gbHeatFlowWells_wEstimates.shp,Data release - assumed measured,cd5ed864-e617-3dda-a48a-082c07a0601d,-157873.241,233748.5504
4653,Point,0,1,0.0,,4653,87.92099087,502.6,414.6790091,FALSE,-9999.0,88.32933291,414.2706671,FALSE,-9999.0,86.27116988,416.3288301,FALSE,-9999.0,0.0,1,1,G,USGS_gbHeatFlowWells_wEstimates.shp,Data release - assumed measured,b33dc8a5-1d2f-373b-9d39-b239a4429d19,-167646.2472,252708.1804
4654,Point,0,1,0.0,,4654,75.18128565,74.2,-0.981285646,TRUE,1.0,74.79948519,-0.59948519,TRUE,1.0,75.33910412,-1.13910412,TRUE,1.0,0.0,1,1,C,USGS_gbHeatFlowWells_wEstimates.shp,assumed measured,46060b9e-408a-30f8-a77d-e12bfd2ae912,-196793.1097,360432.6776
4655,Point,0,1,0.0,,4655,74.91479924,682.5,607.5852008,FALSE,-9999.0,74.48962688,608.0103731,FALSE,-9999.0,75.17805297,607.321947,FALSE,-9999.0,0.0,1,1,G,USGS_gbHeatFlowWells_wEstimates.shp,Data release - assumed measured,34328b8b-8e98-362f-80b2-b3eb7cd1eeb7,-200264.2827,355074.2493
4674,Point,0,1,0.0,,4674,73.45591032,108.8,35.34408968,FALSE,-9999.0,74.53554332,34.26445668,FALSE,-9999.0,73.78685707,35.01314293,FALSE,-9999.0,0.0,1,1,D,USGS_gbHeatFlowWells_wEstimates.shp,Data release - assumed measured,c44d6c95-db8c-3616-a5c8-b37a37ee366a,66444.67081,206168.5833
4675,Point,0,1,0.0,,4675,100.8605221,12.0,-88.86052213,FALSE,-9999.0,99.84488955,-87.84488955,FALSE,-9999.0,99.92743797,-87.92743797,FALSE,-9999.0,0.0,1,1,X,USGS_gbHeatFlowWells_wEstimates.shp,X quality,babe425f-dc8d-3089-a152-c88c442bc3cf,-16772.23897,285363.098
4676,Point,0,1,0.0,,4676,101.1331857,131.3,30.16681434,TRUE,1.0,100.2469228,31.05307725,TRUE,0.01,100.2090741,31.09092594,TRUE,0.01,0.0,1,1,X,USGS_gbHeatFlowWells_wEstimates.shp,X quality,5ea4825e-d01b-3e41-9caa-eb08c0cc8325,-11131.35823,291515.614
4681,Point,0,1,0.0,,4681,95.94643743,471.8,375.8535626,FALSE,-9999.0,94.93245153,376.8675485,FALSE,-9999.0,95.98666273,375.8133373,FALSE,-9999.0,0.0,1,1,G,USGS_gbHeatFlowWells_wEstimates.shp,Data release - assumed measured,44417fe3-69ff-344e-b74b-2fcc0599664c,-27542.91755,320940.9612
4682,Point,0,1,0.0,,4682,83.04188711,58.2,-24.84188711,FALSE,-9999.0,82.39890963,-24.19890963,FALSE,-9999.0,82.55062256,-24.35062256,FALSE,-9999.0,0.0,1,1,C,USGS_gbHeatFlowWells_wEstimates.shp,Data release - assumed measured,a3fa5cf8-71ed-3d64-8e27-5684b3b26e8a,-8629.962042,219438.5625
4683,Point,0,1,0.0,,4683,80.51651035,504.0,423.4834897,FALSE,-9999.0,79.33971613,424.6602839,FALSE,-9999.0,79.59732707,424.4026729,FALSE,-9999.0,0.0,1,1,G,USGS_gbHeatFlowWells_wEstimates.shp,Data release - assumed measured,97391694-2b16-3c37-a3a7-e05eaead127e,-23536.41956,203923.6967
4684,Point,0,1,0.0,,4684,81.0405266,107.3,26.2594734,TRUE,1.0,79.07086584,28.22913416,TRUE,0.01,82.96094808,24.33905192,TRUE,1.0,0.0,1,1,D,USGS_gbHeatFlowWells_wEstimates.shp,Data release - assumed measured,09e54bbd-54cd-39a4-835d-d63ca72b6802,-14878.78711,130345.0827
4685,Point,0,1,0.0,,4685,81.33359309,172.5,91.16640691,FALSE,-9999.0,79.40989359,93.09010641,FALSE,-9999.0,83.41028422,89.08971578,FALSE,-9999.0,0.0,1,1,G,USGS_gbHeatFlowWells_wEstimates.shp,Data release - assumed measured,959c44a3-ae29-3516-bdf1-6460d7479767,-14505.65672,126847.3693
4686,Point,0,1,0.0,,4686,86.97378097,85.2,-1.773780974,TRUE,1.0,86.427063,-1.227063002,TRUE,1.0,86.43959464,-1.239594643,TRUE,1.0,0.0,1,1,C,USGS_gbHeatFlowWells_wEstimates.shp,Data release - assumed measured,fbe3f7b4-a66a-3461-8ae6-1fa9281f75f8,-18725.82688,230303.6174
4687,Point,0,1,0.0,,4687,79.05919062,91.5,12.44080938,TRUE,1.0,77.46403708,14.03596292,TRUE,0.01,78.42252321,13.07747679,TRUE,1.0,0.0,1,1,D,USGS_gbHeatFlowWells_wEstimates.shp,Data release - assumed measured,dcb6fcf0-1104-322d-b91d-6cee20820b5d,-77.93899806,196134.3015
4688,Point,0,1,0.0,,4688,79.05919062,79.1,0.04080938,TRUE,1.0,77.46403708,1.635962922,TRUE,1.0,78.42252321,0.677476792,TRUE,1.0,0.0,1,1,B,USGS_gbHeatFlowWells_wEstimates.shp,Data release - assumed measured,5e43c4a6-b6de-3be7-9017-8c2c698f40af,-77.93899806,196134.3015
4689,Point,0,1,0.0,,4689,83.79322862,203.0,119.2067714,TRUE,0.001705019,84.68782944,118.3121706,TRUE,0.001851455,84.44251535,118.5574847,TRUE,0.001810092,0.0,1,1,B,USGS_gbHeatFlowWells_wEstimates.shp,assumed measured,5d8c9f1b-0667-399f-a60e-fec2b28acfb8,-78851.84825,41499.48759
4690,Point,0,1,0.0,,4690,98.02329368,134.7,36.67670632,FALSE,-9999.0,97.02824424,37.67175576,FALSE,-9999.0,96.86322259,37.83677741,FALSE,-9999.0,0.0,1,1,C,USGS_gbHeatFlowWells_wEstimates.shp,Data release - assumed measured,85983026-36e3-3af4-ab0f-00d63b293646,-14611.40577,264282.7418
4691,Point,0,1,0.0,,4691,98.12625923,167.9,69.77374077,FALSE,-9999.0,97.14338759,70.75661241,FALSE,-9999.0,96.95570532,70.94429468,FALSE,-9999.0,0.0,1,1,C,USGS_gbHeatFlowWells_wEstimates.shp,Data release - assumed measured,aad027c7-868a-3698-b881-cd6354cc7447,-13890.07477,264628.8332
4692,Point,0,1,0.0,,4692,99.47634009,323.9,224.4236599,FALSE,-9999.0,98.59741484,225.3025852,FALSE,-9999.0,98.27269812,225.6273019,FALSE,-9999.0,0.0,1,1,G,USGS_gbHeatFlowWells_wEstimates.shp,Data release - assumed measured,aac4e41d-5896-3cdd-b14f-c960a7859839,-9278.743369,271009.143
4693,Point,0,1,0.0,,4693,93.73547925,104.5,10.76452075,TRUE,1.0,93.72338958,10.77661042,TRUE,0.01,92.82865949,11.67134051,TRUE,1.0,0.0,1,1,D,USGS_gbHeatFlowWells_wEstimates.shp,Data release - assumed measured,151a2ee2-05aa-344d-a4b1-a8a55814e3e2,3817.806068,256415.6058
4694,Point,0,1,0.0,,4694,91.19018555,75.2,-15.99018555,TRUE,1.0,90.56937434,-15.36937434,TRUE,1.0,90.50665908,-15.30665908,TRUE,1.0,0.0,1,1,A,USGS_gbHeatFlowWells_wEstimates.shp,A quality,cc25670e-d86b-3465-83f8-09f6bfba9e1c,-27839.12637,244539.3841
4695,Point,0,1,0.0,,4695,80.51284908,45.4,-35.11284908,TRUE,1.0,81.38666274,-35.98666274,TRUE,1.0,81.36445489,-35.96445489,TRUE,1.0,0.0,1,1,C,USGS_gbHeatFlowWells_wEstimates.shp,Data release - assumed measured,e1a0a0ce-6389-370a-9145-ea1653bbebaa,-114621.131,124832.7132
4696,Point,0,1,0.0,,4696,83.33925378,103.5,20.16074622,TRUE,1.0,84.03242531,19.46757469,TRUE,1.0,84.88455652,18.61544348,TRUE,1.0,0.0,1,1,G,USGS_gbHeatFlowWells_wEstimates.shp,Data release - assumed measured,73fccbe8-874a-35c9-8dfb-ed1d782f80fb,-82483.97243,73087.08698
4698,Point,0,1,0.0,,4698,84.23446886,105.3,21.06553114,TRUE,1.0,82.88719571,22.41280429,TRUE,1.0,87.13778639,18.16221361,TRUE,1.0,0.0,1,1,C,USGS_gbHeatFlowWells_wEstimates.shp,Data release - assumed measured,0e93202e-7b2a-3092-88fa-0b58f3f68474,-17510.33848,100759.8218
4699,Point,0,1,0.0,,4699,80.65156297,105.0,24.34843703,TRUE,1.0,81.26665471,23.73334529,TRUE,1.0,80.5599663,24.4400337,TRUE,1.0,0.0,1,1,G,USGS_gbHeatFlowWells_wEstimates.shp,Data release - assumed measured,88f0ae2a-de36-34c8-9683-7ee28a9d6c97,-115066.6622,66829.78582
4700,Point,0,1,0.0,,4700,79.87672653,105.0,25.12327347,TRUE,1.0,80.48077816,24.51922184,TRUE,0.01,79.31296271,25.68703729,TRUE,1.0,0.0,1,1,D,USGS_gbHeatFlowWells_wEstimates.shp,Data release - assumed measured,3e24c2fe-b73d-33e5-a2e1-8eb8ca147d63,-136166.081,71948.39741
4701,Point,0,1,0.0,,4701,86.31905347,68.3,-18.01905347,TRUE,1.0,87.29246484,-18.99246484,TRUE,1.0,88.81294993,-20.51294993,TRUE,1.0,0.0,1,1,C,USGS_gbHeatFlowWells_wEstimates.shp,Data release - assumed measured,f5b7258e-af44-37bb-94a0-6567b10bccd9,-42985.62325,49664.42413
4702,Point,0,1,0.0,,4702,85.0314426,416.3,331.2685574,TRUE,5.61e-12,86.77517907,329.5248209,TRUE,6.59e-12,87.91649194,328.3835081,TRUE,7.32e-12,0.0,1,1,G,USGS_gbHeatFlowWells_wEstimates.shp,Data release - assumed measured,b41edafb-38b0-36ce-b104-a5f951faf098,-21181.77781,41768.16504
4703,Point,0,1,0.0,,4703,84.48942007,74.75,-9.739420073,FALSE,-9999.0,85.42209927,-10.67209927,FALSE,-9999.0,84.8110656,-10.0610656,FALSE,-9999.0,0.0,1,1,C,USGS_gbHeatFlowWells_wEstimates.shp,Data release - assumed measured,6567b751-80bd-3c89-a534-028c4a822e0b,-188801.7625,283403.7318
4704,Point,0,1,0.0,,4704,79.272175,107.1,27.827825,TRUE,1.0,79.06638117,28.03361883,TRUE,1.0,81.76543873,25.33456127,TRUE,1.0,0.0,1,1,C,USGS_gbHeatFlowWells_wEstimates.shp,assumed measured,8579f954-b8f1-3172-ba6e-caa48073a4d3,-189069.3307,314385.4904
4705,Point,0,1,0.0,,4705,83.23094222,96.0,12.76905778,TRUE,1.0,82.81884305,13.18115695,TRUE,0.01,85.98768265,10.01231735,TRUE,1.0,0.0,1,1,D,USGS_gbHeatFlowWells_wEstimates.shp,Data release - assumed measured,042498c3-1b49-3702-9d99-79a5a59d314a,-157688.736,315790.5638
4706,Point,0,1,0.0,,4706,84.64241057,192.5,107.8575894,FALSE,-9999.0,84.34734116,108.1526588,FALSE,-9999.0,87.27815917,105.2218408,FALSE,-9999.0,0.0,1,1,C,USGS_gbHeatFlowWells_wEstimates.shp,Data release - assumed measured,13374ffe-79d5-3a5d-81a4-5091b740a748,-150619.8045,311632.0192
4707,Point,0,1,0.0,,4707,83.44961616,138.0,54.55038384,TRUE,0.657634588,84.5652116,53.4347884,TRUE,0.728800168,83.90519612,54.09480388,TRUE,0.685816366,0.0,1,1,G,USGS_gbHeatFlowWells_wEstimates.shp,Data release - assumed measured,50d19c73-5906-38b2-9b48-36598b721386,-153027.5507,140425.1867
4708,Point,0,1,0.0,,4708,89.50813688,135.8,46.29186312,FALSE,-9999.0,90.27654074,45.52345926,FALSE,-9999.0,89.90031362,45.89968638,FALSE,-9999.0,0.0,1,1,C,USGS_gbHeatFlowWells_wEstimates.shp,Data release - assumed measured,bd83deb4-960a-3954-af3d-110e9c63bf07,-161331.6985,201511.915
4709,Point,0,1,0.0,,4709,80.045696,57.5,-22.545696,TRUE,1.0,80.1490178,-22.6490178,TRUE,1.0,82.07920618,-24.57920618,TRUE,1.0,0.0,1,1,B,USGS_gbHeatFlowWells_wEstimates.shp,Data release - assumed measured,53af74e8-da6c-3eff-88e2-b78c3eb8ad32,-81515.74063,108576.2263
4711,Point,0,1,0.0,,4711,84.66450005,257.5,172.8354999,FALSE,-9999.0,84.3793728,173.1206272,FALSE,-9999.0,87.30875126,170.1912487,FALSE,-9999.0,0.0,1,1,D,USGS_gbHeatFlowWells_wEstimates.shp,Data release - assumed measured,ddbb819c-4517-3fc4-93ea-7dee6c3e4eb4,-149490.7534,312036.66
4712,Point,0,1,0.0,,4712,82.43563029,44.3,-38.13563029,FALSE,-9999.0,81.96527229,-37.66527229,FALSE,-9999.0,84.18070118,-39.88070118,FALSE,-9999.0,0.0,1,1,C,USGS_gbHeatFlowWells_wEstimates.shp,Data release - assumed measured,f5992378-3207-378e-a7fa-c70f0fd76c25,-149358.9628,332179.448
4713,Point,0,1,0.0,,4713,84.97514676,188.7,103.7248532,FALSE,-9999.0,85.98647041,102.7135296,FALSE,-9999.0,86.50887615,102.1911238,FALSE,-9999.0,0.0,1,1,G,USGS_gbHeatFlowWells_wEstimates.shp,Data release - assumed measured,b7fe9e77-e15b-3e6a-8671-2febe2429477,-64043.8173,45193.85468
4714,Point,0,1,0.0,,4714,89.94721018,124.0,34.05278982,TRUE,1.0,90.80720843,33.19279157,TRUE,1.0,89.27549905,34.72450095,TRUE,1.0,0.0,1,1,G,USGS_gbHeatFlowWells_wEstimates.shp,Data release - assumed measured,76568b58-d9ab-3c10-9f6c-e4c344817398,-178644.4422,230526.2052
4715,Point,0,1,0.0,,4715,84.40907838,30.0,-54.40907838,TRUE,0.666249452,85.81869526,-55.81869526,TRUE,0.005851298,84.93616121,-54.93616121,TRUE,0.634678157,0.0,1,1,D,USGS_gbHeatFlowWells_wEstimates.shp,Data release - assumed measured,471b4b88-5db8-3ef4-92dd-f70d5bc3b4bd,-197455.3803,186266.7836
4716,Point,0,1,0.0,,4716,85.48547856,66.0,-19.48547856,TRUE,1.0,86.73430823,-20.73430823,TRUE,0.01,86.04413428,-20.04413428,TRUE,0.01,0.0,1,1,X,USGS_gbHeatFlowWells_wEstimates.shp,X quality,500322ea-9bdc-3a4e-8fc4-32fb96c60652,-180421.5352,182227.9748
4717,Point,0,1,0.0,,4717,81.18657769,48.0,-33.18657769,TRUE,1.0,81.96358088,-33.96358088,TRUE,1.0,82.21562734,-34.21562734,TRUE,1.0,0.0,1,1,C,USGS_gbHeatFlowWells_wEstimates.shp,Data release - assumed measured,fe92b470-0b5d-3eec-9bbe-94e37b4ac727,-99131.83875,87068.63812
4718,Point,0,1,0.0,,4718,78.12913643,92.0,13.87086357,TRUE,1.0,77.82121737,14.17878263,TRUE,1.0,79.03682478,12.96317522,TRUE,1.0,0.0,1,1,B,USGS_gbHeatFlowWells_wEstimates.shp,Data release - assumed measured,f3564f3e-dfe6-36f4-8c9f-c3fc85c41b9f,-81291.64487,143333.1022
4719,Point,0,1,0.0,,4719,83.00255128,128.4,45.39744872,FALSE,-9999.0,83.14485054,45.25514946,FALSE,-9999.0,84.09070998,44.30929002,FALSE,-9999.0,0.0,1,1,G,USGS_gbHeatFlowWells_wEstimates.shp,Data release - assumed measured,027ff401-c8d7-3f33-aa50-7c37a71abec2,-119975.9746,332031.8546
4720,Point,0,1,0.0,,4720,82.02473814,75.0,-7.024738145,TRUE,1.0,82.58285974,-7.582859739,TRUE,1.0,82.59544642,-7.595446421,TRUE,1.0,0.0,1,1,B,USGS_gbHeatFlowWells_wEstimates.shp,Data release - assumed measured,dd733a21-9712-38a8-8146-0ccf84c96618,-107605.002,329559.2476
4721,Point,0,1,0.0,,4721,84.59031239,116.9,32.30968761,FALSE,-9999.0,85.45652754,31.44347246,FALSE,-9999.0,85.4661076,31.4338924,FALSE,-9999.0,0.0,1,1,D,USGS_gbHeatFlowWells_wEstimates.shp,Data release - assumed measured,b507cc60-56cc-3cdb-9e67-5c5d3fa31548,-105953.462,296609.3448
4723,Point,0,1,0.0,,4723,82.94994257,69.4,-13.54994257,TRUE,1.0,83.62282844,-14.22282844,TRUE,1.0,82.98428912,-13.58428912,TRUE,1.0,0.0,1,1,A,USGS_gbHeatFlowWells_wEstimates.shp,A quality,85593ba2-37db-3c54-8d17-ffca5d4640cd,-73565.68492,326530.083
4725,Point,0,1,0.0,,4725,75.79272666,60.0,-15.79272666,TRUE,1.0,75.76449992,-15.76449992,TRUE,1.0,75.96425213,-15.96425213,TRUE,1.0,0.0,1,1,C,USGS_gbHeatFlowWells_wEstimates.shp,Data release - assumed measured,3c181619-b4da-319c-aa8f-8e519e753bd8,-231982.0722,355799.8774
4726,Point,0,1,0.0,,4726,80.47536202,193.1,112.624638,TRUE,0.003126184,81.22928293,111.8707171,TRUE,0.003350976,81.03836048,112.0616395,TRUE,0.003292565,0.0,1,1,G,USGS_gbHeatFlowWells_wEstimates.shp,Data release - assumed measured,005efe16-9069-3394-8c67-179d932c899a,-241023.4654,310994.4147
4732,Point,0,1,0.0,,4732,85.34780033,311.3,225.9521997,TRUE,9.16e-08,86.36095266,224.9390473,TRUE,1.01e-07,87.22974631,224.0702537,TRUE,1.09e-07,0.0,1,1,B,USGS_gbHeatFlowWells_wEstimates.shp,Data release - assumed measured,bb1a7280-04d6-3952-b8ef-f43cebe136fc,-57006.51982,46375.35789
4733,Point,0,1,0.0,,4733,85.42508486,156.8,71.37491514,TRUE,0.139637928,86.35597908,70.44402092,TRUE,0.152138512,87.30646915,69.49353085,TRUE,0.166057603,0.0,1,1,B,USGS_gbHeatFlowWells_wEstimates.shp,Data release - assumed measured,d7bff6de-7f81-35fa-9344-f836f59f56f9,-57974.19528,48724.59009
4734,Point,0,1,0.0,,4734,85.19875707,133.0,47.80124293,TRUE,1.0,86.11974884,46.88025116,TRUE,1.0,86.88186383,46.11813617,TRUE,1.0,0.0,1,1,B,USGS_gbHeatFlowWells_wEstimates.shp,assumed measured,ae78a64d-8d15-3bef-9806-b690e8897fea,-62847.88417,48984.29068
4735,Point,0,1,0.0,,4735,85.04979098,151.2,66.15020902,TRUE,0.225939227,86.13718112,65.06281888,TRUE,0.249739504,86.77256973,64.42743027,TRUE,0.264790738,0.0,1,1,B,USGS_gbHeatFlowWells_wEstimates.shp,Data release - assumed measured,f50cd31f-ccb2-3e5b-a5f6-82e6c245b2ff,-59316.99133,43578.33064
4736,Point,0,1,0.0,,4736,85.02714348,112.0,26.97285652,FALSE,-9999.0,86.14509731,25.85490269,FALSE,-9999.0,86.76780943,25.23219057,FALSE,-9999.0,0.0,1,1,C,USGS_gbHeatFlowWells_wEstimates.shp,Data release - assumed measured,f3a46e18-5ee9-33e1-8b86-f77851912ce6,-58625.62093,42788.84551
4737,Point,0,1,0.0,,4737,85.71024516,49.0,-36.71024516,TRUE,1.0,86.59443585,-37.59443585,TRUE,1.0,87.74008318,-38.74008318,TRUE,1.0,0.0,1,1,B,USGS_gbHeatFlowWells_wEstimates.shp,Data release - assumed measured,d0a16633-09be-3983-a604-08cadd308490,-55178.54762,50162.56462
4738,Point,0,1,0.0,,4738,85.23954412,242.2,156.9604559,TRUE,5.27e-05,86.31510909,155.8848909,TRUE,5.82e-05,87.09603587,155.1039641,TRUE,6.25e-05,0.0,1,1,B,USGS_gbHeatFlowWells_wEstimates.shp,Data release - assumed measured,783e60de-727d-305d-aa5b-f68ae9ab3e48,-56870.85874,44569.91403
4739,Point,0,1,0.0,,4739,84.98130925,135.8,50.81869075,TRUE,0.927368564,85.99046372,49.80953628,TRUE,1.0,86.51936004,49.28063996,TRUE,1.0,0.0,1,1,B,USGS_gbHeatFlowWells_wEstimates.shp,assumed measured,42ea4412-7b18-3780-b7e7-1c8f02fcb87f,-64008.19906,45294.45488
4740,Point,0,1,0.0,,4740,83.03770792,504.0,420.9622921,TRUE,1e-15,83.85851347,420.1414865,TRUE,2e-15,83.31595052,420.6840495,TRUE,1e-15,0.0,1,1,A,USGS_gbHeatFlowWells_wEstimates.shp,A quality,0066f0f2-de60-30ef-b518-7c68eb912741,-84554.57191,37744.85856
4741,Point,0,1,0.0,,4741,84.37411231,51.3,-33.07411231,FALSE,-9999.0,85.51233525,-34.21233525,FALSE,-9999.0,85.37322752,-34.07322752,FALSE,-9999.0,0.0,1,1,C,USGS_gbHeatFlowWells_wEstimates.shp,Data release - assumed measured,d3154c3e-17d6-33aa-936d-194dc314a194,-68687.99126,35535.98586
4742,Point,0,1,0.0,,4742,84.41154395,115.2,30.78845605,TRUE,1.0,85.20226466,29.99773534,TRUE,1.0,85.77559415,29.42440585,TRUE,1.0,0.0,1,1,B,USGS_gbHeatFlowWells_wEstimates.shp,Data release - assumed measured,dc69792e-4b09-3117-92c2-9ee55b16178f,-75629.61647,57475.06622
4743,Point,0,1,0.0,,4743,84.53450876,97.0,12.46549124,TRUE,1.0,86.10480217,10.89519783,TRUE,1.0,86.4127054,10.5872946,TRUE,1.0,0.0,1,1,B,USGS_gbHeatFlowWells_wEstimates.shp,Data release - assumed measured,6af521a0-c7b8-3efa-8cb1-0ae720235261,-52494.37,32750.26672
4744,Point,0,1,0.0,,4744,85.55937828,248.6,163.0406217,FALSE,-9999.0,87.03762583,161.5623742,FALSE,-9999.0,87.98391982,160.6160802,FALSE,-9999.0,0.0,1,1,C,USGS_gbHeatFlowWells_wEstimates.shp,Data release - assumed measured,9f2477ee-f9b0-3d74-ad0a-21774ae79555,-41519.04952,40040.4873
5405,Point,0,1,0.0,,5405,72.1528855,91.0,18.8471145,TRUE,1.0,71.99318707,19.00681293,TRUE,1.0,71.01920953,19.98079047,TRUE,1.0,0.0,1,1,A,USGS_gbHeatFlowWells_wEstimates.shp,A quality,35f8b341-e448-364d-820a-17bc4e80a6b4,-180897.4481,42314.35636
5413,Point,0,1,0.0,,5413,73.91301056,2176.0,2102.086989,FALSE,-9999.0,73.83219516,2102.167805,FALSE,-9999.0,72.43672372,2103.563276,FALSE,-9999.0,0.0,1,1,G,USGS_gbHeatFlowWells_wEstimates.shp,unmeasured,58edb204-47f7-3be5-99c2-5a291b9dbcd8,-153439.7559,18780.92003
5414,Point,0,1,0.0,,5414,74.45380375,126.0,51.54619625,FALSE,-9999.0,74.43846467,51.56153533,FALSE,-9999.0,73.00985347,52.99014653,FALSE,-9999.0,0.0,1,1,G,USGS_gbHeatFlowWells_wEstimates.shp,unmeasured,6bf952c5-03a5-3322-be3d-5caaeee6177a,-150059.4479,20591.10106
5415,Point,0,1,0.0,,5415,72.93752964,711.0,638.0624704,FALSE,-9999.0,72.84022003,638.15978,FALSE,-9999.0,71.50365638,639.4963436,FALSE,-9999.0,0.0,1,1,G,USGS_gbHeatFlowWells_wEstimates.shp,unmeasured,a43c3786-e7a2-35fc-9927-3cfb2f226198,-164025.2322,21415.62927
5416,Point,0,1,0.0,,5416,73.50793053,2510.0,2436.492069,FALSE,-9999.0,73.42513651,2436.574863,FALSE,-9999.0,72.04858113,2437.951419,FALSE,-9999.0,0.0,1,1,G,USGS_gbHeatFlowWells_wEstimates.shp,unmeasured,6767c4ea-c0ce-3056-9ace-025439d8cc5e,-158071.9094,20179.24758
5498,Point,0,1,0.0,,5498,74.41452206,93.0,18.58547794,TRUE,1.0,74.32943115,18.67056885,TRUE,1.0,72.92691594,20.07308406,TRUE,1.0,0.0,1,1,A,USGS_gbHeatFlowWells_wEstimates.shp,A quality,91da4895-72aa-3392-a601-e11a12854da5,-147211.1968,16616.97241
5499,Point,0,1,0.0,,5499,75.20338053,70.0,-5.203380529,TRUE,1.0,75.24852926,-5.24852926,TRUE,1.0,73.79091487,-3.790914869,TRUE,1.0,0.0,1,1,A,USGS_gbHeatFlowWells_wEstimates.shp,A quality,91ae720e-88a9-36fe-987e-cb65c89a8fb7,-143934.7339,21043.15556
5936,Point,0,1,0.0,,5936,82.87333034,3.458,-79.41533034,FALSE,-9999.0,84.57254992,-81.11454992,FALSE,-9999.0,82.16467509,-78.70667509,FALSE,-9999.0,0.0,1,1,D,USGS_gbHeatFlowWells_wEstimates.shp,Data release - assumed measured,67bc3df9-1046-375b-843f-2932704db62a,-242107.491,214472.1382
5944,Point,0,1,0.0,,5944,87.52451686,42.56,-44.96451686,TRUE,1.0,87.41687486,-44.85687486,TRUE,1.0,87.69591664,-45.13591664,TRUE,1.0,0.0,1,1,A,USGS_gbHeatFlowWells_wEstimates.shp,A quality,ef5a9568-015c-3aab-b12a-11812e47ab4c,-55414.15485,348630.1222
5946,Point,0,1,0.0,,5946,85.7387229,88.0,2.261277098,TRUE,1.0,87.49351128,0.506488721,TRUE,1.0,85.06304615,2.936953846,TRUE,1.0,0.0,1,1,A,USGS_gbHeatFlowWells_wEstimates.shp,A quality,80f13f4c-2155-3875-85e7-23884b862733,-224548.4472,223530.2441
5947,Point,0,1,0.0,,5947,83.17235116,101.92,18.74764884,TRUE,1.0,83.98193174,17.93806826,TRUE,1.0,83.59411347,18.32588653,TRUE,1.0,0.0,1,1,A,USGS_gbHeatFlowWells_wEstimates.shp,A quality,a8f3fd3d-607b-3b78-a3a4-ed4e739fe48c,-84196.81377,41636.11865
5949,Point,0,1,0.0,,5949,85.45419504,89.11,3.655804959,TRUE,1.0,87.36817808,1.741821923,TRUE,1.0,84.79839342,4.311606576,TRUE,1.0,0.0,1,1,A,USGS_gbHeatFlowWells_wEstimates.shp,A quality,a8cbbd01-f6c7-33e6-a95a-72301f2bc606,-234594.9079,228557.3713
5952,Point,0,1,0.0,,5952,84.00847103,100.6,16.59152897,TRUE,1.0,84.63044795,15.96955205,TRUE,1.0,85.54449255,15.05550745,TRUE,1.0,0.0,1,1,A,USGS_gbHeatFlowWells_wEstimates.shp,A quality,e5acd51e-4fd9-3793-9415-18fd29657c55,-115838.8222,308712.2903
5953,Point,0,1,0.0,,5953,84.09249935,65.25,-18.84249935,TRUE,1.0,84.81076047,-19.56076047,TRUE,1.0,85.43744483,-20.18744483,TRUE,1.0,0.0,1,1,A,USGS_gbHeatFlowWells_wEstimates.shp,A quality,2d2d9510-fd46-37d1-9d67-d4c40a3c5fc5,-113034.9469,305983.2605
5954,Point,0,1,0.0,,5954,83.98343643,94.2,10.21656357,TRUE,1.0,84.67317338,9.526826623,TRUE,1.0,85.37779268,8.822207323,TRUE,1.0,0.0,1,1,A,USGS_gbHeatFlowWells_wEstimates.shp,A quality,efebbb5f-c743-3e10-8095-e0af16d64454,-113926.0776,307396.3988
5955,Point,0,1,0.0,,5955,86.39139445,75.31,-11.08139445,TRUE,1.0,86.64201686,-11.33201686,TRUE,1.0,86.58655307,-11.27655307,TRUE,1.0,0.0,1,1,A,USGS_gbHeatFlowWells_wEstimates.shp,A quality,2c3b70a1-1e0c-39f6-ba9b-1d02ffd419fa,-123224.5887,195901.635
5956,Point,0,1,0.0,,5956,87.23359414,100.4,13.16640586,TRUE,1.0,87.52560555,12.87439445,TRUE,1.0,87.48566788,12.91433212,TRUE,1.0,0.0,1,1,A,USGS_gbHeatFlowWells_wEstimates.shp,A quality,200350be-6a14-302a-9746-b3dd13aa1864,-127165.0558,196612.4243
5957,Point,0,1,0.0,,5957,81.72032186,54.4,-27.32032186,TRUE,1.0,81.91218408,-27.51218408,TRUE,1.0,81.68000723,-27.28000723,TRUE,1.0,0.0,1,1,A,USGS_gbHeatFlowWells_wEstimates.shp,A quality,de08f1c3-eb38-3d28-a3ac-830d42d50031,-93164.26759,229887.2874
5958,Point,0,1,0.0,,5958,85.58556578,75.3,-10.28556578,TRUE,1.0,85.76019306,-10.46019306,TRUE,1.0,85.69392668,-10.39392668,TRUE,1.0,0.0,1,1,A,USGS_gbHeatFlowWells_wEstimates.shp,A quality,a0cb90df-161c-35b1-a154-4057c0f281f7,-120260.2076,199130.2091
5959,Point,0,1,0.0,,5959,76.11603128,98.2,22.08396872,TRUE,1.0,75.74525889,22.45474111,TRUE,1.0,77.74472889,20.45527111,TRUE,1.0,0.0,1,1,A,USGS_gbHeatFlowWells_wEstimates.shp,A quality,0cccccc6-aeac-34f9-8a02-f49916dd961c,-204412.3623,329655.0839
5960,Point,0,1,0.0,,5960,82.2736241,41.75,-40.5236241,TRUE,1.0,82.95917041,-41.20917041,TRUE,1.0,82.43027329,-40.68027329,TRUE,1.0,0.0,1,1,A,USGS_gbHeatFlowWells_wEstimates.shp,A quality,2a76fb1a-3598-3ba4-9106-399d4cf7be11,-92248.79538,43352.66441
5961,Point,0,1,0.0,,5961,84.5121996,68.6,-15.9121996,TRUE,1.0,85.39480662,-16.79480662,TRUE,1.0,85.68463656,-17.08463656,TRUE,1.0,0.0,1,1,A,USGS_gbHeatFlowWells_wEstimates.shp,A quality,c97e2732-bfd7-38e5-a9e1-37a578bb5ec2,-73489.242,49721.94898
5962,Point,0,1,0.0,,5962,74.8679689,59.0,-15.8679689,TRUE,1.0,74.45412379,-15.45412379,TRUE,1.0,75.14279637,-16.14279637,TRUE,1.0,0.0,1,1,A,USGS_gbHeatFlowWells_wEstimates.shp,A quality,089cc9fb-9479-3c20-953b-b8585b129215,-202012.1886,354625.3899
5963,Point,0,1,0.0,,5963,94.34432938,110.67,16.32567062,TRUE,1.0,95.42343677,15.24656323,TRUE,1.0,94.58482297,16.08517703,TRUE,1.0,0.0,1,1,A,USGS_gbHeatFlowWells_wEstimates.shp,A quality,3acbdc12-45e0-3b42-b8ba-39202eae4189,33693.65113,344723.8694
5964,Point,0,1,0.0,,5964,94.15577243,80.08,-14.07577243,TRUE,1.0,95.30002242,-15.22002242,TRUE,1.0,94.37022583,-14.29022583,TRUE,1.0,0.0,1,1,A,USGS_gbHeatFlowWells_wEstimates.shp,A quality,09fa8163-873b-3ba9-a61e-cb351e956768,34748.69456,343417.8907
5965,Point,0,1,0.0,,5965,79.40285991,100.0,20.59714009,TRUE,1.0,80.77795034,19.22204966,TRUE,1.0,78.60909931,21.39090069,TRUE,1.0,0.0,1,1,A,USGS_gbHeatFlowWells_wEstimates.shp,A quality,ad97fc5e-3ea7-39f0-b54e-41d0d11289ad,-236917.2731,189495.0739
5966,Point,0,1,0.0,,5966,83.52940641,61.152,-22.37740641,TRUE,1.0,83.75236804,-22.60036804,TRUE,1.0,85.84667808,-24.69467808,TRUE,1.0,0.0,1,1,A,USGS_gbHeatFlowWells_wEstimates.shp,A quality,761f4984-ad0d-3dbf-9f57-ee9884bb4875,-72572.16709,88294.00883
5969,Point,0,1,0.0,,5969,89.81476597,109.56,19.74523403,TRUE,1.0,90.22760589,19.33239411,TRUE,1.0,89.9564098,19.6035902,TRUE,1.0,0.0,1,1,A,USGS_gbHeatFlowWells_wEstimates.shp,A quality,eecadcfe-8c39-3977-b78e-d388f905dae2,-153292.318,211668.7916
5970,Point,0,1,0.0,,5970,89.76629179,78.988,-10.77829179,TRUE,1.0,90.17498494,-11.18698494,TRUE,1.0,89.86800922,-10.88000922,TRUE,1.0,0.0,1,1,A,USGS_gbHeatFlowWells_wEstimates.shp,A quality,40ecb5cf-c4ab-3ca2-81c7-2259c6bacf35,-153758.3033,214109.9837
5971,Point,0,1,0.0,,5971,89.70083046,86.632,-3.068830455,TRUE,1.0,90.05679222,-3.424792222,TRUE,1.0,89.79494025,-3.162940248,TRUE,1.0,0.0,1,1,A,USGS_gbHeatFlowWells_wEstimates.shp,A quality,00e21940-00ef-36d0-a7bf-022c033dfdd3,-151793.8362,214185.0825
5972,Point,0,1,0.0,,5972,75.05637736,79.0,3.943622643,TRUE,1.0,74.62170327,4.378296728,TRUE,1.0,75.27980671,3.720193289,TRUE,1.0,0.0,1,1,A,USGS_gbHeatFlowWells_wEstimates.shp,A quality,da527d3d-81ec-3d11-afd2-63189c65c6b8,-197098.657,356552.64
5973,Point,0,1,0.0,,5973,86.36185564,84.084,-2.27785564,TRUE,1.0,86.4686278,-2.384627795,TRUE,1.0,86.1586931,-2.074693102,TRUE,1.0,0.0,1,1,A,USGS_gbHeatFlowWells_wEstimates.shp,A quality,0f4b9090-a094-3c08-a1af-0432edd891bd,-139190.121,232430.558
5974,Point,0,1,0.0,,5974,83.46091686,56.056,-27.40491686,TRUE,1.0,83.69568397,-27.63968397,TRUE,1.0,83.22181839,-27.16581839,TRUE,1.0,0.0,1,1,A,USGS_gbHeatFlowWells_wEstimates.shp,A quality,3a500bf8-b352-34f9-8eaa-82a0cff2308a,-130187.3996,241560.821
5975,Point,0,1,0.0,,5975,88.94559698,89.18,0.234403025,TRUE,1.0,89.20759899,-0.027598987,TRUE,1.0,89.17241728,0.007582722,TRUE,1.0,0.0,1,1,A,USGS_gbHeatFlowWells_wEstimates.shp,A quality,9952613c-496b-35d9-b2a1-c50da2c30a40,-139295.5312,206428.542
5976,Point,0,1,0.0,,5976,87.74081272,112.11,24.36918728,TRUE,1.0,87.86229249,24.24770751,TRUE,1.0,87.62741094,24.48258906,TRUE,1.0,0.0,1,1,A,USGS_gbHeatFlowWells_wEstimates.shp,A quality,7f665de4-6c28-3c31-9032-eb559a55ed68,-142118.442,225689.1981
5977,Point,0,1,0.0,,5977,89.03949728,101.92,12.88050272,TRUE,1.0,89.27553314,12.64446686,TRUE,1.0,89.01057977,12.90942023,TRUE,1.0,0.0,1,1,A,USGS_gbHeatFlowWells_wEstimates.shp,A quality,0905a7be-a4f9-3331-92b4-2420f16d6142,-148097.1974,220315.2499
5979,Point,0,1,0.0,,5979,89.19403387,95.2,6.005966134,TRUE,1.0,89.35575607,5.84424393,TRUE,1.0,89.28070024,5.919299759,TRUE,1.0,0.0,1,1,A,USGS_gbHeatFlowWells_wEstimates.shp,A quality,23fc747a-e440-33fa-a107-baa849b81e56,-143035.6561,212333.4099
5980,Point,0,1,0.0,,5980,92.66988216,68.74,-23.92988216,TRUE,1.0,93.97480147,-25.23480147,TRUE,1.0,92.84199156,-24.10199156,TRUE,1.0,0.0,1,1,A,USGS_gbHeatFlowWells_wEstimates.shp,A quality,8ec63e80-65b5-374a-8ea1-a052e2f5b16e,40067.51151,344282.9573
5982,Point,0,1,0.0,,5982,86.59693345,100.0,13.40306655,TRUE,1.0,86.48118463,13.51881537,TRUE,1.0,86.70724383,13.29275617,TRUE,1.0,0.0,1,1,A,USGS_gbHeatFlowWells_wEstimates.shp,A quality,10ef48d4-c310-3cd3-915d-2dd18a5f2358,-53286.82696,343003.9623
5983,Point,0,1,0.0,,5983,88.48071812,96.0,7.519281881,TRUE,1.0,88.31787433,7.682125673,TRUE,1.0,88.69375651,7.306243492,TRUE,1.0,0.0,1,1,A,USGS_gbHeatFlowWells_wEstimates.shp,A quality,0ce2ee26-4ff8-39f2-ad28-aabede0aeeb7,-52344.35502,349718.2879
5984,Point,0,1,0.0,,5984,83.39735262,100.0,16.60264738,TRUE,1.0,84.24392409,15.75607591,TRUE,1.0,83.49665881,16.50334119,TRUE,1.0,0.0,1,1,A,USGS_gbHeatFlowWells_wEstimates.shp,A quality,bc445e76-1bdf-3ef1-80c2-9ca77c6ff9cf,-75734.83233,319003.4281
5985,Point,0,1,0.0,,5985,84.21438268,72.0,-12.21438268,TRUE,1.0,84.95630859,-12.95630859,TRUE,1.0,84.42857832,-12.42857832,TRUE,1.0,0.0,1,1,A,USGS_gbHeatFlowWells_wEstimates.shp,A quality,dbc3b1c8-fe00-3143-bdeb-c6f72b2cca24,-71818.1066,317473.6374
5987,Point,0,1,0.0,,5987,84.89841914,63.973,-20.92541914,TRUE,1.0,84.34805399,-20.37505399,TRUE,1.0,84.39621117,-20.42321117,TRUE,1.0,0.0,1,1,A,USGS_gbHeatFlowWells_wEstimates.shp,A quality,e5d11126-dd3c-3759-9fdb-4eda4df5b0d7,-7319.694627,225836.3612
5988,Point,0,1,0.0,,5988,94.07180772,76.076,-17.99580772,TRUE,1.0,93.29378923,-17.21778923,TRUE,1.0,93.38504401,-17.30904401,TRUE,1.0,0.0,1,1,A,USGS_gbHeatFlowWells_wEstimates.shp,A quality,6c0fdf3d-262b-3901-93b8-8c94c5f7f2f2,-29641.90153,256704.1365
5990,Point,0,1,0.0,,5990,85.75295197,65.0,-20.75295197,TRUE,1.0,86.82593442,-21.82593442,TRUE,1.0,86.28736794,-21.28736794,TRUE,1.0,0.0,1,1,A,USGS_gbHeatFlowWells_wEstimates.shp,A quality,e35851df-5bf0-3c5d-a0ab-b5cab78106fe,-84701.5386,280625.712
5992,Point,0,1,0.0,,5992,79.18192356,71.344,-7.837923562,TRUE,1.0,78.59402085,-7.250020846,TRUE,1.0,80.67347078,-9.329470781,TRUE,1.0,0.0,1,1,A,USGS_gbHeatFlowWells_wEstimates.shp,A quality,13211748-f109-3089-ad02-222a4505dbf3,-71018.78625,134236.8812
5993,Point,0,1,0.0,,5993,78.41928845,48.412,-30.00728845,TRUE,1.0,77.77379373,-29.36179373,TRUE,1.0,78.84908481,-30.43708481,TRUE,1.0,0.0,1,1,A,USGS_gbHeatFlowWells_wEstimates.shp,A quality,e0aee565-0a04-3d65-ac1c-875a13540be2,-70552.68155,154969.0533
5994,Point,0,1,0.0,,5994,78.74544206,45.864,-32.88144206,TRUE,1.0,77.9064806,-32.0424806,TRUE,1.0,79.19044866,-33.32644866,TRUE,1.0,0.0,1,1,A,USGS_gbHeatFlowWells_wEstimates.shp,A quality,b94a5c31-61e3-30bd-b51b-4bdfe4d9e633,-65118.54728,153803.1069
5995,Point,0,1,0.0,,5995,88.05585007,75.0,-13.05585007,TRUE,1.0,87.76045135,-12.76045135,TRUE,1.0,88.29240604,-13.29240604,TRUE,1.0,0.0,1,1,A,USGS_gbHeatFlowWells_wEstimates.shp,A quality,f6a206c5-a3a5-365f-be56-8a31f1698513,-46958.67671,338203.7458
5996,Point,0,1,0.0,,5996,85.23242714,57.0,-28.23242714,TRUE,1.0,85.26044226,-28.26044226,TRUE,1.0,85.33359888,-28.33359888,TRUE,1.0,0.0,1,1,A,USGS_gbHeatFlowWells_wEstimates.shp,A quality,2b7b57d8-8860-349c-8ec7-0a7ec03e6bad,-57968.13099,341255.5522
5997,Point,0,1,0.0,,5997,88.63384072,59.0,-29.63384072,TRUE,1.0,88.52987739,-29.52987739,TRUE,1.0,88.93888456,-29.93888456,TRUE,1.0,0.0,1,1,A,USGS_gbHeatFlowWells_wEstimates.shp,A quality,77667f71-0d0a-3f3d-b856-8d0cc9cfb096,-56264.3659,353004.3232
5998,Point,0,1,0.0,,5998,82.22350105,48.412,-33.81150105,TRUE,1.0,83.32396076,-34.91196076,TRUE,1.0,82.64463489,-34.23263489,TRUE,1.0,0.0,1,1,A,USGS_gbHeatFlowWells_wEstimates.shp,A quality,52058b55-62e8-32b2-b792-141e3ae033fd,-96996.83311,313630.939
5999,Point,0,1,0.0,,5999,90.04993033,45.0,-45.04993033,TRUE,1.0,89.68183793,-44.68183793,TRUE,1.0,90.23161206,-45.23161206,TRUE,1.0,0.0,1,1,A,USGS_gbHeatFlowWells_wEstimates.shp,A quality,2b3d39e5-06d4-34ed-8366-9b7c872ab34d,-42821.85541,345069.2437
6000,Point,0,1,0.0,,6000,87.30100305,99.12,11.81899695,TRUE,1.0,87.50561059,11.61438941,TRUE,1.0,86.22107087,12.89892913,TRUE,1.0,0.0,1,1,A,USGS_gbHeatFlowWells_wEstimates.shp,A quality,7195264d-fb7b-3cdf-af54-c63a57ade8e5,-156495.51,245535.3899
6001,Point,0,1,0.0,,6001,89.1453725,101.6,12.4546275,TRUE,1.0,89.52253848,12.07746152,TRUE,1.0,88.70877576,12.89122424,TRUE,1.0,0.0,1,1,A,USGS_gbHeatFlowWells_wEstimates.shp,A quality,bf6bc84d-08e2-3df9-9277-f7484d4b913b,-159763.3177,229873.7973
6002,Point,0,1,0.0,,6002,85.00331752,79.534,-5.469317522,TRUE,1.0,84.88136266,-5.347362657,TRUE,1.0,86.33207985,-6.798079853,TRUE,1.0,0.0,1,1,A,USGS_gbHeatFlowWells_wEstimates.shp,A quality,bc7c188c-a7ef-3803-93f7-2b8191f8eeba,-167343.4959,295367.9308
6006,Point,0,1,0.0,,6006,88.85176747,117.18,28.32823253,TRUE,1.0,89.02490682,28.15509318,TRUE,1.0,88.87061645,28.30938355,TRUE,1.0,0.0,1,1,A,USGS_gbHeatFlowWells_wEstimates.shp,A quality,567e1c69-a784-3ced-a0fa-ac7a72596d6d,-144073.8993,217959.9082
6007,Point,0,1,0.0,,6007,74.87839743,988.0,913.1216026,TRUE,0.0,74.44020256,913.5597974,TRUE,0.0,75.21132756,912.7886724,TRUE,0.0,0.0,1,1,A,USGS_gbHeatFlowWells_wEstimates.shp,A quality,0b1801b6-5c71-3f3e-b80f-107a950fd960,-201280.99,353015.931
6012,Point,0,1,0.0,,6012,89.3089386,56.056,-33.2529386,TRUE,1.0,89.27410261,-33.21810261,TRUE,1.0,89.96336098,-33.90736098,TRUE,1.0,0.0,1,1,A,USGS_gbHeatFlowWells_wEstimates.shp,A quality,a5ef3a15-dd9c-3ac6-a8f2-073c151e9877,-53464.45474,311728.7449
6013,Point,0,1,0.0,,6013,82.69132469,106.98,24.28867531,TRUE,1.0,82.78604895,24.19395105,TRUE,1.0,82.63758748,24.34241252,TRUE,1.0,0.0,1,1,A,USGS_gbHeatFlowWells_wEstimates.shp,A quality,e29b9cad-f672-352f-8a13-c9fb0184eefd,-108675.6508,215723.3905
6014,Point,0,1,0.0,,6014,81.74190023,100.32,18.57809977,TRUE,1.0,81.90758854,18.41241146,TRUE,1.0,81.67484904,18.64515096,TRUE,1.0,0.0,1,1,A,USGS_gbHeatFlowWells_wEstimates.shp,A quality,f74a5029-e955-3ae0-8d0d-22673f40b22d,-99104.92882,223244.5096
6015,Point,0,1,0.0,,6015,81.84485283,29.92,-51.92485283,TRUE,0.837540635,82.04341119,-52.12341119,TRUE,0.822362981,81.80073235,-51.88073235,TRUE,0.840951028,0.0,1,1,A,USGS_gbHeatFlowWells_wEstimates.shp,A quality,42f3f765-daa2-3ea4-99fd-891262831eb8,-100204.4394,228760.9254
6016,Point,0,1,0.0,,6016,75.04843264,36.0,-39.04843264,TRUE,1.0,74.6203745,-38.6203745,TRUE,1.0,75.26384215,-39.26384215,TRUE,1.0,0.0,1,1,A,USGS_gbHeatFlowWells_wEstimates.shp,A quality,d505b8f1-81a9-30cf-ae1e-0c75b9f12e4e,-197409.6852,356862.8424
6017,Point,0,1,0.0,,6017,91.18234916,35.672,-55.51034916,TRUE,0.601985504,92.60009741,-56.92809741,TRUE,0.528294517,91.36149866,-55.68949866,TRUE,0.592134038,0.0,1,1,A,USGS_gbHeatFlowWells_wEstimates.shp,A quality,c6d7e97c-2b9c-3f9d-81ae-57e3f5cf6c0b,44814.6411,348082.964
6023,Point,0,1,0.0,,6023,85.81939615,105.0,19.18060385,TRUE,1.0,84.74356024,20.25643976,TRUE,1.0,88.8268762,16.1731238,TRUE,1.0,0.0,1,1,B,USGS_gbHeatFlowWells_wEstimates.shp,assumed measured,a56d7a7e-9328-3e0f-8297-1a78bff67c40,-26060.95313,91568.99444
6024,Point,0,1,0.0,,6024,79.53598636,301.0,221.4640136,TRUE,1.38e-07,80.22730955,220.7726904,TRUE,1.48e-07,80.66300665,220.3369934,TRUE,1.54e-07,0.0,1,1,B,USGS_gbHeatFlowWells_wEstimates.shp,known measured,4958006a-8bdd-378b-a1b5-99f6bc7dc0dd,-103771.6675,110855.9281
6026,Point,0,1,0.0,,6026,85.17983872,59.0,-26.17983872,TRUE,1.0,86.17592462,-27.17592462,TRUE,1.0,85.64616817,-26.64616817,TRUE,1.0,0.0,1,1,B,USGS_gbHeatFlowWells_wEstimates.shp,Data release - assumed measured,e68bc6ce-8ef1-38b0-b982-76cfd62188d5,-94815.25182,284189.6933
6027,Point,0,1,0.0,,6027,93.14225835,92.0,-1.142258355,TRUE,1.0,92.52182662,-0.521826617,TRUE,1.0,92.82097818,-0.820978179,TRUE,1.0,0.0,1,1,B,USGS_gbHeatFlowWells_wEstimates.shp,Data release - assumed measured,1335cada-a784-367f-bd24-2b9679b57bcc,-38534.75385,260069.6899
6028,Point,0,1,0.0,,6028,94.27225479,117.0,22.72774521,TRUE,1.0,93.35919278,23.64080722,TRUE,1.0,94.4251061,22.5748939,TRUE,1.0,0.0,1,1,B,USGS_gbHeatFlowWells_wEstimates.shp,known measured,1047069a-e1ce-38fb-bc0b-3c762c2295a1,-30356.24477,329531.9329
6034,Point,0,1,0.0,,6034,82.0282159,84.084,2.055784097,TRUE,1.0,81.56213902,2.521860979,TRUE,1.0,82.26017323,1.82382677,TRUE,1.0,0.0,1,1,B,USGS_gbHeatFlowWells_wEstimates.shp,Data release - assumed measured,71ed157f-14df-3af2-947d-81214c6acccd,-156108.6308,355588.3754
6036,Point,0,1,0.0,,6036,76.09812675,40.768,-35.33012675,TRUE,1.0,75.48526501,-34.71726501,TRUE,1.0,76.88061924,-36.11261924,TRUE,1.0,0.0,1,1,B,USGS_gbHeatFlowWells_wEstimates.shp,Data release - assumed measured,e1ad39af-ef36-3c3d-a4f2-ae603e366da3,-183083.5111,345978.408
6047,Point,0,1,0.0,,6047,89.2867121,71.4,-17.8867121,TRUE,1.0,89.63543327,-18.23543327,TRUE,1.0,89.58846521,-18.18846521,TRUE,1.0,0.0,1,1,B,USGS_gbHeatFlowWells_wEstimates.shp,Data release - assumed measured,266c4d44-74d6-3a2e-b7af-386eacb0e6ea,-140642.4971,202640.6973
6048,Point,0,1,0.0,,6048,86.3099829,79.66,-6.649982902,TRUE,1.0,86.4063426,-6.746342601,TRUE,1.0,86.92328464,-7.263284643,TRUE,1.0,0.0,1,1,B,USGS_gbHeatFlowWells_wEstimates.shp,assumed measured,13c0f7cd-d92a-3893-a3f3-7b22de0fe2c1,-103847.9267,351936.0614
6049,Point,0,1,0.0,,6049,79.42783743,58.786,-20.64183743,TRUE,1.0,78.32456807,-19.53856807,TRUE,1.0,78.96199008,-20.17599008,TRUE,1.0,0.0,1,1,B,USGS_gbHeatFlowWells_wEstimates.shp,Data release - assumed measured,6d831132-1ab2-3327-bac3-3a752af8b9ca,14438.94604,207167.864
6052,Point,0,1,0.0,,6052,85.26435866,103.74,18.47564134,TRUE,1.0,86.34437454,17.39562546,TRUE,1.0,84.95130645,18.78869355,TRUE,1.0,0.0,1,1,B,USGS_gbHeatFlowWells_wEstimates.shp,Data release - assumed measured,cf00dcc7-2eba-3130-98af-96aa19d389ca,-189485.553,277367.6534
6053,Point,0,1,0.0,,6053,81.63422304,84.084,2.449776956,TRUE,1.0,81.67925387,2.404746127,TRUE,1.0,83.73665013,0.347349871,TRUE,0.01,0.0,1,1,B,USGS_gbHeatFlowWells_wEstimates.shp,unmeasured,47e33e22-aa84-3479-adf3-fb066ab25aa0,-183907.0958,303948.2976
6054,Point,0,1,0.0,,6054,80.2929676,63.7,-16.5929676,TRUE,1.0,80.17468978,-16.47468978,TRUE,1.0,82.69777172,-18.99777172,TRUE,0.01,0.0,1,1,B,USGS_gbHeatFlowWells_wEstimates.shp,unmeasured,01d6d21b-93fa-327f-a86c-d98c96b5ed49,-186716.7182,310176.6368
6055,Point,0,1,0.0,,6055,82.35288785,55.328,-27.02488785,TRUE,1.0,83.47112855,-28.14312855,TRUE,1.0,82.74485879,-27.41685879,TRUE,1.0,0.0,1,1,B,USGS_gbHeatFlowWells_wEstimates.shp,Data release - assumed measured,e2d9c2e8-e446-3697-86dd-3b634a96a725,-95598.95968,313053.9662
6057,Point,0,1,0.0,,6057,85.62014246,75.0,-10.62014246,TRUE,1.0,85.60066728,-10.60066728,TRUE,1.0,85.74700911,-10.74700911,TRUE,1.0,0.0,1,1,B,USGS_gbHeatFlowWells_wEstimates.shp,known measured,2f14b916-4436-36fa-8824-cb4081bad703,-56180.17106,341119.5721
6058,Point,0,1,0.0,,6058,86.4431148,109.0,22.5568852,TRUE,1.0,86.37612851,22.62387149,TRUE,1.0,86.52059234,22.47940766,TRUE,1.0,0.0,1,1,B,USGS_gbHeatFlowWells_wEstimates.shp,known measured,70565221-1e1f-37a2-b107-18e434cd9bc8,-56316.5523,345600.9913
6059,Point,0,1,0.0,,6059,88.10463216,46.0,-42.10463216,TRUE,1.0,87.98945676,-41.98945676,TRUE,1.0,88.32089661,-42.32089661,TRUE,1.0,0.0,1,1,B,USGS_gbHeatFlowWells_wEstimates.shp,known measured,b078aabc-1e95-326d-bb53-ba9f388aaf09,-55383.78163,350590.0427
6060,Point,0,1,0.0,,6060,86.38854729,49.0,-37.38854729,TRUE,1.0,86.38499455,-37.38499455,TRUE,1.0,86.49964991,-37.49964991,TRUE,1.0,0.0,1,1,B,USGS_gbHeatFlowWells_wEstimates.shp,known measured,32310180-88ee-35e3-85ed-e59caabd4f36,-61056.2334,348189.6303
6061,Point,0,1,0.0,,6061,87.20260637,93.0,5.797393625,TRUE,1.0,87.035616,5.964383997,TRUE,1.0,87.32276219,5.677237805,TRUE,1.0,0.0,1,1,B,USGS_gbHeatFlowWells_wEstimates.shp,known measured,0a6bcfcf-6d48-3579-a351-7266bbda2a37,-51435.43037,343641.4975
6062,Point,0,1,0.0,,6062,81.27039009,96.824,15.55360991,TRUE,1.0,84.79786105,12.02613895,TRUE,1.0,84.25210394,12.57189606,TRUE,0.01,0.0,1,1,B,USGS_gbHeatFlowWells_wEstimates.shp,unmeasured,e5028264-c27e-3c0f-a891-ee5794ee4d89,-12032.58227,9528.431025
6063,Point,0,1,0.0,,6063,81.38124488,96.824,15.44275512,TRUE,1.0,84.84948024,11.97451976,TRUE,1.0,84.23460505,12.58939495,TRUE,0.01,0.0,1,1,B,USGS_gbHeatFlowWells_wEstimates.shp,unmeasured,f785cae8-6bd3-30c5-9924-756fb0abc570,-18305.57623,7671.973931
6064,Point,0,1,0.0,,6064,75.96494183,109.2,33.23505817,TRUE,1.0,75.5365646,33.6634354,TRUE,1.0,77.58823824,31.61176176,TRUE,1.0,0.0,1,1,B,USGS_gbHeatFlowWells_wEstimates.shp,assumed measured,f1093ae9-6a23-3511-8c28-d31cfcfbc5d4,-201232.9679,331255.2599
6065,Point,0,1,0.0,,6065,87.19656929,114.11,26.91343071,TRUE,1.0,87.23396609,26.87603391,TRUE,1.0,87.25173423,26.85826577,TRUE,1.0,0.0,1,1,B,USGS_gbHeatFlowWells_wEstimates.shp,Data release - assumed measured,ad502691-d968-3543-b7fa-f5c46f2f62d3,-156736.4683,283200.5888
6066,Point,0,1,0.0,,6066,89.55832484,100.28,10.72167516,TRUE,1.0,91.03998804,9.240011957,TRUE,1.0,88.46776385,11.81223615,TRUE,1.0,0.0,1,1,B,USGS_gbHeatFlowWells_wEstimates.shp,Data release - assumed measured,574b8ec4-a7f1-3c8b-8c87-50ea4e636aaf,-199682.2256,240624.6301
6067,Point,0,1,0.0,,6067,86.9811281,91.728,4.7468719,TRUE,1.0,87.40439726,4.323602743,TRUE,1.0,85.41073464,6.317265357,TRUE,0.01,0.0,1,1,B,USGS_gbHeatFlowWells_wEstimates.shp,unmeasured,d0935e18-e8d6-3690-81b9-bfb4da3f79cd,-174638.974,270680.9114
6068,Point,0,1,0.0,,6068,89.07526411,65.702,-23.37326411,TRUE,1.0,90.68294715,-24.98094715,TRUE,1.0,87.99312421,-22.29112421,TRUE,1.0,0.0,1,1,B,USGS_gbHeatFlowWells_wEstimates.shp,Data release - assumed measured,586e3bb0-4d38-37fc-aae2-b5ab9af1a73e,-204307.5447,242795.3066
6069,Point,0,1,0.0,,6069,85.85710046,104.47,18.61289954,TRUE,1.0,86.58227392,17.88772608,TRUE,1.0,85.18625823,19.28374177,TRUE,0.01,0.0,1,1,B,USGS_gbHeatFlowWells_wEstimates.shp,unmeasured,5973d545-0173-31ba-a209-62229ac69aa1,-182830.2242,277026.9379
6070,Point,0,1,0.0,,6070,85.1872473,117.21,32.0227527,TRUE,1.0,84.93302722,32.27697278,TRUE,1.0,87.49936457,29.71063543,TRUE,0.01,0.0,1,1,B,USGS_gbHeatFlowWells_wEstimates.shp,unmeasured,adbaccd3-57e4-35fd-846a-795a526f36ab,-154883.1269,306136.8291
6071,Point,0,1,0.0,,6071,83.6019661,45.864,-37.7379661,TRUE,1.0,83.21190384,-37.34790384,TRUE,1.0,86.33286535,-40.46886535,TRUE,0.01,0.0,1,1,B,USGS_gbHeatFlowWells_wEstimates.shp,unmeasured,f9828dee-eca8-3db0-8a8c-ff4ad7dc3630,-156550.2619,314386.2948
6072,Point,0,1,0.0,,6072,83.71794803,109.56,25.84205197,TRUE,1.0,85.3366975,24.2233025,TRUE,1.0,85.23750231,24.32249769,TRUE,0.01,0.0,1,1,B,USGS_gbHeatFlowWells_wEstimates.shp,unmeasured,a158b40b-e7c2-32df-a532-c8222ed70768,-57544.92726,26903.3682
6073,Point,0,1,0.0,,6073,84.4571348,78.988,-5.469134801,TRUE,1.0,85.79536567,-6.807365668,TRUE,1.0,86.04087756,-7.052877557,TRUE,0.01,0.0,1,1,B,USGS_gbHeatFlowWells_wEstimates.shp,unmeasured,11ab9c06-c013-36dc-ab0d-f891ee94cff3,-58940.06485,35319.04488
6074,Point,0,1,0.0,,6074,84.81230697,78.988,-5.824306975,TRUE,1.0,86.06580753,-7.077807534,TRUE,1.0,86.54979859,-7.561798589,TRUE,0.01,0.0,1,1,B,USGS_gbHeatFlowWells_wEstimates.shp,unmeasured,17e13760-eb49-3b7a-901e-9e810a34fb63,-57315.55306,39043.6656
6075,Point,0,1,0.0,,6075,85.00343477,119.76,34.75656523,TRUE,1.0,86.12449798,33.63550202,TRUE,1.0,86.72785169,33.03214831,TRUE,0.01,0.0,1,1,B,USGS_gbHeatFlowWells_wEstimates.shp,unmeasured,4ee9859f-37e8-324f-9fdb-62118b1760e3,-58888.32039,42603.90086
6076,Point,0,1,0.0,,6076,84.61281909,119.76,35.14718091,TRUE,1.0,85.68193298,34.07806702,TRUE,1.0,85.79553387,33.96446613,TRUE,0.01,0.0,1,1,B,USGS_gbHeatFlowWells_wEstimates.shp,unmeasured,8f231c24-440e-3df6-8c94-a0e51d7016ed,-68054.8089,40432.45043
6077,Point,0,1,0.0,,6077,84.85701301,81.536,-3.321013008,TRUE,1.0,85.83852215,-4.302522148,TRUE,1.0,86.23199973,-4.695999733,TRUE,0.01,0.0,1,1,B,USGS_gbHeatFlowWells_wEstimates.shp,unmeasured,7470efc8-8f63-32cf-ae06-d6920b9a5d9a,-67431.25845,45657.84376
6078,Point,0,1,0.0,,6078,88.63091061,68.74,-19.89091061,TRUE,1.0,88.82326941,-20.08326941,TRUE,1.0,88.81002253,-20.07002253,TRUE,1.0,0.0,1,1,B,USGS_gbHeatFlowWells_wEstimates.shp,Data release - assumed measured,49a8062f-637b-3814-8b2c-afc7c7b58a40,-137283.7004,207694.5085
6079,Point,0,1,0.0,,6079,86.55987286,78.988,-7.571872863,TRUE,1.0,86.79014945,-7.802149452,TRUE,1.0,85.54105601,-6.553056009,TRUE,0.01,0.0,1,1,B,USGS_gbHeatFlowWells_wEstimates.shp,unmeasured,588b4d98-eb4e-3aaa-9e26-93da4d2fff78,-172090.722,277537.3147
6080,Point,0,1,0.0,,6080,84.6743723,93.366,8.691627696,TRUE,1.0,84.39437378,8.971626225,TRUE,1.0,86.89274394,6.473256059,TRUE,1.0,0.0,1,1,B,USGS_gbHeatFlowWells_wEstimates.shp,Data release - assumed measured,7fb6cbd6-fa0b-3975-aebb-73b059b8d088,-160392.1027,304937.7897
6082,Point,0,1,0.0,,6082,85.89461221,86.45,0.555387794,TRUE,1.0,87.74574331,-1.295743312,TRUE,1.0,85.20988849,1.240111507,TRUE,1.0,0.0,1,1,B,USGS_gbHeatFlowWells_wEstimates.shp,Data release - assumed measured,707c2772-5f22-35b1-bd7c-a8e7f81ce004,-229337.4576,230200.5269
6084,Point,0,1,0.0,,6084,83.40498989,121.5,38.09501011,TRUE,1.0,83.79243399,37.70756601,TRUE,1.0,83.45064699,38.04935301,TRUE,1.0,0.0,1,1,B,USGS_gbHeatFlowWells_wEstimates.shp,Data release - assumed measured,c8fbf5b1-b871-33db-b02f-9ff8652bcd3d,-91193.59412,255068.9989
6085,Point,0,1,0.0,,6085,83.32241936,136.12,52.79758064,TRUE,0.772852781,83.70367967,52.41632033,TRUE,0.80047392,83.35903595,52.76096405,TRUE,0.775463637,0.0,1,1,B,USGS_gbHeatFlowWells_wEstimates.shp,Data release - assumed measured,7d40aeff-7d1f-3350-ae78-236f266da5c9,-91684.8439,254424.5884
6086,Point,0,1,0.0,,6086,83.32691557,55.86,-27.46691557,TRUE,1.0,83.72019178,-27.86019178,TRUE,1.0,83.35764661,-27.49764661,TRUE,1.0,0.0,1,1,B,USGS_gbHeatFlowWells_wEstimates.shp,assumed measured,a8672c4e-f18d-3463-9b5b-97fb0dcd2682,-92671.31215,255029.7841
6087,Point,0,1,0.0,,6087,85.97172053,100.8,14.82827947,TRUE,1.0,86.69242748,14.10757252,TRUE,1.0,86.41291666,14.38708334,TRUE,1.0,0.0,1,1,B,USGS_gbHeatFlowWells_wEstimates.shp,Data release - assumed measured,fe0a3fc3-87e5-332a-a99f-828bd2584440,-79934.79732,272307.5065
6088,Point,0,1,0.0,,6088,86.13908338,106.4,20.26091662,TRUE,1.0,86.89088395,19.50911605,TRUE,1.0,86.61480215,19.78519785,TRUE,1.0,0.0,1,1,B,USGS_gbHeatFlowWells_wEstimates.shp,known measured,1ae7fc5a-8a41-347c-b8df-b1a95753ae12,-79464.11236,273647.4911
6089,Point,0,1,0.0,,6089,79.81891202,85.0,5.18108798,TRUE,1.0,79.58204923,5.417950765,TRUE,1.0,79.14491195,5.855088048,TRUE,1.0,0.0,1,1,B,USGS_gbHeatFlowWells_wEstimates.shp,Data release - assumed measured,417cd3a5-aa3f-306c-8af8-ebc10e56b209,-83125.25176,195804.587
6090,Point,0,1,0.0,,6090,81.80223855,120.46,38.65776145,TRUE,1.0,81.98162175,38.47837825,TRUE,1.0,81.74717371,38.71282629,TRUE,1.0,0.0,1,1,B,USGS_gbHeatFlowWells_wEstimates.shp,Data release - assumed measured,ec6f20ba-d892-3cf9-b25b-81d678e613f1,-99865.88993,225820.377
6093,Point,0,1,0.0,,6093,81.29342459,33.124,-48.16942459,TRUE,1.0,81.10408243,-47.98008243,TRUE,1.0,83.67534243,-50.55134243,TRUE,0.009504873,0.0,1,1,B,USGS_gbHeatFlowWells_wEstimates.shp,unmeasured,93a590a8-9c50-3d2f-bf16-ba2985102df1,-180294.904,308161.9792
6096,Point,0,1,0.0,,6096,81.99758788,44.0,-37.99758788,FALSE,-9999.0,82.65250011,-38.65250011,FALSE,-9999.0,82.03376594,-38.03376594,FALSE,-9999.0,0.0,1,1,C,USGS_gbHeatFlowWells_wEstimates.shp,Data release - assumed measured,85a4ee4a-1c98-3606-adb2-df4f0b358d0e,-94335.47419,41952.66731
6097,Point,0,1,0.0,,6097,93.72040263,120.0,26.27959737,FALSE,-9999.0,93.10191506,26.89808494,FALSE,-9999.0,93.53571942,26.46428058,FALSE,-9999.0,0.0,1,1,C,USGS_gbHeatFlowWells_wEstimates.shp,Data release - assumed measured,8c6ef46e-b0d1-393c-befd-1059555b41be,-39733.07915,264815.3989
6098,Point,0,1,0.0,,6098,92.90603969,109.2,16.29396031,TRUE,1.0,94.71648064,14.48351936,TRUE,1.0,92.93728919,16.26271081,TRUE,1.0,0.0,1,1,C,USGS_gbHeatFlowWells_wEstimates.shp,Data release - assumed measured,71030d67-6cc5-3bc2-ba6b-eaaaaea4653a,42383.01925,322440.4573
6101,Point,0,1,0.0,,6101,98.09939899,64.155,-33.94439899,FALSE,-9999.0,97.94447947,-33.78947947,FALSE,-9999.0,98.35563135,-34.20063135,FALSE,-9999.0,0.0,1,1,C,USGS_gbHeatFlowWells_wEstimates.shp,Data release - assumed measured,7073d769-b68d-3fee-9356-5122f6d47bee,-858.7458312,344394.7737
6103,Point,0,1,0.0,,6103,98.13140621,115.32,17.18859379,TRUE,1.0,97.04296687,18.27703313,TRUE,1.0,98.16349655,17.15650345,TRUE,1.0,0.0,1,1,C,USGS_gbHeatFlowWells_wEstimates.shp,Data release - assumed measured,74c26aa3-d4bd-3b37-8d3b-91ca5c2a56e3,-18307.55229,327871.1071
6105,Point,0,1,0.0,,6105,83.82433335,111.38,27.55566665,TRUE,1.0,84.12434298,27.25565702,TRUE,1.0,83.22094749,28.15905251,TRUE,1.0,0.0,1,1,C,USGS_gbHeatFlowWells_wEstimates.shp,Data release - assumed measured,8088d90f-3d0d-389c-8241-ef8bc06a2502,-132361.2197,259404.554
6106,Point,0,1,0.0,,6106,85.40964772,101.01,15.60035228,TRUE,1.0,86.53091165,14.47908835,TRUE,1.0,85.91347686,15.09652314,TRUE,1.0,0.0,1,1,C,USGS_gbHeatFlowWells_wEstimates.shp,Data release - assumed measured,c701a1d7-2a7b-34a8-82da-460c44324c44,-89904.17212,284603.9248
6107,Point,0,1,0.0,,6107,84.34769036,116.48,32.13230964,TRUE,1.0,85.52937064,30.95062936,TRUE,1.0,84.84168345,31.63831655,TRUE,1.0,0.0,1,1,C,USGS_gbHeatFlowWells_wEstimates.shp,Data release - assumed measured,20c99421-0460-3e70-b6de-b47665dd1226,-88097.12429,302813.6733
6108,Point,0,1,0.0,,6108,85.13409206,72.8,-12.33409206,FALSE,-9999.0,86.11198446,-13.31198446,FALSE,-9999.0,85.6169595,-12.8169595,FALSE,-9999.0,0.0,1,1,C,USGS_gbHeatFlowWells_wEstimates.shp,Data release - assumed measured,d91c04de-5659-3b79-89dd-4d03eccd85cc,-96158.5369,285046.0126
6109,Point,0,1,0.0,,6109,83.00985191,88.452,5.442148092,TRUE,1.0,83.04015765,5.411842354,TRUE,1.0,82.89732589,5.554674108,TRUE,1.0,0.0,1,1,C,USGS_gbHeatFlowWells_wEstimates.shp,Data release - assumed measured,65628e43-a291-3397-a942-236cc2fcfbf4,-108183.0251,207871.1376
6110,Point,0,1,0.0,,6110,84.55961845,92.088,7.528381547,TRUE,1.0,85.04957662,7.038423382,TRUE,1.0,84.63889289,7.449107106,TRUE,1.0,0.0,1,1,C,USGS_gbHeatFlowWells_wEstimates.shp,Data release - assumed measured,49f4ee65-1892-3fde-8016-415e96cd237d,-108112.0158,270451.1598
6111,Point,0,1,0.0,,6111,87.3363537,113.0,25.6636463,TRUE,1.0,87.52685755,25.47314245,TRUE,1.0,85.78993734,27.21006266,TRUE,1.0,0.0,1,1,C,USGS_gbHeatFlowWells_wEstimates.shp,Data release - assumed measured,180e48b8-d701-3756-b767-2727fbab2376,-156689.4725,266609.6827
6112,Point,0,1,0.0,,6112,84.39790118,46.0,-38.39790118,FALSE,-9999.0,84.56866287,-38.56866287,FALSE,-9999.0,84.20492973,-38.20492973,FALSE,-9999.0,0.0,1,1,C,USGS_gbHeatFlowWells_wEstimates.shp,known measured,0cece11d-7285-3de1-862a-48017d5b25ed,-132487.395,237709.0925
6113,Point,0,1,0.0,,6113,86.67533621,101.92,15.24466379,TRUE,1.0,86.58297109,15.33702891,TRUE,1.0,86.76430951,15.15569049,TRUE,1.0,0.0,1,1,C,USGS_gbHeatFlowWells_wEstimates.shp,Data release - assumed measured,f2f0c24e-b07a-3087-aeda-3e3bb1a30ab0,-55100.39861,345458.0948
6114,Point,0,1,0.0,,6114,88.30650398,59.0,-29.30650398,FALSE,-9999.0,88.15789876,-29.15789876,FALSE,-9999.0,88.51698299,-29.51698299,FALSE,-9999.0,0.0,1,1,C,USGS_gbHeatFlowWells_wEstimates.shp,unmeasured,adbca101-97b5-3f50-8c66-c8f741a983b1,-53208.23309,349757.5981
6115,Point,0,1,0.0,,6115,87.16129361,92.0,4.838706393,TRUE,1.0,87.07315576,4.926844237,TRUE,1.0,87.30754828,4.692451715,TRUE,0.01,0.0,1,1,C,USGS_gbHeatFlowWells_wEstimates.shp,unmeasured,51512367-43e3-3b89-8ef5-3de829d3dd09,-56282.80214,348008.9518
6116,Point,0,1,0.0,,6116,93.94966959,100.0,6.050330409,TRUE,1.0,94.99054395,5.009456053,TRUE,1.0,94.21257297,5.787427033,TRUE,1.0,0.0,1,1,C,USGS_gbHeatFlowWells_wEstimates.shp,assumed measured,0a9926af-fffe-3459-b7e6-638f70aa9a4d,34312.61753,347190.6952
6117,Point,0,1,0.0,,6117,80.37389652,68.796,-11.57789652,TRUE,1.0,79.91115623,-11.11515623,TRUE,1.0,83.18512976,-14.38912976,TRUE,1.0,0.0,1,1,C,USGS_gbHeatFlowWells_wEstimates.shp,Data release - assumed measured,148292e7-5105-3992-b715-13c0c4ddfa7f,-172098.6606,317891.2239
6118,Point,0,1,0.0,,6118,79.01233455,63.7,-15.31233455,TRUE,1.0,78.44306585,-14.74306585,TRUE,1.0,81.36515073,-17.66515073,TRUE,1.0,0.0,1,1,C,USGS_gbHeatFlowWells_wEstimates.shp,Data release - assumed measured,bc576edc-4184-3412-9ad3-47a709b3fc31,-170281.8145,328026.3585
6119,Point,0,1,0.0,,6119,81.20505981,45.864,-35.34105981,FALSE,-9999.0,80.88286087,-35.01886087,FALSE,-9999.0,83.76987859,-37.90587859,FALSE,-9999.0,0.0,1,1,C,USGS_gbHeatFlowWells_wEstimates.shp,Data release - assumed measured,ed23d867-da98-32b0-a8e2-2a1941988883,-176551.6756,310839.0351
6120,Point,0,1,0.0,,6120,83.28335413,68.796,-14.48735413,FALSE,-9999.0,83.6719998,-14.8759998,FALSE,-9999.0,83.31036774,-14.51436774,FALSE,-9999.0,0.0,1,1,C,USGS_gbHeatFlowWells_wEstimates.shp,Data release - assumed measured,e59e5602-55e0-3866-a85d-5219b50cece0,-92786.56278,254605.2713
6121,Point,0,1,0.0,,6121,83.58165452,56.056,-27.52565452,TRUE,1.0,83.69410923,-27.63810923,TRUE,1.0,86.00884667,-29.95284667,TRUE,0.01,0.0,1,1,C,USGS_gbHeatFlowWells_wEstimates.shp,unmeasured,ff1e8b9b-1f11-3d1f-84e8-74eae55b82db,-70677.25296,90332.49791
6124,Point,0,1,0.0,,6124,96.77852733,90.09,-6.688527332,FALSE,-9999.0,97.78337846,-7.693378461,FALSE,-9999.0,96.56382129,-6.473821286,FALSE,-9999.0,0.0,1,1,C,USGS_gbHeatFlowWells_wEstimates.shp,Data release - assumed measured,699826d6-80da-30b2-8693-302fa8837713,22501.46361,309711.8553
6128,Point,0,1,0.0,,6128,93.57971944,101.01,7.430280557,TRUE,1.0,93.19050983,7.819490171,TRUE,1.0,94.07888807,6.931111928,TRUE,1.0,0.0,1,1,C,USGS_gbHeatFlowWells_wEstimates.shp,Data release - assumed measured,78202e31-ef23-3915-8100-770de787a31f,-42897.23338,302646.6814
6129,Point,0,1,0.0,,6129,93.95550956,95.55,1.594490442,TRUE,1.0,93.48277484,2.067225165,TRUE,1.0,94.38016506,1.169834936,TRUE,1.0,0.0,1,1,C,USGS_gbHeatFlowWells_wEstimates.shp,Data release - assumed measured,46d06829-ffd7-3836-b5ee-13688984e365,-41136.84758,303634.5807
6130,Point,0,1,0.0,,6130,101.1201133,69.16,-31.96011331,FALSE,-9999.0,100.1768461,-31.01684608,FALSE,-9999.0,100.1477037,-30.98770365,FALSE,-9999.0,0.0,1,1,C,USGS_gbHeatFlowWells_wEstimates.shp,Data release - assumed measured,d0a44bff-f7d4-3e07-a367-616720d973b7,-13041.47605,287847.2758
6131,Point,0,1,0.0,,6131,83.06283101,79.534,-3.528831006,FALSE,-9999.0,82.42254002,-2.888540021,FALSE,-9999.0,82.57143168,-3.037431679,FALSE,-9999.0,0.0,1,1,C,USGS_gbHeatFlowWells_wEstimates.shp,Data release - assumed measured,ee5a2674-ab1f-3b97-8374-f326a8c4f49e,-8888.542196,219487.4022
6132,Point,0,1,0.0,,6132,79.29799516,86.632,7.334004843,TRUE,1.0,79.08842886,7.54357114,TRUE,1.0,79.03901282,7.592987181,TRUE,1.0,0.0,1,1,C,USGS_gbHeatFlowWells_wEstimates.shp,Data release - assumed measured,fa79f85f-535c-38d0-83c8-4dd3fa0e767f,-88898.7397,175088.3304
6133,Point,0,1,0.0,,6133,78.98723142,92.82,13.83276858,TRUE,1.0,78.73227216,14.08772784,TRUE,1.0,78.72804009,14.09195991,TRUE,1.0,0.0,1,1,C,USGS_gbHeatFlowWells_wEstimates.shp,Data release - assumed measured,9b657398-8e90-32d2-b73d-f032f6ecdfd0,-86769.29728,173765.2003
6134,Point,0,1,0.0,,6134,85.75295197,67.0,-18.75295197,FALSE,-9999.0,86.82593442,-19.82593442,FALSE,-9999.0,86.28736794,-19.28736794,FALSE,-9999.0,0.0,1,1,C,USGS_gbHeatFlowWells_wEstimates.shp,assumed measured,ae4fe3e1-eca6-3d59-9996-95a65416b5cb,-84701.5386,280625.712
6135,Point,0,1,0.0,,6135,81.56359502,52.052,-29.51159502,FALSE,-9999.0,84.79449664,-32.74249664,FALSE,-9999.0,82.20637804,-30.15437804,FALSE,-9999.0,0.0,1,1,C,USGS_gbHeatFlowWells_wEstimates.shp,Data release - assumed measured,1011c903-aa36-303b-8696-40fbf3154d16,70195.09097,257034.6173
6136,Point,0,1,0.0,,6136,92.3469668,42.5,-49.8469668,FALSE,-9999.0,92.1547301,-49.6547301,FALSE,-9999.0,92.96084151,-50.46084151,FALSE,-9999.0,0.0,1,1,C,USGS_gbHeatFlowWells_wEstimates.shp,assumed measured,e785428c-6986-3874-a584-98f9d708af79,-43403.88482,356900.1438
6137,Point,0,1,0.0,,6137,85.27761662,92.82,7.542383382,TRUE,1.0,85.31033299,7.509667013,TRUE,1.0,85.29709935,7.522900653,TRUE,1.0,0.0,1,1,C,USGS_gbHeatFlowWells_wEstimates.shp,Data release - assumed measured,2c101038-a25f-31a0-b7c9-368a38678583,-59446.76887,343450.6601
6138,Point,0,1,0.0,,6138,86.56415231,84.63,-1.934152309,FALSE,-9999.0,86.46556179,-1.83556179,FALSE,-9999.0,86.64982766,-2.01982766,FALSE,-9999.0,0.0,1,1,C,USGS_gbHeatFlowWells_wEstimates.shp,Data release - assumed measured,9f4c3f78-e723-3a14-9600-9c68624fcf5c,-54411.41289,344322.0785
6139,Point,0,1,0.0,,6139,87.79230233,65.52,-22.27230233,FALSE,-9999.0,87.68661177,-22.16661177,FALSE,-9999.0,87.99215667,-22.47215667,FALSE,-9999.0,0.0,1,1,C,USGS_gbHeatFlowWells_wEstimates.shp,Data release - assumed measured,baac6e87-d9aa-32aa-9a1c-6ca949bc1459,-55833.92456,349797.9342
6140,Point,0,1,0.0,,6140,83.33053423,65.702,-17.62853423,FALSE,-9999.0,85.08398932,-19.38198932,FALSE,-9999.0,82.61351944,-16.91151944,FALSE,-9999.0,0.0,1,1,C,USGS_gbHeatFlowWells_wEstimates.shp,Data release - assumed measured,bf33144c-e276-3b98-a071-a3a51e3c3360,-239450.0975,214819.3051
6141,Point,0,1,0.0,,6141,84.38804187,100.28,15.89195813,TRUE,1.0,86.23045247,14.04954753,TRUE,1.0,83.68461929,16.59538071,TRUE,1.0,0.0,1,1,C,USGS_gbHeatFlowWells_wEstimates.shp,Data release - assumed measured,1f52329e-6c8b-348d-ae5c-27e8a234fb2a,-236560.5214,220205.8645
6142,Point,0,1,0.0,,6142,83.5866621,62.79,-20.7966621,TRUE,1.0,83.27043025,-20.48043025,TRUE,1.0,84.62637334,-21.83637334,TRUE,1.0,0.0,1,1,C,USGS_gbHeatFlowWells_wEstimates.shp,Data release - assumed measured,a059c184-b62e-338e-916b-588854d6ebef,-136755.034,339840.8892
6143,Point,0,1,0.0,,6143,89.55337443,58.8,-30.75337443,FALSE,-9999.0,90.05713143,-31.25713143,FALSE,-9999.0,89.23851346,-30.43851346,FALSE,-9999.0,0.0,1,1,C,USGS_gbHeatFlowWells_wEstimates.shp,assumed measured,8d671afc-d0d7-37e8-bae9-fffc807e5587,-162944.6999,226294.3001
6144,Point,0,1,0.0,,6144,85.37234557,78.624,-6.748345575,TRUE,1.0,85.49945526,-6.875455258,TRUE,1.0,85.45266734,-6.828667336,TRUE,1.0,0.0,1,1,C,USGS_gbHeatFlowWells_wEstimates.shp,Data release - assumed measured,2656496f-b31d-3da9-b7fe-95d392becca7,-119879.5605,202330.2446
6145,Point,0,1,0.0,,6145,87.69385094,57.33,-30.36385094,FALSE,-9999.0,87.74792123,-30.41792123,FALSE,-9999.0,87.76676597,-30.43676597,FALSE,-9999.0,0.0,1,1,C,USGS_gbHeatFlowWells_wEstimates.shp,Data release - assumed measured,52d73d92-385c-3120-9f1f-a7561b881634,-132899.4702,210984.1794
6147,Point,0,1,0.0,,6147,87.16027437,117.0,29.83972563,FALSE,-9999.0,86.96938083,30.03061917,FALSE,-9999.0,87.35493557,29.64506443,FALSE,-9999.0,0.0,1,1,C,USGS_gbHeatFlowWells_wEstimates.shp,unmeasured,d684fc10-230e-382e-b8b3-65f9f207acb5,-50163.43371,340295.4535
6148,Point,0,1,0.0,,6148,84.18982364,103.74,19.55017636,TRUE,1.0,84.6816836,19.0583164,TRUE,1.0,84.95600498,18.78399502,TRUE,1.0,0.0,1,1,C,USGS_gbHeatFlowWells_wEstimates.shp,Data release - assumed measured,26807c34-44ff-3154-a113-d6c9231b9376,-182949.4841,289152.2585
6149,Point,0,1,0.0,,6149,82.03502447,109.2,27.16497553,TRUE,1.0,82.58116024,26.61883976,TRUE,1.0,82.66117924,26.53882076,TRUE,1.0,0.0,1,1,C,USGS_gbHeatFlowWells_wEstimates.shp,Data release - assumed measured,915ea617-959e-3dc7-aff0-60176e95e637,-108587.7663,329045.9976
6150,Point,0,1,0.0,,6150,86.66538116,79.0,-7.665381164,FALSE,-9999.0,86.5749381,-7.574938101,FALSE,-9999.0,86.75411821,-7.754118213,FALSE,-9999.0,0.0,1,1,C,USGS_gbHeatFlowWells_wEstimates.shp,unmeasured,176d3c8a-a70d-31e1-9814-6bd32137ace6,-55209.13597,345514.8525
6151,Point,0,1,0.0,,6151,85.65725705,67.0,-18.65725705,FALSE,-9999.0,85.63816699,-18.63816699,FALSE,-9999.0,85.74189297,-18.74189297,FALSE,-9999.0,0.0,1,1,C,USGS_gbHeatFlowWells_wEstimates.shp,unmeasured,046cf9df-c4f8-35d4-acfd-0c053e925c41,-56758.91294,342411.7972
6152,Point,0,1,0.0,,6152,87.08328542,116.48,29.39671458,TRUE,1.0,87.21989967,29.26010033,TRUE,1.0,88.32515322,28.15484678,TRUE,1.0,0.0,1,1,C,USGS_gbHeatFlowWells_wEstimates.shp,Data release - assumed measured,2631d584-ae56-3b76-8aa2-af2fae8945b9,-142278.733,288856.1207
6153,Point,0,1,0.0,,6153,84.31139381,84.52,0.208606185,TRUE,1.0,84.1732568,0.346743198,TRUE,1.0,86.77950524,-2.25950524,TRUE,1.0,0.0,1,1,C,USGS_gbHeatFlowWells_wEstimates.shp,Data release - assumed measured,2aaf86e1-8dc2-3bc1-ae93-e41e452a5b94,-138153.9864,317188.9468
6154,Point,0,1,0.0,,6154,87.07907187,119.39,32.31092813,FALSE,-9999.0,87.116316,32.273684,FALSE,-9999.0,88.20599605,31.18400395,FALSE,-9999.0,0.0,1,1,C,USGS_gbHeatFlowWells_wEstimates.shp,Data release - assumed measured,fabee9e8-e785-35c0-9081-78f2629ad4c1,-149530.0298,289985.0868
6155,Point,0,1,0.0,,6155,87.79335533,100.0,12.20664467,TRUE,1.0,87.78169443,12.21830557,TRUE,1.0,88.1439362,11.8560638,TRUE,0.01,0.0,1,1,C,USGS_gbHeatFlowWells_wEstimates.shp,unmeasured,b491c629-e0fc-348e-936d-925e07314a51,-63664.60799,353619.9539
6156,Point,0,1,0.0,,6156,85.40674095,99.008,13.60125905,TRUE,1.0,85.18935376,13.81864624,TRUE,1.0,87.7874254,11.2205746,TRUE,1.0,0.0,1,1,C,USGS_gbHeatFlowWells_wEstimates.shp,Data release - assumed measured,d8dd1b7f-b92c-3116-b932-a78774037f89,-150306.5468,307200.1591
6157,Point,0,1,0.0,,6157,82.73218583,106.47,23.73781417,TRUE,1.0,82.29435198,24.17564802,TRUE,1.0,85.4900441,20.9799559,TRUE,1.0,0.0,1,1,C,USGS_gbHeatFlowWells_wEstimates.shp,Data release - assumed measured,18846cd2-75a6-35ae-90b1-4c6884a8ecb5,-158437.9252,318393.6562
6158,Point,0,1,0.0,,6158,84.27487317,54.6,-29.67487317,FALSE,-9999.0,84.98443722,-30.38443722,FALSE,-9999.0,84.8497617,-30.2497617,FALSE,-9999.0,0.0,1,1,C,USGS_gbHeatFlowWells_wEstimates.shp,Data release - assumed measured,64066216-4170-338b-bfeb-ae9ccd804fcd,-186052.7202,286623.4203
6159,Point,0,1,0.0,,6159,86.92435595,101.01,14.08564405,TRUE,1.0,86.91829821,14.09170179,TRUE,1.0,87.86451134,13.14548866,TRUE,1.0,0.0,1,1,C,USGS_gbHeatFlowWells_wEstimates.shp,Data release - assumed measured,dae5be7e-ae72-3902-a058-3ac8b749faa6,-154103.8519,289567.2091
6160,Point,0,1,0.0,,6160,83.13566393,98.28,15.14433607,TRUE,1.0,82.79047614,15.48952386,TRUE,1.0,84.92600686,13.35399314,TRUE,1.0,0.0,1,1,C,USGS_gbHeatFlowWells_wEstimates.shp,Data release - assumed measured,b9d1ba35-86dd-3b20-a831-c86eda7818a5,-142050.7272,330253.701
6161,Point,0,1,0.0,,6161,85.60737262,86.45,0.842627379,FALSE,-9999.0,86.53463965,-0.084639653,FALSE,-9999.0,85.08502439,1.364975611,FALSE,-9999.0,0.0,1,1,C,USGS_gbHeatFlowWells_wEstimates.shp,Data release - assumed measured,254ee3d4-9f59-3dde-8b75-3306c397c5a0,-186507.3838,276737.7062
6162,Point,0,1,0.0,,6162,84.22952695,81.9,-2.329526952,FALSE,-9999.0,84.70692532,-2.806925321,FALSE,-9999.0,84.98328375,-3.083283747,FALSE,-9999.0,0.0,1,1,C,USGS_gbHeatFlowWells_wEstimates.shp,Data release - assumed measured,b8e9eb45-6daa-3893-8252-a70bd3a640a8,-182612.1261,289110.9607
6163,Point,0,1,0.0,,6163,85.2237691,101.56,16.3362309,TRUE,1.0,85.70542182,15.85457818,TRUE,1.0,85.50058137,16.05941863,TRUE,1.0,0.0,1,1,C,USGS_gbHeatFlowWells_wEstimates.shp,Data release - assumed measured,2b44a929-421f-37e5-8991-0bb8061fcee6,-111329.3175,276792.6804
6164,Point,0,1,0.0,,6164,83.33343967,62.79,-20.54343967,FALSE,-9999.0,83.19997502,-20.40997502,FALSE,-9999.0,84.85996676,-22.06996676,FALSE,-9999.0,0.0,1,1,C,USGS_gbHeatFlowWells_wEstimates.shp,Data release - assumed measured,2ddbe9d7-2c8a-3ac4-b442-9e078a1a0208,-131359.8271,330698.3339
6165,Point,0,1,0.0,,6165,86.58224231,64.064,-22.51824231,FALSE,-9999.0,86.56708998,-22.50308998,FALSE,-9999.0,88.61941839,-24.55541839,FALSE,-9999.0,0.0,1,1,C,USGS_gbHeatFlowWells_wEstimates.shp,Data release - assumed measured,96b7c6dd-86aa-34b7-be5a-67661a78262c,-142825.0449,300923.0272
6166,Point,0,1,0.0,,6166,86.07275652,87.36,1.287243485,TRUE,1.0,86.15594665,1.20405335,TRUE,1.0,88.25212859,-0.892128585,TRUE,1.0,0.0,1,1,C,USGS_gbHeatFlowWells_wEstimates.shp,Data release - assumed measured,0baf39fa-427b-3fde-b726-333b660e7669,-135162.3133,304712.0812
6167,Point,0,1,0.0,,6167,87.45285768,116.48,29.02714232,TRUE,1.0,87.5449043,28.9350957,TRUE,1.0,87.33971095,29.14028905,TRUE,1.0,0.0,1,1,C,USGS_gbHeatFlowWells_wEstimates.shp,Data release - assumed measured,41d82535-937e-3bc7-a2d1-d9da2c9197b1,-152581.9957,280640.3364
6168,Point,0,1,0.0,,6168,87.47848663,119.39,31.91151337,FALSE,-9999.0,87.620126,31.769874,FALSE,-9999.0,85.89835116,33.49164884,FALSE,-9999.0,0.0,1,1,C,USGS_gbHeatFlowWells_wEstimates.shp,Data release - assumed measured,442b6a75-c201-310b-adf1-7e40253c2bdc,-162163.7333,271436.255
6169,Point,0,1,0.0,,6169,88.00852935,103.74,15.73147065,TRUE,1.0,89.71570237,14.02429763,TRUE,1.0,87.30316773,16.43683227,TRUE,1.0,0.0,1,1,C,USGS_gbHeatFlowWells_wEstimates.shp,Data release - assumed measured,e5b15e00-dff3-377b-a072-44178b49b7d4,-213314.1787,234620.3223
6170,Point,0,1,0.0,,6170,85.73849522,50.96,-34.77849522,FALSE,-9999.0,85.81806418,-34.85806418,FALSE,-9999.0,85.69197543,-34.73197543,FALSE,-9999.0,0.0,1,1,C,USGS_gbHeatFlowWells_wEstimates.shp,Data release - assumed measured,2b4aca61-a9d4-30fa-ba4e-04327d3f3be2,-129956.6387,224128.8021
6171,Point,0,1,0.0,,6171,87.17848116,101.92,14.74151884,TRUE,1.0,87.27922016,14.64077984,TRUE,1.0,87.05296536,14.86703464,TRUE,1.0,0.0,1,1,C,USGS_gbHeatFlowWells_wEstimates.shp,Data release - assumed measured,b8d60862-63e3-3841-b67f-e62d4dd07617,-139789.0644,227329.9245
6172,Point,0,1,0.0,,6172,85.0000064,89.7,4.699993599,TRUE,1.0,85.71111335,3.988886646,TRUE,1.0,85.30643309,4.393566906,TRUE,1.0,0.0,1,1,C,USGS_gbHeatFlowWells_wEstimates.shp,Data release - assumed measured,aacb63a7-7332-3576-8186-bb21374917f7,-99951.18018,278144.7174
6173,Point,0,1,0.0,,6173,83.90934876,89.18,5.270651236,TRUE,1.0,84.86592103,4.314078972,TRUE,1.0,84.79630318,4.383696816,TRUE,1.0,0.0,1,1,C,USGS_gbHeatFlowWells_wEstimates.shp,Data release - assumed measured,b4c13d35-46f2-3cf6-9602-cfdc583f7350,-104639.9831,302765.7956
6174,Point,0,1,0.0,,6174,86.04861311,116.48,30.43138689,FALSE,-9999.0,87.21096394,29.26903606,FALSE,-9999.0,86.7203948,29.7596052,FALSE,-9999.0,0.0,1,1,C,USGS_gbHeatFlowWells_wEstimates.shp,Data release - assumed measured,8d598069-16af-3d3a-bb7c-61814ced09af,-79651.28923,295778.9001
6175,Point,0,1,0.0,,6175,87.37271804,95.55,8.177281961,TRUE,1.0,88.38978527,7.16021473,TRUE,1.0,88.19830249,7.351697507,TRUE,1.0,0.0,1,1,C,USGS_gbHeatFlowWells_wEstimates.shp,Data release - assumed measured,175c51f4-3fa4-3838-8c50-9ca875961799,-73833.61041,290939.0817
6176,Point,0,1,0.0,,6176,85.90604312,120.12,34.21395688,FALSE,-9999.0,86.9950822,33.1249178,FALSE,-9999.0,86.54015706,33.57984294,FALSE,-9999.0,0.0,1,1,C,USGS_gbHeatFlowWells_wEstimates.shp,Data release - assumed measured,fe7adf40-6f37-3d21-8ebd-ebf4fb5b0624,-78288.66382,299518.8971
6177,Point,0,1,0.0,,6177,82.19787275,88.452,6.254127254,TRUE,1.0,82.43309521,6.018904786,TRUE,1.0,82.19052428,6.261475719,TRUE,1.0,0.0,1,1,C,USGS_gbHeatFlowWells_wEstimates.shp,Data release - assumed measured,bd6ce28c-a6ab-3db0-bc3c-c60581aa6a0e,-91510.41025,239820.3394
6178,Point,0,1,0.0,,6178,81.87350431,45.045,-36.82850431,FALSE,-9999.0,82.07204398,-37.02704398,FALSE,-9999.0,81.85029061,-36.80529061,FALSE,-9999.0,0.0,1,1,C,USGS_gbHeatFlowWells_wEstimates.shp,Data release - assumed measured,96589328-747a-31b1-8aaa-922e7cbbbc84,-91498.81331,233320.1254
6179,Point,0,1,0.0,,6179,81.23198011,60.12,-21.11198011,TRUE,1.0,81.14442765,-21.02442765,TRUE,1.0,80.82181562,-20.70181562,TRUE,1.0,0.0,1,1,C,USGS_gbHeatFlowWells_wEstimates.shp,Data release - assumed measured,35df7f06-705e-36fe-8392-0fb9ac079ba3,-94833.47431,201016.2547
6180,Point,0,1,0.0,,6180,85.65991075,132.57,46.91008925,FALSE,-9999.0,85.78534572,46.78465428,FALSE,-9999.0,85.75485392,46.81514608,FALSE,-9999.0,0.0,1,1,C,USGS_gbHeatFlowWells_wEstimates.shp,Data release - assumed measured,5fa9b7bd-5936-33d3-87bc-eabf7a80de55,-121760.8475,204123.6881
6181,Point,0,1,0.0,,6181,81.30776075,73.0,-8.307760751,TRUE,1.0,81.29603596,-8.296035963,TRUE,1.0,81.11569478,-8.115694777,TRUE,1.0,0.0,1,1,C,USGS_gbHeatFlowWells_wEstimates.shp,Data release - assumed measured,1e785910-f543-333f-aee0-44639307b639,-99269.83647,182935.7839
6189,Point,0,1,0.0,,6189,84.87013919,34.58,-50.29013919,FALSE,-9999.0,84.64449566,-50.06449566,FALSE,-9999.0,84.50048264,-49.92048264,FALSE,-9999.0,0.0,1,1,D,USGS_gbHeatFlowWells_wEstimates.shp,Data release - assumed measured,474289b2-37c9-34cf-ade2-90543a694d2a,-40406.23444,225559.9741
6190,Point,0,1,0.0,,6190,79.88130285,34.034,-45.84730285,FALSE,-9999.0,79.76213553,-45.72813553,FALSE,-9999.0,79.6995816,-45.6655816,FALSE,-9999.0,0.0,1,1,D,USGS_gbHeatFlowWells_wEstimates.shp,Data release - assumed measured,d8a8e7b3-e25c-32f3-8875-40e2a3048c6d,-93013.93979,175123.0206
6191,Point,0,1,0.0,,6191,85.75295197,29.0,-56.75295197,FALSE,-9999.0,86.82593442,-57.82593442,FALSE,-9999.0,86.28736794,-57.28736794,FALSE,-9999.0,0.0,1,1,D,USGS_gbHeatFlowWells_wEstimates.shp,assumed measured,903678ed-de53-3d75-b6cc-e7d174b799f0,-84701.5386,280625.712
6192,Point,0,1,0.0,,6192,86.57359935,38.22,-48.35359935,FALSE,-9999.0,86.44517845,-48.22517845,FALSE,-9999.0,86.75101743,-48.53101743,FALSE,-9999.0,0.0,1,1,D,USGS_gbHeatFlowWells_wEstimates.shp,Data release - assumed measured,eed52669-bee6-34d9-a020-c194552c809e,-52253.52599,340510.4669
6193,Point,0,1,0.0,,6193,86.72637235,38.22,-48.50637235,FALSE,-9999.0,86.59171289,-48.37171289,FALSE,-9999.0,86.86637581,-48.64637581,FALSE,-9999.0,0.0,1,1,D,USGS_gbHeatFlowWells_wEstimates.shp,Data release - assumed measured,d6227124-06d2-3252-ad31-c01f6b3b0d7c,-52351.93349,342157.6964
6194,Point,0,1,0.0,,6194,86.499706,38.22,-48.279706,FALSE,-9999.0,86.44893111,-48.22893111,FALSE,-9999.0,86.59178232,-48.37178232,FALSE,-9999.0,0.0,1,1,D,USGS_gbHeatFlowWells_wEstimates.shp,assumed measured,414d278c-748a-388f-aefc-2e33298b1baa,-57643.0626,346730.5474
6197,Point,0,1,0.0,,6197,81.85062111,8.19,-73.66062111,FALSE,-9999.0,82.01459752,-73.82459752,FALSE,-9999.0,81.81513341,-73.62513341,FALSE,-9999.0,0.0,1,1,D,USGS_gbHeatFlowWells_wEstimates.shp,Data release - assumed measured,cff4b300-610e-38cc-a67a-21ae0af2894f,-85814.86853,231464.7531
6198,Point,0,1,0.0,,6198,85.79993894,51.1,-34.69993894,FALSE,-9999.0,85.86052294,-34.76052294,FALSE,-9999.0,85.78852009,-34.68852009,FALSE,-9999.0,0.0,1,1,D,USGS_gbHeatFlowWells_wEstimates.shp,Data release - assumed measured,3425e557-8a1c-3101-955d-f4cbae419013,-128230.3227,219694.7999
6199,Point,0,1,0.0,,6199,74.91697949,565.0,490.0830205,FALSE,-9999.0,74.49210273,490.5078973,FALSE,-9999.0,75.17825348,489.8217465,FALSE,-9999.0,0.0,1,1,G,USGS_gbHeatFlowWells_wEstimates.shp,assumed measured,7534d578-e268-3c5d-90f8-f31bf7ee9ec8,-200212.2937,355140.1661
6200,Point,0,1,0.0,,6200,88.23197113,200.0,111.7680289,FALSE,-9999.0,87.95084881,112.0491512,FALSE,-9999.0,88.41782407,111.5821759,FALSE,-9999.0,0.0,1,1,G,USGS_gbHeatFlowWells_wEstimates.shp,known measured,2011a25b-551c-3c59-8933-9279a919abc7,-47089.58394,341654.5196
6206,Point,0,1,0.0,,6206,75.03667513,210.0,134.9633249,FALSE,-9999.0,74.58931654,135.4106835,FALSE,-9999.0,75.2894015,134.7105985,FALSE,-9999.0,0.0,1,1,G,USGS_gbHeatFlowWells_wEstimates.shp,assumed measured,c88135bf-2de9-3723-9237-464017bd1484,-197124.1286,355522.548
6211,Point,0,1,0.0,,6211,87.41901103,174.8,87.38098897,FALSE,-9999.0,87.72546413,87.07453587,FALSE,-9999.0,85.62328171,89.17671829,FALSE,-9999.0,0.0,1,1,G,USGS_gbHeatFlowWells_wEstimates.shp,known measured,c7a636f9-2acc-38c1-8c91-e9f2ae019fe8,-164518.3656,259872.9643
6212,Point,0,1,0.0,,6212,83.8008975,490.0,406.1991025,FALSE,-9999.0,84.68223596,405.317764,FALSE,-9999.0,84.49090351,405.5090965,FALSE,-9999.0,0.0,1,1,G,USGS_gbHeatFlowWells_wEstimates.shp,Data release - assumed measured,8dca3816-5814-3efb-969e-5641e234d94a,-79073.21306,42958.67402
6213,Point,0,1,0.0,,6213,84.10091543,210.0,125.8990846,FALSE,-9999.0,85.00738243,124.9926176,FALSE,-9999.0,84.93964263,125.0603574,FALSE,-9999.0,0.0,1,1,G,USGS_gbHeatFlowWells_wEstimates.shp,Data release - assumed measured,4bd94204-1152-3434-b63b-ce8fb64c4fbd,-76735.87051,44147.20112
6214,Point,0,1,0.0,,6214,83.79803304,504.0,420.201967,FALSE,-9999.0,84.64670181,419.3532982,FALSE,-9999.0,84.58846288,419.4115371,FALSE,-9999.0,0.0,1,1,G,USGS_gbHeatFlowWells_wEstimates.shp,Data release - assumed measured,e843e8e0-2cff-3dc4-81c2-f77b883d4375,-79760.39035,46697.65863
6215,Point,0,1,0.0,,6215,98.86422903,331.0,232.135771,FALSE,-9999.0,97.88850402,233.111496,FALSE,-9999.0,97.6734726,233.3265274,FALSE,-9999.0,0.0,1,1,G,USGS_gbHeatFlowWells_wEstimates.shp,Data release - assumed measured,99b1491f-afe7-3223-9041-fd10bd534450,-12452.55067,267618.2695
6222,Point,0,1,0.0,,6222,83.93050277,131.2,47.26949723,FALSE,-9999.0,84.53983643,46.66016357,FALSE,-9999.0,85.50653565,45.69346435,FALSE,-9999.0,0.0,1,1,G,USGS_gbHeatFlowWells_wEstimates.shp,assumed measured,da682c70-2b78-3340-9464-8ec5a3d16a5d,-116123.4155,309444.6819
6223,Point,0,1,0.0,,6223,77.0458582,401.92,324.8741418,FALSE,-9999.0,76.79479797,325.125202,FALSE,-9999.0,79.05603814,322.8639619,FALSE,-9999.0,0.0,1,1,G,USGS_gbHeatFlowWells_wEstimates.shp,assumed measured,add8aeb7-42a0-3f91-ae7f-359a2e9d1fa0,-202699.3848,323078.5445
6224,Point,0,1,0.0,,6224,77.26303913,462.83,385.5669609,FALSE,-9999.0,76.98179756,385.8482024,FALSE,-9999.0,79.44621284,383.3837872,FALSE,-9999.0,0.0,1,1,G,USGS_gbHeatFlowWells_wEstimates.shp,assumed measured,c725ba42-2b16-341c-b298-ead7d36304fa,-198649.5005,322229.9446
6225,Point,0,1,0.0,,6225,76.27008036,5374.8,5298.52992,FALSE,-9999.0,75.89619408,5298.903806,FALSE,-9999.0,78.03213449,5296.767866,FALSE,-9999.0,0.0,1,1,G,USGS_gbHeatFlowWells_wEstimates.shp,assumed measured,26976e72-2b58-3c5e-a5a4-fe2cf7499d76,-202321.2485,328481.3511
6226,Point,0,1,0.0,,6226,84.41128556,155.8,71.38871444,FALSE,-9999.0,85.02364751,70.77635249,FALSE,-9999.0,85.9535159,69.8464841,FALSE,-9999.0,0.0,1,1,G,USGS_gbHeatFlowWells_wEstimates.shp,assumed measured,b2346b2f-160e-3732-9f9d-8e07211528c0,-116093.7362,306251.0331
6227,Point,0,1,0.0,,6227,86.44730031,262.08,175.6326997,FALSE,-9999.0,86.6180109,175.4619891,FALSE,-9999.0,85.68294019,176.3970598,FALSE,-9999.0,0.0,1,1,G,USGS_gbHeatFlowWells_wEstimates.shp,Data release - assumed measured,132966ea-1113-36f2-ac45-26bee19d1d35,-171042.8301,279554.6824
6228,Point,0,1,0.0,,6228,86.42631364,262.08,175.6536864,FALSE,-9999.0,86.58332202,175.496678,FALSE,-9999.0,85.72306382,176.3569362,FALSE,-9999.0,0.0,1,1,G,USGS_gbHeatFlowWells_wEstimates.shp,Data release - assumed measured,92478a99-2762-33d1-a23b-04d9095ff348,-170754.277,279985.6351
6229,Point,0,1,0.0,,6229,86.41003269,262.08,175.6699673,FALSE,-9999.0,86.52895035,175.5510497,FALSE,-9999.0,85.83953955,176.2404604,FALSE,-9999.0,0.0,1,1,G,USGS_gbHeatFlowWells_wEstimates.shp,Data release - assumed measured,939de5dd-e1e7-3128-a6f2-c5626ec71db4,-169761.2083,280906.0182
6230,Point,0,1,0.0,,6230,85.18205191,136.5,51.31794809,FALSE,-9999.0,85.88876274,50.61123726,FALSE,-9999.0,85.11249111,51.38750889,FALSE,-9999.0,0.0,1,1,G,USGS_gbHeatFlowWells_wEstimates.shp,assumed measured,28becc56-0f5d-31b1-abda-64cc30fe53a2,-183855.4076,281708.8918
6231,Point,0,1,0.0,,6231,83.00377825,205.0,121.9962217,FALSE,-9999.0,83.80687466,121.1931253,FALSE,-9999.0,83.30839412,121.6916059,FALSE,-9999.0,0.0,1,1,G,USGS_gbHeatFlowWells_wEstimates.shp,Data release - assumed measured,0c29fd27-4b52-3c44-b746-d17d8789c78d,-85174.77427,39325.97823
6232,Point,0,1,0.0,,6232,83.56152665,131.2,47.63847335,FALSE,-9999.0,84.13650843,47.06349157,FALSE,-9999.0,85.20317495,45.99682505,FALSE,-9999.0,0.0,1,1,G,USGS_gbHeatFlowWells_wEstimates.shp,assumed measured,0ef515ad-4fa2-35d9-afa8-6f398f5512d4,-116507.3945,312038.3996
6233,Point,0,1,0.0,,6233,82.38435245,163.2,80.81564755,FALSE,-9999.0,82.38569497,80.81430503,FALSE,-9999.0,82.18562994,81.01437006,FALSE,-9999.0,0.0,1,1,G,USGS_gbHeatFlowWells_wEstimates.shp,Data release - assumed measured,2a033a67-95c0-3ece-a395-a6cea687eacd,-103383.9272,206497.2666
6234,Point,0,1,0.0,,6234,81.77097434,753.1,671.3290257,FALSE,-9999.0,81.97096407,671.1290359,FALSE,-9999.0,81.72979501,671.370205,FALSE,-9999.0,0.0,1,1,G,USGS_gbHeatFlowWells_wEstimates.shp,Data release - assumed measured,e303ef11-21e3-34c9-8072-52ab9ee90ed7,-97341.66402,229532.9543
6235,Point,0,1,0.0,,6235,81.84644776,121.3,39.45355224,FALSE,-9999.0,82.06418095,39.23581905,FALSE,-9999.0,81.81281679,39.48718321,FALSE,-9999.0,0.0,1,1,G,USGS_gbHeatFlowWells_wEstimates.shp,Data release - assumed measured,0f71475a-020b-371b-97c0-0fd5937de975,-98744.03492,231869.848
6236,Point,0,1,0.0,,6236,81.702578,627.6,545.897422,FALSE,-9999.0,81.87423069,545.7257693,FALSE,-9999.0,81.63785345,545.9621465,FALSE,-9999.0,0.0,1,1,G,USGS_gbHeatFlowWells_wEstimates.shp,Data release - assumed measured,85002f43-c950-347f-aed9-f8febff1fdc9,-98113.31932,224185.0836
6237,Point,0,1,0.0,,6237,87.17807029,121.3,34.12192971,FALSE,-9999.0,87.42868466,33.87131534,FALSE,-9999.0,87.40091143,33.89908857,FALSE,-9999.0,0.0,1,1,G,USGS_gbHeatFlowWells_wEstimates.shp,Data release - assumed measured,c261e845-91e0-3819-8755-cae024e3aa3c,-127755.6093,199849.8224
6238,Point,0,1,0.0,,6238,81.64346327,200.8,119.1565367,FALSE,-9999.0,81.81872206,118.9812779,FALSE,-9999.0,81.57848412,119.2215159,FALSE,-9999.0,0.0,1,1,G,USGS_gbHeatFlowWells_wEstimates.shp,Data release - assumed measured,686b045f-f1f5-3ecf-aff6-c082e5c689c0,-96479.05892,224725.8442
6239,Point,0,1,0.0,,6239,85.10187311,206.68,121.5781269,FALSE,-9999.0,85.22420711,121.4557929,FALSE,-9999.0,84.97521907,121.7047809,FALSE,-9999.0,0.0,1,1,G,USGS_gbHeatFlowWells_wEstimates.shp,assumed measured,4b598eb6-9892-3e09-9ada-44c05ec6303b,-131551.4346,231944.1637
6240,Point,0,1,0.0,,6240,85.27839075,49.64,-35.63839075,FALSE,-9999.0,86.28698891,-36.64698891,FALSE,-9999.0,87.10841478,-37.46841478,FALSE,-9999.0,0.0,1,1,G,USGS_gbHeatFlowWells_wEstimates.shp,Data release - assumed measured,8f7bb304-25fb-3585-a67f-24b73e62cd70,-58138.94784,46338.39133
6241,Point,0,1,0.0,,6241,91.15193539,146.86,55.70806461,FALSE,-9999.0,90.72517973,56.13482027,FALSE,-9999.0,90.96409266,55.89590734,FALSE,-9999.0,0.0,1,1,G,USGS_gbHeatFlowWells_wEstimates.shp,known measured,7b4a6e9d-630b-34fc-9e58-e0dda8f4a6cb,-44879.28843,255743.443
6242,Point,0,1,0.0,,6242,76.15543164,258.4,182.2445684,FALSE,-9999.0,75.77346155,182.6265385,FALSE,-9999.0,77.84366101,180.556339,FALSE,-9999.0,0.0,1,1,G,USGS_gbHeatFlowWells_wEstimates.shp,assumed measured,16721cb7-5abd-383b-88ba-5db420376b55,-202988.5527,329383.4988
6243,Point,0,1,0.0,,6243,76.66268286,1528.8,1452.137317,FALSE,-9999.0,76.38567704,1452.414323,FALSE,-9999.0,78.48885411,1450.311146,FALSE,-9999.0,0.0,1,1,G,USGS_gbHeatFlowWells_wEstimates.shp,assumed measured,98844249-67a3-32e7-8d35-f8e70e10ffec,-205211.1668,325417.3695
6244,Point,0,1,0.0,,6244,85.06824268,137.94,52.87175732,FALSE,-9999.0,86.20844046,51.73155954,FALSE,-9999.0,86.86458978,51.07541022,FALSE,-9999.0,0.0,1,1,G,USGS_gbHeatFlowWells_wEstimates.shp,Data release - assumed measured,89ad6daa-ef72-3f15-8c1c-6b463fa5109c,-57364.27625,42499.81367
6245,Point,0,1,0.0,,6245,76.64443112,1870.2,1793.555569,FALSE,-9999.0,76.32471368,1793.875286,FALSE,-9999.0,78.567583,1791.632417,FALSE,-9999.0,0.0,1,1,G,USGS_gbHeatFlowWells_wEstimates.shp,assumed measured,be472873-5bab-3e3b-9799-643b1e2d3b1b,-202181.9971,325665.214
6246,Point,0,1,0.0,,6246,89.12241315,382.2,293.0775869,FALSE,-9999.0,89.34558751,292.8544125,FALSE,-9999.0,89.29701396,292.902986,FALSE,-9999.0,0.0,1,1,G,USGS_gbHeatFlowWells_wEstimates.shp,assumed measured,f209ee5d-eca1-3f28-ba0b-fb5b8ed9fa2e,-141248.7216,208569.5588
6247,Point,0,1,0.0,,6247,94.28809669,198.44,104.1519033,FALSE,-9999.0,95.41322652,103.0267735,FALSE,-9999.0,94.50930649,103.9306935,FALSE,-9999.0,0.0,1,1,G,USGS_gbHeatFlowWells_wEstimates.shp,assumed measured,8f355a43-f618-3c23-ad1f-5e43875272bd,34244.45314,343527.7219
6255,Point,0,1,0.0,,6255,93.58436899,635.0,541.415631,FALSE,-9999.0,92.99992247,542.0000775,FALSE,-9999.0,93.46859249,541.5314075,FALSE,-9999.0,0.0,1,1,G,USGS_gbHeatFlowWells_wEstimates.shp,Data release - assumed measured,1fed4b83-0176-3387-bf93-828b34033e59,-40958.05173,265695.5388
6256,Point,0,1,0.0,,6256,93.44499536,343.0,249.5550046,FALSE,-9999.0,92.89237938,250.1076206,FALSE,-9999.0,93.38731431,249.6126857,FALSE,-9999.0,0.0,1,1,G,USGS_gbHeatFlowWells_wEstimates.shp,Data release - assumed measured,0b844633-91c8-352b-b2e4-5f64adf34854,-42014.2768,266373.2834
6257,Point,0,1,0.0,,6257,93.49501886,170.1,76.60498114,FALSE,-9999.0,92.97212688,77.12787312,FALSE,-9999.0,93.51415802,76.58584198,FALSE,-9999.0,0.0,1,1,G,USGS_gbHeatFlowWells_wEstimates.shp,known measured,b475b266-3b01-3432-9ce4-da30a6a19f95,-42877.96449,268155.7194
6258,Point,0,1,0.0,,6258,92.39117707,427.7,335.3088229,FALSE,-9999.0,91.85702045,335.8429795,FALSE,-9999.0,92.1699258,335.5300742,FALSE,-9999.0,0.0,1,1,G,USGS_gbHeatFlowWells_wEstimates.shp,known measured,e060eac9-6837-31dc-9bac-3f2f931ce098,-41651.94193,259371.7456
6259,Point,0,1,0.0,,6259,91.5645255,485.1,393.5354745,FALSE,-9999.0,91.10449616,393.9955038,FALSE,-9999.0,91.37488023,393.7251198,FALSE,-9999.0,0.0,1,1,G,USGS_gbHeatFlowWells_wEstimates.shp,known measured,05c821ab-630a-368e-95df-46c252497d4f,-43926.62868,257142.6552
6260,Point,0,1,0.0,,6260,91.66767291,648.9,557.2323271,FALSE,-9999.0,91.18001113,557.7199889,FALSE,-9999.0,91.41681614,557.4831839,FALSE,-9999.0,0.0,1,1,G,USGS_gbHeatFlowWells_wEstimates.shp,known measured,53f5a24b-b65e-3df5-85ec-f923f4963814,-42517.08571,256201.3161
6261,Point,0,1,0.0,,6261,91.30903796,271.6,180.290962,FALSE,-9999.0,90.84092313,180.7590769,FALSE,-9999.0,91.03211112,180.5678889,FALSE,-9999.0,0.0,1,1,G,USGS_gbHeatFlowWells_wEstimates.shp,known measured,794499b4-908e-338e-a74a-9c804273d73d,-42668.40729,254334.4795
6262,Point,0,1,0.0,,6262,90.83471294,220.22,129.3852871,FALSE,-9999.0,90.42918358,129.7908164,FALSE,-9999.0,90.63478602,129.585214,FALSE,-9999.0,0.0,1,1,G,USGS_gbHeatFlowWells_wEstimates.shp,known measured,07f148ba-77d1-3d58-8bc3-676226cf1c09,-45356.80785,254349.1235
6263,Point,0,1,0.0,,6263,93.28843439,413.0,319.7115656,FALSE,-9999.0,92.73381194,320.2661881,FALSE,-9999.0,93.19881959,319.8011804,FALSE,-9999.0,0.0,1,1,G,USGS_gbHeatFlowWells_wEstimates.shp,known measured,77ade178-8504-3f14-9b7d-914f3065060f,-41904.70148,265162.5436
6264,Point,0,1,0.0,,6264,90.25578805,126.0,35.74421195,FALSE,-9999.0,89.87978764,36.12021236,FALSE,-9999.0,90.01025218,35.98974782,FALSE,-9999.0,0.0,1,1,G,USGS_gbHeatFlowWells_wEstimates.shp,Data release - assumed measured,0f208ac5-1c20-3bd3-afcb-b1c205e12406,-45601.55237,251097.0613
6265,Point,0,1,0.0,,6265,90.11741589,153.0,62.88258411,FALSE,-9999.0,89.73935584,63.26064416,FALSE,-9999.0,89.83883064,63.16116936,FALSE,-9999.0,0.0,1,1,G,USGS_gbHeatFlowWells_wEstimates.shp,Data release - assumed measured,70964a50-b72a-32e0-893c-87a6875874d8,-44989.40726,249681.6747
6266,Point,0,1,0.0,,6266,92.03394854,306.0,213.9660515,FALSE,-9999.0,91.58938185,214.4106182,FALSE,-9999.0,91.99497963,214.0050204,FALSE,-9999.0,0.0,1,1,G,USGS_gbHeatFlowWells_wEstimates.shp,Data release - assumed measured,284bfd8f-7b32-3695-9e83-634eb3c35436,-45370.92851,261909.2825
6267,Point,0,1,0.0,,6267,83.00391129,152.88,69.87608871,FALSE,-9999.0,83.80688469,69.07311531,FALSE,-9999.0,83.30903051,69.57096949,FALSE,-9999.0,0.0,1,1,G,USGS_gbHeatFlowWells_wEstimates.shp,unmeasured,186553cf-bfce-385f-b0dc-12014bf3c384,-85177.49319,39344.69086
6268,Point,0,1,0.0,,6268,83.78798101,147.78,63.99201899,FALSE,-9999.0,83.46994642,64.31005358,FALSE,-9999.0,86.08890492,61.69109508,FALSE,-9999.0,0.0,1,1,G,USGS_gbHeatFlowWells_wEstimates.shp,unmeasured,2b19e3b7-dbd3-3c8e-814d-953e67f104e3,-164731.7422,305959.5409
6269,Point,0,1,0.0,,6269,87.81037579,6023.6,5935.789624,FALSE,-9999.0,88.2805956,5935.319404,FALSE,-9999.0,85.96795279,5937.632047,FALSE,-9999.0,0.0,1,1,G,USGS_gbHeatFlowWells_wEstimates.shp,known measured,5c984dda-9edd-331c-92fd-55cb8e753752,-171287.6501,258052.4595
6270,Point,0,1,0.0,,6270,94.23704629,520.0,425.7629537,FALSE,-9999.0,95.35372171,424.6462783,FALSE,-9999.0,94.46272928,425.5372707,FALSE,-9999.0,0.0,1,1,G,USGS_gbHeatFlowWells_wEstimates.shp,assumed measured,aeaf2e90-31fb-37f6-b499-db617fa4fbeb,34301.29625,343975.999
6271,Point,0,1,0.0,,6271,87.84009729,2763.2,2675.359903,FALSE,-9999.0,88.3140393,2674.885961,FALSE,-9999.0,86.00589041,2677.19411,FALSE,-9999.0,0.0,1,1,G,USGS_gbHeatFlowWells_wEstimates.shp,known measured,48efdffa-b88a-3431-81cf-80e693e9b7e7,-171288.9119,257592.9588
6272,Point,0,1,0.0,,6272,85.70801095,159.0,73.29198905,FALSE,-9999.0,85.79287461,73.20712539,FALSE,-9999.0,85.64869262,73.35130738,FALSE,-9999.0,0.0,1,1,G,USGS_gbHeatFlowWells_wEstimates.shp,known measured,25786f1f-6aab-38c6-aaa5-2a22b54ac7bd,-130505.9232,225482.6056
6273,Point,0,1,0.0,,6273,85.63563849,310.0,224.3643615,FALSE,-9999.0,85.72523938,224.2747606,FALSE,-9999.0,85.56703126,224.4329687,FALSE,-9999.0,0.0,1,1,G,USGS_gbHeatFlowWells_wEstimates.shp,known measured,9beee157-6204-317f-8185-662408ccb2cf,-130686.5211,226438.2155
6274,Point,0,1,0.0,,6274,87.91500247,612.92,525.0049975,FALSE,-9999.0,88.40648235,524.5135177,FALSE,-9999.0,86.09271539,526.8272846,FALSE,-9999.0,0.0,1,1,G,USGS_gbHeatFlowWells_wEstimates.shp,known measured,6827cd9a-0124-315c-bf43-eab67143a5ac,-171729.9203,256817.7568
6275,Point,0,1,0.0,,6275,93.04106202,310.0,216.958938,FALSE,-9999.0,94.25965054,215.7403495,FALSE,-9999.0,93.23814994,216.7618501,FALSE,-9999.0,0.0,1,1,G,USGS_gbHeatFlowWells_wEstimates.shp,assumed measured,35b85811-1cf4-3405-909a-ef41d8c561d1,38308.40775,345215.1835
6276,Point,0,1,0.0,,6276,88.87467566,800.1,711.2253243,FALSE,-9999.0,88.99091415,711.1090859,FALSE,-9999.0,88.9574369,711.1425631,FALSE,-9999.0,0.0,1,1,G,USGS_gbHeatFlowWells_wEstimates.shp,Data release - assumed measured,c5ee040e-2e4c-3256-b52b-bfb662663ace,-140115.2892,211890.1479
6277,Point,0,1,0.0,,6277,88.64633281,211.4,122.7536672,FALSE,-9999.0,88.88796032,122.5120397,FALSE,-9999.0,88.87062354,122.5293765,FALSE,-9999.0,0.0,1,1,G,USGS_gbHeatFlowWells_wEstimates.shp,Data release - assumed measured,5b533c49-84c2-357e-921f-97020309e1df,-136938.2202,205895.2596
6278,Point,0,1,0.0,,6278,78.78338183,305.76,226.9766182,FALSE,-9999.0,79.60664709,226.1533529,FALSE,-9999.0,78.35833831,227.4016617,FALSE,-9999.0,0.0,1,1,G,USGS_gbHeatFlowWells_wEstimates.shp,unmeasured,36fdacb6-ff49-3751-aef4-a7b40f2643be,-157335.3567,96950.25632
6280,Point,0,1,0.0,,6280,94.49348683,378.25,283.7565132,FALSE,-9999.0,95.60101815,282.6489818,FALSE,-9999.0,94.71866798,283.531332,FALSE,-9999.0,0.0,1,1,G,USGS_gbHeatFlowWells_wEstimates.shp,known measured,0bdd0cb5-a6f6-3334-9629-5323f8351d27,33565.38095,343289.6015
6281,Point,0,1,0.0,,6281,94.14316114,190.06,95.91683886,FALSE,-9999.0,95.22177175,94.83822825,FALSE,-9999.0,94.38697972,95.67302028,FALSE,-9999.0,0.0,1,1,G,USGS_gbHeatFlowWells_wEstimates.shp,known measured,37ed7b27-bbe0-38bb-b716-38fac420f07a,34194.19997,345454.0538
6282,Point,0,1,0.0,,6282,94.61010868,354.45,259.8398913,FALSE,-9999.0,95.72482023,258.7251798,FALSE,-9999.0,94.82949457,259.6205054,FALSE,-9999.0,0.0,1,1,G,USGS_gbHeatFlowWells_wEstimates.shp,known measured,9c68f371-5184-3956-95af-1a27a5298986,33324.80096,342594.1329
6283,Point,0,1,0.0,,6283,94.26821337,861.22,766.9517866,FALSE,-9999.0,95.41928957,765.8007104,FALSE,-9999.0,94.47826585,766.7417341,FALSE,-9999.0,0.0,1,1,G,USGS_gbHeatFlowWells_wEstimates.shp,known measured,790c35b3-620d-3663-92b6-ab407c8f8365,34516.32729,342789.6291
6284,Point,0,1,0.0,,6284,94.58630248,358.36,263.7736975,FALSE,-9999.0,95.71393249,262.6460675,FALSE,-9999.0,94.80067093,263.5593291,FALSE,-9999.0,0.0,1,1,G,USGS_gbHeatFlowWells_wEstimates.shp,known measured,341f994a-4896-3836-9eb8-ce71a0e8883c,33494.05766,342281.2083
6285,Point,0,1,0.0,,6285,87.75141494,1124.2,1036.448585,FALSE,-9999.0,88.19739711,1036.002603,FALSE,-9999.0,85.90780161,1038.292198,FALSE,-9999.0,0.0,1,1,G,USGS_gbHeatFlowWells_wEstimates.shp,known measured,57443009-c1ac-3b31-958b-0060541eba1a,-170490.4219,258416.6447
6286,Point,0,1,0.0,,6286,87.76833704,237.6,149.831663,FALSE,-9999.0,88.22425936,149.3757406,FALSE,-9999.0,85.9221173,151.6778827,FALSE,-9999.0,0.0,1,1,G,USGS_gbHeatFlowWells_wEstimates.shp,known measured,4bed34b9-fe7e-3748-9a1a-78927e14944e,-170872.263,258424.727
6287,Point,0,1,0.0,,6287,98.6486967,179.73,81.0813033,FALSE,-9999.0,98.66462656,81.06537344,FALSE,-9999.0,98.75084914,80.97915086,FALSE,-9999.0,0.0,1,1,G,USGS_gbHeatFlowWells_wEstimates.shp,assumed measured,85d731c9-df5e-310a-9421-74f0bad3b74b,9223.367898,337377.1119
6290,Point,0,1,0.0,,6290,97.13342412,127.4,30.26657588,FALSE,-9999.0,96.40326917,30.99673083,FALSE,-9999.0,97.35333738,30.04666262,FALSE,-9999.0,0.0,1,1,G,USGS_gbHeatFlowWells_wEstimates.shp,Data release - assumed measured,d85257a4-b450-322c-8ad6-f5df33a6981d,-22095.63284,345253.9536
6291,Point,0,1,0.0,,6291,96.0064366,172.9,76.8935634,FALSE,-9999.0,96.58071722,76.31928278,FALSE,-9999.0,96.40615573,76.49384427,FALSE,-9999.0,0.0,1,1,G,USGS_gbHeatFlowWells_wEstimates.shp,assumed measured,f2085f5c-56f9-35dd-a362-5556f3781c76,23113.51017,354340.9149
6296,Point,0,1,0.0,,6296,98.40183813,171.99,73.58816187,FALSE,-9999.0,98.2213687,73.7686313,FALSE,-9999.0,98.57659027,73.41340973,FALSE,-9999.0,0.0,1,1,G,USGS_gbHeatFlowWells_wEstimates.shp,Data release - assumed measured,28b02962-baaa-3bdf-869a-7c59e9f69fe2,1878.99143,340407.4406
6297,Point,0,1,0.0,,6297,98.23679818,268.22,169.9832018,TRUE,1.59e-05,98.36933531,169.8506647,TRUE,1.61e-05,98.49095736,169.7290426,TRUE,1.62e-05,0.0,1,1,G,USGS_gbHeatFlowWells_wEstimates.shp,Data release - assumed measured,adc56e84-5b65-30c4-a2e5-8009f70844ad,8465.407145,346852.2767
6298,Point,0,1,0.0,,6298,98.47568949,204.75,106.2743105,FALSE,-9999.0,98.63760263,106.1123974,FALSE,-9999.0,98.65232265,106.0976774,FALSE,-9999.0,0.0,1,1,G,USGS_gbHeatFlowWells_wEstimates.shp,Data release - assumed measured,eb3d28b2-e20d-30cf-ab44-7d103f878540,11317.21889,342095.4961
6299,Point,0,1,0.0,,6299,89.30195452,131.04,41.73804548,FALSE,-9999.0,91.63619254,39.40380746,FALSE,-9999.0,89.38494544,41.65505456,FALSE,-9999.0,0.0,1,1,G,USGS_gbHeatFlowWells_wEstimates.shp,Data release - assumed measured,2c5e8237-d1d7-3019-ae36-0f329a55862b,59279.53644,334791.9474
6300,Point,0,1,0.0,,6300,98.32526981,134.32,35.99473019,FALSE,-9999.0,97.33144002,36.98855998,FALSE,-9999.0,98.08154914,36.23845086,FALSE,-9999.0,0.0,1,1,G,USGS_gbHeatFlowWells_wEstimates.shp,Data release - assumed measured,247fb085-bbf7-33ee-a052-1508b0e9a859,-24760.43926,305819.325
6303,Point,0,1,0.0,,6303,98.34669557,157.25,58.90330443,FALSE,-9999.0,97.37244254,59.87755746,FALSE,-9999.0,98.09486363,59.15513637,FALSE,-9999.0,0.0,1,1,G,USGS_gbHeatFlowWells_wEstimates.shp,Data release - assumed measured,44b09e8f-d635-31b7-8b39-98a891a26905,-25203.72328,304341.8771
6304,Point,0,1,0.0,,6304,96.96215755,360.54,263.5778424,TRUE,2.86e-09,96.05550455,264.4844954,TRUE,2.63e-09,97.14199093,263.3980091,TRUE,2.91e-09,0.0,1,1,G,USGS_gbHeatFlowWells_wEstimates.shp,Data release - assumed measured,03f64dcf-d116-3ff9-8c0d-8485053f7691,-22145.68076,339295.1653
6305,Point,0,1,0.0,,6305,88.09688054,4586.4,4498.303119,FALSE,-9999.0,88.20462612,4498.195374,FALSE,-9999.0,88.21534143,4498.184659,FALSE,-9999.0,0.0,1,1,G,USGS_gbHeatFlowWells_wEstimates.shp,Data release - assumed measured,23d390ea-68ad-39ab-ab83-579b7b1b7af3,-134464.2252,209295.0208
6306,Point,0,1,0.0,,6306,85.65752029,385.84,300.1824797,FALSE,-9999.0,86.8343763,299.0056237,FALSE,-9999.0,86.21661533,299.6233847,FALSE,-9999.0,0.0,1,1,G,USGS_gbHeatFlowWells_wEstimates.shp,Data release - assumed measured,cc48546f-46a1-3b61-9bf2-b64dd64c73a0,-86434.63115,284733.9749
6307,Point,0,1,0.0,,6307,76.68596417,149.24,72.55403583,FALSE,-9999.0,76.41782497,72.82217503,FALSE,-9999.0,78.50390844,70.73609156,FALSE,-9999.0,0.0,1,1,G,USGS_gbHeatFlowWells_wEstimates.shp,Data release - assumed measured,0f7fc374-af72-3c96-aea3-25f11a220e8c,-205619.3984,325259.7653
6308,Point,0,1,0.0,,6308,88.69755047,494.34,405.6424495,FALSE,-9999.0,88.80012645,405.5398735,FALSE,-9999.0,88.76366227,405.5763377,FALSE,-9999.0,0.0,1,1,G,USGS_gbHeatFlowWells_wEstimates.shp,Data release - assumed measured,a1ed86ee-793c-3301-92e5-bb62ecc65638,-139495.9243,213157.2789
6309,Point,0,1,0.0,,6309,88.92396267,317.8,228.8760373,FALSE,-9999.0,89.06041859,228.7395814,FALSE,-9999.0,89.030201,228.769799,FALSE,-9999.0,0.0,1,1,G,USGS_gbHeatFlowWells_wEstimates.shp,Data release - assumed measured,257ee6f0-2b17-34a2-99b9-8b4a76a7d1e5,-140075.0859,210757.3684
6310,Point,0,1,0.0,,6310,89.39001457,249.62,160.2299854,FALSE,-9999.0,89.65352295,159.9664771,FALSE,-9999.0,89.5675229,160.0524771,FALSE,-9999.0,0.0,1,1,G,USGS_gbHeatFlowWells_wEstimates.shp,Data release - assumed measured,faa8f217-cd4d-37d9-91fc-66fe0b6f2fe6,-144077.9095,208921.9192
6314,Point,0,1,0.0,,6314,87.77528059,1069.25,981.4747194,FALSE,-9999.0,88.22464734,981.0253527,FALSE,-9999.0,85.93925198,983.310748,FALSE,-9999.0,0.0,1,1,G,USGS_gbHeatFlowWells_wEstimates.shp,known measured,759ba238-bf4d-3405-90db-518d977f49af,-170482.2061,258001.778
6315,Point,0,1,0.0,,6315,84.77297778,318.0,233.2270222,FALSE,-9999.0,84.91598741,233.0840126,FALSE,-9999.0,84.61822748,233.3817725,FALSE,-9999.0,0.0,1,1,G,USGS_gbHeatFlowWells_wEstimates.shp,known measured,7abe3579-426d-31f4-b39b-39a6c77b0fbe,-131790.4029,234525.8866
6316,Point,0,1,0.0,,6316,85.92489816,347.0,261.0751018,FALSE,-9999.0,86.0178997,260.9821003,FALSE,-9999.0,85.81688691,261.1831131,FALSE,-9999.0,0.0,1,1,G,USGS_gbHeatFlowWells_wEstimates.shp,known measured,c5815ef9-c3fe-3068-887c-c0011bfdfff2,-133822.0849,229033.6557
6317,Point,0,1,0.0,,6317,94.81280289,259.0,164.1871971,FALSE,-9999.0,95.89521834,163.1047817,FALSE,-9999.0,95.04039363,163.9596064,FALSE,-9999.0,0.0,1,1,G,USGS_gbHeatFlowWells_wEstimates.shp,assumed measured,2f313165-5335-31dd-af65-714a90f4e2d3,32526.42244,342758.845
6318,Point,0,1,0.0,,6318,86.00470613,385.0,298.9952939,FALSE,-9999.0,86.08788418,298.9121158,FALSE,-9999.0,85.93200912,299.0679909,FALSE,-9999.0,0.0,1,1,G,USGS_gbHeatFlowWells_wEstimates.shp,known measured,ec80207b-e351-3a2d-a5b1-91fd7efcf5f1,-132459.7597,226388.5539
6319,Point,0,1,0.0,,6319,85.70287664,1013.0,927.2971234,FALSE,-9999.0,85.7987167,927.2012833,FALSE,-9999.0,85.60416197,927.395838,FALSE,-9999.0,0.0,1,1,G,USGS_gbHeatFlowWells_wEstimates.shp,known measured,0d1da123-0b2b-3b48-aad2-06a8845d13e0,-132496.6568,228821.3295
6320,Point,0,1,0.0,,6320,87.6774969,502.0,414.3225031,FALSE,-9999.0,87.55641284,414.4435872,FALSE,-9999.0,87.8533956,414.1466044,FALSE,-9999.0,0.0,1,1,G,USGS_gbHeatFlowWells_wEstimates.shp,unmeasured,1111107d-3f62-3524-86bd-e9cdb4206851,-54659.01561,348624.921
6321,Point,0,1,0.0,,6321,87.4870202,502.0,414.5129798,FALSE,-9999.0,87.3558463,414.6441537,FALSE,-9999.0,87.63286647,414.3671335,FALSE,-9999.0,0.0,1,1,G,USGS_gbHeatFlowWells_wEstimates.shp,unmeasured,d8e5d29f-1bc4-3b46-a621-7ce562822b55,-53828.49113,347353.5831
6322,Point,0,1,0.0,,6322,87.84718299,3088.8,3000.952817,FALSE,-9999.0,88.31423232,3000.485768,FALSE,-9999.0,86.02367941,3002.776321,FALSE,-9999.0,0.0,1,1,G,USGS_gbHeatFlowWells_wEstimates.shp,known measured,5aa4bef1-ab40-31bf-acad-c110087d59d8,-170915.341,257192.7547
6323,Point,0,1,0.0,,6323,87.80269179,1184.82,1097.017308,FALSE,-9999.0,88.28066265,1096.539337,FALSE,-9999.0,85.95176529,1098.868235,FALSE,-9999.0,0.0,1,1,G,USGS_gbHeatFlowWells_wEstimates.shp,known measured,bcaaccb5-bcc8-3d9b-8a8f-b60c6828a27f,-171695.1104,258453.4024
6324,Point,0,1,0.0,,6324,93.74130695,160.0,66.25869305,FALSE,-9999.0,95.01122881,64.98877119,FALSE,-9999.0,93.90354976,66.09645024,FALSE,-9999.0,0.0,1,1,G,USGS_gbHeatFlowWells_wEstimates.shp,assumed measured,46e2f3aa-d79b-39a5-8df9-21ce8cbbed53,36986.62997,340627.7092
6325,Point,0,1,0.0,,6325,92.97464723,210.0,117.0253528,FALSE,-9999.0,94.30157201,115.698428,FALSE,-9999.0,93.13136703,116.868633,FALSE,-9999.0,0.0,1,1,G,USGS_gbHeatFlowWells_wEstimates.shp,assumed measured,2f362e4c-7efc-3a9a-8d2d-05be029e16fe,39498.30337,342252.7294
6326,Point,0,1,0.0,,6326,87.73970051,201.0,113.2602995,FALSE,-9999.0,87.59643955,113.4035605,FALSE,-9999.0,87.90205413,113.0979459,FALSE,-9999.0,0.0,1,1,G,USGS_gbHeatFlowWells_wEstimates.shp,unmeasured,04274ae1-b871-3a97-b1f2-89bc25a57a22,-53296.66838,347820.453
6327,Point,0,1,0.0,,6327,87.62614987,146.0,58.37385013,FALSE,-9999.0,87.5168614,58.4831386,FALSE,-9999.0,87.80712192,58.19287808,FALSE,-9999.0,0.0,1,1,G,USGS_gbHeatFlowWells_wEstimates.shp,assumed measured,178de9c4-e165-3e9b-a51f-735aec9602bf,-55411.828,348966.1341
6328,Point,0,1,0.0,,6328,87.35838177,879.0,791.6416182,FALSE,-9999.0,87.24252993,791.7574701,FALSE,-9999.0,87.50321055,791.4967894,FALSE,-9999.0,0.0,1,1,G,USGS_gbHeatFlowWells_wEstimates.shp,unmeasured,e4d0d962-6700-3a50-b186-b61e2f98bce1,-54666.36972,347549.6889
6329,Point,0,1,0.0,,6329,82.17359779,147.78,65.60640221,FALSE,-9999.0,82.28096814,65.49903186,FALSE,-9999.0,84.09510487,63.68489513,FALSE,-9999.0,0.0,1,1,G,USGS_gbHeatFlowWells_wEstimates.shp,Data release - assumed measured,49e5e79d-7347-3c06-9182-b7b30c28155f,-182924.0022,301400.6538
6330,Point,0,1,0.0,,6330,87.87990243,109.0,21.12009757,TRUE,1.0,88.27986743,20.72013257,TRUE,1.0,86.23320023,22.76679977,TRUE,1.0,0.0,1,1,G,USGS_gbHeatFlowWells_wEstimates.shp,known measured,5ee6e7bf-cdce-3fa6-9787-3c0b58464aa4,-167269.8397,252834.8692
6331,Point,0,1,0.0,,6331,84.13292592,5904.8,5820.667074,FALSE,-9999.0,85.92780198,5818.872198,FALSE,-9999.0,83.38985527,5821.410145,FALSE,-9999.0,0.0,1,1,G,USGS_gbHeatFlowWells_wEstimates.shp,assumed measured,f91dde23-f7a5-3c07-9789-b258b57d1040,-234395.1311,216891.5686
6343,Point,0,1,0.0,,6343,80.62431339,138.0,57.37568661,FALSE,-9999.0,81.54384963,56.45615037,FALSE,-9999.0,80.43625515,57.56374485,FALSE,-9999.0,0.0,1,1,G,USGS_gbHeatFlowWells_wEstimates.shp,Data release - assumed measured,34aabe99-76f7-3e2f-a150-fd19951735c6,-134214.8181,89908.21201
6345,Point,0,1,0.0,,6345,85.41433643,851.03,765.6156636,FALSE,-9999.0,85.52228588,765.5077141,FALSE,-9999.0,85.29946632,765.7305337,FALSE,-9999.0,0.0,1,1,G,USGS_gbHeatFlowWells_wEstimates.shp,Data release - assumed measured,08272ed5-57a3-354b-93ad-fdc646edebb4,-132154.1108,230496.9433
6346,Point,0,1,0.0,,6346,75.02860923,305.0,229.9713908,FALSE,-9999.0,74.61604688,230.3839531,FALSE,-9999.0,75.22835822,229.7716418,FALSE,-9999.0,0.0,1,1,G,USGS_gbHeatFlowWells_wEstimates.shp,assumed measured,b9f46a00-e879-35c7-b6fc-c4025a50866a,-198189.8088,357532.0076
6347,Point,0,1,0.0,,6347,88.71884301,124.85,36.13115699,FALSE,-9999.0,88.8836912,35.9663088,FALSE,-9999.0,88.72110589,36.12889411,FALSE,-9999.0,0.0,1,1,G,USGS_gbHeatFlowWells_wEstimates.shp,Data release - assumed measured,fccffc0a-9e49-3c94-8688-9ad450ebea4f,-143771.4195,218982.009
6351,Point,0,1,0.0,,6351,94.20396618,291.0,196.7960338,FALSE,-9999.0,95.42486429,195.5751357,FALSE,-9999.0,94.38387708,196.6161229,FALSE,-9999.0,0.0,1,1,G,USGS_gbHeatFlowWells_wEstimates.shp,assumed measured,9872fad2-d401-3f12-9039-2a47b27b8228,35255.95874,340731.8678
6352,Point,0,1,0.0,,6352,93.78375341,163.0,69.21624659,FALSE,-9999.0,94.97643798,68.02356202,FALSE,-9999.0,93.97978324,69.02021676,FALSE,-9999.0,0.0,1,1,G,USGS_gbHeatFlowWells_wEstimates.shp,assumed measured,036e005d-dda1-3ac3-8c99-c7ea5916517a,36168.89206,343144.1959
6355,Point,0,1,0.0,,6355,86.45091212,188.55,102.0990879,FALSE,-9999.0,86.65846454,101.8915355,FALSE,-9999.0,85.59975683,102.9502432,FALSE,-9999.0,0.0,1,1,G,USGS_gbHeatFlowWells_wEstimates.shp,unmeasured,437d553f-faa3-31e4-b139-50a8f0f2c636,-171921.7086,278841.212
6356,Point,0,1,0.0,,6356,85.82795127,191.1,105.2720487,FALSE,-9999.0,86.10019241,104.9998076,FALSE,-9999.0,85.56767544,105.5323246,FALSE,-9999.0,0.0,1,1,G,USGS_gbHeatFlowWells_wEstimates.shp,unmeasured,0cc026ff-9038-3b00-8f4c-6e7dbbe95686,-174947.9856,282455.3832
6357,Point,0,1,0.0,,6357,86.97383987,126.0,39.02616013,FALSE,-9999.0,86.8920411,39.1079589,FALSE,-9999.0,87.10216046,38.89783954,FALSE,-9999.0,0.0,1,1,G,USGS_gbHeatFlowWells_wEstimates.shp,known measured,8dd84348-f360-3ab4-a9e4-c9fda12b4c36,-56412.38109,347483.4308
6358,Point,0,1,0.0,,6358,88.41480726,121.03,32.61519274,FALSE,-9999.0,88.69051313,32.33948687,FALSE,-9999.0,87.8244559,33.2055441,FALSE,-9999.0,0.0,1,1,G,USGS_gbHeatFlowWells_wEstimates.shp,assumed measured,1d76efd3-1289-380b-85c3-0c58dffb2927,-156966.044,235012.4092
6359,Point,0,1,0.0,,6359,85.9099876,121.98,36.0700124,FALSE,-9999.0,85.95950237,36.02049763,FALSE,-9999.0,86.55016043,35.42983957,FALSE,-9999.0,0.0,1,1,G,USGS_gbHeatFlowWells_wEstimates.shp,known measured,d4c6aa8c-0ba7-3096-ba36-0bbc6da38dbe,-109682.7232,350367.5428
6361,Point,0,1,0.0,,6361,94.77756092,414.96,320.1824391,FALSE,-9999.0,94.3082619,320.6517381,FALSE,-9999.0,95.14359771,319.8164023,FALSE,-9999.0,0.0,1,1,G,USGS_gbHeatFlowWells_wEstimates.shp,Data release - assumed measured,1b6a7b92-d48b-33e5-91c9-068b59091215,-39934.33579,299404.7829
6362,Point,0,1,0.0,,6362,94.13229926,202.02,107.8877007,FALSE,-9999.0,93.80620824,108.2137918,FALSE,-9999.0,94.62796825,107.3920318,FALSE,-9999.0,0.0,1,1,G,USGS_gbHeatFlowWells_wEstimates.shp,Data release - assumed measured,e06c0860-9e3b-36d1-a200-241c67ca0c8a,-42889.95585,297683.4258
6363,Point,0,1,0.0,,6363,94.18974121,136.5,42.31025879,FALSE,-9999.0,93.89242349,42.60757651,FALSE,-9999.0,94.69248284,41.80751716,FALSE,-9999.0,0.0,1,1,G,USGS_gbHeatFlowWells_wEstimates.shp,Data release - assumed measured,95e2c1d9-f25b-36a6-b5f8-1934674520b8,-43176.42998,296228.4565
6364,Point,0,1,0.0,,6364,94.37144806,524.16,429.7885519,FALSE,-9999.0,93.95866007,430.2013399,FALSE,-9999.0,94.80303729,429.3569627,FALSE,-9999.0,0.0,1,1,G,USGS_gbHeatFlowWells_wEstimates.shp,Data release - assumed measured,13e429f1-f14a-3ac9-8615-b0ea5c2ed9cc,-41352.12113,299512.7776
6365,Point,0,1,0.0,,6365,84.2204422,148.0,63.7795578,FALSE,-9999.0,85.12504739,62.87495261,FALSE,-9999.0,84.4717432,63.5282568,FALSE,-9999.0,0.0,1,1,G,USGS_gbHeatFlowWells_wEstimates.shp,assumed measured,55093168-dd28-3727-9fd6-6932f66e4f38,-76070.46685,313218.3342
6366,Point,0,1,0.0,,6366,99.00400169,580.94,481.9359983,FALSE,-9999.0,98.02991977,482.9100802,FALSE,-9999.0,97.81116944,483.1288306,FALSE,-9999.0,0.0,1,1,G,USGS_gbHeatFlowWells_wEstimates.shp,unmeasured,2c1e8673-0023-3527-a964-497365828d37,-12225.59349,268237.9412
6367,Point,0,1,0.0,,6367,83.1592726,220.0,136.8407274,FALSE,-9999.0,83.98359293,136.0164071,FALSE,-9999.0,83.22389349,136.7761065,FALSE,-9999.0,0.0,1,1,G,USGS_gbHeatFlowWells_wEstimates.shp,assumed measured,607b8b28-2170-3e1e-8a2a-c39c07d23f7d,-75857.51704,320871.7323
6368,Point,0,1,0.0,,6368,82.75654038,159.0,76.24345962,TRUE,0.089178798,83.34337837,75.65662163,TRUE,0.094131534,82.73796399,76.26203601,TRUE,0.089026348,0.0,1,1,G,USGS_gbHeatFlowWells_wEstimates.shp,known measured,4c76f055-5ee9-3848-b3aa-da0088fd8fd2,-73933.85482,331305.6587
6369,Point,0,1,0.0,,6369,82.43544055,133.0,50.56455945,FALSE,-9999.0,83.27351348,49.72648652,FALSE,-9999.0,82.41620332,50.58379668,FALSE,-9999.0,0.0,1,1,G,USGS_gbHeatFlowWells_wEstimates.shp,known measured,b71d90db-3234-3dc4-979d-5a040576f321,-79611.05954,324459.4356
6370,Point,0,1,0.0,,6370,80.9330693,193.65,112.7169307,FALSE,-9999.0,79.94761306,113.7023869,FALSE,-9999.0,80.04789689,113.6021031,FALSE,-9999.0,0.0,1,1,G,USGS_gbHeatFlowWells_wEstimates.shp,Data release - assumed measured,b4386754-9d9f-3ab9-ac20-e5e360e9f2a6,-28829.03438,206645.4095
6371,Point,0,1,0.0,,6371,98.28959507,155.43,57.14040493,FALSE,-9999.0,97.30893042,58.12106958,FALSE,-9999.0,97.11284811,58.31715189,FALSE,-9999.0,0.0,1,1,G,USGS_gbHeatFlowWells_wEstimates.shp,unmeasured,e2681232-9554-3a73-82e3-70a8e5f11446,-13501.83545,265251.9315
6372,Point,0,1,0.0,,6372,98.79463645,364.36,265.5653635,FALSE,-9999.0,97.79910271,266.5608973,FALSE,-9999.0,97.61174728,266.7482527,FALSE,-9999.0,0.0,1,1,G,USGS_gbHeatFlowWells_wEstimates.shp,unmeasured,da5a806e-3f1a-32a9-879e-8bf69e4b5dee,-13215.87663,267305.7386
6373,Point,0,1,0.0,,6373,98.88069014,407.68,308.7993099,FALSE,-9999.0,97.87368906,309.8063109,FALSE,-9999.0,97.70109396,309.978906,FALSE,-9999.0,0.0,1,1,G,USGS_gbHeatFlowWells_wEstimates.shp,assumed measured,38c885cf-5bb2-3902-b12b-214ddc01613e,-13497.79214,267679.711
6374,Point,0,1,0.0,,6374,99.29240315,282.83,183.5375968,FALSE,-9999.0,98.30794512,184.5220549,FALSE,-9999.0,98.10068544,184.7293146,FALSE,-9999.0,0.0,1,1,G,USGS_gbHeatFlowWells_wEstimates.shp,assumed measured,4ca31d21-2ffb-3399-8526-416e83221c20,-12223.62594,269545.1922
6375,Point,0,1,0.0,,6375,99.40274291,272.64,173.2372571,FALSE,-9999.0,98.42878778,174.2112122,FALSE,-9999.0,98.2083709,174.4316291,FALSE,-9999.0,0.0,1,1,G,USGS_gbHeatFlowWells_wEstimates.shp,unmeasured,95f8abbd-7d44-325e-a926-44b3943de905,-11799.12321,270104.8166
6376,Point,0,1,0.0,,6376,99.3173473,351.62,252.3026527,FALSE,-9999.0,98.35582558,253.2641744,FALSE,-9999.0,98.12020061,253.4997994,FALSE,-9999.0,0.0,1,1,G,USGS_gbHeatFlowWells_wEstimates.shp,unmeasured,0a69d651-fbd7-36f4-9542-aa92fedf01ec,-11517.21416,269730.9072
6377,Point,0,1,0.0,,6377,99.38484137,400.04,300.6551586,FALSE,-9999.0,98.4973388,301.5426612,FALSE,-9999.0,98.18055931,301.8594407,FALSE,-9999.0,0.0,1,1,G,USGS_gbHeatFlowWells_wEstimates.shp,assumed measured,b81f2db6-ed84-3367-9b83-2046392d9c08,-9539.184676,270475.3448
6378,Point,0,1,0.0,,6378,98.42698756,180.91,82.48301244,FALSE,-9999.0,97.42877038,83.48122962,FALSE,-9999.0,97.25415854,83.65584146,FALSE,-9999.0,0.0,1,1,G,USGS_gbHeatFlowWells_wEstimates.shp,unmeasured,40f7cd17-257b-3441-86a8-e4b009e55fdf,-13924.78306,265812.9076
6382,Point,0,1,0.0,,6382,83.76397352,8295.0,8211.236026,FALSE,-9999.0,85.54448467,8209.455515,FALSE,-9999.0,83.02533726,8211.974663,FALSE,-9999.0,0.0,1,1,G,USGS_gbHeatFlowWells_wEstimates.shp,assumed measured,8a1734ac-c383-370c-b0e6-46b3ba3c9ca6,-235960.1913,215030.9524
6383,Point,0,1,0.0,,6383,86.22153566,208.85,122.6284643,FALSE,-9999.0,87.00942102,121.840579,FALSE,-9999.0,86.72317303,122.126827,FALSE,-9999.0,0.0,1,1,G,USGS_gbHeatFlowWells_wEstimates.shp,Data release - assumed measured,4f2b9728-206e-331c-8f1d-46a5ba2c9ac1,-79393.45113,274800.9492
6384,Point,0,1,0.0,,6384,86.46833336,276.64,190.1716666,FALSE,-9999.0,87.40096762,189.2390324,FALSE,-9999.0,85.3450232,191.2949768,FALSE,-9999.0,0.0,1,1,G,USGS_gbHeatFlowWells_wEstimates.shp,Data release - assumed measured,9573a10a-d912-3d86-83a2-ed58d590434d,-185487.0571,270773.9609
6385,Point,0,1,0.0,,6385,86.07414345,380.38,294.3058565,FALSE,-9999.0,87.12041304,293.259587,FALSE,-9999.0,85.21090785,295.1690921,FALSE,-9999.0,0.0,1,1,G,USGS_gbHeatFlowWells_wEstimates.shp,Data release - assumed measured,a9063527-4927-321e-a95e-0cf68b5a41d2,-187904.8399,272511.2001
6386,Point,0,1,0.0,,6386,85.93785893,276.64,190.7021411,FALSE,-9999.0,87.30058056,189.3394194,FALSE,-9999.0,85.12625767,191.5137423,FALSE,-9999.0,0.0,1,1,G,USGS_gbHeatFlowWells_wEstimates.shp,Data release - assumed measured,7736360c-a1b7-3e45-bb36-7d954812f01c,-193893.5174,270187.3497
6387,Point,0,1,0.0,,6387,87.00690135,242.06,155.0530987,FALSE,-9999.0,88.26001377,153.7999862,FALSE,-9999.0,85.68869252,156.3713075,FALSE,-9999.0,0.0,1,1,G,USGS_gbHeatFlowWells_wEstimates.shp,Data release - assumed measured,e1c823fb-67fa-398f-a253-046ca2175e1f,-191569.4276,264527.5726
6388,Point,0,1,0.0,,6388,86.66659378,311.22,224.5534062,FALSE,-9999.0,87.89362531,223.3263747,FALSE,-9999.0,85.4918395,225.7281605,FALSE,-9999.0,0.0,1,1,G,USGS_gbHeatFlowWells_wEstimates.shp,Data release - assumed measured,a17228c6-6ffc-3441-b9e2-f346264e4e5c,-191002.2825,266979.9601
6389,Point,0,1,0.0,,6389,86.45142983,380.38,293.9285702,FALSE,-9999.0,87.46287294,292.9171271,FALSE,-9999.0,85.35302672,295.0269733,FALSE,-9999.0,0.0,1,1,G,USGS_gbHeatFlowWells_wEstimates.shp,Data release - assumed measured,7471a799-81db-3baf-bf41-3c43a0a2c4f1,-186940.3614,270247.151
6390,Point,0,1,0.0,,6390,86.84298522,172.9,86.05701478,FALSE,-9999.0,87.73967224,85.16032776,FALSE,-9999.0,85.49324248,87.40675752,FALSE,-9999.0,0.0,1,1,G,USGS_gbHeatFlowWells_wEstimates.shp,Data release - assumed measured,f46c4b77-9514-31ff-acd4-2fa33e4d1485,-184442.0528,268284.1977
6391,Point,0,1,0.0,,6391,83.76636855,2722.3,2638.533631,FALSE,-9999.0,85.54717333,2636.752827,FALSE,-9999.0,83.02791269,2639.272087,FALSE,-9999.0,0.0,1,1,G,USGS_gbHeatFlowWells_wEstimates.shp,assumed measured,7a60fe0c-c988-3f79-b8cc-5ee6c97e7b47,-235968.07,215053.6057
6393,Point,0,1,0.0,,6393,85.72885359,3330.0,3244.271146,FALSE,-9999.0,85.81990743,3244.180093,FALSE,-9999.0,85.64705182,3244.352948,FALSE,-9999.0,0.0,1,1,G,USGS_gbHeatFlowWells_wEstimates.shp,known measured,74ef8f0f-3a2c-3e30-849a-935ebc394d0a,-131760.1922,227486.7509
6394,Point,0,1,0.0,,6394,87.28452202,136.5,49.21547798,FALSE,-9999.0,87.08579608,49.41420392,FALSE,-9999.0,87.46787482,49.03212518,FALSE,-9999.0,0.0,1,1,G,USGS_gbHeatFlowWells_wEstimates.shp,Data release - assumed measured,bfb46791-a6ea-3334-b491-bf396c5fd6b2,-49940.85391,340966.1436
6395,Point,0,1,0.0,,6395,87.69455591,259.0,171.3054441,FALSE,-9999.0,87.44737395,171.552626,FALSE,-9999.0,87.90359305,171.0964069,FALSE,-9999.0,0.0,1,1,G,USGS_gbHeatFlowWells_wEstimates.shp,assumed measured,0e81c3b9-30aa-3183-906c-1501b7fac316,-48334.55833,339925.756
6396,Point,0,1,0.0,,6396,85.52286016,135.0,49.47713984,FALSE,-9999.0,85.55444952,49.44555048,FALSE,-9999.0,85.53395726,49.46604274,FALSE,-9999.0,0.0,1,1,G,USGS_gbHeatFlowWells_wEstimates.shp,unmeasured,76198b7b-f343-3511-b852-ede233af0e03,-60750.53504,345353.454
6397,Point,0,1,0.0,,6397,85.93462036,214.0,128.0653796,FALSE,-9999.0,85.88984645,128.1101536,FALSE,-9999.0,86.0044557,127.9955443,FALSE,-9999.0,0.0,1,1,G,USGS_gbHeatFlowWells_wEstimates.shp,known measured,78ef4442-7ae2-3730-8956-32cfaf29ed67,-56190.00902,343303.8785
6399,Point,0,1,0.0,,6399,84.75304221,1488.6,1403.846958,FALSE,-9999.0,86.63304657,1401.966953,FALSE,-9999.0,84.1084345,1404.491565,FALSE,-9999.0,0.0,1,1,G,USGS_gbHeatFlowWells_wEstimates.shp,assumed measured,0d4f58eb-e3bc-369b-8206-5dcfb78004e4,-239406.8006,225816.8312
6400,Point,0,1,0.0,,6400,84.75304221,132.0,47.24695779,FALSE,-9999.0,86.63304657,45.36695343,FALSE,-9999.0,84.1084345,47.8915655,FALSE,-9999.0,0.0,1,1,G,USGS_gbHeatFlowWells_wEstimates.shp,assumed measured,760a6622-672d-3f8f-b366-63bad238635f,-239406.8006,225816.8312
6401,Point,0,1,0.0,,6401,84.79235786,120.53,35.73764214,FALSE,-9999.0,86.66742673,33.86257327,FALSE,-9999.0,84.16748944,36.36251056,FALSE,-9999.0,0.0,1,1,G,USGS_gbHeatFlowWells_wEstimates.shp,assumed measured,42f1603b-0723-3e45-8822-ab218d3eb59e,-240773.9645,227729.7129
6402,Point,0,1,0.0,,6402,84.75304221,676.0,591.2469578,FALSE,-9999.0,86.63304657,589.3669534,FALSE,-9999.0,84.1084345,591.8915655,FALSE,-9999.0,0.0,1,1,G,USGS_gbHeatFlowWells_wEstimates.shp,assumed measured,65f63948-094c-3ce0-936c-32a1d888444d,-239406.8006,225816.8312
6403,Point,0,1,0.0,,6403,84.4535107,397.67,313.2164893,FALSE,-9999.0,86.25933716,311.4106628,FALSE,-9999.0,83.71197982,313.9580202,FALSE,-9999.0,0.0,1,1,G,USGS_gbHeatFlowWells_wEstimates.shp,Data release - assumed measured,0750bc5a-e3f1-38c0-b7b6-e8c57014cf5e,-233353.982,218958.1168
6404,Point,0,1,0.0,,6404,84.67981943,255.89,171.2101806,FALSE,-9999.0,86.49852387,169.3914761,FALSE,-9999.0,83.94556508,171.9444349,FALSE,-9999.0,0.0,1,1,G,USGS_gbHeatFlowWells_wEstimates.shp,Data release - assumed measured,a51287c3-d113-35b2-998d-bee3d583cc84,-232963.9584,220651.0599
6405,Point,0,1,0.0,,6405,84.0623743,1628.72,1544.657626,FALSE,-9999.0,85.83797852,1542.882021,FALSE,-9999.0,83.30690475,1545.413095,FALSE,-9999.0,0.0,1,1,G,USGS_gbHeatFlowWells_wEstimates.shp,Data release - assumed measured,35efb4bf-8aef-35b6-addf-753520563b6e,-233610.0345,215994.3979
6406,Point,0,1,0.0,,6406,75.70449118,200.2,124.4955088,FALSE,-9999.0,75.25541687,124.9445831,FALSE,-9999.0,77.14371464,123.0562854,FALSE,-9999.0,0.0,1,1,G,USGS_gbHeatFlowWells_wEstimates.shp,assumed measured,c84f79b0-2cd4-3655-a367-9130753f7e32,-202103.469,333764.7997
6407,Point,0,1,0.0,,6407,76.87087685,157.14,80.26912315,FALSE,-9999.0,76.58443755,80.55556245,FALSE,-9999.0,78.86257211,78.27742789,FALSE,-9999.0,0.0,1,1,G,USGS_gbHeatFlowWells_wEstimates.shp,assumed measured,1984f371-e4eb-3e63-9499-3881382edb83,-202109.9395,324184.231
6408,Point,0,1,0.0,,6408,76.56969008,152.88,76.31030992,FALSE,-9999.0,76.20076869,76.67923131,FALSE,-9999.0,78.53876234,74.34123766,FALSE,-9999.0,0.0,1,1,G,USGS_gbHeatFlowWells_wEstimates.shp,Data release - assumed measured,bfbeb079-5a07-347d-a9e0-54a9bd87393f,-199441.1571,326515.2692
6409,Point,0,1,0.0,,6409,75.88003225,127.4,51.51996775,FALSE,-9999.0,75.47210019,51.92789981,FALSE,-9999.0,77.39375386,50.00624614,FALSE,-9999.0,0.0,1,1,G,USGS_gbHeatFlowWells_wEstimates.shp,assumed measured,e4afcd8f-8d4e-3b80-ad06-df21404324f2,-203936.1263,331827.998
6410,Point,0,1,0.0,,6410,76.46621919,134.68,58.21378081,FALSE,-9999.0,76.17121307,58.50878693,FALSE,-9999.0,78.18363902,56.49636098,FALSE,-9999.0,0.0,1,1,G,USGS_gbHeatFlowWells_wEstimates.shp,Data release - assumed measured,c43ef62a-c68a-3145-bf1e-d2d94f0905c5,-206336.6042,326835.8429
6411,Point,0,1,0.0,,6411,88.77272425,364.0,275.2272758,FALSE,-9999.0,89.07875124,274.9212488,FALSE,-9999.0,88.29857314,275.7014269,FALSE,-9999.0,0.0,1,1,G,USGS_gbHeatFlowWells_wEstimates.shp,assumed measured,6e11e2c3-5222-3235-b783-71e199dbb2f6,-157281.9369,231753.1099
6412,Point,0,1,0.0,,6412,88.77573685,322.2,233.4242632,FALSE,-9999.0,89.0739709,233.1260291,FALSE,-9999.0,88.35043067,233.8495693,FALSE,-9999.0,0.0,1,1,G,USGS_gbHeatFlowWells_wEstimates.shp,assumed measured,a3c45b81-0065-3981-887e-bc0f14637b9a,-156405.1226,230850.6384
6413,Point,0,1,0.0,,6413,89.11429682,200.6,111.4857032,FALSE,-9999.0,89.49342087,111.1065791,FALSE,-9999.0,88.61395552,111.9860445,FALSE,-9999.0,0.0,1,1,G,USGS_gbHeatFlowWells_wEstimates.shp,assumed measured,58c17e09-d6ed-3cd0-b3d7-08454cf54543,-160548.507,231088.6721
6414,Point,0,1,0.0,,6414,83.81719391,2058.5,1974.682806,FALSE,-9999.0,85.56693671,1972.933063,FALSE,-9999.0,83.05071413,1975.449286,FALSE,-9999.0,0.0,1,1,G,USGS_gbHeatFlowWells_wEstimates.shp,assumed measured,bebc9928-a94a-32bc-8808-acb78513b154,-233367.568,214036.5748
6415,Point,0,1,0.0,,6415,76.38189046,478.4,402.0181095,FALSE,-9999.0,76.02946036,402.3705396,FALSE,-9999.0,78.1841076,400.2158924,FALSE,-9999.0,0.0,1,1,G,USGS_gbHeatFlowWells_wEstimates.shp,assumed measured,929f3b9e-fc23-3b8d-8256-231601c77dc7,-202723.3326,327561.4701
6416,Point,0,1,0.0,,6416,86.03613653,300.85,214.8138635,FALSE,-9999.0,85.90528689,214.9447131,FALSE,-9999.0,87.55823326,213.2917667,FALSE,-9999.0,0.0,1,1,G,USGS_gbHeatFlowWells_wEstimates.shp,Data release - assumed measured,af58830d-de62-3fba-ae54-285bf159dcda,-158448.7496,296494.8854
6417,Point,0,1,0.0,,6417,87.08688932,132.5,45.41311068,FALSE,-9999.0,87.52436652,44.97563348,FALSE,-9999.0,85.43835984,47.06164016,FALSE,-9999.0,0.0,1,1,G,USGS_gbHeatFlowWells_wEstimates.shp,unmeasured,786e2d3c-ac9f-3792-b064-119dcba3f75c,-174526.0751,269370.8999
6418,Point,0,1,0.0,,6418,86.03146941,150.33,64.29853059,FALSE,-9999.0,85.91314333,64.41685667,FALSE,-9999.0,87.37514919,62.95485081,FALSE,-9999.0,0.0,1,1,G,USGS_gbHeatFlowWells_wEstimates.shp,unmeasured,6d0b4647-5287-3226-a347-69dc42c7eed7,-159889.7522,294842.5485
6419,Point,0,1,0.0,,6419,83.51680831,137.59,54.07319169,FALSE,-9999.0,83.19193228,54.39806772,FALSE,-9999.0,85.84377644,51.74622356,FALSE,-9999.0,0.0,1,1,G,USGS_gbHeatFlowWells_wEstimates.shp,unmeasured,d317f170-34ef-3f0c-91fc-d95b40c49f56,-144858.1625,323876.7912
6420,Point,0,1,0.0,,6420,87.09939322,183.46,96.36060678,FALSE,-9999.0,87.16881811,96.29118189,FALSE,-9999.0,88.40568836,95.05431164,FALSE,-9999.0,0.0,1,1,G,USGS_gbHeatFlowWells_wEstimates.shp,assumed measured,b1fa5555-e118-3ecc-aeab-b9b84d53e1f4,-146019.6806,290843.1666
6421,Point,0,1,0.0,,6421,86.29470102,160.52,74.22529898,FALSE,-9999.0,86.30818853,74.21181147,FALSE,-9999.0,88.46460571,72.05539429,FALSE,-9999.0,0.0,1,1,G,USGS_gbHeatFlowWells_wEstimates.shp,unmeasured,51eaaabf-4e70-30b2-a8cd-67dcf7b2c1ab,-139176.0029,303607.9177
6422,Point,0,1,0.0,,6422,87.70446905,247.61,159.9055309,FALSE,-9999.0,88.14235088,159.4676491,FALSE,-9999.0,85.84792258,161.7620774,FALSE,-9999.0,0.0,1,1,G,USGS_gbHeatFlowWells_wEstimates.shp,known measured,51cff577-87da-3313-9814-4d155549e624,-170473.1392,259234.4664
6423,Point,0,1,0.0,,6423,84.23247386,1001.36,917.1275261,FALSE,-9999.0,85.76094925,915.5990508,FALSE,-9999.0,85.92613883,915.4338612,FALSE,-9999.0,0.0,1,1,G,USGS_gbHeatFlowWells_wEstimates.shp,unmeasured,e61f84c4-51ea-3ede-a603-6d4a7316c095,-55767.75664,31561.15947
6424,Point,0,1,0.0,,6424,84.53770397,178.36,93.82229603,FALSE,-9999.0,85.95294551,92.40705449,FALSE,-9999.0,86.27915046,92.08084954,FALSE,-9999.0,0.0,1,1,G,USGS_gbHeatFlowWells_wEstimates.shp,unmeasured,f2f16903-2fd6-3392-9783-6f259f6dd5b9,-55890.5169,34924.34859
6425,Point,0,1,0.0,,6425,85.13383913,303.21,218.0761609,FALSE,-9999.0,86.61927169,216.5907283,FALSE,-9999.0,87.25893702,215.951063,FALSE,-9999.0,0.0,1,1,G,USGS_gbHeatFlowWells_wEstimates.shp,unmeasured,8cb55c7c-49ea-36d9-b548-3e9bb705a4d0,-48464.9046,37119.2477
6426,Point,0,1,0.0,,6426,83.82493669,6487.5,6403.675063,FALSE,-9999.0,85.57493642,6401.925064,FALSE,-9999.0,83.05847647,6404.441524,FALSE,-9999.0,0.0,1,1,G,USGS_gbHeatFlowWells_wEstimates.shp,assumed measured,e146ffe7-cb77-3c2b-85cb-a8f801d75190,-233340.6828,214080.6488
6427,Point,0,1,0.0,,6427,87.58520525,1307.16,1219.574795,FALSE,-9999.0,87.94017258,1219.219827,FALSE,-9999.0,85.88983349,1221.270167,FALSE,-9999.0,0.0,1,1,G,USGS_gbHeatFlowWells_wEstimates.shp,known measured,6359cb64-400b-3704-b7cc-7d1760cdf337,-165432.6961,255430.9088
6428,Point,0,1,0.0,,6428,87.44261913,422.2,334.7573809,FALSE,-9999.0,87.76465413,334.4353459,FALSE,-9999.0,85.80613024,336.3938698,FALSE,-9999.0,0.0,1,1,G,USGS_gbHeatFlowWells_wEstimates.shp,known measured,92c2507c-3456-32a3-8386-66b6671078c6,-163454.7642,254975.9202
6429,Point,0,1,0.0,,6429,87.89598926,127.4,39.50401074,FALSE,-9999.0,88.33926768,39.06073232,FALSE,-9999.0,86.14117815,41.25882185,FALSE,-9999.0,0.0,1,1,G,USGS_gbHeatFlowWells_wEstimates.shp,known measured,dcdc339d-50d1-3016-9d10-330359b4f0de,-169456.703,255088.4885
6430,Point,0,1,0.0,,6430,87.77313759,140.87,53.09686241,FALSE,-9999.0,88.0366385,52.8333615,FALSE,-9999.0,88.02079792,52.84920208,FALSE,-9999.0,0.0,1,1,G,USGS_gbHeatFlowWells_wEstimates.shp,Data release - assumed measured,b0c6f244-2611-34f9-b673-f113d5c4355b,-130588.2582,200735.5164
6431,Point,0,1,0.0,,6431,87.10370877,134.32,47.21629123,FALSE,-9999.0,87.34903189,46.97096811,FALSE,-9999.0,87.32110001,46.99889999,FALSE,-9999.0,0.0,1,1,G,USGS_gbHeatFlowWells_wEstimates.shp,Data release - assumed measured,dc483d97-7f0d-332a-8538-2a69136137b8,-127438.138,199923.3092
6432,Point,0,1,0.0,,6432,88.3031817,199.84,111.5368183,FALSE,-9999.0,88.46913727,111.3708627,FALSE,-9999.0,88.46883116,111.3711688,FALSE,-9999.0,0.0,1,1,G,USGS_gbHeatFlowWells_wEstimates.shp,Data release - assumed measured,667b719f-dfd1-39d4-92fe-fa9a0be2f0c8,-135258.8795,207727.7805
6433,Point,0,1,0.0,,6433,88.41370426,1506.96,1418.546296,FALSE,-9999.0,88.63529505,1418.324705,FALSE,-9999.0,88.62682394,1418.333176,FALSE,-9999.0,0.0,1,1,G,USGS_gbHeatFlowWells_wEstimates.shp,Data release - assumed measured,663959c6-4ec3-3b8a-b4a8-c6be3bbf8a58,-135459.9392,205915.2997
6434,Point,0,1,0.0,,6434,85.00142717,138.32,53.31857283,FALSE,-9999.0,85.79287259,52.52712741,FALSE,-9999.0,85.02813717,53.29186283,FALSE,-9999.0,0.0,1,1,G,USGS_gbHeatFlowWells_wEstimates.shp,Data release - assumed measured,3ad4be86-2e7e-3406-88a4-690dc9a3db44,-185540.195,281945.5768
6435,Point,0,1,0.0,,6435,82.44514994,141.96,59.51485006,FALSE,-9999.0,82.81163334,59.14836666,FALSE,-9999.0,83.38181238,58.57818762,FALSE,-9999.0,0.0,1,1,G,USGS_gbHeatFlowWells_wEstimates.shp,Data release - assumed measured,be7b61e9-497b-354a-88b6-084926b389bf,-114475.9843,329094.4833
6436,Point,0,1,0.0,,6436,87.12935926,153.97,66.84064074,FALSE,-9999.0,87.22514707,66.74485293,FALSE,-9999.0,88.33640694,65.63359306,FALSE,-9999.0,0.0,1,1,G,USGS_gbHeatFlowWells_wEstimates.shp,Data release - assumed measured,7577e7b7-cd84-37db-a501-b4fc052e1169,-145144.1739,289389.2115
6437,Point,0,1,0.0,,6437,87.1389569,262.99,175.8510431,FALSE,-9999.0,87.21206101,175.777939,FALSE,-9999.0,88.25526137,174.7347386,FALSE,-9999.0,0.0,1,1,G,USGS_gbHeatFlowWells_wEstimates.shp,Data release - assumed measured,7cc0595b-dc2b-3eab-830f-b9751e77d4b2,-147263.3213,289102.7813
6438,Point,0,1,0.0,,6438,87.84058418,310.0,222.1594158,FALSE,-9999.0,87.57836745,222.4216325,FALSE,-9999.0,88.0524791,221.9475209,FALSE,-9999.0,0.0,1,1,G,USGS_gbHeatFlowWells_wEstimates.shp,assumed measured,e62a9313-663f-3f9e-918e-fafef23ca44c,-47856.24543,339844.4637
6441,Point,0,1,0.0,,6441,87.33687044,126.0,38.66312956,FALSE,-9999.0,87.13211614,38.86788386,FALSE,-9999.0,87.52355258,38.47644742,FALSE,-9999.0,0.0,1,1,G,USGS_gbHeatFlowWells_wEstimates.shp,unmeasured,76441a25-82fc-30ce-aa28-6c47caad2db9,-49731.58568,340852.8228
6442,Point,0,1,0.0,,6442,87.73696023,142.0,54.26303977,FALSE,-9999.0,87.4804618,54.5195382,FALSE,-9999.0,87.95768253,54.04231747,FALSE,-9999.0,0.0,1,1,G,USGS_gbHeatFlowWells_wEstimates.shp,assumed measured,f1bc6f0a-a589-33ae-be55-b85422c9566a,-48070.00979,339218.4761
6444,Point,0,1,0.0,,6444,85.92949278,150.7,64.77050722,FALSE,-9999.0,86.21204253,64.48795747,FALSE,-9999.0,86.60057538,64.09942462,FALSE,-9999.0,0.0,1,1,G,USGS_gbHeatFlowWells_wEstimates.shp,Data release - assumed measured,d2ff00b8-68a6-3667-a65a-1344f6865fd5,-130581.8242,280152.3908
6445,Point,0,1,0.0,,6445,87.27092548,121.0,33.72907452,FALSE,-9999.0,87.25295929,33.74704071,FALSE,-9999.0,87.46339168,33.53660832,FALSE,-9999.0,0.0,1,1,G,USGS_gbHeatFlowWells_wEstimates.shp,unmeasured,0d3352cd-fb0b-3f4a-a85c-7220cc63a035,-62214.2125,351424.3958
6446,Point,0,1,0.0,,6446,87.25553267,145.6,58.34446733,FALSE,-9999.0,87.38308495,58.21691505,FALSE,-9999.0,87.77869222,57.82130778,FALSE,-9999.0,0.0,1,1,G,USGS_gbHeatFlowWells_wEstimates.shp,Data release - assumed measured,f9fe4756-1564-365f-8088-3fa31ce49f6b,-146863.1079,283234.649
6447,Point,0,1,0.0,,6447,87.60000444,134.0,46.39999556,FALSE,-9999.0,87.58077497,46.41922503,FALSE,-9999.0,87.85871568,46.14128432,FALSE,-9999.0,0.0,1,1,G,USGS_gbHeatFlowWells_wEstimates.shp,assumed measured,27b53a34-9920-330c-b614-f7db44d8c69c,-62699.21963,352682.6624
6448,Point,0,1,0.0,,6448,87.48133439,126.0,38.51866561,FALSE,-9999.0,87.47545182,38.52454818,FALSE,-9999.0,87.73297753,38.26702247,FALSE,-9999.0,0.0,1,1,G,USGS_gbHeatFlowWells_wEstimates.shp,unmeasured,830ee6f2-c8a6-38f7-9adc-2a5d7db48db1,-63672.29503,352656.7753
6449,Point,0,1,0.0,,6449,85.88264031,146.0,60.11735969,FALSE,-9999.0,85.84412169,60.15587831,FALSE,-9999.0,85.94756097,60.05243903,FALSE,-9999.0,0.0,1,1,G,USGS_gbHeatFlowWells_wEstimates.shp,assumed measured,2b3c67c9-b81d-3f09-b8c7-977874789715,-56475.00061,343373.0985
6450,Point,0,1,0.0,,6450,85.77197572,155.61,69.83802428,FALSE,-9999.0,85.59183029,70.01816971,FALSE,-9999.0,87.67574536,67.93425464,FALSE,-9999.0,0.0,1,1,G,USGS_gbHeatFlowWells_wEstimates.shp,Data release - assumed measured,65c21015-0986-325b-a8e8-f2f58ef80c28,-156675.8542,300755.6508
6451,Point,0,1,0.0,,6451,85.8633858,163.0,77.1366142,FALSE,-9999.0,85.82493277,77.17506723,FALSE,-9999.0,85.934551,77.065449,FALSE,-9999.0,0.0,1,1,G,USGS_gbHeatFlowWells_wEstimates.shp,unmeasured,915e5a78-797e-3a68-b93e-27c422725dfd,-56350.87496,343114.5905
6452,Point,0,1,0.0,,6452,85.0682317,200.56,115.4917683,FALSE,-9999.0,84.80202189,115.7579781,FALSE,-9999.0,87.44551254,113.1144875,FALSE,-9999.0,0.0,1,1,G,USGS_gbHeatFlowWells_wEstimates.shp,Data release - assumed measured,109f5ae3-f2e5-3bf6-b7ea-099374956d63,-154443.3921,307062.1279
6453,Point,0,1,0.0,,6453,85.12093661,190.19,105.0690634,FALSE,-9999.0,86.62968041,103.5603196,FALSE,-9999.0,84.71663221,105.4733678,FALSE,-9999.0,0.0,1,1,G,USGS_gbHeatFlowWells_wEstimates.shp,Data release - assumed measured,bed968b2-4088-381c-9f14-3f590d17e08a,-197604.8039,273266.4205
6454,Point,0,1,0.0,,6454,83.61335387,196.74,113.1266461,FALSE,-9999.0,83.40163501,113.338365,FALSE,-9999.0,85.71727247,111.0227275,FALSE,-9999.0,0.0,1,1,G,USGS_gbHeatFlowWells_wEstimates.shp,Data release - assumed measured,c9fdda81-b563-3b31-904a-bf409ba77f6d,-138022.2339,324827.8247
6455,Point,0,1,0.0,,6455,85.87393456,125.22,39.34606544,FALSE,-9999.0,85.77610913,39.44389087,FALSE,-9999.0,88.18346118,37.03653882,FALSE,-9999.0,0.0,1,1,G,USGS_gbHeatFlowWells_wEstimates.shp,Data release - assumed measured,d52bc12b-d67d-3653-8c2b-d58337c1652a,-143487.9111,306346.9435
6456,Point,0,1,0.0,,6456,87.13047063,230.05,142.9195294,FALSE,-9999.0,87.20536349,142.8446365,FALSE,-9999.0,88.30084417,141.7491558,FALSE,-9999.0,0.0,1,1,G,USGS_gbHeatFlowWells_wEstimates.shp,Data release - assumed measured,ff30a042-611b-3493-a7a3-599c19a0009f,-146748.3625,289519.1908
6457,Point,0,1,0.0,,6457,86.60893496,160.52,73.91106504,TRUE,0.110549657,86.85106367,73.66893633,TRUE,0.113042707,88.07427323,72.44572677,TRUE,0.126523422,0.0,1,1,G,USGS_gbHeatFlowWells_wEstimates.shp,Data release - assumed measured,eeed9fbe-b57d-362a-9a42-d705ac51cc7a,-133126.3481,290066.4326
6458,Point,0,1,0.0,,6458,89.75443356,122.36,32.60556644,FALSE,-9999.0,90.46812051,31.89187949,FALSE,-9999.0,90.28117512,32.07882488,FALSE,-9999.0,0.0,1,1,G,USGS_gbHeatFlowWells_wEstimates.shp,known measured,13630409-fdd2-35bf-bfb0-913ca3649743,-148731.6136,188713.2113
6459,Point,0,1,0.0,,6459,89.81112748,132.44,42.62887252,FALSE,-9999.0,90.50444093,41.93555907,FALSE,-9999.0,90.32281104,42.11718896,FALSE,-9999.0,0.0,1,1,G,USGS_gbHeatFlowWells_wEstimates.shp,known measured,28031c43-1357-3bd8-af13-b038f95e2b41,-148700.8933,190394.0863
6460,Point,0,1,0.0,,6460,88.68788778,140.14,51.45211222,FALSE,-9999.0,88.8533103,51.2866897,FALSE,-9999.0,88.68213819,51.45786181,FALSE,-9999.0,0.0,1,1,G,USGS_gbHeatFlowWells_wEstimates.shp,assumed measured,3f45ec01-47fc-3114-b43d-0978f9be9085,-143905.2501,219451.4127
6461,Point,0,1,0.0,,6461,88.72806159,140.14,51.41193841,FALSE,-9999.0,88.91320834,51.22679166,FALSE,-9999.0,88.69520256,51.44479744,FALSE,-9999.0,0.0,1,1,G,USGS_gbHeatFlowWells_wEstimates.shp,assumed measured,ee236be4-8497-346d-b4a9-7d1c38ffc22c,-145444.9673,220786.5648
6462,Point,0,1,0.0,,6462,89.31615089,132.44,43.12384911,FALSE,-9999.0,89.56382296,42.87617704,FALSE,-9999.0,89.36171498,43.07828502,FALSE,-9999.0,0.0,1,1,G,USGS_gbHeatFlowWells_wEstimates.shp,assumed measured,38ba29ce-2cf1-3aaf-84e4-bda223fa15df,-147654.4169,216529.8115
6463,Point,0,1,0.0,,6463,83.48293847,150.33,66.84706153,FALSE,-9999.0,83.13192244,67.19807756,FALSE,-9999.0,85.91165431,64.41834569,FALSE,-9999.0,0.0,1,1,G,USGS_gbHeatFlowWells_wEstimates.shp,unmeasured,d65af8fe-ffbf-3320-bcf4-4b2d6624d1c3,-164697.2325,307639.6687
6464,Point,0,1,0.0,,6464,86.21377273,214.03,127.8162273,FALSE,-9999.0,86.44069328,127.5893067,FALSE,-9999.0,85.6070296,128.4229704,FALSE,-9999.0,0.0,1,1,G,USGS_gbHeatFlowWells_wEstimates.shp,unmeasured,ade36491-9929-3e73-a5a2-02dd2829b941,-173018.1113,280358.9999
6465,Point,0,1,0.0,,6465,84.98956702,244.61,159.620433,FALSE,-9999.0,86.11765264,158.4923474,FALSE,-9999.0,84.8543128,159.7556872,FALSE,-9999.0,0.0,1,1,G,USGS_gbHeatFlowWells_wEstimates.shp,assumed measured,3d3a7a29-5163-3e86-aa90-1cbed42e64e2,-190700.6065,278517.1438
6466,Point,0,1,0.0,,6466,86.56223906,121.03,34.46776094,FALSE,-9999.0,88.34547205,32.68452795,FALSE,-9999.0,85.88488343,35.14511657,FALSE,-9999.0,0.0,1,1,G,USGS_gbHeatFlowWells_wEstimates.shp,Data release - assumed measured,81ad4c2b-331e-3f16-bf85-b5917b9dd076,-222930.4891,230768.956
6467,Point,0,1,0.0,,6467,88.24419104,169.44,81.19580896,FALSE,-9999.0,89.94539635,79.49460365,FALSE,-9999.0,87.48689942,81.95310058,FALSE,-9999.0,0.0,1,1,G,USGS_gbHeatFlowWells_wEstimates.shp,Data release - assumed measured,1e014a91-4129-37fe-b9af-0952d64be051,-211988.6839,236453.8615
6468,Point,0,1,0.0,,6468,85.95422366,200.16,114.2057763,FALSE,-9999.0,86.08379567,114.0762043,FALSE,-9999.0,85.04483056,115.1151694,FALSE,-9999.0,0.0,1,1,G,USGS_gbHeatFlowWells_wEstimates.shp,Data release - assumed measured,9d2a0c77-fc6b-3ba7-8584-3cf326626b85,-147609.0033,247038.1574
6469,Point,0,1,0.0,,6469,86.64810914,127.4,40.75189086,FALSE,-9999.0,86.73631222,40.66368778,FALSE,-9999.0,86.53946779,40.86053221,FALSE,-9999.0,0.0,1,1,G,USGS_gbHeatFlowWells_wEstimates.shp,Data release - assumed measured,bdc7423b-c7a8-30f7-899a-ae0850d29f71,-136801.8473,227626.3731
6470,Point,0,1,0.0,,6470,87.964139,614.25,526.285861,FALSE,-9999.0,88.44329851,525.8067015,FALSE,-9999.0,86.1783377,528.0716623,FALSE,-9999.0,0.0,1,1,G,USGS_gbHeatFlowWells_wEstimates.shp,known measured,99603a95-87b7-3eb5-89f6-75a9ff404847,-170976.1645,255524.0279
6471,Point,0,1,0.0,,6471,87.98008237,320.32,232.3399176,FALSE,-9999.0,88.41937666,231.9006233,FALSE,-9999.0,86.28060322,234.0393968,FALSE,-9999.0,0.0,1,1,G,USGS_gbHeatFlowWells_wEstimates.shp,known measured,b9f42ffe-e99e-3a70-b112-3a68d038ff15,-169049.3007,253454.7657
6472,Point,0,1,0.0,,6472,84.80959644,121.03,36.22040356,FALSE,-9999.0,86.57519149,34.45480851,FALSE,-9999.0,84.0716449,36.9583551,FALSE,-9999.0,0.0,1,1,G,USGS_gbHeatFlowWells_wEstimates.shp,Data release - assumed measured,1b94914f-eea8-3d26-b1a2-e558f542fea0,-229217.9236,219359.5657
6475,Point,0,1,0.0,,6475,94.32501398,1541.4,1447.074986,FALSE,-9999.0,95.46150278,1445.938497,FALSE,-9999.0,94.5406568,1446.859343,FALSE,-9999.0,0.0,1,1,G,USGS_gbHeatFlowWells_wEstimates.shp,assumed measured,a06363fa-a6d3-3b76-a0bd-477d411d7bd1,34246.57677,343034.8811
6476,Point,0,1,0.0,,6476,94.30506725,1626.8,1532.494933,FALSE,-9999.0,95.44037985,1531.35962,FALSE,-9999.0,94.52153562,1532.278464,FALSE,-9999.0,0.0,1,1,G,USGS_gbHeatFlowWells_wEstimates.shp,assumed measured,319faf9d-146e-3c22-80bb-b4e2d5e5d617,34288.07611,343147.0708
6477,Point,0,1,0.0,,6477,84.12846756,4978.6,4894.471532,FALSE,-9999.0,85.92334563,4892.676654,FALSE,-9999.0,83.38554404,4895.214456,FALSE,-9999.0,0.0,1,1,G,USGS_gbHeatFlowWells_wEstimates.shp,assumed measured,9f23ce68-d78f-3974-bc5e-4165ce1e08b6,-234421.3657,216869.9035
6478,Point,0,1,0.0,,6478,79.82399958,731.28,651.4560004,FALSE,-9999.0,80.95245807,650.3275419,FALSE,-9999.0,80.04307292,651.2369271,FALSE,-9999.0,0.0,1,1,G,USGS_gbHeatFlowWells_wEstimates.shp,assumed measured,dde03dfe-ea62-3f5e-9ae0-0a679f2a80da,-186967.837,145405.2938
6479,Point,0,1,0.0,,6479,79.89146457,224.22,144.3285354,FALSE,-9999.0,81.00953086,143.2104691,FALSE,-9999.0,80.09922193,144.1207781,FALSE,-9999.0,0.0,1,1,G,USGS_gbHeatFlowWells_wEstimates.shp,assumed measured,870a02cb-f310-3560-b2c6-ce8a7b7aa446,-184850.5081,143862.3478
6480,Point,0,1,0.0,,6480,80.24309041,155.43,75.18690959,FALSE,-9999.0,81.37774725,74.05225275,FALSE,-9999.0,80.4827088,74.9472912,FALSE,-9999.0,0.0,1,1,G,USGS_gbHeatFlowWells_wEstimates.shp,assumed measured,9faf432b-0874-3fbd-bdd5-9e54363be942,-183104.2258,144944.1991
6481,Point,0,1,0.0,,6481,80.11191744,236.96,156.8480826,FALSE,-9999.0,81.26430433,155.6956957,FALSE,-9999.0,80.36808266,156.5919173,FALSE,-9999.0,0.0,1,1,G,USGS_gbHeatFlowWells_wEstimates.shp,assumed measured,373902ca-ebc0-34e3-9556-bef31810eb37,-186634.1432,147453.0763
6482,Point,0,1,0.0,,6482,80.17951185,188.55,108.3704881,FALSE,-9999.0,81.34120633,107.2087937,FALSE,-9999.0,80.44856333,108.1014367,FALSE,-9999.0,0.0,1,1,G,USGS_gbHeatFlowWells_wEstimates.shp,unmeasured,04cefe24-bceb-328e-be4f-71bbbe959db6,-187042.8976,148396.6798
6483,Point,0,1,0.0,,6483,79.46838316,157.98,78.51161684,FALSE,-9999.0,80.55949459,77.42050541,FALSE,-9999.0,79.63224198,78.34775802,FALSE,-9999.0,0.0,1,1,G,USGS_gbHeatFlowWells_wEstimates.shp,unmeasured,9357d5e9-707e-38a1-82d5-35f467e371e2,-186753.4784,142223.8711
6484,Point,0,1,0.0,,6484,80.21909874,122.3,42.08090126,FALSE,-9999.0,81.37487285,40.92512715,FALSE,-9999.0,80.48291262,41.81708738,FALSE,-9999.0,0.0,1,1,G,USGS_gbHeatFlowWells_wEstimates.shp,unmeasured,cbd17ec5-9660-3bb9-84d9-3332ecb00d7d,-185913.0524,147623.5057
6485,Point,0,1,0.0,,6485,84.01033526,198.74,114.7296647,FALSE,-9999.0,85.75692278,112.9830772,FALSE,-9999.0,83.24276671,115.4972333,FALSE,-9999.0,0.0,1,1,G,USGS_gbHeatFlowWells_wEstimates.shp,Data release - assumed measured,58ee8616-a7b5-321f-b468-751b9f01c8c6,-232107.005,214818.8583
6488,Point,0,1,0.0,,6488,85.82905329,341.06,255.2309467,FALSE,-9999.0,87.07458151,253.9854185,FALSE,-9999.0,86.47900925,254.5809907,FALSE,-9999.0,0.0,1,1,G,USGS_gbHeatFlowWells_wEstimates.shp,Data release - assumed measured,15b95336-fe9d-38e3-b3e3-307f8ac2a95d,-83166.97119,291422.4992
6489,Point,0,1,0.0,,6489,86.95803883,125.58,38.62196117,FALSE,-9999.0,88.05173885,37.52826115,FALSE,-9999.0,87.72737519,37.85262481,FALSE,-9999.0,0.0,1,1,G,USGS_gbHeatFlowWells_wEstimates.shp,Data release - assumed measured,6ec46b82-bcbe-36db-8000-c6c105f74ff0,-76587.79677,289284.1708
6490,Point,0,1,0.0,,6490,84.44688947,165.2,80.75311053,FALSE,-9999.0,84.97649522,80.22350478,FALSE,-9999.0,84.64190653,80.55809347,FALSE,-9999.0,0.0,1,1,G,USGS_gbHeatFlowWells_wEstimates.shp,assumed measured,2ed0f341-89de-34e6-b3cc-7af07a9e05c4,-85962.23619,263180.8548
6491,Point,0,1,0.0,,6491,86.14333226,163.8,77.65666774,FALSE,-9999.0,86.87264601,76.92735399,FALSE,-9999.0,86.61047019,77.18952981,FALSE,-9999.0,0.0,1,1,G,USGS_gbHeatFlowWells_wEstimates.shp,assumed measured,04986c1c-a486-3325-9da1-7e376722f357,-79240.62115,273118.6385
6492,Point,0,1,0.0,,6492,82.75723881,144.14,61.38276119,FALSE,-9999.0,83.12202081,61.01797919,FALSE,-9999.0,82.73565417,61.40434583,FALSE,-9999.0,0.0,1,1,G,USGS_gbHeatFlowWells_wEstimates.shp,Data release - assumed measured,4a02f868-3bb9-320d-aca0-1288612fd25c,-96404.52182,250254.6895
6493,Point,0,1,0.0,,6493,88.80584242,147.42,58.61415758,FALSE,-9999.0,89.00044195,58.41955805,FALSE,-9999.0,89.33073643,58.08926357,FALSE,-9999.0,0.0,1,1,G,USGS_gbHeatFlowWells_wEstimates.shp,Data release - assumed measured,333bf6ae-e6b6-38cd-b278-40e08455a931,-64285.83186,269388.5806
6494,Point,0,1,0.0,,6494,84.62935149,604.21,519.5806485,FALSE,-9999.0,85.20761575,519.0023842,FALSE,-9999.0,84.85400627,519.3559937,FALSE,-9999.0,0.0,1,1,G,USGS_gbHeatFlowWells_wEstimates.shp,assumed measured,472cf44d-0a9e-3ce1-a423-a46f9a5b081b,-86067.32075,265255.0614
6495,Point,0,1,0.0,,6495,84.67097646,73.8,-10.87097646,FALSE,-9999.0,85.2625465,-11.4625465,FALSE,-9999.0,84.90237859,-11.10237859,FALSE,-9999.0,0.0,1,1,G,USGS_gbHeatFlowWells_wEstimates.shp,assumed measured,229b280f-3567-36da-a6c7-31443de95e45,-86188.50543,265816.6453
6496,Point,0,1,0.0,,6496,84.49962821,165.2,80.70037179,FALSE,-9999.0,85.03968783,80.16031217,FALSE,-9999.0,84.70399149,80.49600851,FALSE,-9999.0,0.0,1,1,G,USGS_gbHeatFlowWells_wEstimates.shp,known measured,0c99029d-d497-34f6-9bb1-7f771e6e8a51,-85754.18133,263604.4692
6497,Point,0,1,0.0,,6497,79.38832159,203.82,124.4316784,TRUE,0.001053739,79.00136081,124.8186392,TRUE,0.001016844,78.51666864,125.3033314,TRUE,0.000972449,0.0,1,1,G,USGS_gbHeatFlowWells_wEstimates.shp,Data release - assumed measured,68aaa9aa-d50b-37ba-8ee8-917c09e6759c,-71126.59688,194693.6
6498,Point,0,1,0.0,,6498,86.73190413,167.9,81.16809587,FALSE,-9999.0,86.87481146,81.02518854,FALSE,-9999.0,86.87076268,81.02923732,FALSE,-9999.0,0.0,1,1,G,USGS_gbHeatFlowWells_wEstimates.shp,Data release - assumed measured,cbad775b-9db2-3465-8155-2598f82438b9,-127428.8924,206132.2495
6499,Point,0,1,0.0,,6499,83.47957533,270.1,186.6204247,FALSE,-9999.0,83.61571653,186.4842835,FALSE,-9999.0,83.43110502,186.668895,FALSE,-9999.0,0.0,1,1,G,USGS_gbHeatFlowWells_wEstimates.shp,Data release - assumed measured,90d06684-0e20-3a0e-ba91-6542550a8d1f,-117979.7584,225326.5282
6500,Point,0,1,0.0,,6500,81.6306621,212.75,131.1193379,FALSE,-9999.0,81.80978032,130.9402197,FALSE,-9999.0,81.56899795,131.1810021,FALSE,-9999.0,0.0,1,1,G,USGS_gbHeatFlowWells_wEstimates.shp,Data release - assumed measured,293c26a9-53b3-3481-ba10-065596f38bf6,-95522.41051,225633.5305
6501,Point,0,1,0.0,,6501,82.23873873,250.72,168.4812613,FALSE,-9999.0,82.35256751,168.3674325,FALSE,-9999.0,82.16937099,168.550629,FALSE,-9999.0,0.0,1,1,G,USGS_gbHeatFlowWells_wEstimates.shp,Data release - assumed measured,ca203476-7eeb-30b4-8c8b-03a1a4bcdbcd,-104811.9615,216288.9933
6502,Point,0,1,0.0,,6502,82.35255049,639.94,557.5874495,FALSE,-9999.0,82.46262496,557.477375,FALSE,-9999.0,82.2883086,557.6516914,FALSE,-9999.0,0.0,1,1,G,USGS_gbHeatFlowWells_wEstimates.shp,Data release - assumed measured,b7d6209d-e317-3089-b609-8b24419609aa,-105936.4247,216415.6811
6503,Point,0,1,0.0,,6503,82.47072242,479.28,396.8092776,FALSE,-9999.0,82.58048154,396.6995185,FALSE,-9999.0,82.41263192,396.8673681,FALSE,-9999.0,0.0,1,1,G,USGS_gbHeatFlowWells_wEstimates.shp,Data release - assumed measured,1aac85d7-07ec-3a17-8d1d-0b4dd3d022fc,-107288.2595,217408.5344
6504,Point,0,1,0.0,,6504,82.60843007,366.12,283.5115699,FALSE,-9999.0,82.70446296,283.415537,FALSE,-9999.0,82.55076472,283.5692353,FALSE,-9999.0,0.0,1,1,G,USGS_gbHeatFlowWells_wEstimates.shp,Data release - assumed measured,61e86f65-8745-3243-ac10-a890cc8a528b,-107927.6614,215511.6615
6505,Point,0,1,0.0,,6505,82.42315801,513.35,430.926842,FALSE,-9999.0,82.52406479,430.8259352,FALSE,-9999.0,82.35692742,430.9930726,FALSE,-9999.0,0.0,1,1,G,USGS_gbHeatFlowWells_wEstimates.shp,Data release - assumed measured,ab9d89ae-c84a-3b42-af53-34e13e4c6c15,-106274.9289,215321.7264
6506,Point,0,1,0.0,,6506,82.30027912,446.7,364.3997209,FALSE,-9999.0,82.40332541,364.2966746,FALSE,-9999.0,82.22656188,364.4734381,FALSE,-9999.0,0.0,1,1,G,USGS_gbHeatFlowWells_wEstimates.shp,Data release - assumed measured,6c4f1ccb-fad4-3b37-b95f-5f7888fb12dc,-105075.4305,215048.3147
6507,Point,0,1,0.0,,6507,82.60353298,191.65,109.046467,FALSE,-9999.0,82.67003788,108.9799621,FALSE,-9999.0,82.51946898,109.130531,FALSE,-9999.0,0.0,1,1,G,USGS_gbHeatFlowWells_wEstimates.shp,Data release - assumed measured,1b4baff4-dee8-34bc-9409-18e15c4a5035,-106825.4261,212392.447
6508,Point,0,1,0.0,,6508,82.44715833,140.77,58.32284167,FALSE,-9999.0,82.50099031,58.26900969,FALSE,-9999.0,82.33393502,58.43606498,FALSE,-9999.0,0.0,1,1,G,USGS_gbHeatFlowWells_wEstimates.shp,Data release - assumed measured,c57bbf42-8df1-31ab-88a0-b14f6c09e3cc,-105109.4433,211103.5397
6509,Point,0,1,0.0,,6509,81.79560675,200.74,118.9443933,FALSE,-9999.0,82.0030212,118.7369788,FALSE,-9999.0,81.7609456,118.9790544,FALSE,-9999.0,0.0,1,1,G,USGS_gbHeatFlowWells_wEstimates.shp,Data release - assumed measured,2bb72f89-97ef-3418-ad7a-3fba25e4765e,-96581.81489,231115.2943
6510,Point,0,1,0.0,,6510,81.79419199,283.92,202.125808,FALSE,-9999.0,81.98831966,201.9316803,FALSE,-9999.0,81.74797393,202.1720261,FALSE,-9999.0,0.0,1,1,G,USGS_gbHeatFlowWells_wEstimates.shp,Data release - assumed measured,46fbada3-85cc-31ae-b7c8-40da507576ea,-98984.4777,228219.1774
6511,Point,0,1,0.0,,6511,81.60583048,555.28,473.6741695,FALSE,-9999.0,81.7850218,473.4949782,FALSE,-9999.0,81.5432503,473.7367497,FALSE,-9999.0,0.0,1,1,G,USGS_gbHeatFlowWells_wEstimates.shp,Data release - assumed measured,44e1f77e-7f98-373a-bd42-5ac7539cee13,-94541.18271,225745.2973
6512,Point,0,1,0.0,,6512,81.63041196,235.62,153.989588,FALSE,-9999.0,81.79517689,153.8248231,FALSE,-9999.0,81.55435775,154.0656423,FALSE,-9999.0,0.0,1,1,G,USGS_gbHeatFlowWells_wEstimates.shp,Data release - assumed measured,0e89ab84-d297-3ac2-886a-3cbe74f4ff3d,-97061.35062,222356.7964
6513,Point,0,1,0.0,,6513,81.64867077,72.58,-9.068670774,FALSE,-9999.0,81.8213009,-9.2413009,FALSE,-9999.0,81.58151607,-9.001516066,FALSE,-9999.0,0.0,1,1,G,USGS_gbHeatFlowWells_wEstimates.shp,Data release - assumed measured,0fc13bc3-6f54-3123-a966-f573c7e70449,-96869.18949,224170.1167
6514,Point,0,1,0.0,,6514,81.67190052,13.23,-68.44190052,FALSE,-9999.0,81.84067319,-68.61067319,FALSE,-9999.0,81.60281792,-68.37281792,FALSE,-9999.0,0.0,1,1,G,USGS_gbHeatFlowWells_wEstimates.shp,Data release - assumed measured,746cf881-606f-30fd-8391-aadfb821833c,-97644.62695,223473.3535
6515,Point,0,1,0.0,,6515,88.85845931,840.9,752.0415407,TRUE,0.0,88.97226174,751.9277383,TRUE,0.0,88.93881831,751.9611817,TRUE,0.0,0.0,1,1,B,USGS_gbHeatFlowWells_wEstimates.shp,Data release - assumed measured,037b8a9b-2b58-3d5e-81b5-68dea14f8136,-140053.2282,212023.5836
6516,Point,0,1,0.0,,6516,88.13068543,410.0,321.8693146,TRUE,1.33e-11,88.2235495,321.7764505,TRUE,1.35e-11,88.23489658,321.7651034,TRUE,1.35e-11,0.0,1,1,B,USGS_gbHeatFlowWells_wEstimates.shp,Data release - assumed measured,70336d02-5c55-3a6b-9919-939d4f79bd56,-134795.476,209916.9852
6517,Point,0,1,0.0,,6517,88.64158021,1472.8,1384.15842,TRUE,0.0,88.94012251,1383.859877,TRUE,0.0,88.92299083,1383.877009,TRUE,0.0,0.0,1,1,B,USGS_gbHeatFlowWells_wEstimates.shp,Data release - assumed measured,0ce07f5a-71e0-3bdb-ad6b-7107ed41dc65,-135360.433,201631.853
6518,Point,0,1,0.0,,6518,87.75521956,121.3,33.54478044,TRUE,1.0,88.00933842,33.29066158,TRUE,1.0,87.99715566,33.30284434,TRUE,1.0,0.0,1,1,A,USGS_gbHeatFlowWells_wEstimates.shp,A quality,5a4cf2bc-d952-37b5-ba76-783f87e44502,-130582.3207,201105.3078
6519,Point,0,1,0.0,,6519,88.14538283,66.9,-21.24538283,TRUE,1.0,88.2190445,-21.3190445,TRUE,1.0,88.23009532,-21.33009532,TRUE,1.0,0.0,1,1,A,USGS_gbHeatFlowWells_wEstimates.shp,A quality,275a8867-534e-3726-a112-5e138dc66aa8,-135122.0077,210819.1177
6520,Point,0,1,0.0,,6520,88.60065532,79.5,-9.100655316,TRUE,1.0,88.78280993,-9.282809933,TRUE,1.0,88.7718169,-9.271816897,TRUE,1.0,0.0,1,1,B,USGS_gbHeatFlowWells_wEstimates.shp,Data release - assumed measured,88951a62-d797-3c76-8c05-e74543d886c7,-137134.3786,207938.5818
6521,Point,0,1,0.0,,6521,89.2999225,92.0,2.7000775,TRUE,1.0,89.64920003,2.350799974,TRUE,1.0,89.60103988,2.398960117,TRUE,1.0,0.0,1,1,B,USGS_gbHeatFlowWells_wEstimates.shp,Data release - assumed measured,c4cef71b-389d-3301-8645-59195adb5ebf,-140811.8282,202733.306
6522,Point,0,1,0.0,,6522,84.06902306,12.54,-71.52902306,TRUE,0.137669926,84.24925359,-71.70925359,TRUE,0.135403489,84.07708094,-71.53708094,TRUE,0.137567791,0.0,1,1,B,USGS_gbHeatFlowWells_wEstimates.shp,known measured,977f0607-579a-37de-91ca-0a6be79eb8fa,-77751.77682,244719.4009
6523,Point,0,1,0.0,,6523,83.10376212,157.92,74.81623788,TRUE,0.101706916,83.36797366,74.55202634,TRUE,0.104212292,83.13854485,74.78145515,TRUE,0.102033267,0.0,1,1,B,USGS_gbHeatFlowWells_wEstimates.shp,known measured,2aca4fb3-e149-333a-9186-ba1b02ddfabb,-84490.61175,248182.5993
6524,Point,0,1,0.0,,6524,82.54956556,83.5,0.950434439,TRUE,1.0,82.77170647,0.728293528,TRUE,1.0,82.55297862,0.947021382,TRUE,1.0,0.0,1,1,B,USGS_gbHeatFlowWells_wEstimates.shp,known measured,eb5d4551-88c3-3381-8c1d-9a03ec807683,-86656.85408,242680.6667
6525,Point,0,1,0.0,,6525,87.78289632,1729.56,1641.777104,TRUE,0.0,88.52477701,1641.035223,TRUE,0.0,88.52597598,1641.034024,TRUE,0.0,0.0,1,1,B,USGS_gbHeatFlowWells_wEstimates.shp,assumed measured,f807104d-bbeb-3325-9f7c-85ffb06391b5,-71861.07226,279464.3968
6526,Point,0,1,0.0,,6526,87.75036616,630.0,542.2496338,TRUE,0.0,88.46907588,541.5309241,TRUE,0.0,88.47704712,541.5229529,TRUE,0.0,0.0,1,1,A,USGS_gbHeatFlowWells_wEstimates.shp,A quality,a568a128-261f-32f3-9a4a-861cb225adec,-71895.44489,278838.3463
6527,Point,0,1,0.0,,6527,87.74922262,2569.0,2481.250777,TRUE,0.0,88.47645593,2480.523544,TRUE,0.0,88.47928165,2480.520718,TRUE,0.0,0.0,1,1,B,USGS_gbHeatFlowWells_wEstimates.shp,Data release - assumed measured,3bb42887-7994-3240-86d4-18f0b3ca202f,-71951.29402,279029.3338
6528,Point,0,1,0.0,,6528,89.88203698,111.16,21.27796302,TRUE,1.0,90.47918786,20.68081214,TRUE,1.0,90.8544669,20.3055331,TRUE,1.0,0.0,1,1,B,USGS_gbHeatFlowWells_wEstimates.shp,known measured,4f6b6c22-75b6-382c-b210-c06a8fd5aedd,-62229.35154,288745.6928
6529,Point,0,1,0.0,,6529,85.18217536,1196.78,1111.597825,FALSE,-9999.0,85.30367124,1111.476329,FALSE,-9999.0,85.7350499,1111.04495,FALSE,-9999.0,0.0,1,1,G,USGS_gbHeatFlowWells_wEstimates.shp,assumed measured,1fe362f1-e8e9-36e0-ac47-68d8634b645a,-107792.6077,347564.8221
6530,Point,0,1,0.0,,6530,84.89317194,731.39,646.4968281,FALSE,-9999.0,85.02912884,646.3608712,FALSE,-9999.0,85.43419675,645.9558032,FALSE,-9999.0,0.0,1,1,G,USGS_gbHeatFlowWells_wEstimates.shp,assumed measured,345a79aa-67d4-320a-90a5-ca6533b84857,-108396.5944,346352.0062
6531,Point,0,1,0.0,,6531,83.04591801,80.55,-2.495918012,TRUE,1.0,83.430881,-2.880880998,TRUE,1.0,83.4449364,-2.894936398,TRUE,1.0,0.0,1,1,A,USGS_gbHeatFlowWells_wEstimates.shp,A quality,a9277248-bed4-38cd-89d6-b165e304cb54,-105081.4695,338018.0733
6534,Point,0,1,0.0,,6534,95.78714301,22.1,-73.68714301,FALSE,-9999.0,96.36879481,-74.26879481,FALSE,-9999.0,96.202418,-74.102418,FALSE,-9999.0,0.0,1,1,C,USGS_gbHeatFlowWells_wEstimates.shp,Data release - assumed measured,9d4d8021-b2b8-36af-b019-e8958cc902d9,23722.53297,355361.9305
6535,Point,0,1,0.0,,6535,94.94279984,69.1,-25.84279984,FALSE,-9999.0,96.04246583,-26.94246583,FALSE,-9999.0,95.15854406,-26.05854406,FALSE,-9999.0,0.0,1,1,X,USGS_gbHeatFlowWells_wEstimates.shp,X quality,c5d1eb42-619b-3644-a890-a513b7037d6f,32329.53643,341615.5341
6536,Point,0,1,0.0,,6536,89.22438726,69.7,-19.52438726,FALSE,-9999.0,89.91110197,-20.21110197,FALSE,-9999.0,90.13236092,-20.43236092,FALSE,-9999.0,0.0,1,1,D,USGS_gbHeatFlowWells_wEstimates.shp,Data release - assumed measured,e9afa948-f387-3980-9598-9755eeeb3b69,-65793.40959,285042.9446
6537,Point,0,1,0.0,,6537,97.33793918,48.5,-48.83793918,FALSE,-9999.0,96.97192705,-48.47192705,FALSE,-9999.0,97.74505041,-49.24505041,FALSE,-9999.0,0.0,1,1,C,USGS_gbHeatFlowWells_wEstimates.shp,Data release - assumed measured,2e4112d7-a099-3de3-872d-5da4ac72626d,-23563.99519,356850.5533
6538,Point,0,1,0.0,,6538,87.14344431,300.5,213.3565557,FALSE,-9999.0,87.0311301,213.4688699,FALSE,-9999.0,87.26681914,213.2331809,FALSE,-9999.0,0.0,1,1,G,USGS_gbHeatFlowWells_wEstimates.shp,Data release - assumed measured,05268d60-6eaf-3b9a-96cc-3902e3de8508,-54612.99049,346765.2616
6539,Point,0,1,0.0,,6539,85.18131944,55.6,-29.58131944,FALSE,-9999.0,85.22109526,-29.62109526,FALSE,-9999.0,85.21857964,-29.61857964,FALSE,-9999.0,0.0,1,1,C,USGS_gbHeatFlowWells_wEstimates.shp,Data release - assumed measured,77b8b682-b469-3083-8da7-078e243f6545,-59283.92279,342766.1765
6540,Point,0,1,0.0,,6540,85.56654146,159.8,74.23345854,FALSE,-9999.0,85.55654384,74.24345616,FALSE,-9999.0,85.65872648,74.14127352,FALSE,-9999.0,0.0,1,1,G,USGS_gbHeatFlowWells_wEstimates.shp,Data release - assumed measured,9f8f1e3b-4822-3f1b-b7fc-93e3f25f70e7,-56937.72291,342065.839
6541,Point,0,1,0.0,,6541,73.04261684,39.3,-33.74261684,TRUE,1.0,73.1665319,-33.8665319,TRUE,0.01,73.19973255,-33.89973255,TRUE,1.0,0.0,1,1,D,USGS_gbHeatFlowWells_wEstimates.shp,Data release - assumed measured,f8683d6d-1e11-3a24-a74a-dc518e1b5d3d,54774.17763,194055.4901
6542,Point,0,1,0.0,,6542,84.65419322,19.5,-65.15419322,FALSE,-9999.0,84.65468465,-65.15468465,FALSE,-9999.0,84.43463386,-64.93463386,FALSE,-9999.0,0.0,1,1,C,USGS_gbHeatFlowWells_wEstimates.shp,assumed measured,e9dbc065-e329-3a0b-9c19-c2ffe05f1b9b,-57962.3594,228135.6945
6543,Point,0,1,0.0,,6543,88.9485371,74.4,-14.5485371,FALSE,-9999.0,89.29139943,-14.89139943,FALSE,-9999.0,88.44682415,-14.04682415,FALSE,-9999.0,0.0,1,1,C,USGS_gbHeatFlowWells_wEstimates.shp,Data release - assumed measured,ef543fe2-774d-3b37-86c6-c33e72a9434f,-159123.2579,231665.7961
6544,Point,0,1,0.0,,6544,88.42289887,949.4,860.9771011,FALSE,-9999.0,88.6950231,860.7049769,FALSE,-9999.0,87.85752467,861.5424753,FALSE,-9999.0,0.0,1,1,G,USGS_gbHeatFlowWells_wEstimates.shp,Data release - assumed measured,44703864-0369-33e6-9421-79318b322781,-156589.2184,234541.8263
6545,Point,0,1,0.0,,6545,87.68994179,63.0,-24.68994179,FALSE,-9999.0,87.92791795,-24.92791795,FALSE,-9999.0,87.01994315,-24.01994315,FALSE,-9999.0,0.0,1,1,C,USGS_gbHeatFlowWells_wEstimates.shp,Data release - assumed measured,d25e866c-308f-3747-be36-dfdaab5b2b16,-154808.3286,239069.3757
6546,Point,0,1,0.0,,6546,87.06073785,150.0,62.93926215,FALSE,-9999.0,87.29560656,62.70439344,FALSE,-9999.0,85.44879082,64.55120918,FALSE,-9999.0,0.0,1,1,G,USGS_gbHeatFlowWells_wEstimates.shp,assumed measured,45f38ea1-89eb-3e1d-b6e6-1a1f6c63091e,-157833.7648,260568.7728
6547,Point,0,1,0.0,,6547,73.90951022,102.8,28.89048978,TRUE,1.0,74.80548049,27.99451951,TRUE,1.0,73.14916687,29.65083313,TRUE,1.0,0.0,1,1,G,USGS_gbHeatFlowWells_wEstimates.shp,Data release - assumed measured,10701bb5-5e47-341c-8d84-b74e331d2422,-243345.8539,169535.2176
6548,Point,0,1,0.0,,6548,75.07374008,221.0,145.9262599,FALSE,-9999.0,74.67421914,146.3257809,FALSE,-9999.0,75.25191226,145.7480877,FALSE,-9999.0,0.0,1,1,G,USGS_gbHeatFlowWells_wEstimates.shp,Data release - assumed measured,bd0c13ab-5fa3-35d4-b698-0b2f29619b9c,-197825.6465,358688.1204
6549,Point,0,1,0.0,,6549,74.95531586,96.0,21.04468414,TRUE,1.0,74.5145518,21.4854482,TRUE,0.01,75.22969419,20.77030581,TRUE,1.0,0.0,1,1,D,USGS_gbHeatFlowWells_wEstimates.shp,Data release - assumed measured,68aa4cd5-8734-3c0c-8a9c-a9cf9bb89f61,-198912.5455,354782.7188
6550,Point,0,1,0.0,,6550,74.86091899,618.4,543.539081,FALSE,-9999.0,74.44483989,543.9551601,FALSE,-9999.0,75.14900816,543.2509918,FALSE,-9999.0,0.0,1,1,G,USGS_gbHeatFlowWells_wEstimates.shp,Data release - assumed measured,3db566a5-3b71-3fa1-bbb8-6b6054a307f7,-202266.1319,354206.0787
6558,Point,0,1,0.0,,6558,74.18928922,161.0,86.81071078,TRUE,0.033695474,75.49498616,85.50501384,TRUE,0.038001387,74.5456559,86.4543441,TRUE,0.034819797,0.0,1,1,G,USGS_gbHeatFlowWells_wEstimates.shp,Data release - assumed measured,92909e19-9231-3a4d-8c3f-9823e48d7240,66929.45863,211585.8248
6559,Point,0,1,0.0,,6559,101.1094311,155.3,54.19056892,FALSE,-9999.0,100.1576608,55.14233925,FALSE,-9999.0,100.1456011,55.15439887,FALSE,-9999.0,0.0,1,1,G,USGS_gbHeatFlowWells_wEstimates.shp,Data release - assumed measured,3bff7111-7f45-3af0-a7ea-d896012b6b72,-13427.41913,287933.8037
6563,Point,0,1,0.0,,6563,97.55426752,119.8,22.24573248,TRUE,1.0,97.3681632,22.4318368,TRUE,0.01,97.91488486,21.88511514,TRUE,1.0,0.0,1,1,D,USGS_gbHeatFlowWells_wEstimates.shp,Data release - assumed measured,0ee74b88-36dc-3143-84ac-bc581b28f99c,-4692.618726,348909.9298
6564,Point,0,1,0.0,,6564,99.1285312,246.0,146.8714688,TRUE,0.000133396,98.35085929,147.6491407,TRUE,0.000124175,99.02612884,146.9738712,TRUE,0.000132143,0.0,1,1,G,USGS_gbHeatFlowWells_wEstimates.shp,Data release - assumed measured,d58b894f-8bfc-339f-ba04-0636ee28b7a1,-7686.146119,324302.928
6565,Point,0,1,0.0,,6565,98.78496816,99.8,1.015031841,TRUE,1.0,97.67009604,2.129903961,TRUE,0.01,98.59969062,1.200309383,TRUE,1.0,0.0,1,1,D,USGS_gbHeatFlowWells_wEstimates.shp,Data release - assumed measured,8ad83d33-3de0-3ffd-a23f-8f41ab992b7c,-19159.6198,316267.5628
6567,Point,0,1,0.0,,6567,80.29938836,270.0,189.7006116,FALSE,-9999.0,79.07784506,190.9221549,FALSE,-9999.0,79.3630911,190.6369089,FALSE,-9999.0,0.0,1,1,G,USGS_gbHeatFlowWells_wEstimates.shp,Data release - assumed measured,eddc2769-1f8c-3c64-990e-43b14562c939,-23927.22232,201750.5954
6568,Point,0,1,0.0,,6568,76.94475124,82.5,5.555248759,TRUE,1.0,74.92930013,7.570699871,TRUE,0.01,77.34963278,5.150367224,TRUE,0.01,0.0,1,1,X,USGS_gbHeatFlowWells_wEstimates.shp,X quality,6ff6572a-fcc0-3b5d-bf41-1298e50026d0,11919.54614,160905.6274
6569,Point,0,1,0.0,,6569,79.05919062,165.8,86.74080938,FALSE,-9999.0,77.46403708,88.33596292,FALSE,-9999.0,78.42252321,87.37747679,FALSE,-9999.0,0.0,1,1,G,USGS_gbHeatFlowWells_wEstimates.shp,Data release - assumed measured,a8e0626b-b5d3-3e64-ad0e-8ca2ca1034b3,-77.93899806,196134.3015
6570,Point,0,1,0.0,,6570,98.86328998,458.3,359.43671,FALSE,-9999.0,97.89535068,360.4046493,FALSE,-9999.0,97.6704093,360.6295907,FALSE,-9999.0,0.0,1,1,G,USGS_gbHeatFlowWells_wEstimates.shp,Data release - assumed measured,e0a60680-b99a-358f-b50e-a8d5c9fc16e2,-12206.73593,267629.1097
6571,Point,0,1,0.0,,6571,98.34315145,168.3,69.95684855,FALSE,-9999.0,97.35441944,70.94558056,FALSE,-9999.0,97.16831849,71.13168151,FALSE,-9999.0,0.0,1,1,C,USGS_gbHeatFlowWells_wEstimates.shp,assumed measured,899bad55-5f27-3ee0-9c30-5aea41096aa3,-13710.59315,265468.9172
6572,Point,0,1,0.0,,6572,99.47330154,157.9,58.42669846,FALSE,-9999.0,98.83004396,59.06995604,FALSE,-9999.0,98.29951754,59.60048246,FALSE,-9999.0,0.0,1,1,C,USGS_gbHeatFlowWells_wEstimates.shp,Data release - assumed measured,1a667350-ecc8-3de5-b29e-c7bea9799998,-4651.506343,273537.4874
6573,Point,0,1,0.0,,6573,99.13705475,469.5,370.3629453,FALSE,-9999.0,98.24718956,371.2528104,FALSE,-9999.0,97.93207314,371.5679269,FALSE,-9999.0,0.0,1,1,G,USGS_gbHeatFlowWells_wEstimates.shp,Data release - assumed measured,1f4f2b00-02e8-37ed-811a-69e678f3b25b,-9780.737264,269239.3484
6574,Point,0,1,0.0,,6574,98.65351457,80.4,-18.25351457,TRUE,1.0,98.75888343,-18.35888343,TRUE,0.01,97.77996997,-17.37996997,TRUE,1.0,0.0,1,1,D,USGS_gbHeatFlowWells_wEstimates.shp,Data release - assumed measured,73619429-591c-3440-8173-09a6895e3932,6535.197841,285662.2098
6575,Point,0,1,0.0,,6575,90.55554454,38.9,-51.65554454,FALSE,-9999.0,89.92094425,-51.02094425,FALSE,-9999.0,89.84988111,-50.94988111,FALSE,-9999.0,0.0,1,1,D,USGS_gbHeatFlowWells_wEstimates.shp,Data release - assumed measured,28b54587-9dc1-3f8a-83b6-a78a36ab6f6f,-22860.03478,240825.7903
6576,Point,0,1,0.0,,6576,82.38870433,42.0,-40.38870433,TRUE,1.0,83.68528265,-41.68528265,TRUE,0.01,82.4010591,-40.4010591,TRUE,1.0,0.0,1,1,D,USGS_gbHeatFlowWells_wEstimates.shp,Data release - assumed measured,d8fd25a2-5961-3390-89e0-579bd57566f5,37375.95342,236644.5127
6577,Point,0,1,0.0,,6577,83.40007438,152.0,68.59992562,TRUE,0.180303009,83.53229001,68.46770999,TRUE,0.001825121,83.35397208,68.64602792,TRUE,0.179539034,0.0,1,1,D,USGS_gbHeatFlowWells_wEstimates.shp,Data release - assumed measured,1e955b09-fded-3877-9098-eb6626e1d486,-117104.7139,224616.5824
6578,Point,0,1,0.0,,6578,81.63748004,125.6,43.96251996,TRUE,1.0,79.96303646,45.63696354,TRUE,1.0,83.99294944,41.60705056,TRUE,1.0,0.0,1,1,C,USGS_gbHeatFlowWells_wEstimates.shp,Data release - assumed measured,166ab6d3-b81a-388f-8eb4-eda2fb067ce9,-7210.087632,116660.4802
6581,Point,0,1,0.0,,6581,86.79830699,146.3,59.50169301,TRUE,0.416804385,86.7429024,59.5570976,TRUE,0.004146829,89.75051905,56.54948095,TRUE,0.547042114,0.0,1,1,D,USGS_gbHeatFlowWells_wEstimates.shp,Data release - assumed measured,1ca69592-6aa3-30c4-a686-456a899bde76,-27638.1493,70558.35222
6582,Point,0,1,0.0,,6582,77.75769776,162.4,84.64230224,FALSE,-9999.0,78.04764865,84.35235135,FALSE,-9999.0,79.31848756,83.08151244,FALSE,-9999.0,0.0,1,1,D,USGS_gbHeatFlowWells_wEstimates.shp,Data release - assumed measured,0760d427-b725-3b91-aa4b-2c126132b88f,35872.1216,90026.12156
6583,Point,0,1,0.0,,6583,79.34600418,96.2,16.85399582,TRUE,1.0,78.1668011,18.0331989,TRUE,0.01,80.01346687,16.18653313,TRUE,1.0,0.0,1,1,D,USGS_gbHeatFlowWells_wEstimates.shp,Data release - assumed measured,c9ef1bbb-2c9b-33ca-ad66-ed930c37cbe5,-58357.39201,147632.2058
6584,Point,0,1,0.0,,6584,80.6705487,1020.0,939.3294513,TRUE,0.0,81.77208052,938.2279195,TRUE,0.0,80.8865885,939.1134115,TRUE,0.0,0.0,1,1,G,USGS_gbHeatFlowWells_wEstimates.shp,Data release - assumed measured,4fb81b2e-940b-366f-a51c-a3248bf4476e,-142533.2847,113880.7084
6585,Point,0,1,0.0,,6585,80.56088069,401.2,320.6391193,FALSE,-9999.0,81.45452244,319.7454776,FALSE,-9999.0,80.29739754,320.9026025,FALSE,-9999.0,0.0,1,1,G,USGS_gbHeatFlowWells_wEstimates.shp,Data release - assumed measured,7e1eeb1b-9aa6-3adc-a070-7d2dba614eb5,-136170.6793,88483.01415
6587,Point,0,1,0.0,,6587,82.87876485,105.0,22.12123515,TRUE,1.0,82.46147815,22.53852185,TRUE,0.01,85.039403,19.960597,TRUE,1.0,0.0,1,1,D,USGS_gbHeatFlowWells_wEstimates.shp,Data release - assumed measured,a57e8332-f1da-3718-bae3-eb2e9ce438ff,-148830.5487,327127.893
6588,Point,0,1,0.0,,6588,85.49389497,58.5,-26.99389497,FALSE,-9999.0,85.17063522,-26.67063522,FALSE,-9999.0,85.9339402,-27.4339402,FALSE,-9999.0,0.0,1,1,C,USGS_gbHeatFlowWells_wEstimates.shp,Data release - assumed measured,d9d1e84d-f690-3961-a1e1-f254e87c017e,-139478.6748,357049.9395
6589,Point,0,1,0.0,,6589,86.17852345,95.9,9.721476555,TRUE,1.0,87.97817672,7.921823282,TRUE,1.0,86.24499874,9.655001259,TRUE,1.0,0.0,1,1,C,USGS_gbHeatFlowWells_wEstimates.shp,Data release - assumed measured,41f2826e-bc8d-3c04-9426-630f036f8062,-227885.9243,271660.2018
6590,Point,0,1,0.0,,6590,87.74931147,75.0,-12.74931147,TRUE,1.0,89.51111234,-14.51111234,TRUE,0.01,86.75004388,-11.75004388,TRUE,0.01,0.0,1,1,X,USGS_gbHeatFlowWells_wEstimates.shp,X quality,8899669b-465f-315a-86c3-ee00f62956c9,-212525.9457,251623.8981
6592,Point,0,1,0.0,,6592,87.069659,68.0,-19.069659,FALSE,-9999.0,86.90108513,-18.90108513,FALSE,-9999.0,87.80037237,-19.80037237,FALSE,-9999.0,0.0,1,1,X,USGS_gbHeatFlowWells_wEstimates.shp,X quality,b3749ff8-79ca-3c9c-99ca-ab0167af8ff0,-123017.6584,356185.2092
6593,Point,0,1,0.0,,6593,82.6942634,55.1,-27.5942634,TRUE,1.0,85.52515485,-30.42515485,TRUE,1.0,85.14786897,-30.04786897,TRUE,1.0,0.0,1,1,C,USGS_gbHeatFlowWells_wEstimates.shp,Data release - assumed measured,3d9a2cdd-80f3-3aa0-9787-edbe0a1f2c5b,-33550.58186,14731.32851
6594,Point,0,1,0.0,,6594,81.42296187,105.8,24.37703813,TRUE,1.0,82.6659012,23.1340988,TRUE,0.01,81.69781502,24.10218498,TRUE,1.0,0.0,1,1,D,USGS_gbHeatFlowWells_wEstimates.shp,Data release - assumed measured,2c10ab5d-aa20-32c6-88fb-9dca12bf6756,-77107.07356,10672.43317
6595,Point,0,1,0.0,,6595,86.5541014,214.2,127.6458986,FALSE,-9999.0,86.7396517,127.4603483,FALSE,-9999.0,85.62807282,128.5719272,FALSE,-9999.0,0.0,1,1,G,USGS_gbHeatFlowWells_wEstimates.shp,Data release - assumed measured,b5dbcf86-c080-388a-b230-76ef3a9324ce,-171067.1217,278412.0734
6596,Point,0,1,0.0,,6596,83.32511112,39.7,-43.62511112,TRUE,1.0,84.68920559,-44.98920559,TRUE,1.0,83.86855736,-44.16855736,TRUE,1.0,0.0,1,1,C,USGS_gbHeatFlowWells_wEstimates.shp,Data release - assumed measured,d3cb0a95-468f-3b32-9c79-c3c588f77ecd,-191539.1018,175934.654
6597,Point,0,1,0.0,,6597,87.15837199,130.2,43.04162801,TRUE,1.0,87.91441341,42.28558659,TRUE,1.0,87.76178816,42.43821184,TRUE,1.0,0.0,1,1,G,USGS_gbHeatFlowWells_wEstimates.shp,Data release - assumed measured,21374664-d20a-3361-961d-ece543cdd5c4,-131909.3337,166602.2765
6598,Point,0,1,0.0,,6598,79.72925566,135.0,55.27074434,FALSE,-9999.0,80.67827815,54.32172185,FALSE,-9999.0,79.49441139,55.50558861,FALSE,-9999.0,0.0,1,1,G,USGS_gbHeatFlowWells_wEstimates.shp,Data release - assumed measured,08740f88-f781-3894-8c0b-25f10eb17f6e,-147576.1114,98152.0649
6599,Point,0,1,0.0,,6599,82.05815241,79.5,-2.558152414,TRUE,1.0,82.74918072,-3.249180716,TRUE,1.0,82.53413594,-3.034135942,TRUE,1.0,0.0,1,1,C,USGS_gbHeatFlowWells_wEstimates.shp,Data release - assumed measured,c3e0ecb6-e669-3073-9529-1311aeab69ce,-96668.11404,59835.05493
6600,Point,0,1,0.0,,6600,78.1062311,163.2,85.0937689,TRUE,0.039468375,77.62701549,85.57298451,TRUE,0.037764229,78.1909929,85.0090071,TRUE,0.039777704,0.0,1,1,G,USGS_gbHeatFlowWells_wEstimates.shp,Data release - assumed measured,2bb05aa8-9405-3526-a4c3-70357a0f0d34,-76199.68505,162327.7849
6606,Point,0,1,0.0,,6606,85.24631546,418.4,333.1536845,FALSE,-9999.0,86.27068757,332.1293124,FALSE,-9999.0,87.06544195,331.334558,FALSE,-9999.0,0.0,1,1,C,USGS_gbHeatFlowWells_wEstimates.shp,Data release - assumed measured,0832c7e3-ab6c-35bf-b5cd-f761fefb5ae1,-58177.23894,45845.50328
6607,Point,0,1,0.0,,6607,85.22891218,420.5,335.2710878,FALSE,-9999.0,86.23945762,334.2605424,FALSE,-9999.0,87.02196799,333.478032,FALSE,-9999.0,0.0,1,1,C,USGS_gbHeatFlowWells_wEstimates.shp,Data release - assumed measured,d65e42a9-9347-3ab1-a4b1-5d625572bca9,-58889.158,46164.36166
6608,Point,0,1,0.0,,6608,85.30156314,477.0,391.6984369,FALSE,-9999.0,86.30713147,390.6928685,FALSE,-9999.0,87.14621272,389.8537873,FALSE,-9999.0,0.0,1,1,C,USGS_gbHeatFlowWells_wEstimates.shp,Data release - assumed measured,4376c8dc-f63d-3503-ac0a-e578a5619958,-57868.0402,46470.99306
6609,Point,0,1,0.0,,6609,85.2658186,613.2,527.9341814,TRUE,0.0,86.28920166,526.9107983,TRUE,0.0,87.09864623,526.1013538,TRUE,0.0,0.0,1,1,A,USGS_gbHeatFlowWells_wEstimates.shp,A quality,3dd6de81-fa90-346d-ba18-2ce743e02d3d,-57906.71546,45922.06462
6610,Point,0,1,0.0,,6610,82.97464314,224.0,141.0253569,TRUE,0.000228552,83.82893862,140.1710614,TRUE,0.000247262,83.12865945,140.8713406,TRUE,0.000231818,0.0,1,1,B,USGS_gbHeatFlowWells_wEstimates.shp,Data release - assumed measured,ce1bcc99-76e0-311a-962b-050ddac79863,-84146.03337,33324.65335
6611,Point,0,1,0.0,,6611,82.47787278,188.3,105.8221272,TRUE,0.005849448,83.31126187,104.9887381,TRUE,0.006316121,82.36136056,105.9386394,TRUE,0.005787013,0.0,1,1,B,USGS_gbHeatFlowWells_wEstimates.shp,Data release - assumed measured,6a56d91d-0207-3b13-b961-112d4846eb9e,-87354.91189,28471.03985
6612,Point,0,1,0.0,,6612,83.80984285,168.0,84.19015715,TRUE,0.04289372,84.74743413,83.25256587,TRUE,0.046762462,84.37431361,83.62568639,TRUE,0.045182738,0.0,1,1,B,USGS_gbHeatFlowWells_wEstimates.shp,assumed measured,51ed1fe9-e00a-385a-bfcc-11adca68559e,-77928.0994,37792.027
6613,Point,0,1,0.0,,6613,84.32004963,11.8,-72.52004963,TRUE,0.125660278,85.06863285,-73.26863285,TRUE,0.117288298,85.80138903,-74.00138903,TRUE,0.109633793,0.0,1,1,C,USGS_gbHeatFlowWells_wEstimates.shp,Data release - assumed measured,183fa59f-e931-3b7b-8705-c49a3b7c5927,-76451.23374,61741.88679
6618,Point,0,1,0.0,,6618,84.89053223,192.0,107.1094678,FALSE,-9999.0,85.72861944,106.2713806,FALSE,-9999.0,86.36537863,105.6346214,FALSE,-9999.0,0.0,1,1,G,USGS_gbHeatFlowWells_wEstimates.shp,Data release - assumed measured,076dcab8-113e-3653-a860-11e107e9d621,-70175.90381,53414.39595
7144,Point,0,1,0.0,,7144,82.60284442,96.0,13.39715558,TRUE,1.0,84.28857619,11.71142381,TRUE,1.0,81.85261733,14.14738267,TRUE,1.0,0.0,1,1,G,USGS_gbHeatFlowWells_wEstimates.shp,not labeled,usgs_wellName_SB17,-238177.1366,208819.1898
7145,Point,0,1,0.0,,7145,83.1365482,151.0,67.8634518,FALSE,-9999.0,84.86038958,66.13961042,FALSE,-9999.0,82.37957488,68.62042512,FALSE,-9999.0,0.0,1,1,G,USGS_gbHeatFlowWells_wEstimates.shp,not labeled,usgs_wellName_17-76-07,-236113.1944,210739.72
7146,Point,0,1,0.0,,7146,82.77739159,80.0,-2.777391593,TRUE,1.0,84.47625936,-4.476259357,TRUE,1.0,82.02369812,-2.023698116,TRUE,1.0,0.0,1,1,G,USGS_gbHeatFlowWells_wEstimates.shp,not labeled,usgs_wellName_17-76-08,-237366.0883,209281.2997
7147,Point,0,1,0.0,,7147,82.59674625,75.0,-7.596746254,TRUE,1.0,84.28050442,-9.280504419,TRUE,1.0,81.84252304,-6.842523042,TRUE,1.0,0.0,1,1,G,USGS_gbHeatFlowWells_wEstimates.shp,not labeled,usgs_wellName_17-76-09,-237761.1849,208433.2536
7150,Point,0,1,0.0,,7150,88.09255924,242.0,153.9074408,FALSE,-9999.0,88.81664336,153.1833566,FALSE,-9999.0,88.87083869,153.1291613,FALSE,-9999.0,0.0,1,1,G,USGS_gbHeatFlowWells_wEstimates.shp,not labeled,usgs_wellName_40-80-DV2,-70461.4023,280116.9254
7156,Point,0,1,0.0,,7156,79.23283796,49.0,-30.23283796,TRUE,1.0,79.39120108,-30.39120108,TRUE,1.0,80.95270433,-31.95270433,TRUE,1.0,0.0,1,1,A,USGS_gbHeatFlowWells_wEstimates.shp,not labeled,usgs_wellName_TMN,-86596.4635,114397.5981
7160,Point,0,1,0.0,,7160,82.38334197,115.0,32.61665803,TRUE,1.0,83.49684621,31.50315379,TRUE,1.0,82.81867994,32.18132006,TRUE,1.0,0.0,1,1,A,USGS_gbHeatFlowWells_wEstimates.shp,not labeled,usgs_wellName_NZL 68,-96587.89063,312694.5016
7161,Point,0,1,0.0,,7161,82.87747455,145.0,62.12252545,FALSE,-9999.0,84.57647659,60.42352341,FALSE,-9999.0,82.11316457,62.88683543,FALSE,-9999.0,0.0,1,1,G,USGS_gbHeatFlowWells_wEstimates.shp,not labeled,usgs_wellName_SB16,-236036.7342,208962.2312
7162,Point,0,1,0.0,,7162,82.92860135,196.0,113.0713986,FALSE,-9999.0,84.62604122,111.3739588,FALSE,-9999.0,82.15907718,113.8409228,FALSE,-9999.0,0.0,1,1,G,USGS_gbHeatFlowWells_wEstimates.shp,not labeled,usgs_wellName_SB1701,-235398.0417,208887.6253
7163,Point,0,1,0.0,,7163,82.86373749,95.0,12.13626251,TRUE,1.0,84.55291641,10.44708359,TRUE,1.0,82.0907628,12.9092372,TRUE,1.0,0.0,1,1,G,USGS_gbHeatFlowWells_wEstimates.shp,not labeled,usgs_wellName_17-76-25,-235200.2881,208339.9708
7164,Point,0,1,0.0,,7164,84.64267499,143.0,58.35732501,FALSE,-9999.0,85.2196198,57.7803802,FALSE,-9999.0,84.87120359,58.12879641,FALSE,-9999.0,0.0,1,1,G,USGS_gbHeatFlowWells_wEstimates.shp,not labeled,usgs_wellName_OX 45-14,-85713.84656,265137.4862
7165,Point,0,1,0.0,,7165,89.94940079,135.0,45.05059921,FALSE,-9999.0,90.20530839,44.79469161,FALSE,-9999.0,90.66636147,44.33363853,FALSE,-9999.0,0.0,1,1,G,USGS_gbHeatFlowWells_wEstimates.shp,not labeled,usgs_wellName_EDV-3,-61041.0674,276118.2284
7166,Point,0,1,0.0,,7166,83.05296467,66.0,-17.05296467,TRUE,1.0,83.43741067,-17.43741067,TRUE,1.0,82.52330531,-16.52330531,TRUE,1.0,0.0,1,1,A,USGS_gbHeatFlowWells_wEstimates.shp,not labeled,usgs_wellName_AF1,-126531.5482,257830.192
7167,Point,0,1,0.0,,7167,83.26913359,88.0,4.730866411,TRUE,1.0,83.22522665,4.774773349,TRUE,1.0,84.81579794,3.184202063,TRUE,1.0,0.0,1,1,A,USGS_gbHeatFlowWells_wEstimates.shp,not labeled,usgs_wellName_BRC,-128500.1895,329014.7447
7168,Point,0,1,0.0,,7168,85.1026107,93.0,7.897389296,TRUE,1.0,86.01400647,6.985993528,TRUE,1.0,85.5739246,7.426075401,TRUE,1.0,0.0,1,1,A,USGS_gbHeatFlowWells_wEstimates.shp,not labeled,usgs_wellName_BVH,-97916.82345,284326.0294
7170,Point,0,1,0.0,,7170,83.22730647,65.0,-18.22730647,FALSE,-9999.0,84.91938842,-19.91938842,FALSE,-9999.0,82.44273716,-17.44273716,FALSE,-9999.0,0.0,1,1,G,USGS_gbHeatFlowWells_wEstimates.shp,not labeled,usgs_wellName_SB11,-233068.2014,209679.9945
7171,Point,0,1,0.0,,7171,83.24102674,58.0,-25.24102674,FALSE,-9999.0,84.93261653,-26.93261653,FALSE,-9999.0,82.45617071,-24.45617071,FALSE,-9999.0,0.0,1,1,G,USGS_gbHeatFlowWells_wEstimates.shp,not labeled,usgs_wellName_17-76-06,-232953.3039,209714.0696
7173,Point,0,1,0.0,,7173,78.62586914,142.0,63.37413086,TRUE,0.291766057,78.28801731,63.71198269,TRUE,0.282826886,78.29785173,63.70214827,TRUE,0.283083182,0.0,1,1,A,USGS_gbHeatFlowWells_wEstimates.shp,not labeled,usgs_wellName_QMT,-82679.37225,174139.0019
7174,Point,0,1,0.0,,7174,85.20276328,40.0,-45.20276328,TRUE,1.0,88.61516575,-48.61516575,TRUE,1.0,85.76473089,-45.76473089,TRUE,1.0,0.0,1,1,A,USGS_gbHeatFlowWells_wEstimates.shp,not labeled,usgs_wellName_GBC,66509.73731,278403.4748
7180,Point,0,1,0.0,,7180,89.13688968,125.0,35.86311032,FALSE,-9999.0,89.28970112,35.71029888,FALSE,-9999.0,89.21952918,35.78047082,FALSE,-9999.0,0.0,1,1,G,USGS_gbHeatFlowWells_wEstimates.shp,not labeled,usgs_wellName_FAL2,-142607.2825,212518.6082
7181,Point,0,1,0.0,,7181,87.98829552,91.0,3.01170448,TRUE,1.0,88.457308,2.542691995,TRUE,1.0,88.59508246,2.404917541,TRUE,1.0,0.0,1,1,A,USGS_gbHeatFlowWells_wEstimates.shp,not labeled,usgs_wellName_OX 62-21,-69670.06098,273760.479
7182,Point,0,1,0.0,,7182,88.50620461,113.0,24.49379539,TRUE,1.0,89.18767148,23.81232852,TRUE,1.0,89.28934267,23.71065733,TRUE,1.0,0.0,1,1,G,USGS_gbHeatFlowWells_wEstimates.shp,not labeled,usgs_wellName_OX 76-28,-69044.54409,280851.6389
7183,Point,0,1,0.0,,7183,90.48280967,192.0,101.5171903,FALSE,-9999.0,90.7895597,101.2104403,FALSE,-9999.0,91.27580384,100.7241962,FALSE,-9999.0,0.0,1,1,G,USGS_gbHeatFlowWells_wEstimates.shp,not labeled,usgs_wellName_EDV-1,-59463.96558,279467.9096
7184,Point,0,1,0.0,,7184,87.84800171,87.0,-0.848001712,TRUE,1.0,88.67886515,-1.678865149,TRUE,1.0,87.46550205,-0.465502048,TRUE,1.0,0.0,1,1,A,USGS_gbHeatFlowWells_wEstimates.shp,not labeled,usgs_wellName_MTC,19041.29713,246775.753
7189,Point,0,1,0.0,,7189,82.86671797,83.0,0.133282031,TRUE,1.0,84.49645802,-1.496458016,TRUE,1.0,82.07644553,0.923554469,TRUE,1.0,0.0,1,1,G,USGS_gbHeatFlowWells_wEstimates.shp,not labeled,usgs_wellName_SB31A,-231063.8908,206053.533
7190,Point,0,1,0.0,,7190,82.96621355,91.0,8.033786448,TRUE,1.0,84.59953433,6.400465665,TRUE,1.0,82.17996096,8.820039037,TRUE,1.0,0.0,1,1,G,USGS_gbHeatFlowWells_wEstimates.shp,not labeled,usgs_wellName_17-76-14A,-230681.5994,206472.4602
7191,Point,0,1,0.0,,7191,83.36727398,89.0,5.632726024,TRUE,1.0,85.00349643,3.99650357,TRUE,1.0,82.6179826,6.382017405,TRUE,1.0,0.0,1,1,G,USGS_gbHeatFlowWells_wEstimates.shp,not labeled,usgs_wellName_17-76-15,-228273.5952,207506.9205
7192,Point,0,1,0.0,,7192,88.1286835,119.0,30.8713165,FALSE,-9999.0,88.76904139,30.23095861,FALSE,-9999.0,88.86145064,30.13854936,FALSE,-9999.0,0.0,1,1,G,USGS_gbHeatFlowWells_wEstimates.shp,not labeled,usgs_wellName_40-80-DV1,-70052.89653,278432.6103
7194,Point,0,1,0.0,,7194,81.83146146,108.0,26.16853854,TRUE,1.0,81.0979318,26.9020682,TRUE,1.0,81.39894932,26.60105068,TRUE,1.0,0.0,1,1,A,USGS_gbHeatFlowWells_wEstimates.shp,not labeled,usgs_wellName_BBR,6176.308224,216684.8942
7195,Point,0,1,0.0,,7195,82.34113482,69.0,-13.34113482,FALSE,-9999.0,83.96310695,-14.96310695,FALSE,-9999.0,81.54572509,-12.54572509,FALSE,-9999.0,0.0,1,1,G,USGS_gbHeatFlowWells_wEstimates.shp,not labeled,usgs_wellName_SB38,-233809.0125,204226.025
7196,Point,0,1,0.0,,7196,82.30369543,46.0,-36.30369543,FALSE,-9999.0,83.92086168,-37.92086168,FALSE,-9999.0,81.50708861,-35.50708861,FALSE,-9999.0,0.0,1,1,G,USGS_gbHeatFlowWells_wEstimates.shp,not labeled,usgs_wellName_17-76-20,-233717.4137,203943.0833
7201,Point,0,1,0.0,,7201,86.63080991,103.0,16.36919009,TRUE,1.0,88.63048783,14.36951217,TRUE,1.0,86.59000699,16.40999301,TRUE,1.0,0.0,1,1,A,USGS_gbHeatFlowWells_wEstimates.shp,not labeled,usgs_wellName_NAV,-238161.4216,263343.4316
7203,Point,0,1,0.0,,7203,85.73652017,39.0,-46.73652017,TRUE,1.0,87.5065734,-48.5065734,TRUE,1.0,85.55175768,-46.55175768,TRUE,1.0,0.0,1,1,A,USGS_gbHeatFlowWells_wEstimates.shp,not labeled,usgs_wellName_RRR,-246929.9856,263420.4201
7206,Point,0,1,0.0,,7206,81.93961267,127.0,45.06038733,TRUE,1.0,82.99453415,44.00546585,TRUE,1.0,82.37686277,44.62313723,TRUE,1.0,0.0,1,1,A,USGS_gbHeatFlowWells_wEstimates.shp,not labeled,usgs_wellName_SVP,-98800.92419,315522.3739
7207,Point,0,1,0.0,,7207,82.28243583,104.0,21.71756417,TRUE,1.0,83.93200523,20.06799477,TRUE,1.0,81.51360133,22.48639867,TRUE,1.0,0.0,1,1,A,USGS_gbHeatFlowWells_wEstimates.shp,not labeled,usgs_wellName_WL1,-236870.8633,205753.6496
7208,Point,0,1,0.0,,7208,82.31001668,53.0,-29.31001668,FALSE,-9999.0,83.96051997,-30.96051997,FALSE,-9999.0,81.53950867,-28.53950867,FALSE,-9999.0,0.0,1,1,G,USGS_gbHeatFlowWells_wEstimates.shp,not labeled,usgs_wellName_SB36,-236628.8654,205746.5951
7209,Point,0,1,0.0,,7209,82.50029698,69.0,-13.50029698,FALSE,-9999.0,84.1618942,-15.1618942,FALSE,-9999.0,81.72583056,-12.72583056,FALSE,-9999.0,0.0,1,1,G,USGS_gbHeatFlowWells_wEstimates.shp,not labeled,usgs_wellName_17-76-18,-235812.7391,206376.9064
7210,Point,0,1,0.0,,7210,82.34989375,51.0,-31.34989375,FALSE,-9999.0,84.00882918,-33.00882918,FALSE,-9999.0,81.58700347,-30.58700347,FALSE,-9999.0,0.0,1,1,G,USGS_gbHeatFlowWells_wEstimates.shp,not labeled,usgs_wellName_17-76-19,-237388.3137,206572.3097
7211,Point,0,1,0.0,,7211,79.76237428,96.0,16.23762572,TRUE,1.0,78.29802519,17.70197481,TRUE,1.0,80.37998516,15.62001484,TRUE,1.0,0.0,1,1,A,USGS_gbHeatFlowWells_wEstimates.shp,not labeled,usgs_wellName_GVL,-49091.3377,150890.2247
7214,Point,0,1,0.0,,7214,77.95048844,623.0,545.0495116,TRUE,0.0,79.12997806,543.8700219,TRUE,0.0,78.09729709,544.9027029,TRUE,0.0,0.0,1,1,G,USGS_gbHeatFlowWells_wEstimates.shp,not labeled,usgs_wellName_TSN,49917.25518,223747.38
7221,Point,0,1,0.0,,7221,82.97189138,48.0,-34.97189138,FALSE,-9999.0,84.65128152,-36.65128152,FALSE,-9999.0,82.18680807,-34.18680807,FALSE,-9999.0,0.0,1,1,G,USGS_gbHeatFlowWells_wEstimates.shp,not labeled,usgs_wellName_SB21,-233763.0104,208298.4605
7222,Point,0,1,0.0,,7222,83.02325881,26.0,-57.02325881,FALSE,-9999.0,84.71634546,-58.71634546,FALSE,-9999.0,82.24522961,-56.24522961,FALSE,-9999.0,0.0,1,1,G,USGS_gbHeatFlowWells_wEstimates.shp,not labeled,usgs_wellName_17-76-24,-234357.1326,208932.2569
7223,Point,0,1,0.0,,7223,83.16629771,64.0,-19.16629771,FALSE,-9999.0,84.87216069,-20.87216069,FALSE,-9999.0,82.39130707,-18.39130707,FALSE,-9999.0,0.0,1,1,G,USGS_gbHeatFlowWells_wEstimates.shp,not labeled,usgs_wellName_17/20-16F16,-234329.6434,209884.4946
7224,Point,0,1,0.0,,7224,89.3517698,100.0,10.6482302,TRUE,1.0,89.76347273,10.23652727,TRUE,1.0,89.06349434,10.93650566,TRUE,1.0,0.0,1,1,A,USGS_gbHeatFlowWells_wEstimates.shp,not labeled,usgs_wellName_LAH,-159264.2991,226466.2133
7225,Point,0,1,0.0,,7225,81.37098851,73.0,-8.370988514,TRUE,1.0,81.53906319,-8.539063188,TRUE,1.0,81.26345278,-8.263452785,TRUE,1.0,0.0,1,1,A,USGS_gbHeatFlowWells_wEstimates.shp,not labeled,usgs_wellName_WON,-91307.68446,220184.9043
7228,Point,0,1,0.0,,7228,91.6969831,190.0,98.3030169,FALSE,-9999.0,91.48694584,98.51305416,FALSE,-9999.0,92.07598705,97.92401295,FALSE,-9999.0,0.0,1,1,G,USGS_gbHeatFlowWells_wEstimates.shp,not labeled,usgs_wellName_CAM,-51482.11474,270262.1544
7230,Point,0,1,0.0,,7230,80.28872556,130.0,49.71127444,TRUE,1.0,81.31941779,48.68058221,TRUE,1.0,80.83150982,49.16849018,TRUE,1.0,0.0,1,1,A,USGS_gbHeatFlowWells_wEstimates.shp,not labeled,usgs_wellName_GF1,-121835.5042,106998.0308
7232,Point,0,1,0.0,,7232,77.90663415,120.0,42.09336585,TRUE,1.0,78.48222493,41.51777507,TRUE,1.0,77.18574259,42.81425741,TRUE,1.0,0.0,1,1,A,USGS_gbHeatFlowWells_wEstimates.shp,not labeled,usgs_wellName_AUR,-161881.5334,86015.12081
7234,Point,0,1,0.0,,7234,73.49116025,62.0,-11.49116025,TRUE,1.0,73.15349512,-11.15349512,TRUE,1.0,74.16032788,-12.16032788,TRUE,1.0,0.0,1,1,A,USGS_gbHeatFlowWells_wEstimates.shp,not labeled,usgs_wellName_HC24,60111.55958,115847.0137
7235,Point,0,1,0.0,,7235,86.17228315,130.0,43.82771685,FALSE,-9999.0,86.88885164,43.11114836,FALSE,-9999.0,86.63802564,43.36197436,FALSE,-9999.0,0.0,1,1,G,USGS_gbHeatFlowWells_wEstimates.shp,not labeled,usgs_wellName_OX66-21,-78995.47171,272912.7718
7236,Point,0,1,0.0,,7236,90.1200722,158.0,67.8799278,FALSE,-9999.0,90.40051043,67.59948957,FALSE,-9999.0,90.86987019,67.13012981,FALSE,-9999.0,0.0,1,1,G,USGS_gbHeatFlowWells_wEstimates.shp,not labeled,usgs_wellName_EDV-2,-60607.87478,277422.2055
7238,Point,0,1,0.0,,7238,90.41612608,78.0,-12.41612608,TRUE,1.0,92.45423879,-14.45423879,TRUE,1.0,90.48568347,-12.48568347,TRUE,1.0,0.0,1,1,A,USGS_gbHeatFlowWells_wEstimates.shp,not labeled,usgs_wellName_DRH,53012.54248,335066.8764
7240,Point,0,1,0.0,,7240,76.59085139,84.0,7.409148614,TRUE,1.0,76.04506921,7.954930786,TRUE,1.0,78.53765847,5.462341532,TRUE,1.0,0.0,1,1,A,USGS_gbHeatFlowWells_wEstimates.shp,not labeled,usgs_wellName_KVP,-187212.6866,331107.76
7241,Point,0,1,0.0,,7241,79.24260858,85.0,5.757391419,TRUE,1.0,80.49581824,4.504181762,TRUE,1.0,78.6015154,6.3984846,TRUE,1.0,0.0,1,1,A,USGS_gbHeatFlowWells_wEstimates.shp,not labeled,usgs_wellName_PNR,-225193.2469,179820.2889
7242,Point,0,1,0.0,,7242,99.84661304,145.0,45.15338696,TRUE,1.0,98.81057914,46.18942086,TRUE,1.0,99.05677348,45.94322652,TRUE,1.0,0.0,1,1,A,USGS_gbHeatFlowWells_wEstimates.shp,not labeled,usgs_wellName_RRW,-22220.01762,280959.7843
7243,Point,0,1,0.0,,7243,80.31314383,89.0,8.686856174,TRUE,1.0,79.39699196,9.603008042,TRUE,1.0,79.29440095,9.705599049,TRUE,1.0,0.0,1,1,A,USGS_gbHeatFlowWells_wEstimates.shp,not labeled,usgs_wellName_SCP,-39528.16855,201835.4798
7248,Point,0,1,0.0,,7248,82.10587948,97.0,14.89412052,TRUE,1.0,81.58217271,15.41782729,TRUE,1.0,82.82084748,14.17915252,TRUE,1.0,0.0,1,1,A,USGS_gbHeatFlowWells_wEstimates.shp,not labeled,usgs_wellName_SVT,-152577.9373,345869.6181
7250,Point,0,1,0.0,,7250,87.6921268,113.0,25.3078732,TRUE,1.0,88.43555419,24.56444581,TRUE,1.0,85.92151576,27.07848424,TRUE,1.0,0.0,1,1,A,USGS_gbHeatFlowWells_wEstimates.shp,not labeled,usgs_wellName_TBC,-180206.9151,261839.4661
7251,Point,0,1,0.0,,7251,82.71774563,96.0,13.28225437,TRUE,1.0,84.39015038,11.60984962,TRUE,1.0,81.9390882,14.0609118,TRUE,1.0,0.0,1,1,G,USGS_gbHeatFlowWells_wEstimates.shp,not labeled,usgs_wellName_SB26,-234933.3208,207229.7095
7252,Point,0,1,0.0,,7252,97.37571301,80.0,-17.37571301,TRUE,1.0,97.80620826,-17.80620826,TRUE,1.0,96.56754822,-16.56754822,TRUE,1.0,0.0,1,1,A,USGS_gbHeatFlowWells_wEstimates.shp,not labeled,usgs_wellName_DCW,9934.439047,281122.3427
7257,Point,0,1,0.0,,7257,83.48160348,113.0,29.51839652,FALSE,-9999.0,85.21194057,27.78805943,FALSE,-9999.0,82.71171599,30.28828401,FALSE,-9999.0,0.0,1,1,G,USGS_gbHeatFlowWells_wEstimates.shp,not labeled,usgs_wellName_SB01,-234042.7719,211931.7652
7258,Point,0,1,0.0,,7258,83.48705943,21.0,-62.48705943,FALSE,-9999.0,85.21986961,-64.21986961,FALSE,-9999.0,82.71875054,-61.71875054,FALSE,-9999.0,0.0,1,1,G,USGS_gbHeatFlowWells_wEstimates.shp,not labeled,usgs_wellName_17-76-02,-234168.0963,212028.8148
7265,Point,0,1,0.0,,7265,81.93919244,119.0,37.06080756,TRUE,1.0,82.92577318,36.07422682,TRUE,1.0,81.97007232,37.02992768,TRUE,1.0,0.0,1,1,A,USGS_gbHeatFlowWells_wEstimates.shp,not labeled,usgs_wellName_SFR,-87219.00474,321549.6622
7269,Point,0,1,0.0,,7269,83.59630072,123.0,39.40369928,TRUE,1.0,84.81312388,38.18687612,TRUE,1.0,84.10292698,38.89707302,TRUE,1.0,0.0,1,1,A,USGS_gbHeatFlowWells_wEstimates.shp,not labeled,usgs_wellName_L-77,-175418.5887,162154.1849
7270,Point,0,1,0.0,,7270,83.64787875,115.0,31.35212125,TRUE,1.0,84.865198,30.134802,TRUE,1.0,84.15758743,30.84241257,TRUE,1.0,0.0,1,1,A,USGS_gbHeatFlowWells_wEstimates.shp,not labeled,usgs_wellName_L-158,-175410.5673,162527.7144
7271,Point,0,1,0.0,,7271,83.57390334,106.0,22.42609666,TRUE,1.0,84.79169281,21.20830719,TRUE,1.0,84.07986435,21.92013565,TRUE,1.0,0.0,1,1,A,USGS_gbHeatFlowWells_wEstimates.shp,not labeled,usgs_wellName_L-182,-175561.6993,162157.2605
7272,Point,0,1,0.0,,7272,88.17865546,192.0,103.8213445,FALSE,-9999.0,88.78490862,103.2150914,FALSE,-9999.0,88.89388223,103.1061178,FALSE,-9999.0,0.0,1,1,G,USGS_gbHeatFlowWells_wEstimates.shp,not labeled,usgs_wellName_DV-0401,-69775.59612,277869.9484
7273,Point,0,1,0.0,,7273,86.04011084,111.0,24.95988916,TRUE,1.0,86.25859966,24.74140034,TRUE,1.0,88.08165188,22.91834812,TRUE,1.0,0.0,1,1,A,USGS_gbHeatFlowWells_wEstimates.shp,not labeled,usgs_wellName_LMD,-129766.997,302705.479
7274,Point,0,1,0.0,,7274,87.04670867,111.0,23.95329133,TRUE,1.0,86.85819534,24.14180466,TRUE,1.0,87.76016761,23.23983239,TRUE,1.0,0.0,1,1,A,USGS_gbHeatFlowWells_wEstimates.shp,not labeled,usgs_wellName_MJ1,-124843.141,356589.2875
7275,Point,0,1,0.0,,7275,86.26064796,90.0,3.739352042,TRUE,1.0,88.02591769,1.974082309,TRUE,1.0,85.57095523,4.42904477,TRUE,1.0,0.0,1,1,A,USGS_gbHeatFlowWells_wEstimates.shp,not labeled,usgs_wellName_RH9,-209975.1937,264801.7375
7277,Point,0,1,0.0,,7277,85.10215095,215.0,129.8978491,TRUE,0.000636922,85.09145575,129.9085443,TRUE,0.000636295,86.00981256,128.9901874,TRUE,0.000692457,0.0,1,1,A,USGS_gbHeatFlowWells_wEstimates.shp,not labeled,usgs_wellName_PMS,-170521.4364,291701.6197
7278,Point,0,1,0.0,,7278,83.81767102,105.0,21.18232898,TRUE,1.0,85.52737917,19.47262083,TRUE,1.0,83.04651432,21.95348568,TRUE,1.0,0.0,1,1,A,USGS_gbHeatFlowWells_wEstimates.shp,not labeled,usgs_wellName_17-76-01,-230723.1093,212528.0992
