link_id,z,kind,gap_km,ang_src,ang_tgt,mutual,strike,strike_compat,size_src_km,size_tgt_km,merged_km,dots,base_overlap,dots_near_h19_5_raw_px3,third_system_contact,fid_src,fid_tgt,same_fid,name_src,name_tgt,same_name,num_src,num_tgt,ftype_src,ftype_tgt,slipsense_src,slipsense_tgt,dipdirect_src,dipdirect_tgt,mapscale_src,mapscale_tgt,kinematic_compat,review_class,setting_hint,nbmg_source_layer_url,setting_context_url,bridge,merge_len_km,delta_largest_share,delta_P,delta_second_moment_km2,connectivity_rank,lon_a,lat_a,lon_b,lat_b,e_row,e_col,q_row,q_col
T27-0001,5,end-to-end,1.0,7.125,7.125,True,0.0,0.52,1.841,1.824,4.666,3,1.0,3,False,486,486,True,Jersey Valley fault zone,Jersey Valley fault zone,True,1144,1144,Well Constrained,Well Constrained,N,N,W,W,250,250,True,same-FID_multipart-continuity,"along-strike endpoint gap; assess continuation, relay, or cartographic segmentation",https://web2.nbmg.unr.edu/arcgis/rest/services/Qfaults/Qfaults_INGENIOUS/MapServer/0,https://www.osti.gov/servlets/purl/1724082,True,4.666,-1e-06,0.005855,15.0498,110,-117.47214,40.17241,-117.47207,40.1634,615,2164,625,2164
T27-0002,5,end-to-end,1.005,1.414,26.267,True,174.289,0.501,1.607,2.831,5.443,3,0.333,1,False,338,338,True,Edna Mountain fault,Edna Mountain fault,True,1137,1137,Well Constrained,Well Constrained,N,N,NE,NE,250,250,True,same-FID_multipart-continuity,"along-strike endpoint gap; assess continuation, relay, or cartographic segmentation",https://web2.nbmg.unr.edu/arcgis/rest/services/Qfaults/Qfaults_INGENIOUS/MapServer/0,https://www.osti.gov/servlets/purl/1724082,True,5.443,-1e-06,0.0,19.0319,314,-117.53118,40.66315,-117.52993,40.65414,70,2117,80,2118
T27-0003,5,end-to-end,1.005,5.711,8.326,True,5.711,0.425,0.9,1.666,3.571,3,1.0,3,False,1321,1321,True,Unnamed faults in Pine valley,Unnamed faults in Pine valley,True,1159,1159,Well Constrained,Well Constrained,N,N,Unspecified,Unspecified,250,250,True,same-FID_multipart-continuity,"along-strike endpoint gap; assess continuation, relay, or cartographic segmentation",https://web2.nbmg.unr.edu/arcgis/rest/services/Qfaults/Qfaults_INGENIOUS/MapServer/0,https://www.osti.gov/servlets/purl/1724082,True,3.571,-1e-06,0.005855,9.1652,134,-116.17938,40.33984,-116.18066,40.33084,427,3263,437,3262
T27-0004,5,end-to-end,1.005,12.836,15.173,True,174.289,0.491,1.466,0.724,3.195,3,0.667,2,False,544,544,True,Louderback Mountains fault,Louderback Mountains fault,True,1689,1689,Well Constrained,Well Constrained,RL,RL,Unspecified,Unspecified,250,250,True,same-FID_multipart-continuity,"along-strike endpoint gap; assess continuation, relay, or cartographic segmentation",https://web2.nbmg.unr.edu/arcgis/rest/services/Qfaults/Qfaults_INGENIOUS/MapServer/0,https://www.osti.gov/servlets/purl/1724082,True,3.195,-1e-06,0.005855,7.5348,140,-118.14367,39.45235,-118.14236,39.44335,1409,1582,1419,1583
T27-0005,5,end-to-end,1.02,9.246,9.246,True,11.31,0.634,0.924,1.424,3.368,3,1.0,3,False,486,486,True,Jersey Valley fault zone,Jersey Valley fault zone,True,1144,1144,Well Constrained,Well Constrained,N,N,W,W,250,250,True,same-FID_multipart-continuity,"along-strike endpoint gap; assess continuation, relay, or cartographic segmentation",https://web2.nbmg.unr.edu/arcgis/rest/services/Qfaults/Qfaults_INGENIOUS/MapServer/0,https://www.osti.gov/servlets/purl/1724082,True,3.368,-1e-06,-0.005855,201.8179,15,-117.5501,40.08287,-117.55238,40.07385,714,2097,724,2095
T27-0006,5,end-to-end,1.044,3.857,6.499,True,16.699,0.539,3.756,0.824,5.624,3,0.667,2,False,1302,1302,True,Unnamed faults in Gabbs Valley,Unnamed faults in Gabbs Valley,True,1313,1313,Well Constrained,Well Constrained,N,N,Unspecified,Unspecified,250,250,True,same-FID_multipart-continuity,"along-strike endpoint gap; assess continuation, relay, or cartographic segmentation",https://web2.nbmg.unr.edu/arcgis/rest/services/Qfaults/Qfaults_INGENIOUS/MapServer/0,https://www.osti.gov/servlets/purl/1724082,True,5.624,-1e-06,0.0,16.8444,319,-118.10242,38.97157,-118.10574,38.96253,1943,1611,1953,1608
T27-0007,5,end-to-end,1.077,5.856,10.67,True,158.199,0.615,0.783,4.497,6.357,3,0.667,2,False,1307,1307,True,Unnamed faults in Gabbs Valley Range,Unnamed faults in Gabbs Valley Range,True,1314,1314,Well Constrained,Well Constrained,N,N,Unspecified,Unspecified,250,250,True,same-FID_multipart-continuity,"along-strike endpoint gap; assess continuation, relay, or cartographic segmentation",https://web2.nbmg.unr.edu/arcgis/rest/services/Qfaults/Qfaults_INGENIOUS/MapServer/0,https://www.osti.gov/servlets/purl/1724082,True,6.357,-1e-06,0.0,19.5742,312,-118.05103,38.5386,-118.04631,38.52963,2424,1650,2434,1654
T27-0008,5,end-to-end,1.131,4.399,0.0,True,45.0,0.403,0.949,1.049,3.128,2,1.0,2,False,1582,1582,True,Western Humboldt Range fault zone,Western Humboldt Range fault zone,True,1635,1635,Well Constrained,Well Constrained,N,N,W,W,250,250,True,same-FID_multipart-continuity,"along-strike endpoint gap; assess continuation, relay, or cartographic segmentation",https://web2.nbmg.unr.edu/arcgis/rest/services/Qfaults/Qfaults_INGENIOUS/MapServer/0,https://www.osti.gov/servlets/purl/1724082,True,3.128,-1e-06,0.005855,7.7879,138,-118.10678,40.63114,-118.11612,40.62384,101,1630,109,1622
T27-0009,5,end-to-end,1.2,14.036,8.13,True,0.0,0.401,3.397,0.741,5.338,3,0.0,0,False,1306,1303,False,Unnamed faults in Gabbs Valley,Unnamed faults in Gabbs Valley,True,1313,1313,Moderately Constrained,Well Constrained,N,N,Unspecified,Unspecified,250,250,True,H27-5b_inter-FID_same-name_kinematic-compatible,"along-strike endpoint gap; assess continuation, relay, or cartographic segmentation",https://web2.nbmg.unr.edu/arcgis/rest/services/Qfaults/Qfaults_INGENIOUS/MapServer/0,https://www.osti.gov/servlets/purl/1724082,True,5.338,-1e-06,0.0,16.4096,321,-118.06262,39.01159,-118.06246,39.00078,1899,1646,1911,1646
T27-0010,5,end-to-end,1.204,11.889,15.792,True,4.764,0.489,1.141,0.924,3.27,3,0.0,0,False,906,906,True,Southeast Fish Creek Mountains fault,Southeast Fish Creek Mountains fault,True,1147,1147,Well Constrained,Well Constrained,N,N,SE,SE,250,250,True,same-FID_multipart-continuity,"along-strike endpoint gap; assess continuation, relay, or cartographic segmentation",https://web2.nbmg.unr.edu/arcgis/rest/services/Qfaults/Qfaults_INGENIOUS/MapServer/0,https://www.osti.gov/servlets/purl/1724082,True,3.27,-1e-06,0.0,27.4544,285,-117.1961,40.15789,-117.19724,40.14708,632,2399,644,2398
T27-0011,5,end-to-end,1.208,9.246,1.245,True,24.444,0.629,0.383,0.824,2.415,3,0.0,0,False,862,862,True,Shoshone Range fault zone,Shoshone Range fault zone,True,1148,1148,Well Constrained,Well Constrained,N,N,NW,NW,250,250,True,same-FID_multipart-continuity,"along-strike endpoint gap; assess continuation, relay, or cartographic segmentation",https://web2.nbmg.unr.edu/arcgis/rest/services/Qfaults/Qfaults_INGENIOUS/MapServer/0,https://www.osti.gov/servlets/purl/1724082,True,2.415,-1e-06,0.005855,5.0082,153,-117.02473,40.35446,-117.03061,40.34455,414,2545,425,2540
T27-0012,5,end-to-end,1.217,9.462,2.337,True,9.462,0.512,1.5,2.066,4.782,3,0.0,0,False,205,205,True,Dry Moumtain fault,Dry Moumtain fault,True,1618,1618,Well Constrained,Well Constrained,N,N,Unspecified,Unspecified,250,250,True,same-FID_multipart-continuity,"along-strike endpoint gap; assess continuation, relay, or cartographic segmentation",https://web2.nbmg.unr.edu/arcgis/rest/services/Qfaults/Qfaults_INGENIOUS/MapServer/0,https://www.osti.gov/servlets/purl/1724082,True,4.782,-1e-06,0.0,16.3527,322,-119.06441,40.55043,-119.06643,40.53958,176,818,188,816
T27-0013,5,end-to-end,1.217,1.332,9.462,True,9.462,0.488,0.741,0.7,2.658,3,0.667,2,False,862,863,False,Shoshone Range fault zone,Shoshone Range fault zone,True,1148,1148,Well Constrained,Moderately Constrained,N,N,NW,NW,250,250,True,H27-5b_inter-FID_same-name_kinematic-compatible,"along-strike endpoint gap; assess continuation, relay, or cartographic segmentation",https://web2.nbmg.unr.edu/arcgis/rest/services/Qfaults/Qfaults_INGENIOUS/MapServer/0,https://www.osti.gov/servlets/purl/1724082,True,2.658,-1e-06,0.0,42.0263,236,-117.07997,40.26434,-117.08231,40.25353,514,2498,526,2496
T27-0014,5,end-to-end,1.389,1.749,3.691,True,149.744,0.442,1.59,1.69,4.669,3,0.0,0,False,796,796,True,SW Warm Springs Valley fault,SW Warm Springs Valley fault,True,1659,1659,Well Constrained,Well Constrained,N,N,Unspecified,Unspecified,250,250,True,same-FID_multipart-continuity,"along-strike endpoint gap; assess continuation, relay, or cartographic segmentation",https://web2.nbmg.unr.edu/arcgis/rest/services/Qfaults/Qfaults_INGENIOUS/MapServer/0,https://www.osti.gov/servlets/purl/1724082,True,4.669,-1e-06,0.0,43.2654,232,-119.58373,39.73826,-119.57517,39.72764,1066,352,1078,359
T27-0015,5,end-to-end,1.393,5.528,15.832,True,21.038,0.682,1.107,1.049,3.548,4,0.0,0,False,856,856,True,Seven Troughs Range fault zone,Seven Troughs Range fault zone,True,1627,1627,Well Constrained,Well Constrained,N,N,E,E,250,250,True,same-FID_multipart-continuity,"along-strike endpoint gap; assess continuation, relay, or cartographic segmentation",https://web2.nbmg.unr.edu/arcgis/rest/services/Qfaults/Qfaults_INGENIOUS/MapServer/0,https://www.osti.gov/servlets/purl/1724082,True,3.548,-1e-06,0.005855,10.2666,130,-118.71254,40.55258,-118.71814,40.54078,180,1116,193,1111
T27-0016,5,end-to-end,1.4,11.31,14.036,True,0.0,0.549,0.541,2.249,4.19,4,0.0,0,False,1576,1577,False,Western Fairview Peak fault,Western Fairview Peak fault,True,1686,1686,Well Constrained,Moderately Constrained,N,N,Unspecified,Unspecified,250,250,True,H27-5b_inter-FID_same-name_kinematic-compatible,"along-strike endpoint gap; assess continuation, relay, or cartographic segmentation",https://web2.nbmg.unr.edu/arcgis/rest/services/Qfaults/Qfaults_INGENIOUS/MapServer/0,https://www.osti.gov/servlets/purl/1724082,True,4.19,-1e-06,0.0,12.2067,330,-118.17512,39.38716,-118.17491,39.37455,1481,1554,1495,1554
T27-0017,5,end-to-end,1.487,1.219,20.947,True,19.654,0.676,0.341,2.949,4.777,4,0.5,2,False,189,189,True,"Dixie Valley fault zone, ""1954"" section","Dixie Valley fault zone, ""1954"" section",True,1687b,1687b,Well Constrained,Well Constrained,N,N,Unspecified,Unspecified,250,250,True,same-FID_multipart-continuity,"along-strike endpoint gap; assess continuation, relay, or cartographic segmentation",https://web2.nbmg.unr.edu/arcgis/rest/services/Qfaults/Qfaults_INGENIOUS/MapServer/0,https://www.osti.gov/servlets/purl/1724082,True,4.777,-2e-06,0.0,14.0051,328,-118.19666,39.49236,-118.20225,39.47969,1364,1537,1378,1532
T27-0018,5,end-to-end,1.513,6.442,18.97,True,7.595,0.495,1.466,0.966,3.945,4,0.0,0,False,2669,1576,False,Fairview fault zone,Western Fairview Peak fault,False,1690,1686,Well Constrained,Well Constrained,N,N,Unspecified,Unspecified,100,250,True,inter-FID_other-name_kinematic-compatible,"along-strike endpoint gap; assess continuation, relay, or cartographic segmentation",https://web2.nbmg.unr.edu/arcgis/rest/services/Qfaults/Qfaults_INGENIOUS/MapServer/0,https://www.osti.gov/servlets/purl/1724082,True,3.945,-2e-06,0.005855,12.4794,123,-118.20692,39.07507,-118.209,39.06153,1827,1522,1842,1520
T27-0019,5,end-to-end,1.526,0.644,17.791,True,148.392,0.58,0.624,2.663,4.813,4,0.25,1,False,1555,1561,False,Wassuk Range fault zone,Wassuk Range fault zone,True,1300,1300,Well Constrained,Moderately Constrained,N,N,Unspecified,Unspecified,250,250,True,H27-5b_inter-FID_same-name_kinematic-compatible,"along-strike endpoint gap; assess continuation, relay, or cartographic segmentation",https://web2.nbmg.unr.edu/arcgis/rest/services/Qfaults/Qfaults_INGENIOUS/MapServer/0,https://www.osti.gov/servlets/purl/1724082,True,4.813,-2e-06,0.0,15.6893,324,-118.90958,39.02603,-118.90003,39.01447,1871,913,1884,921
T27-0020,5,end-to-end,1.603,3.576,17.613,True,176.424,0.427,1.641,3.721,6.966,5,0.8,5,False,1582,1582,True,Western Humboldt Range fault zone,Western Humboldt Range fault zone,True,1635,1635,Well Constrained,Well Constrained,N,N,W,W,250,250,True,same-FID_multipart-continuity,"along-strike endpoint gap; assess continuation, relay, or cartographic segmentation",https://web2.nbmg.unr.edu/arcgis/rest/services/Qfaults/Qfaults_INGENIOUS/MapServer/0,https://www.osti.gov/servlets/purl/1724082,True,6.966,-2e-06,0.0,31.9808,265,-118.35812,40.25369,-118.35665,40.2393,517,1411,533,1412
T27-0021,5,end-to-end,1.603,3.576,3.576,True,3.576,0.544,1.0,1.641,4.245,5,0.8,4,False,630,630,True,Nightingale Mountains fault zone,Nightingale Mountains fault zone,True,1614,1614,Well Constrained,Well Constrained,N,N,W,W,250,250,True,same-FID_multipart-continuity,"along-strike endpoint gap; assess continuation, relay, or cartographic segmentation",https://web2.nbmg.unr.edu/arcgis/rest/services/Qfaults/Qfaults_INGENIOUS/MapServer/0,https://www.osti.gov/servlets/purl/1724082,True,4.245,-2e-06,0.005855,14.3219,113,-119.28504,40.23099,-119.28573,40.21657,526,622,542,621
T27-0022,5,end-to-end,1.612,2.261,15.709,True,29.745,0.466,1.39,2.649,5.651,4,0.5,2,False,1505,1505,True,Unnamed faults southwestern Stillwater Range,Unnamed faults southwestern Stillwater Range,True,1683,1683,Well Constrained,Well Constrained,N,N,Unspecified,Unspecified,250,250,True,same-FID_multipart-continuity,"along-strike endpoint gap; assess continuation, relay, or cartographic segmentation",https://web2.nbmg.unr.edu/arcgis/rest/services/Qfaults/Qfaults_INGENIOUS/MapServer/0,https://www.osti.gov/servlets/purl/1724082,True,5.651,-2e-06,0.0,22.9863,299,-118.41762,39.43581,-118.42666,39.42309,1424,1346,1438,1338
T27-0023,5,end-to-end,1.655,10.521,16.169,True,25.017,0.642,2.256,1.09,5.001,4,0.75,3,False,856,856,True,Seven Troughs Range fault zone,Seven Troughs Range fault zone,True,1627,1627,Well Constrained,Well Constrained,N,N,E,E,250,250,True,same-FID_multipart-continuity,"along-strike endpoint gap; assess continuation, relay, or cartographic segmentation",https://web2.nbmg.unr.edu/arcgis/rest/services/Qfaults/Qfaults_INGENIOUS/MapServer/0,https://www.osti.gov/servlets/purl/1724082,True,5.001,-2e-06,0.0,18.7329,315,-118.7572,40.45372,-118.76509,40.44008,289,1076,304,1069
T27-0024,5,end-to-end,1.664,12.179,4.135,True,32.735,0.56,1.307,1.307,4.279,4,0.0,0,False,98,98,True,Carico Lake Valley fault zone,Carico Lake Valley fault zone,True,1155,1155,Well Constrained,Well Constrained,N,N,Unspecified,Unspecified,250,250,True,same-FID_multipart-continuity,"along-strike endpoint gap; assess continuation, relay, or cartographic segmentation",https://web2.nbmg.unr.edu/arcgis/rest/services/Qfaults/Qfaults_INGENIOUS/MapServer/0,https://www.osti.gov/servlets/purl/1724082,True,4.279,-2e-06,0.005855,14.8889,111,-116.82613,40.18946,-116.83674,40.17686,597,2714,611,2705
T27-0025,5,end-to-end,1.703,3.366,17.403,True,3.366,0.404,0.8,3.207,5.71,5,0.0,0,False,804,806,False,Sagouse fault zone,Sagouse fault zone,True,1677,1677,Well Constrained,Moderately Constrained,N,N,Unspecified,Unspecified,250,250,True,H27-5b_inter-FID_same-name_kinematic-compatible,"along-strike endpoint gap; assess continuation, relay, or cartographic segmentation",https://web2.nbmg.unr.edu/arcgis/rest/services/Qfaults/Qfaults_INGENIOUS/MapServer/0,https://www.osti.gov/servlets/purl/1724082,True,5.71,-2e-06,-0.005855,44.3971,70,-118.8001,39.62423,-118.80087,39.6089,1209,1021,1226,1020
T27-0026,5,end-to-end,1.789,12.529,6.009,True,26.565,0.528,1.024,1.224,4.037,5,0.6,3,False,338,338,True,Edna Mountain fault,Edna Mountain fault,True,1137,1137,Well Constrained,Well Constrained,N,N,NE,NE,250,250,True,same-FID_multipart-continuity,"along-strike endpoint gap; assess continuation, relay, or cartographic segmentation",https://web2.nbmg.unr.edu/arcgis/rest/services/Qfaults/Qfaults_INGENIOUS/MapServer/0,https://www.osti.gov/servlets/purl/1724082,True,4.037,-2e-06,0.005855,13.7525,118,-117.52441,40.70462,-117.53376,40.69016,24,2123,40,2115
T27-0027,5,end-to-end,1.803,11.31,1.685,True,146.31,0.575,1.049,1.914,4.766,4,0.0,0,False,409,409,True,Gumdrop Hills fault zone,Gumdrop Hills fault zone,True,1309,1309,Well Constrained,Well Constrained,RL,RL,SW,SW,250,250,True,same-FID_multipart-continuity,"along-strike endpoint gap; assess continuation, relay, or cartographic segmentation",https://web2.nbmg.unr.edu/arcgis/rest/services/Qfaults/Qfaults_INGENIOUS/MapServer/0,https://www.osti.gov/servlets/purl/1724082,True,4.766,-2e-06,0.0,39.6347,248,-118.31403,38.67832,-118.30229,38.66494,2266,1423,2281,1433
T27-0028,5,end-to-end,1.965,7.619,14.744,True,14.744,0.647,2.59,1.3,5.855,6,0.667,4,False,855,855,True,Selenite Range fault zone,Selenite Range fault zone,True,1617,1617,Well Constrained,Well Constrained,N,N,W,W,250,250,True,same-FID_multipart-continuity,"along-strike endpoint gap; assess continuation, relay, or cartographic segmentation",https://web2.nbmg.unr.edu/arcgis/rest/services/Qfaults/Qfaults_INGENIOUS/MapServer/0,https://www.osti.gov/servlets/purl/1724082,True,5.855,-2e-06,-0.005855,59.4445,61,-119.29692,40.47758,-119.30223,40.46036,252,619,271,614
T27-0029,5,end-to-end,1.97,8.043,7.001,True,23.962,0.611,5.321,0.624,7.915,5,1.0,5,False,660,659,False,Northern Fish Creek Mountains faults,Northern Fish Creek Mountains faults,True,1146,1146,Moderately Constrained,Well Constrained,N,N,E,E,250,250,True,H27-5b_inter-FID_same-name_kinematic-compatible,"along-strike endpoint gap; assess continuation, relay, or cartographic segmentation",https://web2.nbmg.unr.edu/arcgis/rest/services/Qfaults/Qfaults_INGENIOUS/MapServer/0,https://www.osti.gov/servlets/purl/1724082,True,7.915,-2e-06,0.0,33.9467,257,-117.24166,40.42448,-117.25103,40.40824,336,2361,354,2353
T27-0030,5,end-to-end,2.062,8.797,22.834,True,22.834,0.629,1.024,0.8,3.886,6,0.833,5,False,1229,1229,True,Unnamed fault zone on east side of Selenite Range,Unnamed fault zone on east side of Selenite Range,True,1616,1616,Well Constrained,Well Constrained,N,N,E,E,250,250,True,same-FID_multipart-continuity,"along-strike endpoint gap; assess continuation, relay, or cartographic segmentation",https://web2.nbmg.unr.edu/arcgis/rest/services/Qfaults/Qfaults_INGENIOUS/MapServer/0,https://www.osti.gov/servlets/purl/1724082,True,3.886,-2e-06,0.005855,13.4105,119,-119.22178,40.63128,-119.23067,40.61399,83,687,102,679
T27-0031,5,end-to-end,2.088,6.499,16.699,True,16.699,0.651,0.824,0.4,3.312,6,0.667,4,False,263,263,True,Eastern Carson Sink fault zone,Eastern Carson Sink fault zone,True,1684,1684,Well Constrained,Well Constrained,N,N,W,W,250,250,True,same-FID_multipart-continuity,"along-strike endpoint gap; assess continuation, relay, or cartographic segmentation",https://web2.nbmg.unr.edu/arcgis/rest/services/Qfaults/Qfaults_INGENIOUS/MapServer/0,https://www.osti.gov/servlets/purl/1724082,True,3.312,-2e-06,0.0,34.0483,256,-118.2969,39.69221,-118.30355,39.67411,1141,1454,1161,1448
T27-0032,5,end-to-end,2.138,10.784,22.906,True,10.784,0.497,3.249,0.383,5.769,6,0.0,0,False,862,862,True,Shoshone Range fault zone,Shoshone Range fault zone,True,1148,1148,Well Constrained,Well Constrained,N,N,NW,NW,250,250,True,same-FID_multipart-continuity,"along-strike endpoint gap; assess continuation, relay, or cartographic segmentation",https://web2.nbmg.unr.edu/arcgis/rest/services/Qfaults/Qfaults_INGENIOUS/MapServer/0,https://www.osti.gov/servlets/purl/1724082,True,5.769,-2e-06,0.0,22.5833,300,-117.09772,40.3355,-117.1024,40.31658,435,2483,456,2479
T27-0033,5,end-to-end,2.22,0.64,14.036,True,172.235,0.453,1.483,0.583,4.286,7,0.0,0,False,82,82,True,Buffalo Valley fault zone,Buffalo Valley fault zone,True,1140,1140,Well Constrained,Well Constrained,N,N,E,E,250,250,True,same-FID_multipart-continuity,"along-strike endpoint gap; assess continuation, relay, or cartographic segmentation",https://web2.nbmg.unr.edu/arcgis/rest/services/Qfaults/Qfaults_INGENIOUS/MapServer/0,https://www.osti.gov/servlets/purl/1724082,True,4.286,-2e-06,0.005855,15.8317,107,-117.38074,40.62861,-117.37708,40.6088,109,2244,131,2247
T27-0034,5,end-to-end,2.341,12.858,9.762,True,19.983,0.637,1.241,0.924,4.507,7,1.0,7,False,76,76,True,Buena Vista Valley fault zone,Buena Vista Valley fault zone,True,1638,1638,Well Constrained,Well Constrained,N,N,W,W,250,250,True,same-FID_multipart-continuity,"along-strike endpoint gap; assess continuation, relay, or cartographic segmentation",https://web2.nbmg.unr.edu/arcgis/rest/services/Qfaults/Qfaults_INGENIOUS/MapServer/0,https://www.osti.gov/servlets/purl/1724082,True,4.507,-2e-06,0.0,72.3369,187,-117.8739,40.17998,-117.88304,40.16009,604,1822,626,1814
T27-0035,5,end-to-end,2.441,8.427,16.557,True,145.008,0.576,2.756,0.683,5.88,6,1.0,6,False,29,29,True,Benton Spring fault,Benton Spring fault,True,1320,1320,Well Constrained,Well Constrained,RL,RL,Unspecified,Unspecified,250,250,True,same-FID_multipart-continuity,"along-strike endpoint gap; assess continuation, relay, or cartographic segmentation",https://web2.nbmg.unr.edu/arcgis/rest/services/Qfaults/Qfaults_INGENIOUS/MapServer/0,https://www.osti.gov/servlets/purl/1724082,False,5.88,1e-06,0.0,-8.5795,338,-118.04122,38.33502,-118.02495,38.31714,2650,1656,2670,1670
T27-0036,5,end-to-end,2.476,9.767,26.081,True,133.363,0.466,2.097,0.924,5.497,5,0.0,0,False,31,31,True,Benton Spring fault,Benton Spring fault,True,1320,1320,Well Constrained,Well Constrained,RL,RL,Unspecified,Unspecified,250,250,True,same-FID_multipart-continuity,"along-strike endpoint gap; assess continuation, relay, or cartographic segmentation",https://web2.nbmg.unr.edu/arcgis/rest/services/Qfaults/Qfaults_INGENIOUS/MapServer/0,https://www.osti.gov/servlets/purl/1724082,True,5.497,-3e-06,0.0,47.1876,227,-118.34848,38.79868,-118.32748,38.7836,2132,1395,2149,1413
T27-0037,5,end-to-end,2.5,2.224,10.305,True,16.26,0.535,2.19,1.89,6.58,7,0.429,3,False,1243,1243,True,Unnamed fault zone southeastern Truckee Range,Unnamed fault zone southeastern Truckee Range,True,1672,1672,Well Constrained,Well Constrained,N,N,SE,SE,250,250,True,same-FID_multipart-continuity,"along-strike endpoint gap; assess continuation, relay, or cartographic segmentation",https://web2.nbmg.unr.edu/arcgis/rest/services/Qfaults/Qfaults_INGENIOUS/MapServer/0,https://www.osti.gov/servlets/purl/1724082,True,6.58,-3e-06,-0.005855,205.9573,14,-119.07728,39.77636,-119.08479,39.75461,1035,787,1059,780
T27-0038,5,end-to-end,2.55,0.0,9.246,True,11.31,0.453,0.541,2.09,5.181,8,0.5,4,False,1209,1209,True,Unnamed fault zone near Little Valley,Unnamed fault zone near Little Valley,True,1670,1670,Well Constrained,Well Constrained,N,N,Unspecified,Unspecified,250,250,True,same-FID_multipart-continuity,"along-strike endpoint gap; assess continuation, relay, or cartographic segmentation",https://web2.nbmg.unr.edu/arcgis/rest/services/Qfaults/Qfaults_INGENIOUS/MapServer/0,https://www.osti.gov/servlets/purl/1724082,True,5.181,-3e-06,0.0,22.1805,303,-119.21344,39.7261,-119.21855,39.70348,1088,669,1113,664
T27-0039,5,end-to-end,2.693,10.773,9.273,True,31.329,0.679,1.166,3.121,6.98,7,0.0,0,False,519,519,True,Kumiva Valley fault zone,Kumiva Valley fault zone,True,1619,1619,Well Constrained,Well Constrained,N,N,SE,SE,250,250,True,same-FID_multipart-continuity,"along-strike endpoint gap; assess continuation, relay, or cartographic segmentation",https://web2.nbmg.unr.edu/arcgis/rest/services/Qfaults/Qfaults_INGENIOUS/MapServer/0,https://www.osti.gov/servlets/purl/1724082,True,6.98,-3e-06,-0.005855,83.386,45,-119.0726,40.43318,-119.08846,40.41217,306,808,329,794
T27-0040,5,end-to-end,2.702,6.009,2.121,True,141.009,0.488,0.566,2.097,5.365,6,0.0,0,False,31,33,False,Benton Spring fault,Benton Spring fault,True,1320,1320,Well Constrained,Moderately Constrained,RL,RL,Unspecified,Unspecified,250,250,True,H27-5b_inter-FID_same-name_kinematic-compatible,"along-strike endpoint gap; assess continuation, relay, or cartographic segmentation",https://web2.nbmg.unr.edu/arcgis/rest/services/Qfaults/Qfaults_INGENIOUS/MapServer/0,https://www.osti.gov/servlets/purl/1724082,True,5.365,-3e-06,0.0,46.2814,230,-118.38251,38.83163,-118.36257,38.81294,2095,1366,2116,1383
T27-0041,5,end-to-end,2.707,4.236,27.769,True,4.236,0.519,0.3,1.873,4.88,8,0.25,2,False,730,2668,False,"Pleasant Valley fault zone, Sou Hills section","Dixie Valley fault zone, Stillwater seismic gap section",False,1136d,1687a,Well Constrained,Well Constrained,N,N,NW,Unspecified,250,250,True,inter-FID_other-name_kinematic-compatible,"along-strike endpoint gap; assess continuation, relay, or cartographic segmentation",https://web2.nbmg.unr.edu/arcgis/rest/services/Qfaults/Qfaults_INGENIOUS/MapServer/0,https://www.osti.gov/servlets/purl/1724082,True,4.88,-3e-06,0.005855,20.2189,98,-117.75337,40.11506,-117.75545,40.09072,677,1924,704,1922
T27-0042,5,end-to-end,2.759,6.661,1.469,True,46.469,0.477,0.583,0.907,4.249,6,0.0,0,False,199,200,False,Dry Hills faults,Dry Hills faults,True,1153,1153,Well Constrained,Moderately Constrained,N,N,NW,NW,250,250,True,H27-5b_inter-FID_same-name_kinematic-compatible,"along-strike endpoint gap; assess continuation, relay, or cartographic segmentation",https://web2.nbmg.unr.edu/arcgis/rest/services/Qfaults/Qfaults_INGENIOUS/MapServer/0,https://www.osti.gov/servlets/purl/1724082,True,4.249,-3e-06,0.0,70.7539,189,-116.38739,40.5114,-116.41115,40.4944,238,3085,257,3065
T27-0043,5,end-to-end,2.915,8.13,30.964,True,5.906,0.555,1.424,2.297,6.637,9,0.222,2,False,1506,1505,False,Unnamed faults southwestern Stillwater Range,Unnamed faults southwestern Stillwater Range,True,1683,1683,Moderately Constrained,Well Constrained,N,N,Unspecified,Unspecified,250,250,True,H27-5b_inter-FID_same-name_kinematic-compatible,"along-strike endpoint gap; assess continuation, relay, or cartographic segmentation",https://web2.nbmg.unr.edu/arcgis/rest/services/Qfaults/Qfaults_INGENIOUS/MapServer/0,https://www.osti.gov/servlets/purl/1724082,True,6.637,-3e-06,-0.005855,70.01,54,-118.41918,39.39795,-118.42213,39.37179,1466,1344,1495,1341
T27-0044,5,end-to-end,3.758,11.669,2.003,True,25.201,0.518,1.049,0.824,5.63,11,1.0,11,False,263,263,True,Eastern Carson Sink fault zone,Eastern Carson Sink fault zone,True,1684,1684,Well Constrained,Well Constrained,N,N,W,W,250,250,True,same-FID_multipart-continuity,"along-strike endpoint gap; assess continuation, relay, or cartographic segmentation",https://web2.nbmg.unr.edu/arcgis/rest/services/Qfaults/Qfaults_INGENIOUS/MapServer/0,https://www.osti.gov/servlets/purl/1724082,True,5.63,-4e-06,0.0,53.8393,213,-118.27542,39.72939,-118.29352,39.69855,1100,1473,1134,1457
T27-0045,5,end-to-end,3.905,5.194,19.25,True,39.806,0.456,0.566,1.266,5.736,9,0.444,4,False,1241,1241,True,Unnamed fault zone southeastern Truckee Range,Unnamed fault zone southeastern Truckee Range,True,1672,1672,Well Constrained,Well Constrained,N,N,SE,SE,250,250,True,same-FID_multipart-continuity,"along-strike endpoint gap; assess continuation, relay, or cartographic segmentation",https://web2.nbmg.unr.edu/arcgis/rest/services/Qfaults/Qfaults_INGENIOUS/MapServer/0,https://www.osti.gov/servlets/purl/1724082,True,5.736,-4e-06,0.005855,30.9854,83,-118.95486,39.86498,-118.98329,39.83747,939,894,969,869
T27-0046,4,end-to-end,1.0,1.79,32.574,False,36.87,0.544,0.666,1.066,2.731,2,0.0,0,False,199,199,True,Dry Hills faults,Dry Hills faults,True,1153,1153,Well Constrained,Well Constrained,N,N,NW,NW,250,250,True,same-FID_multipart-continuity,"along-strike endpoint gap; assess continuation, relay, or cartographic segmentation",https://web2.nbmg.unr.edu/arcgis/rest/services/Qfaults/Qfaults_INGENIOUS/MapServer/0,https://www.osti.gov/servlets/purl/1724082,True,2.731,-1e-06,0.005855,5.8816,145,-116.474,40.45507,-116.46687,40.46224,301,3012,293,3018
T27-0047,4,end-to-end,1.0,7.125,18.435,True,90.0,0.223,2.049,0.683,3.731,3,0.333,2,False,671,670,False,Northern Simpson Park Mountains fault zone,Northern Simpson Park Mountains fault zone,True,1158,1158,Moderately Constrained,Well Constrained,N,N,N,N,250,250,True,H27-5b_inter-FID_same-name_kinematic-compatible,"along-strike endpoint gap; assess continuation, relay, or cartographic segmentation",https://web2.nbmg.unr.edu/arcgis/rest/services/Qfaults/Qfaults_INGENIOUS/MapServer/0,https://www.osti.gov/servlets/purl/1724082,True,3.731,-1e-06,0.0,9.2604,337,-116.37268,40.06176,-116.36095,40.06169,737,3101,737,3111
T27-0048,4,end-to-end,1.005,29.827,20.854,True,5.711,0.57,4.946,1.207,7.158,3,0.667,2,False,82,82,True,Buffalo Valley fault zone,Buffalo Valley fault zone,True,1140,1140,Well Constrained,Well Constrained,N,N,E,E,250,250,True,same-FID_multipart-continuity,"along-strike endpoint gap; assess continuation, relay, or cartographic segmentation",https://web2.nbmg.unr.edu/arcgis/rest/services/Qfaults/Qfaults_INGENIOUS/MapServer/0,https://www.osti.gov/servlets/purl/1724082,True,7.158,-1e-06,0.0,25.3165,293,-117.38985,40.56912,-117.39098,40.56011,175,2236,185,2235
T27-0049,4,end-to-end,1.005,12.724,2.42,False,5.711,0.607,0.341,0.741,2.088,3,0.0,0,False,191,191,True,"Dixie Valley fault zone, ""1954"" section","Dixie Valley fault zone, ""1954"" section",True,1687b,1687b,Well Constrained,Well Constrained,N,N,Unspecified,Unspecified,250,250,True,same-FID_multipart-continuity,"along-strike endpoint gap; assess continuation, relay, or cartographic segmentation",https://web2.nbmg.unr.edu/arcgis/rest/services/Qfaults/Qfaults_INGENIOUS/MapServer/0,https://www.osti.gov/servlets/purl/1724082,True,2.088,-1e-06,0.0,19.5532,313,-118.22072,39.40561,-118.22173,39.39659,1460,1515,1470,1514
T27-0050,4,end-to-end,1.005,1.414,8.326,True,84.289,0.146,0.841,4.438,6.285,3,1.0,3,False,1252,1252,True,Unnamed fault zone west of Luning,Unnamed fault zone west of Luning,True,1305,1305,Well Constrained,Well Constrained,N,N,N,N,250,250,True,same-FID_multipart-continuity,"along-strike endpoint gap; assess continuation, relay, or cartographic segmentation",https://web2.nbmg.unr.edu/arcgis/rest/services/Qfaults/Qfaults_INGENIOUS/MapServer/0,https://www.osti.gov/servlets/purl/1724082,True,6.285,-1e-06,-0.005855,84.3677,44,-118.24418,38.49435,-118.25563,38.49333,2471,1481,2472,1471
T27-0051,4,end-to-end,1.005,19.747,8.326,True,174.289,0.502,0.883,0.441,2.329,3,0.0,0,False,599,604,False,Monte Cristo Valley fault zone,Monte Cristo Valley fault zone,True,1325,1325,Well Constrained,Moderately Constrained,RL,RL,Unspecified,Unspecified,250,250,True,H27-5b_inter-FID_same-name_kinematic-compatible,"along-strike endpoint gap; assess continuation, relay, or cartographic segmentation",https://web2.nbmg.unr.edu/arcgis/rest/services/Qfaults/Qfaults_INGENIOUS/MapServer/0,https://www.osti.gov/servlets/purl/1724082,True,2.329,-1e-06,0.005855,4.4511,154,-117.85077,38.48615,-117.84952,38.47715,2484,1824,2494,1825
T27-0052,4,end-to-end,1.02,9.246,25.346,True,168.69,0.494,10.891,2.249,14.16,3,0.667,2,False,1560,1552,False,Wassuk Range fault zone,Wassuk Range fault zone,True,1300,1300,Moderately Constrained,Well Constrained,N,N,Unspecified,Unspecified,250,250,True,H27-5b_inter-FID_same-name_kinematic-compatible,"along-strike endpoint gap; assess continuation, relay, or cartographic segmentation",https://web2.nbmg.unr.edu/arcgis/rest/services/Qfaults/Qfaults_INGENIOUS/MapServer/0,https://www.osti.gov/servlets/purl/1724082,True,14.16,-1e-06,-0.005855,76.818,49,-118.88632,39.06335,-118.88377,39.05438,1830,934,1840,936
T27-0053,4,end-to-end,1.044,16.699,15.306,True,16.699,0.554,0.6,2.804,4.448,3,0.667,3,False,281,281,True,Eastern Humboldt Range fault zone,Eastern Humboldt Range fault zone,True,1637,1637,Well Constrained,Well Constrained,N,N,E,E,250,250,True,same-FID_multipart-continuity,"along-strike endpoint gap; assess continuation, relay, or cartographic segmentation",https://web2.nbmg.unr.edu/arcgis/rest/services/Qfaults/Qfaults_INGENIOUS/MapServer/0,https://www.osti.gov/servlets/purl/1724082,True,4.448,-1e-06,0.0,11.5631,333,-118.08568,40.56918,-118.08908,40.56014,170,1647,180,1644
T27-0054,4,end-to-end,1.044,5.102,3.857,False,16.699,0.702,2.349,2.231,5.624,3,0.0,0,False,730,730,True,"Pleasant Valley fault zone, Sou Hills section","Pleasant Valley fault zone, Sou Hills section",True,1136d,1136d,Well Constrained,Well Constrained,N,N,NW,NW,250,250,True,same-FID_multipart-continuity,"along-strike endpoint gap; assess continuation, relay, or cartographic segmentation",https://web2.nbmg.unr.edu/arcgis/rest/services/Qfaults/Qfaults_INGENIOUS/MapServer/0,https://www.osti.gov/servlets/purl/1724082,True,5.624,-1e-06,-0.005855,21.134,95,-117.71547,40.19368,-117.7189,40.18465,590,1957,600,1954
T27-0055,4,end-to-end,1.063,4.316,22.751,False,41.186,0.526,1.431,0.341,2.836,2,0.0,0,False,862,862,True,Shoshone Range fault zone,Shoshone Range fault zone,True,1148,1148,Well Constrained,Well Constrained,N,N,NW,NW,250,250,True,same-FID_multipart-continuity,"along-strike endpoint gap; assess continuation, relay, or cartographic segmentation",https://web2.nbmg.unr.edu/arcgis/rest/services/Qfaults/Qfaults_INGENIOUS/MapServer/0,https://www.osti.gov/servlets/purl/1724082,True,2.836,-1e-06,0.005855,5.8764,146,-116.82157,40.58405,-116.81328,40.59125,159,2717,151,2724
T27-0056,4,end-to-end,1.1,0.0,32.005,False,0.0,0.466,0.8,2.956,4.856,3,1.0,3,False,906,906,True,Southeast Fish Creek Mountains fault,Southeast Fish Creek Mountains fault,True,1147,1147,Well Constrained,Well Constrained,N,N,SE,SE,250,250,True,same-FID_multipart-continuity,"along-strike endpoint gap; assess continuation, relay, or cartographic segmentation",https://web2.nbmg.unr.edu/arcgis/rest/services/Qfaults/Qfaults_INGENIOUS/MapServer/0,https://www.osti.gov/servlets/purl/1724082,True,4.856,-1e-06,0.0,14.2014,327,-117.24077,40.17402,-117.24081,40.18393,614,2361,603,2361
T27-0057,4,end-to-end,1.1,7.125,0.0,True,0.0,0.319,1.083,0.4,2.583,3,1.0,3,False,1198,1196,False,Unnamed fault zone in southeastern Gabbs Valley Range,Unnamed fault zone in southeastern Gabbs Valley Range,True,1323,1323,Moderately Constrained,Well Constrained,N,N,Unspecified,Unspecified,250,250,True,H27-5b_inter-FID_same-name_kinematic-compatible,"along-strike endpoint gap; assess continuation, relay, or cartographic segmentation",https://web2.nbmg.unr.edu/arcgis/rest/services/Qfaults/Qfaults_INGENIOUS/MapServer/0,https://www.osti.gov/servlets/purl/1724082,True,2.583,-1e-06,0.0,15.9045,323,-118.00743,38.70299,-118.00729,38.69308,2242,1690,2253,1690
T27-0058,4,end-to-end,1.131,3.814,3.814,True,135.0,0.078,2.963,3.47,7.564,2,0.0,0,False,1445,1445,True,Unnamed faults northern Monte Cristo Mountains,Unnamed faults northern Monte Cristo Mountains,True,1694,1694,Well Constrained,Well Constrained,N,N,Unspecified,Unspecified,250,250,True,same-FID_multipart-continuity,"along-strike endpoint gap; assess continuation, relay, or cartographic segmentation",https://web2.nbmg.unr.edu/arcgis/rest/services/Qfaults/Qfaults_INGENIOUS/MapServer/0,https://www.osti.gov/servlets/purl/1724082,True,7.564,-1e-06,-0.005855,134.2429,26,-118.11806,39.15795,-118.10868,39.15083,1736,1600,1744,1608
T27-0059,4,end-to-end,1.17,6.582,5.947,False,19.983,0.64,1.307,1.366,3.843,3,0.0,0,False,1576,1576,True,Western Fairview Peak fault,Western Fairview Peak fault,True,1686,1686,Well Constrained,Well Constrained,N,N,Unspecified,Unspecified,250,250,True,same-FID_multipart-continuity,"along-strike endpoint gap; assess continuation, relay, or cartographic segmentation",https://web2.nbmg.unr.edu/arcgis/rest/services/Qfaults/Qfaults_INGENIOUS/MapServer/0,https://www.osti.gov/servlets/purl/1724082,True,3.843,-1e-06,0.0,104.4508,169,-118.18596,39.342,-118.19044,39.33204,1531,1544,1542,1540
T27-0060,4,end-to-end,1.17,12.858,19.983,True,160.017,0.234,2.749,0.5,4.419,3,0.0,0,False,1187,1187,True,Unnamed fault zone in Pine Mountains,Unnamed fault zone in Pine Mountains,True,1664,1664,Well Constrained,Well Constrained,N,N,Unspecified,Unspecified,250,250,True,same-FID_multipart-continuity,"along-strike endpoint gap; assess continuation, relay, or cartographic segmentation",https://web2.nbmg.unr.edu/arcgis/rest/services/Qfaults/Qfaults_INGENIOUS/MapServer/0,https://www.osti.gov/servlets/purl/1724082,True,4.419,-1e-06,0.0,11.7231,332,-119.29249,39.22185,-119.28754,39.21204,1646,587,1657,591
T27-0061,4,end-to-end,1.204,3.366,9.628,True,138.366,0.31,0.766,1.007,2.977,2,1.0,2,False,749,750,False,Pyramid Lake fault zone,Pyramid Lake fault zone,True,1669,1669,Well Constrained,Well Constrained,RL,RL,Unspecified,Unspecified,250,250,True,H27-5b_inter-FID_same-name_kinematic-compatible,"along-strike endpoint gap; assess continuation, relay, or cartographic segmentation",https://web2.nbmg.unr.edu/arcgis/rest/services/Qfaults/Qfaults_INGENIOUS/MapServer/0,https://www.osti.gov/servlets/purl/1724082,True,2.977,-1e-06,0.005855,7.2617,141,-119.43545,39.83516,-119.42583,39.82725,962,482,971,490
T27-0062,4,end-to-end,1.204,14.676,21.077,True,48.366,0.376,2.914,1.59,5.708,2,0.0,0,False,537,537,True,Lone Mountain fault zone,Lone Mountain fault zone,True,1338,1338,Well Constrained,Well Constrained,N,N,Unspecified,Unspecified,250,250,True,same-FID_multipart-continuity,"along-strike endpoint gap; assess continuation, relay, or cartographic segmentation",https://web2.nbmg.unr.edu/arcgis/rest/services/Qfaults/Qfaults_INGENIOUS/MapServer/0,https://www.osti.gov/servlets/purl/1724082,True,5.708,-1e-06,0.0,21.5644,308,-117.57556,38.04803,-117.56536,38.05529,2972,2061,2964,2070
T27-0063,4,end-to-end,1.208,17.319,10.408,True,24.444,0.603,1.983,1.424,4.615,3,0.333,1,False,1506,1506,True,Unnamed faults southwestern Stillwater Range,Unnamed faults southwestern Stillwater Range,True,1683,1683,Moderately Constrained,Moderately Constrained,N,N,Unspecified,Unspecified,250,250,True,same-FID_multipart-continuity,"along-strike endpoint gap; assess continuation, relay, or cartographic segmentation",https://web2.nbmg.unr.edu/arcgis/rest/services/Qfaults/Qfaults_INGENIOUS/MapServer/0,https://www.osti.gov/servlets/purl/1724082,True,4.615,-1e-06,0.0,48.6097,224,-118.41032,39.41968,-118.41593,39.40971,1442,1352,1453,1347
T27-0064,4,end-to-end,1.208,14.216,16.314,True,65.556,0.044,0.666,0.741,2.615,3,0.333,1,False,1514,1514,True,Unnamed faults west of Cocoon Mountains,Unnamed faults west of Cocoon Mountains,True,1681,1681,Well Constrained,Well Constrained,N,N,Unspecified,Unspecified,250,250,True,same-FID_multipart-continuity,"along-strike endpoint gap; assess continuation, relay, or cartographic segmentation",https://web2.nbmg.unr.edu/arcgis/rest/services/Qfaults/Qfaults_INGENIOUS/MapServer/0,https://www.osti.gov/servlets/purl/1724082,True,2.615,-1e-06,0.005855,5.8475,147,-118.49272,39.14294,-118.50535,39.13827,1748,1276,1753,1265
T27-0065,4,end-to-end,1.217,27.408,31.724,True,9.462,0.618,1.331,2.538,5.086,3,0.0,0,False,811,812,False,Sand Springs Range fault,Sand Springs Range fault,True,1685,1685,Well Constrained,Moderately Constrained,N,N,Unspecified,Unspecified,250,250,True,H27-5b_inter-FID_same-name_kinematic-compatible,"along-strike endpoint gap; assess continuation, relay, or cartographic segmentation",https://web2.nbmg.unr.edu/arcgis/rest/services/Qfaults/Qfaults_INGENIOUS/MapServer/0,https://www.osti.gov/servlets/purl/1724082,True,5.086,-1e-06,0.0,17.6551,317,-118.27224,39.30054,-118.27437,39.2897,1576,1469,1588,1467
T27-0066,4,end-to-end,1.221,16.557,6.995,True,34.992,0.464,0.341,4.68,6.242,3,0.0,0,False,2668,2668,True,"Dixie Valley fault zone, Stillwater seismic gap section","Dixie Valley fault zone, Stillwater seismic gap section",True,1687a,1687a,Well Constrained,Well Constrained,N,N,Unspecified,Unspecified,250,250,True,same-FID_multipart-continuity,"along-strike endpoint gap; assess continuation, relay, or cartographic segmentation",https://web2.nbmg.unr.edu/arcgis/rest/services/Qfaults/Qfaults_INGENIOUS/MapServer/0,https://www.osti.gov/servlets/purl/1724082,True,6.242,-1e-06,-0.005855,53.9944,62,-118.00443,39.8708,-118.01248,39.86172,946,1707,956,1700
T27-0067,4,end-to-end,1.3,14.036,14.036,True,0.0,0.597,1.707,6.653,9.66,4,0.75,3,False,731,731,True,"Pleasant Valley fault zone, Tobin section","Pleasant Valley fault zone, Tobin section",True,1136b,1136b,Well Constrained,Well Constrained,N,N,W,W,250,250,True,same-FID_multipart-continuity,"along-strike endpoint gap; assess continuation, relay, or cartographic segmentation",https://web2.nbmg.unr.edu/arcgis/rest/services/Qfaults/Qfaults_INGENIOUS/MapServer/0,https://www.osti.gov/servlets/purl/1724082,True,9.66,-1e-06,0.0,71.5138,188,-117.55866,40.55311,-117.55856,40.5414,192,2093,205,2093
T27-0068,4,end-to-end,1.3,3.945,30.51,True,67.38,0.326,0.724,0.524,2.549,3,0.0,0,False,106,106,True,Carson lineament,Carson lineament,True,1663,1663,Well Constrained,Well Constrained,LL,LL,Unspecified,Unspecified,250,250,True,same-FID_multipart-continuity,"along-strike endpoint gap; assess continuation, relay, or cartographic segmentation",https://web2.nbmg.unr.edu/arcgis/rest/services/Qfaults/Qfaults_INGENIOUS/MapServer/0,https://www.osti.gov/servlets/purl/1724082,True,2.549,-1e-06,0.005855,5.6956,149,-119.4793,39.32973,-119.49305,39.32494,1522,429,1527,417
T27-0069,4,end-to-end,1.3,8.584,18.566,True,157.38,0.527,1.024,7.74,10.064,3,1.0,3,False,411,409,False,Gumdrop Hills fault zone,Gumdrop Hills fault zone,True,1309,1309,Moderately Constrained,Well Constrained,RL,RL,SW,SW,250,250,True,H27-5b_inter-FID_same-name_kinematic-compatible,"along-strike endpoint gap; assess continuation, relay, or cartographic segmentation",https://web2.nbmg.unr.edu/arcgis/rest/services/Qfaults/Qfaults_INGENIOUS/MapServer/0,https://www.osti.gov/servlets/purl/1724082,True,10.064,-1e-06,0.0,40.3313,246,-118.28821,38.64887,-118.28228,38.63813,2299,1445,2311,1450
T27-0070,4,end-to-end,1.389,14.744,5.281,True,30.256,0.378,2.438,0.907,4.735,3,0.0,0,False,774,774,True,Rainbow Mountain fault zone,Rainbow Mountain fault zone,True,1679,1679,Well Constrained,Well Constrained,RL,RL,Unspecified,Unspecified,250,250,True,same-FID_multipart-continuity,"along-strike endpoint gap; assess continuation, relay, or cartographic segmentation",https://web2.nbmg.unr.edu/arcgis/rest/services/Qfaults/Qfaults_INGENIOUS/MapServer/0,https://www.osti.gov/servlets/purl/1724082,True,4.735,-1e-06,0.0,15.6496,325,-118.48489,39.86564,-118.49283,39.85473,946,1296,958,1289
T27-0071,4,end-to-end,1.393,5.528,10.968,True,21.038,0.62,9.971,1.731,13.095,4,0.75,3,False,2640,2640,True,Unnamed fault zone along Bluewing Mountains,Unnamed fault zone along Bluewing Mountains,True,1620,1620,Well Constrained,Well Constrained,N,N,NW,NW,250,250,True,same-FID_multipart-continuity,"along-strike endpoint gap; assess continuation, relay, or cartographic segmentation",https://web2.nbmg.unr.edu/arcgis/rest/services/Qfaults/Qfaults_INGENIOUS/MapServer/0,https://www.osti.gov/servlets/purl/1724082,True,13.095,-1e-06,0.0,69.0665,190,-119.08618,40.33835,-119.0917,40.32653,411,794,424,789
T27-0072,4,end-to-end,1.432,8.461,1.941,True,77.905,0.232,1.866,1.566,4.863,4,0.75,3,False,1365,1365,True,Unnamed faults in southern Gillis Range,Unnamed faults in southern Gillis Range,True,1306,1306,Moderately Constrained,Moderately Constrained,N,N,N,N,250,250,True,same-FID_multipart-continuity,"along-strike endpoint gap; assess continuation, relay, or cartographic segmentation",https://web2.nbmg.unr.edu/arcgis/rest/services/Qfaults/Qfaults_INGENIOUS/MapServer/0,https://www.osti.gov/servlets/purl/1724082,True,4.863,-1e-06,0.005855,17.7181,102,-118.42196,38.67165,-118.438,38.66875,2272,1329,2275,1315
T27-0073,4,end-to-end,1.487,5.404,5.404,True,42.274,0.301,2.863,1.431,5.781,3,0.0,0,False,1679,1939,False,"Fish Lake Valley fault zone, Leidy Creek section","Fish Lake Valley fault zone, Leidy Creek section",True,49a,49a,Well Constrained,Well Constrained,RL,N,Unspecified,Unspecified,250,100,False,inter-FID_kinematic-conflict-or-unknown,"along-strike endpoint gap; assess continuation, relay, or cartographic segmentation",https://web2.nbmg.unr.edu/arcgis/rest/services/Qfaults/Qfaults_INGENIOUS/MapServer/0,https://www.osti.gov/servlets/purl/1724082,True,5.781,-2e-06,0.0,63.6931,197,-118.06178,37.78057,-118.07299,37.77055,3265,1631,3276,1621
T27-0074,4,end-to-end,1.5,16.26,11.944,True,143.13,0.524,2.014,3.546,7.06,3,0.333,1,False,1423,1422,False,Unnamed faults near Terrill Mountains,Unnamed faults near Terrill Mountains,True,1310,1310,Moderately Constrained,Well Constrained,RL,RL,Unspecified,Unspecified,250,250,True,H27-5b_inter-FID_same-name_kinematic-compatible,"along-strike endpoint gap; assess continuation, relay, or cartographic segmentation",https://web2.nbmg.unr.edu/arcgis/rest/services/Qfaults/Qfaults_INGENIOUS/MapServer/0,https://www.osti.gov/servlets/purl/1724082,True,7.06,-2e-06,-0.005855,33.2125,80,-118.68794,39.08081,-118.67729,39.07015,1814,1106,1826,1115
T27-0075,4,end-to-end,1.503,10.939,22.751,True,3.814,0.447,2.183,5.387,9.073,4,0.75,3,False,863,862,False,Shoshone Range fault zone,Shoshone Range fault zone,True,1148,1148,Moderately Constrained,Well Constrained,N,N,NW,NW,250,250,True,H27-5b_inter-FID_same-name_kinematic-compatible,"along-strike endpoint gap; assess continuation, relay, or cartographic segmentation",https://web2.nbmg.unr.edu/arcgis/rest/services/Qfaults/Qfaults_INGENIOUS/MapServer/0,https://www.osti.gov/servlets/purl/1724082,True,9.073,-2e-06,-0.005855,48.5379,66,-117.09404,40.2328,-117.0952,40.21928,549,2486,564,2485
T27-0076,4,end-to-end,1.503,13.276,17.85,True,176.186,0.25,0.641,1.949,4.093,4,1.0,4,False,862,862,True,Shoshone Range fault zone,Shoshone Range fault zone,True,1148,1148,Well Constrained,Well Constrained,N,N,NW,NW,250,250,True,same-FID_multipart-continuity,"along-strike endpoint gap; assess continuation, relay, or cartographic segmentation",https://web2.nbmg.unr.edu/arcgis/rest/services/Qfaults/Qfaults_INGENIOUS/MapServer/0,https://www.osti.gov/servlets/purl/1724082,True,4.093,-2e-06,0.005855,12.5468,122,-117.05754,40.15624,-117.05635,40.14272,634,2517,649,2518
T27-0077,4,end-to-end,1.523,10.67,26.2,True,23.199,0.506,4.87,2.631,9.024,4,0.75,4,False,907,907,True,Southeastern Sheep Creek Range fault,Southeastern Sheep Creek Range fault,True,1150,1150,Well Constrained,Well Constrained,N,N,E,E,250,250,True,same-FID_multipart-continuity,"along-strike endpoint gap; assess continuation, relay, or cartographic segmentation",https://web2.nbmg.unr.edu/arcgis/rest/services/Qfaults/Qfaults_INGENIOUS/MapServer/0,https://www.osti.gov/servlets/purl/1724082,True,9.024,-2e-06,-0.005855,50.7998,64,-116.73478,40.71902,-116.74193,40.70642,9,2790,23,2784
T27-0078,4,end-to-end,1.562,5.194,5.194,True,50.194,0.252,0.424,2.056,4.042,3,1.0,3,False,659,659,True,Northern Fish Creek Mountains faults,Northern Fish Creek Mountains faults,True,1146,1146,Well Constrained,Well Constrained,N,N,E,E,250,250,True,same-FID_multipart-continuity,"along-strike endpoint gap; assess continuation, relay, or cartographic segmentation",https://web2.nbmg.unr.edu/arcgis/rest/services/Qfaults/Qfaults_INGENIOUS/MapServer/0,https://www.osti.gov/servlets/purl/1724082,True,4.042,-2e-06,0.0,11.9317,331,-117.26278,40.39921,-117.27689,40.39017,364,2343,374,2331
T27-0079,4,end-to-end,1.565,19.44,3.366,True,26.565,0.69,3.583,0.824,5.972,4,1.0,4,False,580,1445,False,Middlegate fault zone,Unnamed faults northern Monte Cristo Mountains,False,1187,1694,Well Constrained,Well Constrained,N,N,W,Unspecified,250,250,True,inter-FID_other-name_kinematic-compatible,"along-strike endpoint gap; assess continuation, relay, or cartographic segmentation",https://web2.nbmg.unr.edu/arcgis/rest/services/Qfaults/Qfaults_INGENIOUS/MapServer/0,https://www.osti.gov/servlets/purl/1724082,True,5.972,-2e-06,0.0,22.1528,305,-117.99414,39.23476,-118.00207,39.22208,1652,1708,1666,1701
T27-0080,4,end-to-end,1.581,25.56,4.399,True,18.435,0.479,1.641,1.849,5.071,4,0.25,1,False,1209,1209,True,Unnamed fault zone near Little Valley,Unnamed fault zone near Little Valley,True,1670,1670,Well Constrained,Well Constrained,N,N,Unspecified,Unspecified,250,250,True,same-FID_multipart-continuity,"along-strike endpoint gap; assess continuation, relay, or cartographic segmentation",https://web2.nbmg.unr.edu/arcgis/rest/services/Qfaults/Qfaults_INGENIOUS/MapServer/0,https://www.osti.gov/servlets/purl/1724082,True,5.071,-2e-06,0.0,35.7174,251,-119.2047,39.78122,-119.2101,39.7676,1027,678,1042,673
T27-0081,4,end-to-end,1.616,10.204,34.509,False,21.801,0.48,1.831,0.766,4.213,4,0.0,0,False,774,774,True,Rainbow Mountain fault zone,Rainbow Mountain fault zone,True,1679,1679,Well Constrained,Well Constrained,RL,RL,Unspecified,Unspecified,250,250,True,same-FID_multipart-continuity,"along-strike endpoint gap; assess continuation, relay, or cartographic segmentation",https://web2.nbmg.unr.edu/arcgis/rest/services/Qfaults/Qfaults_INGENIOUS/MapServer/0,https://www.osti.gov/servlets/purl/1724082,True,4.213,-2e-06,-0.005855,145.6417,23,-118.42909,39.8249,-118.43582,39.8113,992,1343,1007,1337
T27-0082,4,end-to-end,1.616,21.801,10.204,True,158.199,0.684,0.8,2.997,5.413,4,1.0,4,False,1937,1937,True,"Fish Lake Valley fault zone, Oasis section","Fish Lake Valley fault zone, Oasis section",True,49c,49c,Well Constrained,Well Constrained,RL,RL,Unspecified,Unspecified,100,100,True,same-FID_multipart-continuity,"along-strike endpoint gap; assess continuation, relay, or cartographic segmentation",https://web2.nbmg.unr.edu/arcgis/rest/services/Qfaults/Qfaults_INGENIOUS/MapServer/0,https://www.osti.gov/servlets/purl/1724082,True,5.413,-2e-06,0.0,19.674,311,-117.97895,37.52622,-117.97198,37.51275,3548,1701,3563,1707
T27-0083,4,end-to-end,1.628,10.505,21.954,True,42.51,0.336,5.411,0.924,7.963,3,1.0,3,False,486,486,True,Jersey Valley fault zone,Jersey Valley fault zone,True,1144,1144,Well Constrained,Well Constrained,N,N,W,W,250,250,True,same-FID_multipart-continuity,"along-strike endpoint gap; assess continuation, relay, or cartographic segmentation",https://web2.nbmg.unr.edu/arcgis/rest/services/Qfaults/Qfaults_INGENIOUS/MapServer/0,https://www.osti.gov/servlets/purl/1724082,True,7.963,-2e-06,-0.005855,192.2371,16,-117.53382,40.10097,-117.54664,40.09009,694,2111,706,2100
T27-0084,4,end-to-end,1.64,11.004,7.431,True,37.569,0.641,4.463,3.977,10.08,4,1.0,4,False,2667,2667,True,"Dixie Valley fault zone, Stillwater seismic gap section","Dixie Valley fault zone, Stillwater seismic gap section",True,1687a,1687a,Well Constrained,Well Constrained,N,N,SE,SE,250,250,True,same-FID_multipart-continuity,"along-strike endpoint gap; assess continuation, relay, or cartographic segmentation",https://web2.nbmg.unr.edu/arcgis/rest/services/Qfaults/Qfaults_INGENIOUS/MapServer/0,https://www.osti.gov/servlets/purl/1724082,True,10.08,-2e-06,-0.005855,65.8705,57,-117.83424,40.0109,-117.84582,39.9991,792,1854,805,1844
T27-0085,4,end-to-end,1.649,14.036,14.036,True,165.964,0.283,3.573,0.7,5.922,5,0.8,4,False,82,486,False,Buffalo Valley fault zone,Jersey Valley fault zone,False,1140,1144,Well Constrained,Well Constrained,N,N,E,W,250,250,True,inter-FID_other-name_kinematic-compatible,"along-strike endpoint gap; assess continuation, relay, or cartographic segmentation",https://web2.nbmg.unr.edu/arcgis/rest/services/Qfaults/Qfaults_INGENIOUS/MapServer/0,https://www.osti.gov/servlets/purl/1724082,True,5.922,-2e-06,0.0,21.8156,306,-117.44357,40.29415,-117.43877,40.27975,480,2189,496,2193
T27-0086,4,end-to-end,1.697,8.13,0.0,False,45.0,0.457,1.956,0.907,4.56,3,0.0,0,False,199,200,False,Dry Hills faults,Dry Hills faults,True,1153,1153,Well Constrained,Moderately Constrained,N,N,NW,NW,250,250,True,H27-5b_inter-FID_same-name_kinematic-compatible,"along-strike endpoint gap; assess continuation, relay, or cartographic segmentation",https://web2.nbmg.unr.edu/arcgis/rest/services/Qfaults/Qfaults_INGENIOUS/MapServer/0,https://www.osti.gov/servlets/purl/1724082,True,4.56,-2e-06,0.0,72.754,186,-116.43252,40.47829,-116.41827,40.48903,275,3047,263,3059
T27-0087,4,end-to-end,1.697,14.036,9.462,False,45.0,0.478,0.624,3.763,6.084,3,0.667,3,False,98,98,True,Carico Lake Valley fault zone,Carico Lake Valley fault zone,True,1155,1155,Well Constrained,Well Constrained,N,N,Unspecified,Unspecified,250,250,True,same-FID_multipart-continuity,"along-strike endpoint gap; assess continuation, relay, or cartographic segmentation",https://web2.nbmg.unr.edu/arcgis/rest/services/Qfaults/Qfaults_INGENIOUS/MapServer/0,https://www.osti.gov/servlets/purl/1724082,True,6.084,-2e-06,0.0,22.4679,301,-116.94721,40.09498,-116.93312,40.10578,702,2611,690,2623
T27-0088,4,end-to-end,1.7,5.618,3.933,False,28.072,0.644,0.383,1.573,3.656,4,0.5,2,False,399,399,True,Granite Springs Valley fault zone,Granite Springs Valley fault zone,True,1622,1622,Well Constrained,Well Constrained,N,N,E,E,250,250,True,same-FID_multipart-continuity,"along-strike endpoint gap; assess continuation, relay, or cartographic segmentation",https://web2.nbmg.unr.edu/arcgis/rest/services/Qfaults/Qfaults_INGENIOUS/MapServer/0,https://www.osti.gov/servlets/purl/1724082,True,3.656,-2e-06,0.005855,10.7434,126,-119.00687,40.2839,-118.99786,40.29757,473,860,458,868
T27-0089,4,end-to-end,1.7,11.31,7.125,True,0.0,0.38,2.073,1.241,5.014,5,0.0,0,False,774,774,True,Rainbow Mountain fault zone,Rainbow Mountain fault zone,True,1679,1679,Well Constrained,Well Constrained,RL,RL,Unspecified,Unspecified,250,250,True,same-FID_multipart-continuity,"along-strike endpoint gap; assess continuation, relay, or cartographic segmentation",https://web2.nbmg.unr.edu/arcgis/rest/services/Qfaults/Qfaults_INGENIOUS/MapServer/0,https://www.osti.gov/servlets/purl/1724082,True,5.014,-2e-06,0.0,46.8707,229,-118.48695,39.79895,-118.48662,39.78363,1020,1293,1037,1293
T27-0090,4,end-to-end,1.709,20.556,1.245,True,20.556,0.649,0.6,0.583,2.892,5,0.0,0,False,191,191,True,"Dixie Valley fault zone, ""1954"" section","Dixie Valley fault zone, ""1954"" section",True,1687b,1687b,Well Constrained,Well Constrained,N,N,Unspecified,Unspecified,250,250,True,same-FID_multipart-continuity,"along-strike endpoint gap; assess continuation, relay, or cartographic segmentation",https://web2.nbmg.unr.edu/arcgis/rest/services/Qfaults/Qfaults_INGENIOUS/MapServer/0,https://www.osti.gov/servlets/purl/1724082,True,2.892,-2e-06,0.0,24.79,296,-118.21573,39.38584,-118.22245,39.37135,1482,1519,1498,1513
T27-0091,4,end-to-end,1.72,13.861,9.462,True,144.462,0.533,7.581,0.624,9.926,4,0.0,0,False,410,409,False,Gumdrop Hills fault zone,Gumdrop Hills fault zone,True,1309,1309,Well Constrained,Well Constrained,RL,RL,SW,SW,250,250,True,H27-5b_inter-FID_same-name_kinematic-compatible,"along-strike endpoint gap; assess continuation, relay, or cartographic segmentation",https://web2.nbmg.unr.edu/arcgis/rest/services/Qfaults/Qfaults_INGENIOUS/MapServer/0,https://www.osti.gov/servlets/purl/1724082,True,9.926,-2e-06,0.0,40.6594,244,-118.45123,38.81187,-118.43947,38.7994,2116,1306,2130,1316
T27-0092,4,end-to-end,1.746,9.593,34.365,False,23.629,0.672,2.331,1.107,5.185,5,0.4,2,False,486,486,True,Jersey Valley fault zone,Jersey Valley fault zone,True,1144,1144,Well Constrained,Well Constrained,N,N,W,W,250,250,True,same-FID_multipart-continuity,"along-strike endpoint gap; assess continuation, relay, or cartographic segmentation",https://web2.nbmg.unr.edu/arcgis/rest/services/Qfaults/Qfaults_INGENIOUS/MapServer/0,https://www.osti.gov/servlets/purl/1724082,True,5.185,-2e-06,-0.005855,134.9669,25,-117.57211,40.04943,-117.58019,40.03497,751,2078,767,2071
T27-0093,4,end-to-end,1.772,5.08,16.39,True,163.61,0.229,0.541,0.8,3.113,5,0.2,1,False,804,804,True,Sagouse fault zone,Sagouse fault zone,True,1677,1677,Well Constrained,Well Constrained,N,N,Unspecified,Unspecified,250,250,True,same-FID_multipart-continuity,"along-strike endpoint gap; assess continuation, relay, or cartographic segmentation",https://web2.nbmg.unr.edu/arcgis/rest/services/Qfaults/Qfaults_INGENIOUS/MapServer/0,https://www.osti.gov/servlets/purl/1724082,True,3.113,-2e-06,0.0,31.4783,267,-118.80651,39.64666,-118.80029,39.63144,1184,1016,1201,1021
T27-0094,4,end-to-end,1.8,7.125,14.036,True,0.0,0.308,1.866,2.207,5.873,5,0.0,0,False,749,749,True,Pyramid Lake fault zone,Pyramid Lake fault zone,True,1669,1669,Well Constrained,Well Constrained,RL,RL,Unspecified,Unspecified,250,250,True,same-FID_multipart-continuity,"along-strike endpoint gap; assess continuation, relay, or cartographic segmentation",https://web2.nbmg.unr.edu/arcgis/rest/services/Qfaults/Qfaults_INGENIOUS/MapServer/0,https://www.osti.gov/servlets/purl/1724082,True,5.873,-2e-06,0.0,87.3907,178,-119.26151,39.62607,-119.26098,39.60987,1198,625,1216,625
T27-0095,4,end-to-end,1.803,13.134,19.654,True,146.31,0.16,1.024,1.807,4.634,4,0.0,0,False,750,750,True,Pyramid Lake fault zone,Pyramid Lake fault zone,True,1669,1669,Well Constrained,Well Constrained,RL,RL,Unspecified,Unspecified,250,250,True,same-FID_multipart-continuity,"along-strike endpoint gap; assess continuation, relay, or cartographic segmentation",https://web2.nbmg.unr.edu/arcgis/rest/services/Qfaults/Qfaults_INGENIOUS/MapServer/0,https://www.osti.gov/servlets/purl/1724082,True,4.634,-2e-06,0.005855,17.1606,103,-119.18294,39.53568,-119.17089,39.52239,1300,690,1315,700
T27-0096,4,end-to-end,1.825,4.574,31.264,False,9.462,0.508,1.666,0.583,4.073,5,1.0,5,False,1231,1231,True,Unnamed fault zone on northwest side of Trinity Range,Unnamed fault zone on northwest side of Trinity Range,True,1678,1678,Well Constrained,Well Constrained,N,N,Unspecified,Unspecified,250,250,True,same-FID_multipart-continuity,"along-strike endpoint gap; assess continuation, relay, or cartographic segmentation",https://web2.nbmg.unr.edu/arcgis/rest/services/Qfaults/Qfaults_INGENIOUS/MapServer/0,https://www.osti.gov/servlets/purl/1724082,True,4.073,-2e-06,0.0,41.4871,239,-118.82164,40.04373,-118.82472,40.02746,743,1012,761,1009
T27-0097,4,end-to-end,1.879,4.645,32.326,False,25.201,0.608,2.566,1.141,5.586,5,0.0,0,False,906,906,True,Southeast Fish Creek Mountains fault,Southeast Fish Creek Mountains fault,True,1147,1147,Well Constrained,Well Constrained,N,N,SE,SE,250,250,True,same-FID_multipart-continuity,"along-strike endpoint gap; assess continuation, relay, or cartographic segmentation",https://web2.nbmg.unr.edu/arcgis/rest/services/Qfaults/Qfaults_INGENIOUS/MapServer/0,https://www.osti.gov/servlets/purl/1724082,True,5.586,-2e-06,-0.005855,42.2367,72,-117.20544,40.14256,-117.1961,40.15789,649,2391,632,2399
T27-0098,4,end-to-end,1.91,2.121,6.52,False,42.879,0.506,2.097,1.731,5.739,4,0.0,0,False,1677,1677,True,Unnamed faults near Teels Marsh,Unnamed faults near Teels Marsh,True,1303,1303,Well Constrained,Well Constrained,LL,LL,Unspecified,Unspecified,250,250,True,same-FID_multipart-continuity,"along-strike endpoint gap; assess continuation, relay, or cartographic segmentation",https://web2.nbmg.unr.edu/arcgis/rest/services/Qfaults/Qfaults_INGENIOUS/MapServer/0,https://www.osti.gov/servlets/purl/1724082,True,5.739,-2e-06,0.0,25.54,292,-118.58547,38.05496,-118.57092,38.06778,2954,1175,2940,1188
T27-0099,4,end-to-end,1.924,11.583,32.171,False,8.973,0.611,1.707,0.824,4.455,6,0.0,0,False,2669,1445,False,Fairview fault zone,Unnamed faults northern Monte Cristo Mountains,False,1690,1694,Well Constrained,Well Constrained,N,N,Unspecified,Unspecified,100,250,True,inter-FID_other-name_kinematic-compatible,"along-strike endpoint gap; assess continuation, relay, or cartographic segmentation",https://web2.nbmg.unr.edu/arcgis/rest/services/Qfaults/Qfaults_INGENIOUS/MapServer/0,https://www.osti.gov/servlets/purl/1724082,True,4.455,-2e-06,-0.005855,209.0562,13,-118.10323,39.09772,-118.10643,39.08057,1803,1612,1822,1609
T27-0100,4,end-to-end,1.965,5.812,22.126,True,14.744,0.334,3.573,2.38,7.917,6,0.167,1,False,444,108,False,Hot Springs Mountain fault zone,Carson lineament,False,1673,1663,Moderately Constrained,Moderately Constrained,N,LL,SE,Unspecified,250,250,False,inter-FID_kinematic-conflict-or-unknown,"along-strike endpoint gap; assess continuation, relay, or cartographic segmentation",https://web2.nbmg.unr.edu/arcgis/rest/services/Qfaults/Qfaults_INGENIOUS/MapServer/0,https://www.osti.gov/servlets/purl/1724082,True,7.917,-2e-06,-0.005855,44.2561,71,-119.05716,39.53167,-119.06247,39.51446,1307,798,1326,793
T27-0101,4,end-to-end,1.97,3.406,23.962,False,156.038,0.677,1.507,0.3,3.777,5,0.8,4,False,43,604,False,Bettles Well-Petrified Springs fault,Monte Cristo Valley fault zone,False,1326,1325,Moderately Constrained,Moderately Constrained,RL,RL,Unspecified,Unspecified,250,250,True,inter-FID_other-name_kinematic-compatible,"along-strike endpoint gap; assess continuation, relay, or cartographic segmentation",https://web2.nbmg.unr.edu/arcgis/rest/services/Qfaults/Qfaults_INGENIOUS/MapServer/0,https://www.osti.gov/servlets/purl/1724082,True,3.777,-2e-06,0.0,32.2924,262,-117.86824,38.41303,-117.85888,38.39688,2565,1808,2583,1816
T27-0102,4,end-to-end,2.002,17.694,11.174,True,2.862,0.558,1.366,1.266,4.634,6,0.0,0,False,1576,1576,True,Western Fairview Peak fault,Western Fairview Peak fault,True,1686,1686,Well Constrained,Well Constrained,N,N,Unspecified,Unspecified,250,250,True,same-FID_multipart-continuity,"along-strike endpoint gap; assess continuation, relay, or cartographic segmentation",https://web2.nbmg.unr.edu/arcgis/rest/services/Qfaults/Qfaults_INGENIOUS/MapServer/0,https://www.osti.gov/servlets/purl/1724082,True,4.634,-2e-06,-0.005855,241.0245,8,-118.19489,39.32118,-118.19575,39.30315,1554,1536,1574,1535
T27-0103,4,end-to-end,2.01,5.711,26.267,False,174.289,0.428,1.624,1.366,5.0,6,0.0,0,False,1576,1576,True,Western Fairview Peak fault,Western Fairview Peak fault,True,1686,1686,Well Constrained,Well Constrained,N,N,Unspecified,Unspecified,250,250,True,same-FID_multipart-continuity,"along-strike endpoint gap; assess continuation, relay, or cartographic segmentation",https://web2.nbmg.unr.edu/arcgis/rest/services/Qfaults/Qfaults_INGENIOUS/MapServer/0,https://www.osti.gov/servlets/purl/1724082,True,5.0,-2e-06,-0.005855,299.9953,5,-118.19227,39.30319,-118.19489,39.32118,1574,1538,1554,1536
T27-0104,4,end-to-end,2.012,3.366,6.009,True,26.565,0.397,0.824,2.814,5.651,5,0.0,0,False,1209,1209,True,Unnamed fault zone near Little Valley,Unnamed fault zone near Little Valley,True,1670,1670,Well Constrained,Well Constrained,N,N,Unspecified,Unspecified,250,250,True,same-FID_multipart-continuity,"along-strike endpoint gap; assess continuation, relay, or cartographic segmentation",https://web2.nbmg.unr.edu/arcgis/rest/services/Qfaults/Qfaults_INGENIOUS/MapServer/0,https://www.osti.gov/servlets/purl/1724082,True,5.651,-2e-06,0.0,43.2404,233,-119.22172,39.72954,-119.23169,39.71314,1084,662,1102,653
T27-0105,4,end-to-end,2.025,24.775,29.174,True,159.775,0.459,1.431,3.428,6.885,6,0.0,0,False,1540,1539,False,Warm Springs Valley fault zone,Warm Springs Valley fault zone,True,1605,1605,Well Constrained,Well Constrained,RL,RL,Unspecified,Unspecified,250,250,True,H27-5b_inter-FID_same-name_kinematic-compatible,"along-strike endpoint gap; assess continuation, relay, or cartographic segmentation",https://web2.nbmg.unr.edu/arcgis/rest/services/Qfaults/Qfaults_INGENIOUS/MapServer/0,https://www.osti.gov/servlets/purl/1724082,True,6.885,-2e-06,0.0,33.5954,259,-119.70811,39.87505,-119.69927,39.85814,911,250,930,257
T27-0106,4,end-to-end,2.025,12.349,14.47,False,147.095,0.639,1.507,0.341,3.873,5,1.0,5,False,43,43,True,Bettles Well-Petrified Springs fault,Bettles Well-Petrified Springs fault,True,1326,1326,Moderately Constrained,Moderately Constrained,RL,RL,Unspecified,Unspecified,250,250,True,same-FID_multipart-continuity,"along-strike endpoint gap; assess continuation, relay, or cartographic segmentation",https://web2.nbmg.unr.edu/arcgis/rest/services/Qfaults/Qfaults_INGENIOUS/MapServer/0,https://www.osti.gov/servlets/purl/1724082,True,3.873,-2e-06,-0.005855,48.0158,67,-117.8741,38.4247,-117.88689,38.43993,2552,1803,2535,1792
T27-0107,4,end-to-end,2.059,10.751,34.38,False,29.055,0.526,3.28,0.966,6.305,5,0.0,0,False,862,862,True,Shoshone Range fault zone,Shoshone Range fault zone,True,1148,1148,Well Constrained,Well Constrained,N,N,NW,NW,250,250,True,same-FID_multipart-continuity,"along-strike endpoint gap; assess continuation, relay, or cartographic segmentation",https://web2.nbmg.unr.edu/arcgis/rest/services/Qfaults/Qfaults_INGENIOUS/MapServer/0,https://www.osti.gov/servlets/purl/1724082,True,6.305,-2e-06,0.0,52.5545,217,-117.06832,40.37156,-117.05655,40.38778,395,2508,377,2518
T27-0108,4,end-to-end,2.062,5.906,2.224,False,39.094,0.579,0.766,1.19,4.017,5,1.0,5,False,863,863,True,Shoshone Range fault zone,Shoshone Range fault zone,True,1148,1148,Moderately Constrained,Moderately Constrained,N,N,NW,NW,250,250,True,same-FID_multipart-continuity,"along-strike endpoint gap; assess continuation, relay, or cartographic segmentation",https://web2.nbmg.unr.edu/arcgis/rest/services/Qfaults/Qfaults_INGENIOUS/MapServer/0,https://www.osti.gov/servlets/purl/1724082,True,4.017,-2e-06,0.005855,14.1355,115,-117.11956,40.03546,-117.10434,40.04989,768,2464,752,2477
T27-0109,4,end-to-end,2.062,5.906,9.72,False,140.906,0.508,0.624,1.331,4.017,5,0.2,1,False,1540,1540,True,Warm Springs Valley fault zone,Warm Springs Valley fault zone,True,1605,1605,Well Constrained,Well Constrained,RL,RL,Unspecified,Unspecified,250,250,True,same-FID_multipart-continuity,"along-strike endpoint gap; assess continuation, relay, or cartographic segmentation",https://web2.nbmg.unr.edu/arcgis/rest/services/Qfaults/Qfaults_INGENIOUS/MapServer/0,https://www.osti.gov/servlets/purl/1724082,True,4.017,-2e-06,0.005855,13.9755,116,-119.75354,39.90011,-119.76931,39.91414,882,212,866,199
T27-0110,4,end-to-end,2.081,14.662,19.272,False,35.218,0.537,1.166,0.783,4.029,5,0.0,0,True,179,179,True,Crescent Valley faults,Crescent Valley faults,True,1156,1156,Well Constrained,Well Constrained,N,N,NW,NW,250,250,True,same-FID_multipart-continuity,"along-strike endpoint gap; assess continuation, relay, or cartographic segmentation",https://web2.nbmg.unr.edu/arcgis/rest/services/Qfaults/Qfaults_INGENIOUS/MapServer/0,https://www.osti.gov/servlets/purl/1724082,True,4.029,-2e-06,0.0,47.0792,228,-116.47344,40.37578,-116.45918,40.39103,389,3013,372,3025
T27-0111,4,end-to-end,2.102,2.726,29.291,True,2.726,0.245,0.783,1.69,4.575,6,0.0,0,False,1515,1515,True,Unnamed faults west of Desert Mountains,Unnamed faults west of Desert Mountains,True,1665,1665,Well Constrained,Well Constrained,N,N,Unspecified,Unspecified,250,250,True,same-FID_multipart-continuity,"along-strike endpoint gap; assess continuation, relay, or cartographic segmentation",https://web2.nbmg.unr.edu/arcgis/rest/services/Qfaults/Qfaults_INGENIOUS/MapServer/0,https://www.osti.gov/servlets/purl/1724082,True,4.575,-2e-06,0.0,95.3182,171,-119.21888,39.20165,-119.21944,39.18272,1670,650,1691,649
T27-0112,4,end-to-end,2.102,6.659,27.784,True,154.654,0.569,6.225,3.628,11.956,6,0.167,1,False,1307,1307,True,Unnamed faults in Gabbs Valley Range,Unnamed faults in Gabbs Valley Range,True,1314,1314,Well Constrained,Well Constrained,N,N,Unspecified,Unspecified,250,250,True,same-FID_multipart-continuity,"along-strike endpoint gap; assess continuation, relay, or cartographic segmentation",https://web2.nbmg.unr.edu/arcgis/rest/services/Qfaults/Qfaults_INGENIOUS/MapServer/0,https://www.osti.gov/servlets/purl/1724082,True,11.956,-2e-06,-0.005855,91.0307,40,-118.17126,38.66452,-118.16064,38.64751,2283,1547,2302,1556
T27-0113,4,end-to-end,2.119,10.455,5.254,True,19.29,0.656,0.924,5.477,8.52,6,1.0,6,False,76,76,True,Buena Vista Valley fault zone,Buena Vista Valley fault zone,True,1638,1638,Well Constrained,Well Constrained,N,N,W,W,250,250,True,same-FID_multipart-continuity,"along-strike endpoint gap; assess continuation, relay, or cartographic segmentation",https://web2.nbmg.unr.edu/arcgis/rest/services/Qfaults/Qfaults_INGENIOUS/MapServer/0,https://www.osti.gov/servlets/purl/1724082,True,8.52,-2e-06,-0.005855,96.1648,38,-117.88765,40.15375,-117.89563,40.13567,633,1810,653,1803
T27-0114,4,end-to-end,2.121,8.13,12.426,False,8.13,0.46,0.3,1.831,4.253,6,0.0,0,False,774,774,True,Rainbow Mountain fault zone,Rainbow Mountain fault zone,True,1679,1679,Well Constrained,Well Constrained,RL,RL,Unspecified,Unspecified,250,250,True,same-FID_multipart-continuity,"along-strike endpoint gap; assess continuation, relay, or cartographic segmentation",https://web2.nbmg.unr.edu/arcgis/rest/services/Qfaults/Qfaults_INGENIOUS/MapServer/0,https://www.osti.gov/servlets/purl/1724082,True,4.253,-2e-06,0.0,75.8123,184,-118.41691,39.85748,-118.42002,39.83853,956,1354,977,1351
T27-0115,4,end-to-end,2.121,8.13,8.13,True,171.87,0.369,1.141,1.0,4.263,6,0.5,3,False,1514,1514,True,Unnamed faults west of Cocoon Mountains,Unnamed faults west of Cocoon Mountains,True,1681,1681,Well Constrained,Well Constrained,N,N,Unspecified,Unspecified,250,250,True,same-FID_multipart-continuity,"along-strike endpoint gap; assess continuation, relay, or cartographic segmentation",https://web2.nbmg.unr.edu/arcgis/rest/services/Qfaults/Qfaults_INGENIOUS/MapServer/0,https://www.osti.gov/servlets/purl/1724082,True,4.263,-2e-06,0.005855,15.8681,106,-118.57301,39.21487,-118.56911,39.196,1667,1208,1688,1211
T27-0116,4,end-to-end,2.14,23.369,30.28,True,37.405,0.485,2.549,1.424,6.113,5,0.0,0,False,863,863,True,Shoshone Range fault zone,Shoshone Range fault zone,True,1148,1148,Moderately Constrained,Moderately Constrained,N,N,NW,NW,250,250,True,same-FID_multipart-continuity,"along-strike endpoint gap; assess continuation, relay, or cartographic segmentation",https://web2.nbmg.unr.edu/arcgis/rest/services/Qfaults/Qfaults_INGENIOUS/MapServer/0,https://www.osti.gov/servlets/purl/1724082,True,6.113,-2e-06,-0.005855,82.6557,46,-117.05878,40.23552,-117.07404,40.2202,546,2516,563,2503
T27-0117,4,end-to-end,2.14,10.84,11.993,True,52.595,0.384,1.066,2.031,5.237,5,0.0,0,False,106,104,False,Carson lineament,Carson lineament,True,1663,1663,Well Constrained,Well Constrained,LL,LL,Unspecified,Unspecified,250,250,True,H27-5b_inter-FID_same-name_kinematic-compatible,"along-strike endpoint gap; assess continuation, relay, or cartographic segmentation",https://web2.nbmg.unr.edu/arcgis/rest/services/Qfaults/Qfaults_INGENIOUS/MapServer/0,https://www.osti.gov/servlets/purl/1724082,True,5.237,-2e-06,0.0,22.1656,304,-119.37811,39.39041,-119.39744,39.3783,1457,518,1470,501
T27-0118,4,end-to-end,2.163,13.134,7.125,False,33.69,0.45,1.89,3.138,7.192,5,0.0,0,False,1243,1244,False,Unnamed fault zone southeastern Truckee Range,Unnamed fault zone southeastern Truckee Range,True,1672,1672,Well Constrained,Moderately Constrained,N,N,SE,SE,250,250,True,H27-5b_inter-FID_same-name_kinematic-compatible,"along-strike endpoint gap; assess continuation, relay, or cartographic segmentation",https://web2.nbmg.unr.edu/arcgis/rest/services/Qfaults/Qfaults_INGENIOUS/MapServer/0,https://www.osti.gov/servlets/purl/1724082,True,7.192,-2e-06,-0.005855,225.1544,12,-119.09252,39.74005,-119.10603,39.72359,1075,773,1093,761
T27-0119,4,end-to-end,2.22,21.801,28.713,True,35.838,0.421,1.024,1.849,5.093,5,1.0,5,False,189,191,False,"Dixie Valley fault zone, ""1954"" section","Dixie Valley fault zone, ""1954"" section",True,1687b,1687b,Well Constrained,Well Constrained,N,N,Unspecified,Unspecified,250,250,True,H27-5b_inter-FID_same-name_kinematic-compatible,"along-strike endpoint gap; assess continuation, relay, or cartographic segmentation",https://web2.nbmg.unr.edu/arcgis/rest/services/Qfaults/Qfaults_INGENIOUS/MapServer/0,https://www.osti.gov/servlets/purl/1724082,True,5.093,-2e-06,0.005855,21.474,94,-118.21325,39.44353,-118.22807,39.42716,1418,1522,1436,1509
T27-0120,4,end-to-end,2.256,5.679,1.494,False,12.804,0.468,2.624,2.073,6.953,7,0.0,0,False,774,774,True,Rainbow Mountain fault zone,Rainbow Mountain fault zone,True,1679,1679,Well Constrained,Well Constrained,RL,RL,Unspecified,Unspecified,250,250,True,same-FID_multipart-continuity,"along-strike endpoint gap; assess continuation, relay, or cartographic segmentation",https://web2.nbmg.unr.edu/arcgis/rest/services/Qfaults/Qfaults_INGENIOUS/MapServer/0,https://www.osti.gov/servlets/purl/1724082,False,6.953,0.0,0.0,0.0,343,-118.49236,39.77905,-118.48695,39.79895,1042,1288,1020,1293
T27-0121,4,end-to-end,2.28,11.524,15.255,True,52.125,0.197,4.128,0.524,6.933,5,0.0,0,False,2666,2665,False,Sand Springs Range fault,Sand Springs Range fault,True,1685,1685,Well Constrained,Well Constrained,N,N,Unspecified,E,250,250,True,H27-5b_inter-FID_same-name_kinematic-compatible,"along-strike endpoint gap; assess continuation, relay, or cartographic segmentation",https://web2.nbmg.unr.edu/arcgis/rest/services/Qfaults/Qfaults_INGENIOUS/MapServer/0,https://www.osti.gov/servlets/purl/1724082,True,6.933,-2e-06,0.0,30.7483,273,-118.2934,39.3787,-118.31406,39.36585,1489,1452,1503,1434
T27-0122,4,end-to-end,2.335,9.866,4.17,True,170.134,0.335,0.8,1.866,5.0,7,0.857,7,False,1209,1208,False,Unnamed fault zone near Little Valley,Unnamed fault zone near Little Valley,True,1670,1670,Well Constrained,Well Constrained,N,N,Unspecified,Unspecified,250,250,True,H27-5b_inter-FID_same-name_kinematic-compatible,"along-strike endpoint gap; assess continuation, relay, or cartographic segmentation",https://web2.nbmg.unr.edu/arcgis/rest/services/Qfaults/Qfaults_INGENIOUS/MapServer/0,https://www.osti.gov/servlets/purl/1724082,True,5.0,-2e-06,0.0,56.2228,208,-119.2785,39.82394,-119.27315,39.80332,978,616,1001,620
T27-0123,4,end-to-end,2.36,6.639,21.61,True,53.616,0.35,0.866,4.68,7.906,6,0.333,2,False,862,863,False,Shoshone Range fault zone,Shoshone Range fault zone,True,1148,1148,Well Constrained,Moderately Constrained,N,N,NW,NW,250,250,True,H27-5b_inter-FID_same-name_kinematic-compatible,"along-strike endpoint gap; assess continuation, relay, or cartographic segmentation",https://web2.nbmg.unr.edu/arcgis/rest/services/Qfaults/Qfaults_INGENIOUS/MapServer/0,https://www.osti.gov/servlets/purl/1724082,True,7.906,-2e-06,0.0,39.8487,247,-117.04356,40.32832,-117.06591,40.3157,443,2529,457,2510
T27-0124,4,end-to-end,2.419,7.125,7.125,True,7.125,0.223,1.541,2.241,6.202,7,0.714,5,False,1075,1075,True,Unnamed fault near Churchill Butte,Unnamed fault near Churchill Butte,True,1666,1666,Well Constrained,Well Constrained,N,N,Unspecified,Unspecified,250,250,True,same-FID_multipart-continuity,"along-strike endpoint gap; assess continuation, relay, or cartographic segmentation",https://web2.nbmg.unr.edu/arcgis/rest/services/Qfaults/Qfaults_INGENIOUS/MapServer/0,https://www.osti.gov/servlets/purl/1724082,True,6.202,-3e-06,0.0,31.0589,270,-119.25631,39.3577,-119.25909,39.33602,1496,622,1520,619
T27-0125,4,end-to-end,2.441,8.427,14.436,False,55.008,0.402,1.549,1.166,5.156,6,0.0,0,False,862,862,True,Shoshone Range fault zone,Shoshone Range fault zone,True,1148,1148,Well Constrained,Well Constrained,N,N,NW,NW,250,250,True,same-FID_multipart-continuity,"along-strike endpoint gap; assess continuation, relay, or cartographic segmentation",https://web2.nbmg.unr.edu/arcgis/rest/services/Qfaults/Qfaults_INGENIOUS/MapServer/0,https://www.osti.gov/servlets/purl/1724082,True,5.156,-3e-06,0.005855,22.8227,92,-116.97643,40.395,-117.0,40.38239,369,2586,383,2566
T27-0126,4,end-to-end,2.46,12.529,26.565,True,26.565,0.457,1.907,6.06,10.427,7,0.0,0,False,441,440,False,Hot Springs fault zone,Hot Springs fault zone,True,1312,1312,Moderately Constrained,Moderately Constrained,N,N,Unspecified,Unspecified,250,250,True,H27-5b_inter-FID_same-name_kinematic-compatible,"along-strike endpoint gap; assess continuation, relay, or cartographic segmentation",https://web2.nbmg.unr.edu/arcgis/rest/services/Qfaults/Qfaults_INGENIOUS/MapServer/0,https://www.osti.gov/servlets/purl/1724082,True,10.427,-3e-06,0.0,68.3554,191,-118.187,38.92118,-118.19935,38.90123,1998,1537,2020,1526
T27-0127,4,end-to-end,2.506,8.054,8.054,False,28.61,0.503,1.607,1.749,5.862,7,0.571,4,False,1243,1243,True,Unnamed fault zone southeastern Truckee Range,Unnamed fault zone southeastern Truckee Range,True,1672,1672,Well Constrained,Well Constrained,N,N,SE,SE,250,250,True,same-FID_multipart-continuity,"along-strike endpoint gap; assess continuation, relay, or cartographic segmentation",https://web2.nbmg.unr.edu/arcgis/rest/services/Qfaults/Qfaults_INGENIOUS/MapServer/0,https://www.osti.gov/servlets/purl/1724082,True,5.862,-3e-06,-0.005855,317.3693,4,-119.08124,39.75287,-119.06783,39.77293,1061,783,1039,795
T27-0128,4,end-to-end,2.506,12.575,19.148,False,28.61,0.548,3.487,0.641,6.634,7,0.143,1,False,1306,1302,False,Unnamed faults in Gabbs Valley,Unnamed faults in Gabbs Valley,True,1313,1313,Moderately Constrained,Well Constrained,N,N,Unspecified,Unspecified,250,250,True,H27-5b_inter-FID_same-name_kinematic-compatible,"along-strike endpoint gap; assess continuation, relay, or cartographic segmentation",https://web2.nbmg.unr.edu/arcgis/rest/services/Qfaults/Qfaults_INGENIOUS/MapServer/0,https://www.osti.gov/servlets/purl/1724082,True,6.634,-3e-06,0.0,31.4449,268,-118.07596,38.97723,-118.0895,38.95728,1937,1634,1959,1622
T27-0129,4,end-to-end,2.518,6.843,11.592,False,6.843,0.431,0.3,0.683,3.501,8,1.0,8,False,862,863,False,Shoshone Range fault zone,Shoshone Range fault zone,True,1148,1148,Well Constrained,Moderately Constrained,N,N,NW,NW,250,250,True,H27-5b_inter-FID_same-name_kinematic-compatible,"along-strike endpoint gap; assess continuation, relay, or cartographic segmentation",https://web2.nbmg.unr.edu/arcgis/rest/services/Qfaults/Qfaults_INGENIOUS/MapServer/0,https://www.osti.gov/servlets/purl/1724082,True,3.501,-3e-06,0.005855,11.6992,125,-117.09033,40.09135,-117.09382,40.06882,706,2489,731,2486
T27-0130,4,end-to-end,2.625,3.708,8.82,True,17.745,0.361,2.349,1.107,6.081,8,0.0,0,False,749,683,False,Pyramid Lake fault zone,Olinghouse fault zone,False,1669,1668,Well Constrained,Well Constrained,RL,LL,Unspecified,Unspecified,250,250,False,inter-FID_kinematic-conflict-or-unknown,"along-strike endpoint gap; assess continuation, relay, or cartographic segmentation",https://web2.nbmg.unr.edu/arcgis/rest/services/Qfaults/Qfaults_INGENIOUS/MapServer/0,https://www.osti.gov/servlets/purl/1724082,True,6.081,-3e-06,0.0,30.2314,276,-119.34724,39.71536,-119.3558,39.69266,1097,554,1122,546
T27-0131,4,end-to-end,2.691,9.982,5.117,False,41.987,0.532,2.073,1.773,6.536,6,0.0,0,False,98,98,True,Carico Lake Valley fault zone,Carico Lake Valley fault zone,True,1155,1155,Well Constrained,Well Constrained,N,N,Unspecified,Unspecified,250,250,True,same-FID_multipart-continuity,"along-strike endpoint gap; assess continuation, relay, or cartographic segmentation",https://web2.nbmg.unr.edu/arcgis/rest/services/Qfaults/Qfaults_INGENIOUS/MapServer/0,https://www.osti.gov/servlets/purl/1724082,True,6.536,-3e-06,0.0,35.2841,253,-116.90022,40.13639,-116.87906,40.15439,656,2651,636,2669
T27-0132,4,end-to-end,2.702,3.453,19.004,True,38.991,0.388,3.338,1.39,7.43,6,0.0,0,False,82,82,True,Buffalo Valley fault zone,Buffalo Valley fault zone,True,1140,1140,Well Constrained,Well Constrained,N,N,E,E,250,250,True,same-FID_multipart-continuity,"along-strike endpoint gap; assess continuation, relay, or cartographic segmentation",https://web2.nbmg.unr.edu/arcgis/rest/services/Qfaults/Qfaults_INGENIOUS/MapServer/0,https://www.osti.gov/servlets/purl/1724082,True,7.43,-3e-06,-0.005855,113.0784,34,-117.33802,40.59721,-117.35801,40.57823,144,2280,165,2263
T27-0133,4,end-to-end,2.78,5.689,17.138,False,37.694,0.443,1.79,1.607,6.177,7,0.571,4,False,1243,1243,True,Unnamed fault zone southeastern Truckee Range,Unnamed fault zone southeastern Truckee Range,True,1672,1672,Well Constrained,Well Constrained,N,N,SE,SE,250,250,True,same-FID_multipart-continuity,"along-strike endpoint gap; assess continuation, relay, or cartographic segmentation",https://web2.nbmg.unr.edu/arcgis/rest/services/Qfaults/Qfaults_INGENIOUS/MapServer/0,https://www.osti.gov/servlets/purl/1724082,True,6.177,-3e-06,0.0,202.7168,160,-119.062,39.77303,-119.08124,39.75287,1039,800,1061,783
T27-0134,4,end-to-end,2.816,14.441,20.152,True,6.116,0.309,0.924,1.066,4.806,9,0.889,8,False,98,119,False,Carico Lake Valley fault zone,Central Carico Lake Valley fault group,False,1155,1176,Well Constrained,Well Constrained,N,N,Unspecified,Unspecified,250,250,True,inter-FID_other-name_kinematic-compatible,"along-strike endpoint gap; assess continuation, relay, or cartographic segmentation",https://web2.nbmg.unr.edu/arcgis/rest/services/Qfaults/Qfaults_INGENIOUS/MapServer/0,https://www.osti.gov/servlets/purl/1724082,True,4.806,-3e-06,0.0,91.0096,176,-116.905,40.07873,-116.90855,40.05351,720,2647,748,2644
T27-0135,4,end-to-end,2.846,2.121,12.529,False,18.435,0.559,1.366,0.624,4.836,8,0.0,0,False,808,808,True,San Emidio fault zone,San Emidio fault zone,True,1613,1613,Well Constrained,Well Constrained,N,N,W,W,250,250,True,same-FID_multipart-continuity,"along-strike endpoint gap; assess continuation, relay, or cartographic segmentation",https://web2.nbmg.unr.edu/arcgis/rest/services/Qfaults/Qfaults_INGENIOUS/MapServer/0,https://www.osti.gov/servlets/purl/1724082,True,4.836,-3e-06,0.005855,21.1321,96,-119.38208,40.4173,-119.37234,40.44182,317,545,290,554
T27-0136,4,end-to-end,2.884,13.134,2.726,True,33.69,0.354,2.814,0.624,6.323,7,0.571,4,False,1209,749,False,Unnamed fault zone near Little Valley,Pyramid Lake fault zone,False,1670,1669,Well Constrained,Well Constrained,N,RL,Unspecified,Unspecified,250,250,False,inter-FID_kinematic-conflict-or-unknown,"along-strike endpoint gap; assess continuation, relay, or cartographic segmentation",https://web2.nbmg.unr.edu/arcgis/rest/services/Qfaults/Qfaults_INGENIOUS/MapServer/0,https://www.osti.gov/servlets/purl/1724082,True,6.323,-3e-06,0.0,51.5763,221,-119.24265,39.6913,-119.26059,39.66933,1126,643,1150,627
T27-0137,4,end-to-end,2.9,17.038,25.841,True,43.603,0.402,1.249,1.79,5.938,6,0.667,4,False,1233,1232,False,Unnamed fault zone on northwest side of Trinity Range,Unnamed fault zone on northwest side of Trinity Range,True,1678,1678,Well Constrained,Well Constrained,N,N,Unspecified,Unspecified,250,250,True,H27-5b_inter-FID_same-name_kinematic-compatible,"along-strike endpoint gap; assess continuation, relay, or cartographic segmentation",https://web2.nbmg.unr.edu/arcgis/rest/services/Qfaults/Qfaults_INGENIOUS/MapServer/0,https://www.osti.gov/servlets/purl/1724082,True,5.938,-3e-06,0.0,96.6634,170,-118.93712,39.94095,-118.95998,39.92165,855,911,876,891
T27-0138,4,end-to-end,2.961,14.876,11.689,True,11.689,0.244,1.89,0.783,5.634,9,0.778,7,False,1515,1515,True,Unnamed faults west of Desert Mountains,Unnamed faults west of Desert Mountains,True,1665,1665,Well Constrained,Well Constrained,N,N,Unspecified,Unspecified,250,250,True,same-FID_multipart-continuity,"along-strike endpoint gap; assess continuation, relay, or cartographic segmentation",https://web2.nbmg.unr.edu/arcgis/rest/services/Qfaults/Qfaults_INGENIOUS/MapServer/0,https://www.osti.gov/servlets/purl/1724082,True,5.634,-3e-06,0.0,116.8803,166,-119.21296,39.2342,-119.21908,39.20795,1634,656,1663,650
T27-0139,4,end-to-end,3.0,0.0,14.036,True,0.0,0.36,0.3,3.256,6.556,9,0.778,7,False,29,29,True,Benton Spring fault,Benton Spring fault,True,1320,1320,Well Constrained,Well Constrained,RL,RL,Unspecified,Unspecified,250,250,True,same-FID_multipart-continuity,"along-strike endpoint gap; assess continuation, relay, or cartographic segmentation",https://web2.nbmg.unr.edu/arcgis/rest/services/Qfaults/Qfaults_INGENIOUS/MapServer/0,https://www.osti.gov/servlets/purl/1724082,True,6.556,-3e-06,0.0,32.2872,263,-118.02251,38.30634,-118.02213,38.27931,2682,1672,2712,1672
T27-0140,4,end-to-end,3.002,11.547,29.982,False,150.018,0.511,0.341,0.8,4.143,8,0.0,0,False,2200,1940,False,unnamed fault,"Fish Lake Valley fault zone, Oasis section",False,,49c,Well Constrained,Well Constrained,Unspecified,N,Unspecified,Unspecified,100,100,True,inter-FID_other-name_kinematic-compatible,"along-strike endpoint gap; assess continuation, relay, or cartographic segmentation",https://web2.nbmg.unr.edu/arcgis/rest/services/Qfaults/Qfaults_INGENIOUS/MapServer/0,https://www.osti.gov/servlets/purl/1724082,True,4.143,-3e-06,0.005855,16.4086,104,-117.84234,37.45516,-117.82513,37.43185,3628,1821,3654,1836
T27-0141,4,end-to-end,3.041,2.337,30.587,False,27.408,0.618,2.831,1.39,7.263,8,0.0,0,False,82,82,True,Buffalo Valley fault zone,Buffalo Valley fault zone,True,1140,1140,Well Constrained,Well Constrained,N,N,E,E,250,250,True,same-FID_multipart-continuity,"along-strike endpoint gap; assess continuation, relay, or cartographic segmentation",https://web2.nbmg.unr.edu/arcgis/rest/services/Qfaults/Qfaults_INGENIOUS/MapServer/0,https://www.osti.gov/servlets/purl/1724082,True,7.263,-3e-06,-0.005855,113.7449,33,-117.34159,40.6026,-117.35801,40.57823,138,2277,165,2263
T27-0142,4,end-to-end,3.046,3.366,3.366,False,23.199,0.503,2.573,1.449,7.068,9,0.0,0,False,1305,1305,True,Unnamed faults in Gabbs Valley,Unnamed faults in Gabbs Valley,True,1313,1313,Moderately Constrained,Moderately Constrained,N,N,Unspecified,Unspecified,250,250,True,same-FID_multipart-continuity,"along-strike endpoint gap; assess continuation, relay, or cartographic segmentation",https://web2.nbmg.unr.edu/arcgis/rest/services/Qfaults/Qfaults_INGENIOUS/MapServer/0,https://www.osti.gov/servlets/purl/1724082,True,7.068,-3e-06,0.0,41.2339,241,-118.12489,38.93261,-118.13833,38.90725,1986,1591,2014,1579
T27-0143,4,end-to-end,3.068,19.026,7.539,True,19.026,0.432,1.3,1.507,5.875,9,0.0,0,False,1231,1231,True,Unnamed fault zone on northwest side of Trinity Range,Unnamed fault zone on northwest side of Trinity Range,True,1678,1678,Well Constrained,Well Constrained,N,N,Unspecified,Unspecified,250,250,True,same-FID_multipart-continuity,"along-strike endpoint gap; assess continuation, relay, or cartographic segmentation",https://web2.nbmg.unr.edu/arcgis/rest/services/Qfaults/Qfaults_INGENIOUS/MapServer/0,https://www.osti.gov/servlets/purl/1724082,True,5.875,-3e-06,0.005855,30.5505,84,-118.84174,40.09386,-118.85276,40.06756,687,996,716,986
T27-0144,4,end-to-end,3.081,6.009,33.69,False,35.754,0.487,0.866,1.79,5.736,8,0.75,6,False,1233,1232,False,Unnamed fault zone on northwest side of Trinity Range,Unnamed fault zone on northwest side of Trinity Range,True,1678,1678,Well Constrained,Well Constrained,N,N,Unspecified,Unspecified,250,250,True,H27-5b_inter-FID_same-name_kinematic-compatible,"along-strike endpoint gap; assess continuation, relay, or cartographic segmentation",https://web2.nbmg.unr.edu/arcgis/rest/services/Qfaults/Qfaults_INGENIOUS/MapServer/0,https://www.osti.gov/servlets/purl/1724082,True,5.736,-3e-06,0.0,93.4823,173,-118.93956,39.94451,-118.95998,39.92165,851,909,876,891
T27-0145,4,end-to-end,3.225,7.943,22.62,False,29.745,0.555,0.583,1.624,5.432,9,0.111,1,False,1576,1576,True,Western Fairview Peak fault,Western Fairview Peak fault,True,1686,1686,Well Constrained,Well Constrained,N,N,Unspecified,Unspecified,250,250,True,same-FID_multipart-continuity,"along-strike endpoint gap; assess continuation, relay, or cartographic segmentation",https://web2.nbmg.unr.edu/arcgis/rest/services/Qfaults/Qfaults_INGENIOUS/MapServer/0,https://www.osti.gov/servlets/purl/1724082,True,5.432,-3e-06,0.0,157.7498,162,-118.21131,39.26425,-118.1932,39.28966,1617,1521,1589,1537
T27-0146,4,end-to-end,3.314,5.194,30.343,False,5.194,0.51,0.9,0.907,5.121,10,0.5,5,False,401,400,False,Granite Springs Valley fault zone,Granite Springs Valley fault zone,True,1622,1622,Moderately Constrained,Well Constrained,N,N,E,E,250,250,True,H27-5b_inter-FID_same-name_kinematic-compatible,"along-strike endpoint gap; assess continuation, relay, or cartographic segmentation",https://web2.nbmg.unr.edu/arcgis/rest/services/Qfaults/Qfaults_INGENIOUS/MapServer/0,https://www.osti.gov/servlets/purl/1724082,True,5.121,-3e-06,0.005855,24.5889,89,-119.05517,40.01369,-119.05779,39.98392,772,812,805,809
T27-0147,4,end-to-end,3.324,4.847,10.856,False,15.709,0.459,2.09,1.749,7.163,10,0.3,3,False,35,34,False,Beowawe fault,Beowawe fault,True,1151,1151,Moderately Constrained,Well Constrained,N,N,NW,NW,250,250,True,H27-5b_inter-FID_same-name_kinematic-compatible,"along-strike endpoint gap; assess continuation, relay, or cartographic segmentation",https://web2.nbmg.unr.edu/arcgis/rest/services/Qfaults/Qfaults_INGENIOUS/MapServer/0,https://www.osti.gov/servlets/purl/1724082,True,7.163,-3e-06,0.0,43.8781,231,-116.42492,40.67735,-116.43582,40.64858,54,3052,86,3043
T27-0148,4,end-to-end,3.441,22.457,14.982,True,144.462,0.497,1.714,2.431,7.587,9,0.0,0,False,1937,1937,True,"Fish Lake Valley fault zone, Oasis section","Fish Lake Valley fault zone, Oasis section",True,49c,49c,Well Constrained,Well Constrained,RL,RL,Unspecified,Unspecified,100,100,True,same-FID_multipart-continuity,"along-strike endpoint gap; assess continuation, relay, or cartographic segmentation",https://web2.nbmg.unr.edu/arcgis/rest/services/Qfaults/Qfaults_INGENIOUS/MapServer/0,https://www.osti.gov/servlets/purl/1724082,True,7.587,-4e-06,0.0,48.7051,223,-117.92656,37.4996,-117.90363,37.47454,3578,1747,3606,1767
T27-0149,4,end-to-end,3.493,14.167,17.557,True,23.629,0.489,1.407,4.428,9.328,0,0.0,0,False,190,189,False,"Dixie Valley fault zone, ""1954"" section","Dixie Valley fault zone, ""1954"" section",True,1687b,1687b,Well Constrained,Well Constrained,N,N,Unspecified,Unspecified,250,250,True,H27-5b_inter-FID_same-name_kinematic-compatible,"along-strike endpoint gap; assess continuation, relay, or cartographic segmentation",https://web2.nbmg.unr.edu/arcgis/rest/services/Qfaults/Qfaults_INGENIOUS/MapServer/0,https://www.osti.gov/servlets/purl/1724082,True,9.328,-4e-06,0.0,65.4278,195,-118.07212,39.7873,-118.08801,39.75832,1038,1648,1070,1634
T27-0150,4,end-to-end,3.5,0.0,10.305,True,36.87,0.47,1.149,3.704,8.353,9,0.0,0,False,442,442,True,Hot Springs Mountain fault zone,Hot Springs Mountain fault zone,True,1673,1673,Well Constrained,Well Constrained,N,N,SE,SE,250,250,True,same-FID_multipart-continuity,"along-strike endpoint gap; assess continuation, relay, or cartographic segmentation",https://web2.nbmg.unr.edu/arcgis/rest/services/Qfaults/Qfaults_INGENIOUS/MapServer/0,https://www.osti.gov/servlets/purl/1724082,True,8.353,-4e-06,0.0,110.8282,167,-118.79543,39.84864,-118.8193,39.82304,960,1030,988,1009
T27-0151,4,end-to-end,3.501,1.637,5.488,True,178.363,0.394,0.9,1.166,5.567,11,0.091,1,False,558,365,False,McAfee Canyon fault,"Fish Lake Valley fault zone, Cucomongo section",False,1731,49c,Well Constrained,Well Constrained,N,RL,W,E,250,250,False,inter-FID_kinematic-conflict-or-unknown,"along-strike endpoint gap; assess continuation, relay, or cartographic segmentation",https://web2.nbmg.unr.edu/arcgis/rest/services/Qfaults/Qfaults_INGENIOUS/MapServer/0,https://www.osti.gov/servlets/purl/1724082,True,5.567,-4e-06,0.005855,28.8239,86,-117.95056,37.60757,-117.94902,37.57603,3458,1727,3493,1728
T27-0152,4,end-to-end,3.547,0.945,21.501,False,21.501,0.519,0.924,3.031,7.502,10,0.4,4,False,98,98,True,Carico Lake Valley fault zone,Carico Lake Valley fault zone,True,1155,1155,Well Constrained,Well Constrained,N,N,Unspecified,Unspecified,250,250,True,same-FID_multipart-continuity,"along-strike endpoint gap; assess continuation, relay, or cartographic segmentation",https://web2.nbmg.unr.edu/arcgis/rest/services/Qfaults/Qfaults_INGENIOUS/MapServer/0,https://www.osti.gov/servlets/purl/1724082,True,7.502,-4e-06,-0.005855,137.8379,24,-116.90147,40.08594,-116.88617,40.11565,712,2650,679,2663
T27-0153,4,end-to-end,3.662,20.956,23.003,True,34.992,0.569,1.424,1.107,6.193,9,0.556,6,False,486,486,True,Jersey Valley fault zone,Jersey Valley fault zone,True,1144,1144,Well Constrained,Well Constrained,N,N,W,W,250,250,True,same-FID_multipart-continuity,"along-strike endpoint gap; assess continuation, relay, or cartographic segmentation",https://web2.nbmg.unr.edu/arcgis/rest/services/Qfaults/Qfaults_INGENIOUS/MapServer/0,https://www.osti.gov/servlets/purl/1724082,True,6.193,-4e-06,-0.005855,235.5312,9,-117.5558,40.06212,-117.58019,40.03497,737,2092,767,2071
T27-0154,4,end-to-end,3.891,10.963,30.403,False,64.093,0.418,0.524,0.383,4.798,11,0.636,8,False,726,726,True,"Pinon Range fault zone, southern section","Pinon Range fault zone, southern section",True,1160b,1160b,Well Constrained,Well Constrained,N,N,W,W,250,250,True,same-FID_multipart-continuity,"along-strike endpoint gap; assess continuation, relay, or cartographic segmentation",https://web2.nbmg.unr.edu/arcgis/rest/services/Qfaults/Qfaults_INGENIOUS/MapServer/0,https://www.osti.gov/servlets/purl/1724082,True,4.798,-4e-06,0.0,59.5904,202,-116.20831,40.07967,-116.16708,40.0947,716,3241,699,3276
T27-0155,3,abutting,1.0,4.865,,False,36.87,0.651,3.08,0.1,4.18,2,0.5,1,False,856,856,True,Seven Troughs Range fault zone,Seven Troughs Range fault zone,True,1627,1627,Well Constrained,Well Constrained,N,N,E,E,250,250,True,same-FID_multipart-continuity,abutment/termination geometry; verify fault intersections and cross-cutting relations,https://web2.nbmg.unr.edu/arcgis/rest/services/Qfaults/Qfaults_INGENIOUS/MapServer/0,https://www.osti.gov/servlets/purl/1724082,True,4.18,-1e-06,0.0,7.9758,339,-118.73305,40.52345,-118.72615,40.53076,212,1098,204,1104
T27-0156,3,end-to-end,1.0,16.26,10.305,True,36.87,0.504,2.88,4.128,8.008,2,1.0,2,False,2667,2667,True,"Dixie Valley fault zone, Stillwater seismic gap section","Dixie Valley fault zone, Stillwater seismic gap section",True,1687a,1687a,Well Constrained,Well Constrained,N,N,SE,SE,250,250,True,same-FID_multipart-continuity,"along-strike endpoint gap; assess continuation, relay, or cartographic segmentation",https://web2.nbmg.unr.edu/arcgis/rest/services/Qfaults/Qfaults_INGENIOUS/MapServer/0,https://www.osti.gov/servlets/purl/1724082,True,8.008,-1e-06,-0.005855,38.7956,76,-117.96793,39.93598,-117.97485,39.92871,874,1739,882,1733
T27-0157,3,abutting,1.0,14.036,,False,0.0,0.589,3.838,0.924,5.763,3,0.0,0,False,189,190,False,"Dixie Valley fault zone, ""1954"" section","Dixie Valley fault zone, ""1954"" section",True,1687b,1687b,Well Constrained,Well Constrained,N,N,Unspecified,Unspecified,250,250,True,H27-5b_inter-FID_same-name_kinematic-compatible,abutment/termination geometry; verify fault intersections and cross-cutting relations,https://web2.nbmg.unr.edu/arcgis/rest/services/Qfaults/Qfaults_INGENIOUS/MapServer/0,https://www.osti.gov/servlets/purl/1724082,True,5.763,-1e-06,-0.005855,31.028,82,-118.16415,39.70443,-118.1643,39.71343,1129,1568,1119,1568
T27-0158,3,end-to-end,1.0,7.125,32.005,False,0.0,0.314,3.631,1.531,6.163,3,0.0,0,False,1561,1555,False,Wassuk Range fault zone,Wassuk Range fault zone,True,1300,1300,Moderately Constrained,Well Constrained,N,N,Unspecified,Unspecified,250,250,True,H27-5b_inter-FID_same-name_kinematic-compatible,"along-strike endpoint gap; assess continuation, relay, or cartographic segmentation",https://web2.nbmg.unr.edu/arcgis/rest/services/Qfaults/Qfaults_INGENIOUS/MapServer/0,https://www.osti.gov/servlets/purl/1724082,True,6.163,-1e-06,0.0,22.4474,302,-118.89067,39.13987,-118.89043,39.13086,1745,932,1755,932
T27-0159,3,end-to-end,1.005,13.468,14.845,False,5.711,0.382,4.228,1.649,6.882,3,0.0,0,False,862,862,True,Shoshone Range fault zone,Shoshone Range fault zone,True,1148,1148,Well Constrained,Well Constrained,N,N,NW,NW,250,250,True,same-FID_multipart-continuity,"along-strike endpoint gap; assess continuation, relay, or cartographic segmentation",https://web2.nbmg.unr.edu/arcgis/rest/services/Qfaults/Qfaults_INGENIOUS/MapServer/0,https://www.osti.gov/servlets/purl/1724082,False,6.882,0.0,0.0,-0.5389,342,-116.80157,40.55339,-116.80278,40.54438,193,2734,203,2733
T27-0160,3,end-to-end,1.005,1.414,19.747,True,5.711,0.344,6.087,2.707,9.799,3,0.0,0,False,1268,1268,True,"Unnamed faults east of Mount Lewis, Shoshone Range","Unnamed faults east of Mount Lewis, Shoshone Range",True,1162,1162,Well Constrained,Well Constrained,N,N,W,W,250,250,True,same-FID_multipart-continuity,"along-strike endpoint gap; assess continuation, relay, or cartographic segmentation",https://web2.nbmg.unr.edu/arcgis/rest/services/Qfaults/Qfaults_INGENIOUS/MapServer/0,https://www.osti.gov/servlets/purl/1724082,True,9.799,-1e-06,-0.005855,51.6423,63,-116.75849,40.38214,-116.7597,40.37313,383,2771,393,2770
T27-0161,3,end-to-end,1.005,26.267,26.267,True,174.289,0.328,0.924,1.749,3.678,3,1.0,3,False,76,76,True,Buena Vista Valley fault zone,Buena Vista Valley fault zone,True,1638,1638,Well Constrained,Well Constrained,N,N,W,W,250,250,True,same-FID_multipart-continuity,"along-strike endpoint gap; assess continuation, relay, or cartographic segmentation",https://web2.nbmg.unr.edu/arcgis/rest/services/Qfaults/Qfaults_INGENIOUS/MapServer/0,https://www.osti.gov/servlets/purl/1724082,True,3.678,-1e-06,0.005855,9.6144,133,-117.8755,40.21331,-117.87421,40.20431,567,1821,577,1822
T27-0162,3,end-to-end,1.005,12.724,5.711,False,174.289,0.366,3.321,0.4,4.726,3,0.0,0,False,774,774,True,Rainbow Mountain fault zone,Rainbow Mountain fault zone,True,1679,1679,Well Constrained,Well Constrained,RL,RL,Unspecified,Unspecified,250,250,True,same-FID_multipart-continuity,"along-strike endpoint gap; assess continuation, relay, or cartographic segmentation",https://web2.nbmg.unr.edu/arcgis/rest/services/Qfaults/Qfaults_INGENIOUS/MapServer/0,https://www.osti.gov/servlets/purl/1724082,True,4.726,-1e-06,-0.005855,116.3461,31,-118.40884,39.86299,-118.40748,39.85399,950,1361,960,1362
T27-0163,3,end-to-end,1.02,11.31,15.255,True,11.31,0.335,1.49,17.627,20.136,3,0.0,0,False,863,862,False,Shoshone Range fault zone,Shoshone Range fault zone,True,1148,1148,Moderately Constrained,Well Constrained,N,N,NW,NW,250,250,True,H27-5b_inter-FID_same-name_kinematic-compatible,"along-strike endpoint gap; assess continuation, relay, or cartographic segmentation",https://web2.nbmg.unr.edu/arcgis/rest/services/Qfaults/Qfaults_INGENIOUS/MapServer/0,https://www.osti.gov/servlets/purl/1724082,True,20.136,-1e-06,0.0,92.5563,174,-116.77926,40.51551,-116.77687,40.52452,235,2753,225,2755
T27-0164,3,end-to-end,1.03,29.982,25.408,True,60.945,0.278,0.624,0.907,2.561,2,0.0,0,False,862,862,True,Shoshone Range fault zone,Shoshone Range fault zone,True,1148,1148,Well Constrained,Well Constrained,N,N,NW,NW,250,250,True,same-FID_multipart-continuity,"along-strike endpoint gap; assess continuation, relay, or cartographic segmentation",https://web2.nbmg.unr.edu/arcgis/rest/services/Qfaults/Qfaults_INGENIOUS/MapServer/0,https://www.osti.gov/servlets/purl/1724082,True,2.561,-1e-06,0.005855,5.3458,150,-117.01648,40.34094,-117.02708,40.33644,429,2552,434,2543
T27-0165,3,tip-to-tip oblique,1.03,8.499,62.745,False,150.945,0.569,1.066,0.766,2.861,2,0.0,0,False,1552,1552,True,Wassuk Range fault zone,Wassuk Range fault zone,True,1300,1300,Well Constrained,Well Constrained,N,N,Unspecified,Unspecified,250,250,True,same-FID_multipart-continuity,"oblique step-over-like geometry; verify overlap, slip sense, and relay direction",https://web2.nbmg.unr.edu/arcgis/rest/services/Qfaults/Qfaults_INGENIOUS/MapServer/0,https://www.osti.gov/servlets/purl/1724082,True,2.861,-1e-06,0.005855,6.463,144,-118.8817,39.06343,-118.87571,39.05541,1830,938,1839,943
T27-0166,3,end-to-end,1.044,23.824,3.857,False,16.699,0.475,4.228,1.649,6.921,3,0.0,0,False,862,862,True,Shoshone Range fault zone,Shoshone Range fault zone,True,1148,1148,Well Constrained,Well Constrained,N,N,NW,NW,250,250,True,same-FID_multipart-continuity,"along-strike endpoint gap; assess continuation, relay, or cartographic segmentation",https://web2.nbmg.unr.edu/arcgis/rest/services/Qfaults/Qfaults_INGENIOUS/MapServer/0,https://www.osti.gov/servlets/purl/1724082,False,6.921,0.0,0.0,0.0,344,-116.79921,40.55339,-116.80278,40.54438,193,2736,203,2733
T27-0167,3,tip-to-tip oblique,1.044,3.857,43.264,False,16.699,0.652,1.024,1.649,3.717,3,0.333,2,False,76,76,True,Buena Vista Valley fault zone,Buena Vista Valley fault zone,True,1638,1638,Well Constrained,Well Constrained,N,N,W,W,250,250,True,same-FID_multipart-continuity,"oblique step-over-like geometry; verify overlap, slip sense, and relay direction",https://web2.nbmg.unr.edu/arcgis/rest/services/Qfaults/Qfaults_INGENIOUS/MapServer/0,https://www.osti.gov/servlets/purl/1724082,True,3.717,-1e-06,0.005855,10.048,131,-117.8652,40.23501,-117.86179,40.24404,543,1830,533,1833
T27-0168,3,abutting,1.044,1.736,,False,16.699,0.697,0.341,0.924,2.31,3,0.0,0,False,189,190,False,"Dixie Valley fault zone, ""1954"" section","Dixie Valley fault zone, ""1954"" section",True,1687b,1687b,Well Constrained,Well Constrained,N,N,Unspecified,Unspecified,250,250,True,H27-5b_inter-FID_same-name_kinematic-compatible,abutment/termination geometry; verify fault intersections and cross-cutting relations,https://web2.nbmg.unr.edu/arcgis/rest/services/Qfaults/Qfaults_INGENIOUS/MapServer/0,https://www.osti.gov/servlets/purl/1724082,True,2.31,-1e-06,0.0,17.7709,316,-118.16765,39.70439,-118.1643,39.71343,1129,1565,1119,1568
T27-0169,3,end-to-end,1.082,17.745,0.0,False,33.69,0.445,0.783,1.107,2.972,2,0.0,0,False,191,191,True,"Dixie Valley fault zone, ""1954"" section","Dixie Valley fault zone, ""1954"" section",True,1687b,1687b,Well Constrained,Well Constrained,N,N,Unspecified,Unspecified,250,250,True,same-FID_multipart-continuity,"along-strike endpoint gap; assess continuation, relay, or cartographic segmentation",https://web2.nbmg.unr.edu/arcgis/rest/services/Qfaults/Qfaults_INGENIOUS/MapServer/0,https://www.osti.gov/servlets/purl/1724082,True,2.972,-1e-06,0.005855,6.992,142,-118.17837,39.51147,-118.18521,39.50329,1343,1553,1352,1547
T27-0170,3,end-to-end,1.1,26.565,0.0,True,0.0,0.351,1.849,1.4,4.349,3,1.0,3,False,1209,1209,True,Unnamed fault zone near Little Valley,Unnamed fault zone near Little Valley,True,1670,1670,Well Constrained,Well Constrained,N,N,Unspecified,Unspecified,250,250,True,same-FID_multipart-continuity,"along-strike endpoint gap; assess continuation, relay, or cartographic segmentation",https://web2.nbmg.unr.edu/arcgis/rest/services/Qfaults/Qfaults_INGENIOUS/MapServer/0,https://www.osti.gov/servlets/purl/1724082,True,4.349,-1e-06,0.0,29.6454,279,-119.21664,39.75306,-119.21632,39.74316,1058,667,1069,667
T27-0171,3,end-to-end,1.1,7.125,20.556,True,0.0,0.228,3.266,14.05,18.415,3,0.0,0,False,5,5,True,Agai Pah Hills fault zone,Agai Pah Hills fault zone,True,1308,1308,Well Constrained,Well Constrained,RL,RL,Unspecified,Unspecified,250,250,True,same-FID_multipart-continuity,"along-strike endpoint gap; assess continuation, relay, or cartographic segmentation",https://web2.nbmg.unr.edu/arcgis/rest/services/Qfaults/Qfaults_INGENIOUS/MapServer/0,https://www.osti.gov/servlets/purl/1724082,True,18.415,-1e-06,-0.005855,131.0681,27,-118.59219,38.7803,-118.59241,38.79021,2149,1183,2138,1183
T27-0172,3,end-to-end,1.105,10.751,30.343,False,5.194,0.344,0.783,1.849,3.736,3,0.0,0,False,179,179,True,Crescent Valley faults,Crescent Valley faults,True,1156,1156,Well Constrained,Well Constrained,N,N,NW,NW,250,250,True,same-FID_multipart-continuity,"along-strike endpoint gap; assess continuation, relay, or cartographic segmentation",https://web2.nbmg.unr.edu/arcgis/rest/services/Qfaults/Qfaults_INGENIOUS/MapServer/0,https://www.osti.gov/servlets/purl/1724082,True,3.736,-1e-06,0.0,41.5089,238,-116.45918,40.39103,-116.46044,40.38113,372,3025,383,3024
T27-0173,3,end-to-end,1.118,25.866,18.435,True,26.565,0.472,4.087,3.263,8.468,3,0.0,0,False,405,405,True,Grass Valley fault zone,Grass Valley fault zone,True,1135,1135,Well Constrained,Well Constrained,N,N,W,W,250,250,True,same-FID_multipart-continuity,"along-strike endpoint gap; assess continuation, relay, or cartographic segmentation",https://web2.nbmg.unr.edu/arcgis/rest/services/Qfaults/Qfaults_INGENIOUS/MapServer/0,https://www.osti.gov/servlets/purl/1724082,True,8.468,-1e-06,-0.005855,61.151,59,-117.65243,40.60127,-117.65825,40.59223,138,2014,148,2009
T27-0174,3,end-to-end,1.118,19.44,12.529,True,153.435,0.171,1.324,3.166,5.608,3,0.667,2,False,281,282,False,Eastern Humboldt Range fault zone,Eastern Humboldt Range fault zone,True,1637,1637,Well Constrained,Well Constrained,N,N,E,E,250,250,True,H27-5b_inter-FID_same-name_kinematic-compatible,"along-strike endpoint gap; assess continuation, relay, or cartographic segmentation",https://web2.nbmg.unr.edu/arcgis/rest/services/Qfaults/Qfaults_INGENIOUS/MapServer/0,https://www.osti.gov/servlets/purl/1724082,True,5.608,-1e-06,0.0,19.6742,310,-118.10356,40.50685,-118.09751,40.4979,239,1631,249,1636
T27-0175,3,end-to-end,1.118,23.629,22.249,False,26.565,0.714,0.807,1.331,3.257,3,0.0,0,False,519,519,True,Kumiva Valley fault zone,Kumiva Valley fault zone,True,1619,1619,Well Constrained,Well Constrained,N,N,SE,SE,250,250,True,same-FID_multipart-continuity,"along-strike endpoint gap; assess continuation, relay, or cartographic segmentation",https://web2.nbmg.unr.edu/arcgis/rest/services/Qfaults/Qfaults_INGENIOUS/MapServer/0,https://www.osti.gov/servlets/purl/1724082,True,3.257,-1e-06,0.005855,8.1809,136,-119.11793,40.41254,-119.12354,40.40342,328,769,338,764
T27-0176,3,tip-to-tip oblique,1.118,8.13,39.094,False,169.695,0.593,0.341,1.007,2.467,3,0.667,3,False,43,604,False,Bettles Well-Petrified Springs fault,Monte Cristo Valley fault zone,False,1326,1325,Moderately Constrained,Moderately Constrained,RL,RL,Unspecified,Unspecified,250,250,True,inter-FID_other-name_kinematic-compatible,"oblique step-over-like geometry; verify overlap, slip sense, and relay direction",https://web2.nbmg.unr.edu/arcgis/rest/services/Qfaults/Qfaults_INGENIOUS/MapServer/0,https://www.osti.gov/servlets/purl/1724082,True,2.467,-1e-06,0.0,29.6121,280,-117.88807,38.44262,-117.89048,38.45252,2532,1791,2521,1789
T27-0177,3,end-to-end,1.118,24.775,12.529,True,26.565,0.674,4.704,5.528,11.351,3,0.0,0,False,537,538,False,Lone Mountain fault zone,Lone Mountain fault zone,True,1338,1338,Well Constrained,Well Constrained,N,N,Unspecified,W,250,250,True,H27-5b_inter-FID_same-name_kinematic-compatible,"along-strike endpoint gap; assess continuation, relay, or cartographic segmentation",https://web2.nbmg.unr.edu/arcgis/rest/services/Qfaults/Qfaults_INGENIOUS/MapServer/0,https://www.osti.gov/servlets/purl/1724082,True,11.351,-1e-06,-0.005855,76.144,50,-117.61409,38.02169,-117.61971,38.01265,3001,2027,3011,2022
T27-0178,3,end-to-end,1.118,6.009,19.44,True,153.435,0.317,5.911,1.424,8.454,2,0.0,0,False,1929,1679,False,"Fish Lake Valley fault zone, Leidy Creek section","Fish Lake Valley fault zone, Leidy Creek section",True,49a,49a,Well Constrained,Well Constrained,RL,RL,Unspecified,Unspecified,100,250,True,H27-5b_inter-FID_same-name_kinematic-compatible,"along-strike endpoint gap; assess continuation, relay, or cartographic segmentation",https://web2.nbmg.unr.edu/arcgis/rest/services/Qfaults/Qfaults_INGENIOUS/MapServer/0,https://www.osti.gov/servlets/purl/1724082,True,8.454,-1e-06,0.0,34.4912,255,-118.18699,37.7992,-118.19281,37.80816,3243,1521,3233,1516
T27-0179,3,end-to-end,1.14,19.44,19.44,False,37.875,0.55,0.683,0.341,2.164,2,0.0,0,True,726,726,True,"Pinon Range fault zone, southern section","Pinon Range fault zone, southern section",True,1160b,1160b,Well Constrained,Well Constrained,N,N,W,W,250,250,True,same-FID_multipart-continuity,"along-strike endpoint gap; assess continuation, relay, or cartographic segmentation",https://web2.nbmg.unr.edu/arcgis/rest/services/Qfaults/Qfaults_INGENIOUS/MapServer/0,https://www.osti.gov/servlets/purl/1724082,True,2.164,-1e-06,0.005855,4.102,157,-116.15809,40.1577,-116.16641,40.14965,629,3283,638,3276
T27-0180,3,end-to-end,1.14,29.291,3.945,False,15.255,0.601,0.441,0.541,2.123,3,1.0,3,True,399,399,True,Granite Springs Valley fault zone,Granite Springs Valley fault zone,True,1622,1622,Well Constrained,Well Constrained,N,N,E,E,250,250,True,same-FID_multipart-continuity,"along-strike endpoint gap; assess continuation, relay, or cartographic segmentation",https://web2.nbmg.unr.edu/arcgis/rest/services/Qfaults/Qfaults_INGENIOUS/MapServer/0,https://www.osti.gov/servlets/purl/1724082,True,2.123,-1e-06,0.005855,4.0192,158,-119.05733,40.12446,-119.05411,40.13443,649,813,638,816
T27-0181,3,end-to-end,1.14,11.31,17.319,False,142.125,0.531,2.731,5.204,9.076,2,1.0,2,False,1198,1196,False,Unnamed fault zone in southeastern Gabbs Valley Range,Unnamed fault zone in southeastern Gabbs Valley Range,True,1323,1323,Moderately Constrained,Well Constrained,N,N,Unspecified,Unspecified,250,250,True,H27-5b_inter-FID_same-name_kinematic-compatible,"along-strike endpoint gap; assess continuation, relay, or cartographic segmentation",https://web2.nbmg.unr.edu/arcgis/rest/services/Qfaults/Qfaults_INGENIOUS/MapServer/0,https://www.osti.gov/servlets/purl/1724082,True,9.076,-1e-06,-0.005855,47.8248,68,-118.00877,38.6345,-118.00062,38.62645,2318,1688,2327,1695
T27-0182,3,abutting,1.14,1.219,,False,164.745,0.448,4.856,0.841,6.837,3,0.333,1,False,1287,1252,False,Unnamed faults in Black Dyke Mountain,Unnamed fault zone west of Luning,False,1315,1305,Well Constrained,Well Constrained,N,N,Unspecified,N,250,250,True,inter-FID_other-name_kinematic-compatible,abutment/termination geometry; verify fault intersections and cross-cutting relations,https://web2.nbmg.unr.edu/arcgis/rest/services/Qfaults/Qfaults_INGENIOUS/MapServer/0,https://www.osti.gov/servlets/purl/1724082,True,6.837,-1e-06,-0.005855,87.7385,43,-118.23369,38.48455,-118.2373,38.49442,2482,1490,2471,1487
T27-0183,3,end-to-end,1.166,12.529,16.928,False,149.036,0.255,0.341,2.931,4.439,3,0.667,2,False,749,749,True,Pyramid Lake fault zone,Pyramid Lake fault zone,True,1669,1669,Well Constrained,Well Constrained,RL,RL,Unspecified,Unspecified,250,250,True,same-FID_multipart-continuity,"along-strike endpoint gap; assess continuation, relay, or cartographic segmentation",https://web2.nbmg.unr.edu/arcgis/rest/services/Qfaults/Qfaults_INGENIOUS/MapServer/0,https://www.osti.gov/servlets/purl/1724082,True,4.439,-1e-06,0.0,10.9951,335,-119.28565,39.65173,-119.29294,39.66059,1169,605,1159,599
T27-0184,3,end-to-end,1.166,22.166,7.696,False,149.036,0.589,2.114,0.666,3.946,3,0.0,0,False,409,409,True,Gumdrop Hills fault zone,Gumdrop Hills fault zone,True,1309,1309,Well Constrained,Well Constrained,RL,RL,SW,SW,250,250,True,same-FID_multipart-continuity,"along-strike endpoint gap; assess continuation, relay, or cartographic segmentation",https://web2.nbmg.unr.edu/arcgis/rest/services/Qfaults/Qfaults_INGENIOUS/MapServer/0,https://www.osti.gov/servlets/purl/1724082,True,3.946,-1e-06,0.0,10.6586,336,-118.21933,38.58473,-118.21229,38.57579,2371,1504,2381,1510
T27-0185,3,end-to-end,1.166,10.408,16.928,True,149.036,0.047,6.58,38.912,46.658,3,0.0,0,False,713,713,True,Paymaster Ridge fault,Paymaster Ridge fault,True,1105,1105,Moderately Constrained,Moderately Constrained,N,N,W,W,250,250,True,same-FID_multipart-continuity,"along-strike endpoint gap; assess continuation, relay, or cartographic segmentation",https://web2.nbmg.unr.edu/arcgis/rest/services/Qfaults/Qfaults_INGENIOUS/MapServer/0,https://www.osti.gov/servlets/purl/1724082,True,46.658,0.001042,-0.005855,787.6543,2,-117.4376,38.03871,-117.43071,38.02972,2983,2182,2993,2188
T27-0186,3,tip-to-tip oblique,1.17,10.521,40.539,False,19.983,0.66,0.641,1.324,3.136,3,1.0,3,False,486,486,True,Jersey Valley fault zone,Jersey Valley fault zone,True,1144,1144,Well Constrained,Well Constrained,N,N,W,W,250,250,True,same-FID_multipart-continuity,"oblique step-over-like geometry; verify overlap, slip sense, and relay direction",https://web2.nbmg.unr.edu/arcgis/rest/services/Qfaults/Qfaults_INGENIOUS/MapServer/0,https://www.osti.gov/servlets/purl/1724082,True,3.136,-1e-06,0.005855,7.6704,139,-117.49698,40.19663,-117.5016,40.1867,588,2143,599,2139
T27-0187,3,end-to-end,1.204,11.889,4.764,False,175.236,0.362,1.024,1.724,3.953,3,0.0,0,False,774,774,True,Rainbow Mountain fault zone,Rainbow Mountain fault zone,True,1679,1679,Well Constrained,Well Constrained,RL,RL,Unspecified,Unspecified,250,250,True,same-FID_multipart-continuity,"along-strike endpoint gap; assess continuation, relay, or cartographic segmentation",https://web2.nbmg.unr.edu/arcgis/rest/services/Qfaults/Qfaults_INGENIOUS/MapServer/0,https://www.osti.gov/servlets/purl/1724082,True,3.953,-1e-06,0.0,25.9299,290,-118.47547,39.8081,-118.47407,39.79731,1010,1303,1022,1304
T27-0188,3,abutting,1.204,4.764,,False,131.634,0.418,0.524,0.283,2.011,2,0.0,0,False,1252,1252,True,Unnamed fault zone west of Luning,Unnamed fault zone west of Luning,True,1305,1305,Well Constrained,Well Constrained,N,N,N,N,250,250,True,same-FID_multipart-continuity,abutment/termination geometry; verify fault intersections and cross-cutting relations,https://web2.nbmg.unr.edu/arcgis/rest/services/Qfaults/Qfaults_INGENIOUS/MapServer/0,https://www.osti.gov/servlets/purl/1724082,True,2.011,-1e-06,0.005855,3.6903,159,-118.40578,38.43124,-118.41623,38.43833,2539,1339,2531,1330
T27-0189,3,abutting,1.208,10.548,,False,24.444,0.491,3.421,1.407,6.037,3,0.333,1,False,1412,1412,True,Unnamed faults near Packard Flat,Unnamed faults near Packard Flat,True,1636,1636,Well Constrained,Well Constrained,N,N,Unspecified,Unspecified,250,250,True,same-FID_multipart-continuity,abutment/termination geometry; verify fault intersections and cross-cutting relations,https://web2.nbmg.unr.edu/arcgis/rest/services/Qfaults/Qfaults_INGENIOUS/MapServer/0,https://www.osti.gov/servlets/purl/1724082,True,6.037,-1e-06,0.0,48.0978,226,-118.229,40.26595,-118.2347,40.25598,505,1521,516,1516
T27-0190,3,end-to-end,1.217,23.499,20.772,True,9.462,0.235,1.583,1.766,4.565,3,1.0,3,False,1515,1515,True,Unnamed faults west of Desert Mountains,Unnamed faults west of Desert Mountains,True,1665,1665,Well Constrained,Well Constrained,N,N,Unspecified,Unspecified,250,250,True,same-FID_multipart-continuity,"along-strike endpoint gap; assess continuation, relay, or cartographic segmentation",https://web2.nbmg.unr.edu/arcgis/rest/services/Qfaults/Qfaults_INGENIOUS/MapServer/0,https://www.osti.gov/servlets/purl/1724082,True,4.565,-1e-06,0.005855,15.2169,108,-119.19599,39.21019,-119.19797,39.19934,1661,670,1673,668
T27-0191,3,end-to-end,1.217,24.228,21.501,False,170.538,0.631,0.383,0.624,2.224,3,0.0,0,False,601,604,False,Monte Cristo Valley fault zone,Monte Cristo Valley fault zone,True,1325,1325,Well Constrained,Moderately Constrained,RL,RL,Unspecified,Unspecified,250,250,True,H27-5b_inter-FID_same-name_kinematic-compatible,"along-strike endpoint gap; assess continuation, relay, or cartographic segmentation",https://web2.nbmg.unr.edu/arcgis/rest/services/Qfaults/Qfaults_INGENIOUS/MapServer/0,https://www.osti.gov/servlets/purl/1724082,True,2.224,-1e-06,0.005855,4.4084,155,-117.82168,38.34758,-117.82409,38.35837,2638,1848,2626,1846
T27-0192,3,abutting,1.237,6.52,,False,165.964,0.45,0.924,0.283,2.444,3,0.333,1,False,47,40,False,Bettles Well-Petrified Springs fault,Bettles Well-Petrified Springs fault,True,1326,1326,Moderately Constrained,Well Constrained,RL,RL,Unspecified,Unspecified,250,250,True,H27-5b_inter-FID_same-name_kinematic-compatible,abutment/termination geometry; verify fault intersections and cross-cutting relations,https://web2.nbmg.unr.edu/arcgis/rest/services/Qfaults/Qfaults_INGENIOUS/MapServer/0,https://www.osti.gov/servlets/purl/1724082,True,2.444,-1e-06,0.005855,5.0391,152,-118.09884,38.66432,-118.10246,38.6751,2284,1610,2272,1607
T27-0193,3,end-to-end,1.253,16.39,11.991,True,28.61,0.351,1.797,1.631,4.681,3,0.333,1,False,1321,1321,True,Unnamed faults in Pine valley,Unnamed faults in Pine valley,True,1159,1159,Well Constrained,Well Constrained,N,N,Unspecified,Unspecified,250,250,True,same-FID_multipart-continuity,"along-strike endpoint gap; assess continuation, relay, or cartographic segmentation",https://web2.nbmg.unr.edu/arcgis/rest/services/Qfaults/Qfaults_INGENIOUS/MapServer/0,https://www.osti.gov/servlets/purl/1724082,True,4.681,-1e-06,0.005855,16.0249,105,-116.30603,40.274,-116.31319,40.26413,501,3156,512,3150
T27-0194,3,end-to-end,1.265,4.399,30.379,False,71.565,0.147,2.631,1.09,4.986,3,0.667,3,False,2667,2667,True,"Dixie Valley fault zone, Stillwater seismic gap section","Dixie Valley fault zone, Stillwater seismic gap section",True,1687a,1687a,Well Constrained,Well Constrained,N,N,SE,SE,250,250,True,same-FID_multipart-continuity,"along-strike endpoint gap; assess continuation, relay, or cartographic segmentation",https://web2.nbmg.unr.edu/arcgis/rest/services/Qfaults/Qfaults_INGENIOUS/MapServer/0,https://www.osti.gov/servlets/purl/1724082,True,4.986,-1e-06,0.0,16.7504,320,-117.90618,39.9572,-117.89218,39.96091,851,1792,847,1804
T27-0195,3,end-to-end,1.265,25.56,18.435,True,18.435,0.345,2.207,0.683,4.155,3,0.0,0,False,749,749,True,Pyramid Lake fault zone,Pyramid Lake fault zone,True,1669,1669,Well Constrained,Well Constrained,RL,RL,Unspecified,Unspecified,250,250,True,same-FID_multipart-continuity,"along-strike endpoint gap; assess continuation, relay, or cartographic segmentation",https://web2.nbmg.unr.edu/arcgis/rest/services/Qfaults/Qfaults_INGENIOUS/MapServer/0,https://www.osti.gov/servlets/purl/1724082,True,4.155,-1e-06,-0.005855,89.1806,42,-119.25458,39.59197,-119.25888,39.58108,1236,630,1248,626
T27-0196,3,end-to-end,1.273,8.13,8.13,False,45.0,0.289,1.049,1.19,3.511,2,0.0,0,False,1939,1939,True,"Fish Lake Valley fault zone, Leidy Creek section","Fish Lake Valley fault zone, Leidy Creek section",True,49a,49a,Well Constrained,Well Constrained,N,N,Unspecified,Unspecified,100,100,True,same-FID_multipart-continuity,"along-strike endpoint gap; assess continuation, relay, or cartographic segmentation",https://web2.nbmg.unr.edu/arcgis/rest/services/Qfaults/Qfaults_INGENIOUS/MapServer/0,https://www.osti.gov/servlets/purl/1724082,True,3.511,-1e-06,0.005855,9.8136,132,-118.07787,37.79394,-118.08798,37.78574,3250,1617,3259,1608
T27-0197,3,end-to-end,1.281,0.785,19.335,True,128.66,0.029,6.653,2.938,10.872,3,0.0,0,False,731,731,True,"Pleasant Valley fault zone, Tobin section","Pleasant Valley fault zone, Tobin section",True,1136b,1136b,Well Constrained,Well Constrained,N,N,W,W,250,250,True,same-FID_multipart-continuity,"along-strike endpoint gap; assess continuation, relay, or cartographic segmentation",https://web2.nbmg.unr.edu/arcgis/rest/services/Qfaults/Qfaults_INGENIOUS/MapServer/0,https://www.osti.gov/servlets/purl/1724082,True,10.872,-1e-06,-0.005855,90.6775,41,-117.56198,40.52607,-117.57384,40.53322,222,2090,214,2080
T27-0198,3,end-to-end,1.281,24.775,18.104,True,141.34,0.104,1.207,4.828,7.316,3,0.667,2,False,76,76,True,Buena Vista Valley fault zone,Buena Vista Valley fault zone,True,1638,1638,Well Constrained,Well Constrained,N,N,W,W,250,250,True,same-FID_multipart-continuity,"along-strike endpoint gap; assess continuation, relay, or cartographic segmentation",https://web2.nbmg.unr.edu/arcgis/rest/services/Qfaults/Qfaults_INGENIOUS/MapServer/0,https://www.osti.gov/servlets/purl/1724082,True,7.316,-1e-06,-0.005855,59.5218,60,-117.84578,40.37479,-117.83625,40.36585,388,1848,398,1856
T27-0199,3,tip-to-tip oblique,1.3,3.945,56.07,False,22.62,0.585,1.307,0.541,3.149,3,0.0,0,False,862,862,True,Shoshone Range fault zone,Shoshone Range fault zone,True,1148,1148,Well Constrained,Well Constrained,N,N,NW,NW,250,250,True,same-FID_multipart-continuity,"oblique step-over-like geometry; verify overlap, slip sense, and relay direction",https://web2.nbmg.unr.edu/arcgis/rest/services/Qfaults/Qfaults_INGENIOUS/MapServer/0,https://www.osti.gov/servlets/purl/1724082,True,3.149,-1e-06,0.005855,7.9116,137,-117.13896,40.35528,-117.13309,40.3661,413,2448,401,2453
T27-0200,3,tip-to-tip oblique,1.3,14.25,41.055,False,157.38,0.568,0.524,0.341,2.166,3,0.0,0,False,5,4,False,Agai Pah Hills fault zone,Agai Pah Hills fault zone,True,1308,1308,Well Constrained,Well Constrained,RL,RL,Unspecified,Unspecified,250,250,True,H27-5b_inter-FID_same-name_kinematic-compatible,"oblique step-over-like geometry; verify overlap, slip sense, and relay direction",https://web2.nbmg.unr.edu/arcgis/rest/services/Qfaults/Qfaults_INGENIOUS/MapServer/0,https://www.osti.gov/servlets/purl/1724082,True,2.166,-1e-06,0.005855,4.2988,156,-118.54389,38.83591,-118.5379,38.82518,2088,1226,2100,1231
T27-0201,3,abutting,1.3,11.31,,False,157.38,0.623,0.541,0.1,1.941,3,0.0,0,False,1281,1283,False,Unnamed faults flanking Cedar Mountains,Unnamed faults flanking Cedar Mountains,True,1324,1324,Well Constrained,Well Constrained,N,N,E,W,250,250,True,H27-5b_inter-FID_same-name_kinematic-compatible,abutment/termination geometry; verify fault intersections and cross-cutting relations,https://web2.nbmg.unr.edu/arcgis/rest/services/Qfaults/Qfaults_INGENIOUS/MapServer/0,https://www.osti.gov/servlets/purl/1724082,True,1.941,-1e-06,0.0,3.466,341,-117.92908,38.60181,-117.9232,38.59104,2355,1757,2367,1762
T27-0202,3,tip-to-tip oblique,1.315,0.616,54.689,False,8.746,0.459,0.741,3.321,5.378,4,0.25,1,False,443,445,False,Hot Springs Mountain fault zone,Hot Springs Mountain fault zone,True,1673,1673,Well Constrained,Moderately Constrained,N,N,SE,SE,250,250,True,H27-5b_inter-FID_same-name_kinematic-compatible,"oblique step-over-like geometry; verify overlap, slip sense, and relay direction",https://web2.nbmg.unr.edu/arcgis/rest/services/Qfaults/Qfaults_INGENIOUS/MapServer/0,https://www.osti.gov/servlets/purl/1724082,True,5.378,-1e-06,0.0,17.3424,318,-118.98141,39.69065,-118.97942,39.7024,1132,867,1119,869
T27-0203,3,end-to-end,1.334,3.532,12.995,False,167.005,0.284,0.641,0.683,2.658,4,0.0,0,False,749,749,True,Pyramid Lake fault zone,Pyramid Lake fault zone,True,1669,1669,Well Constrained,Well Constrained,RL,RL,Unspecified,Unspecified,250,250,True,same-FID_multipart-continuity,"along-strike endpoint gap; assess continuation, relay, or cartographic segmentation",https://web2.nbmg.unr.edu/arcgis/rest/services/Qfaults/Qfaults_INGENIOUS/MapServer/0,https://www.osti.gov/servlets/purl/1724082,True,2.658,-1e-06,0.0,51.9019,219,-119.26275,39.59271,-119.25888,39.58108,1235,623,1248,626
T27-0204,3,end-to-end,1.334,9.418,34.796,False,167.005,0.39,1.89,0.583,3.807,4,0.0,0,False,1939,1939,True,"Fish Lake Valley fault zone, Leidy Creek section","Fish Lake Valley fault zone, Leidy Creek section",True,49a,49a,Well Constrained,Well Constrained,N,N,Unspecified,Unspecified,100,100,True,same-FID_multipart-continuity,"along-strike endpoint gap; assess continuation, relay, or cartographic segmentation",https://web2.nbmg.unr.edu/arcgis/rest/services/Qfaults/Qfaults_INGENIOUS/MapServer/0,https://www.osti.gov/servlets/purl/1724082,True,3.807,-1e-06,0.005855,10.5813,128,-118.12837,37.75381,-118.13196,37.7655,3294,1572,3281,1569
T27-0205,3,end-to-end,1.334,20.12,5.87,True,12.995,0.328,1.907,1.283,4.524,4,0.0,0,False,1940,1940,True,"Fish Lake Valley fault zone, Oasis section","Fish Lake Valley fault zone, Oasis section",True,49c,49c,Well Constrained,Well Constrained,N,N,Unspecified,Unspecified,100,100,True,same-FID_multipart-continuity,"along-strike endpoint gap; assess continuation, relay, or cartographic segmentation",https://web2.nbmg.unr.edu/arcgis/rest/services/Qfaults/Qfaults_INGENIOUS/MapServer/0,https://www.osti.gov/servlets/purl/1724082,True,4.524,-1e-06,0.005855,15.1849,109,-117.81736,37.44542,-117.82063,37.43368,3639,1843,3652,1840
T27-0206,3,end-to-end,1.345,26.211,11.023,True,41.987,0.332,0.583,0.624,2.552,3,0.0,0,False,83,82,False,Buffalo Valley fault zone,Buffalo Valley fault zone,True,1140,1140,Moderately Constrained,Well Constrained,N,N,E,E,250,250,True,H27-5b_inter-FID_same-name_kinematic-compatible,"along-strike endpoint gap; assess continuation, relay, or cartographic segmentation",https://web2.nbmg.unr.edu/arcgis/rest/services/Qfaults/Qfaults_INGENIOUS/MapServer/0,https://www.osti.gov/servlets/purl/1724082,True,2.552,-1e-06,0.005855,5.7857,148,-117.37286,40.48719,-117.38343,40.47815,266,2250,276,2241
T27-0207,3,tip-to-tip oblique,1.36,14.903,52.341,False,17.103,0.444,3.031,1.066,5.457,4,0.0,0,False,98,98,True,Carico Lake Valley fault zone,Carico Lake Valley fault zone,True,1155,1155,Well Constrained,Well Constrained,N,N,Unspecified,Unspecified,250,250,True,same-FID_multipart-continuity,"oblique step-over-like geometry; verify overlap, slip sense, and relay direction",https://web2.nbmg.unr.edu/arcgis/rest/services/Qfaults/Qfaults_INGENIOUS/MapServer/0,https://www.osti.gov/servlets/purl/1724082,True,5.457,-1e-06,0.0,59.9812,201,-116.87909,40.13997,-116.87437,40.15168,652,2669,639,2673
T27-0208,3,end-to-end,1.389,9.7,3.691,False,149.744,0.603,9.515,9.171,20.076,3,0.0,0,False,1567,1561,False,Wassuk Range fault zone,Wassuk Range fault zone,True,1300,1300,Inferred,Moderately Constrained,N,N,Unspecified,Unspecified,250,250,True,H27-5b_inter-FID_same-name_kinematic-compatible,"along-strike endpoint gap; assess continuation, relay, or cartographic segmentation",https://web2.nbmg.unr.edu/arcgis/rest/services/Qfaults/Qfaults_INGENIOUS/MapServer/0,https://www.osti.gov/servlets/purl/1724082,True,20.076,-1e-06,-0.005855,228.3836,11,-118.86961,38.99965,-118.87798,39.01032,1901,947,1889,940
T27-0209,3,end-to-end,1.393,23.962,10.968,True,68.962,0.304,0.424,1.631,3.448,4,0.5,2,False,907,907,True,Southeastern Sheep Creek Range fault,Southeastern Sheep Creek Range fault,True,1150,1150,Well Constrained,Well Constrained,N,N,E,E,250,250,True,same-FID_multipart-continuity,"along-strike endpoint gap; assess continuation, relay, or cartographic segmentation",https://web2.nbmg.unr.edu/arcgis/rest/services/Qfaults/Qfaults_INGENIOUS/MapServer/0,https://www.osti.gov/servlets/purl/1724082,True,3.448,-1e-06,0.0,20.0336,309,-116.8,40.68582,-116.8154,40.68134,46,2735,51,2722
T27-0210,3,end-to-end,1.393,15.832,31.394,False,21.038,0.528,0.524,4.087,6.004,4,0.0,0,True,405,405,True,Grass Valley fault zone,Grass Valley fault zone,True,1135,1135,Well Constrained,Well Constrained,N,N,W,W,250,250,True,same-FID_multipart-continuity,"along-strike endpoint gap; assess continuation, relay, or cartographic segmentation",https://web2.nbmg.unr.edu/arcgis/rest/services/Qfaults/Qfaults_INGENIOUS/MapServer/0,https://www.osti.gov/servlets/purl/1724082,True,6.004,-1e-06,0.0,35.8676,249,-117.65823,40.58952,-117.65243,40.60127,151,2009,138,2014
T27-0211,3,end-to-end,1.404,9.951,16.47,True,175.914,0.339,7.408,2.614,11.426,4,0.75,4,False,1198,1196,False,Unnamed fault zone in southeastern Gabbs Valley Range,Unnamed fault zone in southeastern Gabbs Valley Range,True,1323,1323,Moderately Constrained,Well Constrained,N,N,Unspecified,Unspecified,250,250,True,H27-5b_inter-FID_same-name_kinematic-compatible,"along-strike endpoint gap; assess continuation, relay, or cartographic segmentation",https://web2.nbmg.unr.edu/arcgis/rest/services/Qfaults/Qfaults_INGENIOUS/MapServer/0,https://www.osti.gov/servlets/purl/1724082,True,11.426,-1e-06,-0.005855,68.8385,55,-118.00024,38.59942,-118.00157,38.61203,2357,1695,2343,1694
T27-0212,3,end-to-end,1.404,4.086,30.651,False,175.914,0.375,2.083,2.938,6.425,4,0.0,0,False,1929,1679,False,"Fish Lake Valley fault zone, Leidy Creek section","Fish Lake Valley fault zone, Leidy Creek section",True,49a,49a,Well Constrained,Well Constrained,RL,RL,Unspecified,Unspecified,100,250,True,H27-5b_inter-FID_same-name_kinematic-compatible,"along-strike endpoint gap; assess continuation, relay, or cartographic segmentation",https://web2.nbmg.unr.edu/arcgis/rest/services/Qfaults/Qfaults_INGENIOUS/MapServer/0,https://www.osti.gov/servlets/purl/1724082,True,6.425,-1e-06,-0.005855,97.5444,37,-118.17444,37.79572,-118.17578,37.80833,3247,1532,3233,1531
T27-0213,3,end-to-end,1.414,28.686,34.695,False,171.87,0.516,2.131,0.483,4.028,4,0.5,2,False,1070,1070,True,Unnamed fault in eastern Dixie Valley,Unnamed fault in eastern Dixie Valley,True,1688,1688,Well Constrained,Well Constrained,N,N,W,W,250,250,True,same-FID_multipart-continuity,"along-strike endpoint gap; assess continuation, relay, or cartographic segmentation",https://web2.nbmg.unr.edu/arcgis/rest/services/Qfaults/Qfaults_INGENIOUS/MapServer/0,https://www.osti.gov/servlets/purl/1724082,True,4.028,-1e-06,0.0,11.4523,334,-118.01118,39.53286,-118.01369,39.54546,1321,1697,1307,1695
T27-0214,3,end-to-end,1.414,22.166,23.875,True,98.13,0.166,0.866,4.677,6.957,4,1.0,4,False,1552,1565,False,Wassuk Range fault zone,Wassuk Range fault zone,True,1300,1300,Well Constrained,Moderately Constrained,N,N,Unspecified,Unspecified,250,250,True,H27-5b_inter-FID_same-name_kinematic-compatible,"along-strike endpoint gap; assess continuation, relay, or cartographic segmentation",https://web2.nbmg.unr.edu/arcgis/rest/services/Qfaults/Qfaults_INGENIOUS/MapServer/0,https://www.osti.gov/servlets/purl/1724082,True,6.957,-1e-06,0.0,25.7745,291,-118.63976,38.44352,-118.62369,38.44194,2522,1135,2524,1149
T27-0215,3,abutting,1.432,12.095,,False,24.775,0.673,3.146,0.241,4.819,4,0.0,0,False,729,729,True,"Pleasant Valley fault zone, Pearce section","Pleasant Valley fault zone, Pearce section",True,1136c,1136c,Well Constrained,Well Constrained,N,N,W,W,250,250,True,same-FID_multipart-continuity,abutment/termination geometry; verify fault intersections and cross-cutting relations,https://web2.nbmg.unr.edu/arcgis/rest/services/Qfaults/Qfaults_INGENIOUS/MapServer/0,https://www.osti.gov/servlets/purl/1724082,True,4.819,-1e-06,0.0,13.2677,329,-117.67558,40.19843,-117.68251,40.18668,585,1991,598,1985
T27-0216,3,end-to-end,1.432,8.461,4.97,True,77.905,0.32,6.297,1.824,9.553,4,0.0,0,False,104,106,False,Carson lineament,Carson lineament,True,1663,1663,Well Constrained,Well Constrained,LL,LL,Unspecified,Unspecified,250,250,True,H27-5b_inter-FID_same-name_kinematic-compatible,"along-strike endpoint gap; assess continuation, relay, or cartographic segmentation",https://web2.nbmg.unr.edu/arcgis/rest/services/Qfaults/Qfaults_INGENIOUS/MapServer/0,https://www.osti.gov/servlets/purl/1724082,True,9.553,-1e-06,-0.005855,104.4022,35,-119.17128,39.46022,-119.18746,39.45722,1384,698,1387,684
T27-0217,3,end-to-end,1.476,2.663,12.355,False,28.301,0.373,0.624,0.783,2.884,4,0.0,0,False,179,179,True,Crescent Valley faults,Crescent Valley faults,True,1156,1156,Well Constrained,Well Constrained,N,N,NW,NW,250,250,True,same-FID_multipart-continuity,"along-strike endpoint gap; assess continuation, relay, or cartographic segmentation",https://web2.nbmg.unr.edu/arcgis/rest/services/Qfaults/Qfaults_INGENIOUS/MapServer/0,https://www.osti.gov/servlets/purl/1724082,True,2.884,-2e-06,0.0,33.3602,260,-116.46752,40.37936,-116.45918,40.39103,385,3018,372,3025
T27-0218,3,end-to-end,1.487,12.352,5.618,True,109.654,0.074,12.037,2.997,16.52,4,0.0,0,False,47,40,False,Bettles Well-Petrified Springs fault,Bettles Well-Petrified Springs fault,True,1326,1326,Moderately Constrained,Well Constrained,RL,RL,Unspecified,Unspecified,250,250,True,H27-5b_inter-FID_same-name_kinematic-compatible,"along-strike endpoint gap; assess continuation, relay, or cartographic segmentation",https://web2.nbmg.unr.edu/arcgis/rest/services/Qfaults/Qfaults_INGENIOUS/MapServer/0,https://www.osti.gov/servlets/purl/1724082,True,16.52,-2e-06,-0.005855,119.0584,29,-118.0191,38.5524,-118.00297,38.54803,2409,1678,2414,1692
T27-0219,3,end-to-end,1.487,14.036,19.654,False,19.654,0.332,0.766,2.083,4.335,4,0.0,0,False,1679,1929,False,"Fish Lake Valley fault zone, Leidy Creek section","Fish Lake Valley fault zone, Leidy Creek section",True,49a,49a,Well Constrained,Well Constrained,RL,RL,Unspecified,Unspecified,250,100,True,H27-5b_inter-FID_same-name_kinematic-compatible,"along-strike endpoint gap; assess continuation, relay, or cartographic segmentation",https://web2.nbmg.unr.edu/arcgis/rest/services/Qfaults/Qfaults_INGENIOUS/MapServer/0,https://www.osti.gov/servlets/purl/1724082,True,4.335,-2e-06,0.0,52.9257,214,-118.16896,37.8084,-118.17444,37.79572,3233,1537,3247,1532
T27-0220,3,end-to-end,1.513,17.057,6.442,True,172.405,0.351,0.924,1.907,4.345,4,0.0,0,False,750,750,True,Pyramid Lake fault zone,Pyramid Lake fault zone,True,1669,1669,Well Constrained,Well Constrained,RL,RL,Unspecified,Unspecified,250,250,True,same-FID_multipart-continuity,"along-strike endpoint gap; assess continuation, relay, or cartographic segmentation",https://web2.nbmg.unr.edu/arcgis/rest/services/Qfaults/Qfaults_INGENIOUS/MapServer/0,https://www.osti.gov/servlets/purl/1724082,True,4.345,-2e-06,0.005855,14.3846,112,-119.36351,39.74746,-119.36071,39.73401,1061,541,1076,543
T27-0221,3,abutting,1.513,14.72,,False,7.595,0.621,5.17,0.283,6.966,4,0.75,3,False,189,189,True,"Dixie Valley fault zone, ""1954"" section","Dixie Valley fault zone, ""1954"" section",True,1687b,1687b,Well Constrained,Well Constrained,N,N,Unspecified,Unspecified,250,250,True,same-FID_multipart-continuity,abutment/termination geometry; verify fault intersections and cross-cutting relations,https://web2.nbmg.unr.edu/arcgis/rest/services/Qfaults/Qfaults_INGENIOUS/MapServer/0,https://www.osti.gov/servlets/purl/1724082,True,6.966,-2e-06,0.0,21.7173,307,-118.17368,39.71604,-118.17158,39.72958,1116,1560,1101,1562
T27-0222,3,end-to-end,1.523,9.162,2.643,False,23.199,0.477,8.436,1.449,11.407,4,0.75,3,False,442,443,False,Hot Springs Mountain fault zone,Hot Springs Mountain fault zone,True,1673,1673,Well Constrained,Well Constrained,N,N,SE,SE,250,250,True,H27-5b_inter-FID_same-name_kinematic-compatible,"along-strike endpoint gap; assess continuation, relay, or cartographic segmentation",https://web2.nbmg.unr.edu/arcgis/rest/services/Qfaults/Qfaults_INGENIOUS/MapServer/0,https://www.osti.gov/servlets/purl/1724082,True,11.407,-2e-06,0.0,56.8681,206,-119.00794,39.68028,-119.00131,39.69301,1143,844,1129,850
T27-0223,3,end-to-end,1.523,9.162,23.199,False,66.801,0.009,0.441,0.4,2.365,4,0.0,0,False,604,1282,False,Monte Cristo Valley fault zone,Unnamed faults flanking Cedar Mountains,False,1325,1324,Moderately Constrained,Well Constrained,RL,N,Unspecified,Unspecified,250,250,False,inter-FID_kinematic-conflict-or-unknown,"along-strike endpoint gap; assess continuation, relay, or cartographic segmentation",https://web2.nbmg.unr.edu/arcgis/rest/services/Qfaults/Qfaults_INGENIOUS/MapServer/0,https://www.osti.gov/servlets/purl/1724082,True,2.365,-2e-06,0.005855,5.2364,151,-117.81572,38.42873,-117.79975,38.43424,2548,1854,2542,1868
T27-0224,3,end-to-end,1.53,0.0,2.726,True,168.69,0.269,0.541,11.088,13.159,4,0.0,0,False,463,464,False,Indian Head fault,Indian Head fault,True,1307,1307,Well Constrained,Moderately Constrained,RL,RL,SW,SW,250,250,True,H27-5b_inter-FID_same-name_kinematic-compatible,"along-strike endpoint gap; assess continuation, relay, or cartographic segmentation",https://web2.nbmg.unr.edu/arcgis/rest/services/Qfaults/Qfaults_INGENIOUS/MapServer/0,https://www.osti.gov/servlets/purl/1724082,True,13.159,-2e-06,0.0,49.9267,222,-118.37354,38.66412,-118.36983,38.65065,2281,1371,2296,1374
T27-0225,3,end-to-end,1.552,0.895,34.467,False,165.069,0.368,0.966,1.207,3.725,4,0.25,1,False,76,76,True,Buena Vista Valley fault zone,Buena Vista Valley fault zone,True,1638,1638,Well Constrained,Well Constrained,N,N,W,W,250,250,True,same-FID_multipart-continuity,"along-strike endpoint gap; assess continuation, relay, or cartographic segmentation",https://web2.nbmg.unr.edu/arcgis/rest/services/Qfaults/Qfaults_INGENIOUS/MapServer/0,https://www.osti.gov/servlets/purl/1724082,True,3.725,-2e-06,0.0,42.254,235,-117.86134,40.3936,-117.85645,40.38012,367,1835,382,1839
T27-0226,3,end-to-end,1.562,14.789,13.241,False,39.806,0.497,3.621,5.618,10.802,3,0.667,2,True,1677,1677,True,Unnamed faults near Teels Marsh,Unnamed faults near Teels Marsh,True,1303,1303,Well Constrained,Well Constrained,LL,LL,Unspecified,Unspecified,250,250,True,same-FID_multipart-continuity,"along-strike endpoint gap; assess continuation, relay, or cartographic segmentation",https://web2.nbmg.unr.edu/arcgis/rest/services/Qfaults/Qfaults_INGENIOUS/MapServer/0,https://www.osti.gov/servlets/purl/1724082,True,10.802,-2e-06,-0.005855,71.9976,52,-118.60458,38.04299,-118.59342,38.05396,2967,1158,2955,1168
T27-0227,3,end-to-end,1.565,26.565,33.69,False,26.565,0.499,1.383,0.841,3.79,4,0.0,0,False,405,731,False,Grass Valley fault zone,"Pleasant Valley fault zone, Tobin section",False,1135,1136b,Well Constrained,Well Constrained,N,N,W,W,250,250,True,inter-FID_other-name_kinematic-compatible,"along-strike endpoint gap; assess continuation, relay, or cartographic segmentation",https://web2.nbmg.unr.edu/arcgis/rest/services/Qfaults/Qfaults_INGENIOUS/MapServer/0,https://www.osti.gov/servlets/purl/1724082,True,3.79,-2e-06,0.005855,11.7402,124,-117.59744,40.5313,-117.58929,40.54395,216,2060,202,2067
T27-0228,3,end-to-end,1.565,12.095,33.69,False,26.565,0.648,13.654,7.784,23.003,4,0.25,1,False,2670,2670,True,Fairview fault zone,Fairview fault zone,True,1690,1690,Well Constrained,Well Constrained,N,N,SE,SE,100,100,True,same-FID_multipart-continuity,"along-strike endpoint gap; assess continuation, relay, or cartographic segmentation",https://web2.nbmg.unr.edu/arcgis/rest/services/Qfaults/Qfaults_INGENIOUS/MapServer/0,https://www.osti.gov/servlets/purl/1724082,True,23.003,-2e-06,-0.005855,282.1272,6,-118.16731,39.12683,-118.15942,39.13953,1770,1557,1756,1564
T27-0229,3,end-to-end,1.612,29.745,3.18,False,29.745,0.502,0.7,2.031,4.344,4,0.0,0,True,82,82,True,Buffalo Valley fault zone,Buffalo Valley fault zone,True,1140,1140,Well Constrained,Well Constrained,N,N,E,E,250,250,True,same-FID_multipart-continuity,"along-strike endpoint gap; assess continuation, relay, or cartographic segmentation",https://web2.nbmg.unr.edu/arcgis/rest/services/Qfaults/Qfaults_INGENIOUS/MapServer/0,https://www.osti.gov/servlets/purl/1724082,True,4.344,-2e-06,0.0,14.2523,326,-117.42663,40.40683,-117.41728,40.41947,355,2204,341,2212
T27-0230,3,end-to-end,1.649,6.911,34.592,False,165.964,0.369,2.566,1.266,5.481,5,0.6,3,False,750,750,True,Pyramid Lake fault zone,Pyramid Lake fault zone,True,1669,1669,Well Constrained,Well Constrained,RL,RL,Unspecified,Unspecified,250,250,True,same-FID_multipart-continuity,"along-strike endpoint gap; assess continuation, relay, or cartographic segmentation",https://web2.nbmg.unr.edu/arcgis/rest/services/Qfaults/Qfaults_INGENIOUS/MapServer/0,https://www.osti.gov/servlets/purl/1724082,True,5.481,-2e-06,0.0,35.5187,252,-119.39506,39.74862,-119.40022,39.76292,1059,514,1043,510
T27-0231,3,end-to-end,1.649,14.036,32.471,False,165.964,0.248,0.6,0.341,2.591,5,0.0,0,False,191,191,True,"Dixie Valley fault zone, ""1954"" section","Dixie Valley fault zone, ""1954"" section",True,1687b,1687b,Well Constrained,Well Constrained,N,N,Unspecified,Unspecified,250,250,True,same-FID_multipart-continuity,"along-strike endpoint gap; assess continuation, relay, or cartographic segmentation",https://web2.nbmg.unr.edu/arcgis/rest/services/Qfaults/Qfaults_INGENIOUS/MapServer/0,https://www.osti.gov/servlets/purl/1724082,True,2.591,-2e-06,-0.005855,31.2192,81,-118.21583,39.39125,-118.22072,39.40561,1476,1519,1460,1515
T27-0232,3,end-to-end,1.655,25.017,32.142,False,25.017,0.68,3.773,0.841,6.27,4,1.0,4,False,1225,1225,True,Unnamed fault zone near The Lava Beds,Unnamed fault zone near The Lava Beds,True,1623,1623,Well Constrained,Well Constrained,N,N,W,W,250,250,True,same-FID_multipart-continuity,"along-strike endpoint gap; assess continuation, relay, or cartographic segmentation",https://web2.nbmg.unr.edu/arcgis/rest/services/Qfaults/Qfaults_INGENIOUS/MapServer/0,https://www.osti.gov/servlets/purl/1724082,True,6.27,-2e-06,0.0,24.3648,298,-119.00249,40.49387,-119.01035,40.48022,240,869,255,862
T27-0233,3,tip-to-tip oblique,1.676,3.202,37.108,False,17.354,0.516,0.924,0.966,3.566,5,0.2,1,False,862,862,True,Shoshone Range fault zone,Shoshone Range fault zone,True,1148,1148,Well Constrained,Well Constrained,N,N,NW,NW,250,250,True,same-FID_multipart-continuity,"oblique step-over-like geometry; verify overlap, slip sense, and relay direction",https://web2.nbmg.unr.edu/arcgis/rest/services/Qfaults/Qfaults_INGENIOUS/MapServer/0,https://www.osti.gov/servlets/purl/1724082,True,3.566,-2e-06,0.0,24.3806,297,-116.91508,40.46074,-116.92099,40.44633,296,2638,312,2633
T27-0234,3,end-to-end,1.676,27.646,9.211,False,17.354,0.439,0.907,1.449,4.032,5,0.0,0,False,98,98,True,Carico Lake Valley fault zone,Carico Lake Valley fault zone,True,1155,1155,Well Constrained,Well Constrained,N,N,Unspecified,Unspecified,250,250,True,same-FID_multipart-continuity,"along-strike endpoint gap; assess continuation, relay, or cartographic segmentation",https://web2.nbmg.unr.edu/arcgis/rest/services/Qfaults/Qfaults_INGENIOUS/MapServer/0,https://www.osti.gov/servlets/purl/1724082,True,4.032,-2e-06,0.005855,13.3355,120,-116.85675,40.15346,-116.86265,40.13905,637,2688,653,2683
T27-0235,3,end-to-end,1.703,0.95,4.764,False,40.236,0.309,1.473,0.849,4.024,4,1.0,4,False,683,683,True,Olinghouse fault zone,Olinghouse fault zone,True,1668,1668,Well Constrained,Well Constrained,LL,LL,Unspecified,Unspecified,250,250,True,same-FID_multipart-continuity,"along-strike endpoint gap; assess continuation, relay, or cartographic segmentation",https://web2.nbmg.unr.edu/arcgis/rest/services/Qfaults/Qfaults_INGENIOUS/MapServer/0,https://www.osti.gov/servlets/purl/1724082,True,4.024,-2e-06,0.005855,13.3055,121,-119.38527,39.66774,-119.39767,39.65577,1149,520,1162,509
T27-0236,3,end-to-end,1.709,24.444,0.0,True,20.556,0.369,1.814,1.166,4.689,5,0.0,0,False,749,749,True,Pyramid Lake fault zone,Pyramid Lake fault zone,True,1669,1669,Well Constrained,Well Constrained,RL,RL,Unspecified,Unspecified,250,250,True,same-FID_multipart-continuity,"along-strike endpoint gap; assess continuation, relay, or cartographic segmentation",https://web2.nbmg.unr.edu/arcgis/rest/services/Qfaults/Qfaults_INGENIOUS/MapServer/0,https://www.osti.gov/servlets/purl/1724082,True,4.689,-2e-06,-0.005855,168.9084,18,-119.37422,39.85535,-119.38073,39.8408,941,535,957,529
T27-0237,3,end-to-end,1.746,13.241,20.366,False,166.759,0.274,0.7,1.024,3.471,5,0.0,0,False,774,774,True,Rainbow Mountain fault zone,Rainbow Mountain fault zone,True,1679,1679,Well Constrained,Well Constrained,RL,RL,Unspecified,Unspecified,250,250,True,same-FID_multipart-continuity,"along-strike endpoint gap; assess continuation, relay, or cartographic segmentation",https://web2.nbmg.unr.edu/arcgis/rest/services/Qfaults/Qfaults_INGENIOUS/MapServer/0,https://www.osti.gov/servlets/purl/1724082,True,3.471,-2e-06,0.0,24.8349,295,-118.47947,39.83148,-118.47447,39.81622,984,1300,1001,1304
T27-0238,3,end-to-end,1.749,2.726,17.85,False,59.036,0.211,0.766,1.373,3.888,4,0.0,0,False,774,774,True,Rainbow Mountain fault zone,Rainbow Mountain fault zone,True,1679,1679,Well Constrained,Well Constrained,RL,RL,Unspecified,Unspecified,250,250,True,same-FID_multipart-continuity,"along-strike endpoint gap; assess continuation, relay, or cartographic segmentation",https://web2.nbmg.unr.edu/arcgis/rest/services/Qfaults/Qfaults_INGENIOUS/MapServer/0,https://www.osti.gov/servlets/purl/1724082,True,3.888,-2e-06,-0.005855,168.8037,19,-118.43582,39.8113,-118.41847,39.81962,1007,1337,998,1352
T27-0239,3,end-to-end,1.78,2.444,17.601,False,38.157,0.336,4.987,1.166,7.933,4,0.0,0,False,749,749,True,Pyramid Lake fault zone,Pyramid Lake fault zone,True,1669,1669,Well Constrained,Well Constrained,RL,RL,Unspecified,Unspecified,250,250,True,same-FID_multipart-continuity,"along-strike endpoint gap; assess continuation, relay, or cartographic segmentation",https://web2.nbmg.unr.edu/arcgis/rest/services/Qfaults/Qfaults_INGENIOUS/MapServer/0,https://www.osti.gov/servlets/purl/1724082,True,7.933,-2e-06,-0.005855,183.2473,17,-119.36832,39.85367,-119.38073,39.8408,943,540,957,529
T27-0240,3,end-to-end,1.789,26.565,4.764,True,153.435,0.35,0.3,0.583,2.672,5,1.0,5,False,367,367,True,Fox Range fault zone,Fox Range fault zone,True,1608,1608,Well Constrained,Well Constrained,N,N,W,W,250,250,True,same-FID_multipart-continuity,"along-strike endpoint gap; assess continuation, relay, or cartographic segmentation",https://web2.nbmg.unr.edu/arcgis/rest/services/Qfaults/Qfaults_INGENIOUS/MapServer/0,https://www.osti.gov/servlets/purl/1724082,True,2.672,-2e-06,0.005855,6.7083,143,-119.65492,40.37262,-119.64495,40.35844,360,312,376,320
T27-0241,3,end-to-end,1.789,18.435,18.435,False,153.435,0.522,4.784,0.483,7.056,5,0.0,0,False,1540,1540,True,Warm Springs Valley fault zone,Warm Springs Valley fault zone,True,1605,1605,Well Constrained,Well Constrained,RL,RL,Unspecified,Unspecified,250,250,True,same-FID_multipart-continuity,"along-strike endpoint gap; assess continuation, relay, or cartographic segmentation",https://web2.nbmg.unr.edu/arcgis/rest/services/Qfaults/Qfaults_INGENIOUS/MapServer/0,https://www.osti.gov/servlets/purl/1724082,True,7.056,-2e-06,0.0,26.6634,288,-119.73747,39.90769,-119.72755,39.89351,874,226,890,234
T27-0242,3,end-to-end,1.789,10.62,14.036,False,26.565,0.359,0.783,4.987,7.559,5,0.0,0,False,749,749,True,Pyramid Lake fault zone,Pyramid Lake fault zone,True,1669,1669,Well Constrained,Well Constrained,RL,RL,Unspecified,Unspecified,250,250,True,same-FID_multipart-continuity,"along-strike endpoint gap; assess continuation, relay, or cartographic segmentation",https://web2.nbmg.unr.edu/arcgis/rest/services/Qfaults/Qfaults_INGENIOUS/MapServer/0,https://www.osti.gov/servlets/purl/1724082,True,7.559,-2e-06,0.0,82.9841,179,-119.37716,39.83907,-119.36832,39.85367,959,532,943,540
T27-0243,3,end-to-end,1.8,21.801,7.125,True,0.0,0.309,0.583,1.041,3.424,5,0.6,3,False,1940,1940,True,"Fish Lake Valley fault zone, Oasis section","Fish Lake Valley fault zone, Oasis section",True,49c,49c,Well Constrained,Well Constrained,N,N,Unspecified,Unspecified,100,100,True,same-FID_multipart-continuity,"along-strike endpoint gap; assess continuation, relay, or cartographic segmentation",https://web2.nbmg.unr.edu/arcgis/rest/services/Qfaults/Qfaults_INGENIOUS/MapServer/0,https://www.osti.gov/servlets/purl/1724082,True,3.424,-2e-06,0.0,29.8946,277,-117.80015,37.4212,-117.79998,37.40498,3666,1858,3684,1858
T27-0244,3,end-to-end,1.803,25.56,20.366,True,70.56,0.116,2.614,1.773,6.19,5,0.8,4,False,2667,189,False,"Dixie Valley fault zone, Stillwater seismic gap section","Dixie Valley fault zone, ""1954"" section",False,1687a,1687b,Well Constrained,Well Constrained,N,N,SE,Unspecified,250,250,True,inter-FID_other-name_kinematic-compatible,"along-strike endpoint gap; assess continuation, relay, or cartographic segmentation",https://web2.nbmg.unr.edu/arcgis/rest/services/Qfaults/Qfaults_INGENIOUS/MapServer/0,https://www.osti.gov/servlets/purl/1724082,True,6.19,-2e-06,0.0,28.3365,282,-118.04692,39.81997,-118.0667,39.81438,1002,1670,1008,1653
T27-0245,3,end-to-end,1.803,8.13,10.305,False,3.18,0.372,0.541,2.566,4.91,5,0.8,4,False,750,750,True,Pyramid Lake fault zone,Pyramid Lake fault zone,True,1669,1669,Well Constrained,Well Constrained,RL,RL,Unspecified,Unspecified,250,250,True,same-FID_multipart-continuity,"along-strike endpoint gap; assess continuation, relay, or cartographic segmentation",https://web2.nbmg.unr.edu/arcgis/rest/services/Qfaults/Qfaults_INGENIOUS/MapServer/0,https://www.osti.gov/servlets/purl/1724082,True,4.91,-2e-06,0.0,30.8974,272,-119.39445,39.76484,-119.39506,39.74862,1041,515,1059,514
T27-0246,3,end-to-end,1.811,0.785,6.34,False,173.66,0.349,3.297,1.1,6.208,5,0.8,5,False,798,798,True,SW Warm Springs Valley fault,SW Warm Springs Valley fault,True,1659,1659,Moderately Constrained,Moderately Constrained,N,N,Unspecified,Unspecified,250,250,True,same-FID_multipart-continuity,"along-strike endpoint gap; assess continuation, relay, or cartographic segmentation",https://web2.nbmg.unr.edu/arcgis/rest/services/Qfaults/Qfaults_INGENIOUS/MapServer/0,https://www.osti.gov/servlets/purl/1724082,True,6.208,-2e-06,0.0,26.4603,289,-119.58585,39.70128,-119.58291,39.68513,1107,349,1125,351
T27-0247,3,end-to-end,1.811,20.376,14.216,True,6.34,0.258,3.89,1.024,6.725,5,0.4,2,False,1307,1307,True,Unnamed faults in Gabbs Valley Range,Unnamed faults in Gabbs Valley Range,True,1314,1314,Well Constrained,Well Constrained,N,N,Unspecified,Unspecified,250,250,True,same-FID_multipart-continuity,"along-strike endpoint gap; assess continuation, relay, or cartographic segmentation",https://web2.nbmg.unr.edu/arcgis/rest/services/Qfaults/Qfaults_INGENIOUS/MapServer/0,https://www.osti.gov/servlets/purl/1724082,True,6.725,-2e-06,0.0,29.0487,281,-118.03026,38.44957,-118.03232,38.43333,2523,1667,2541,1665
T27-0248,3,end-to-end,1.844,26.131,8.027,False,12.529,0.609,0.666,1.024,3.534,5,0.0,0,False,802,802,True,Sage Valley fault zone,Sage Valley fault zone,True,1629,1629,Well Constrained,Well Constrained,N,N,Unspecified,Unspecified,250,250,True,same-FID_multipart-continuity,"along-strike endpoint gap; assess continuation, relay, or cartographic segmentation",https://web2.nbmg.unr.edu/arcgis/rest/services/Qfaults/Qfaults_INGENIOUS/MapServer/0,https://www.osti.gov/servlets/purl/1724082,True,3.534,-2e-06,0.0,30.6157,274,-118.69125,40.41056,-118.69556,40.39428,338,1131,356,1127
T27-0249,3,end-to-end,1.844,24.341,12.529,False,167.471,0.467,1.29,0.4,3.534,3,0.333,1,False,1934,1933,False,"Fish Lake Valley fault zone, Wildhorse Creek section","Fish Lake Valley fault zone, Leidy Creek section",False,49b,49a,Well Constrained,Well Constrained,N,N,Unspecified,Unspecified,100,100,True,inter-FID_other-name_kinematic-compatible,"along-strike endpoint gap; assess continuation, relay, or cartographic segmentation",https://web2.nbmg.unr.edu/arcgis/rest/services/Qfaults/Qfaults_INGENIOUS/MapServer/0,https://www.osti.gov/servlets/purl/1724082,True,3.534,-2e-06,0.005855,10.6642,127,-118.10064,37.64412,-118.10541,37.6603,3416,1595,3398,1591
T27-0250,3,end-to-end,1.86,16.876,4.932,False,36.254,0.506,1.531,1.656,5.047,4,0.0,0,False,1677,1418,False,Unnamed faults near Teels Marsh,Unnamed faults near Teels Marsh,True,1303,1303,Well Constrained,Well Constrained,LL,LL,Unspecified,NW,250,250,True,H27-5b_inter-FID_same-name_kinematic-compatible,"along-strike endpoint gap; assess continuation, relay, or cartographic segmentation",https://web2.nbmg.unr.edu/arcgis/rest/services/Qfaults/Qfaults_INGENIOUS/MapServer/0,https://www.osti.gov/servlets/purl/1724082,True,5.047,-2e-06,0.005855,20.3871,97,-118.56067,38.06791,-118.57291,38.05423,2940,1197,2955,1186
T27-0251,3,end-to-end,1.879,11.669,32.793,False,64.799,0.335,1.19,3.163,6.232,5,0.0,1,False,862,862,True,Shoshone Range fault zone,Shoshone Range fault zone,True,1148,1148,Well Constrained,Well Constrained,N,N,NW,NW,250,250,True,same-FID_multipart-continuity,"along-strike endpoint gap; assess continuation, relay, or cartographic segmentation",https://web2.nbmg.unr.edu/arcgis/rest/services/Qfaults/Qfaults_INGENIOUS/MapServer/0,https://www.osti.gov/servlets/purl/1724082,True,6.232,-2e-06,0.0,27.4129,286,-116.85605,40.4868,-116.87612,40.47962,267,2688,275,2671
T27-0252,3,end-to-end,1.879,2.871,32.793,False,64.799,0.162,4.187,1.007,7.073,5,0.6,4,False,862,863,False,Shoshone Range fault zone,Shoshone Range fault zone,True,1148,1148,Well Constrained,Moderately Constrained,N,N,NW,NW,250,250,True,H27-5b_inter-FID_same-name_kinematic-compatible,"along-strike endpoint gap; assess continuation, relay, or cartographic segmentation",https://web2.nbmg.unr.edu/arcgis/rest/services/Qfaults/Qfaults_INGENIOUS/MapServer/0,https://www.osti.gov/servlets/purl/1724082,True,7.073,-2e-06,0.0,31.4812,266,-117.13719,40.06157,-117.11727,40.0688,739,2449,731,2466
T27-0253,3,end-to-end,1.9,20.556,32.005,True,90.0,0.167,2.249,1.914,6.063,6,0.833,6,False,1192,1192,True,Unnamed fault zone in Virginia Range,Unnamed fault zone in Virginia Range,True,1667,1667,Well Constrained,Well Constrained,N,N,Unspecified,Unspecified,250,250,True,same-FID_multipart-continuity,"along-strike endpoint gap; assess continuation, relay, or cartographic segmentation",https://web2.nbmg.unr.edu/arcgis/rest/services/Qfaults/Qfaults_INGENIOUS/MapServer/0,https://www.osti.gov/servlets/purl/1724082,True,6.063,-2e-06,0.0,28.0367,283,-119.37397,39.57608,-119.39607,39.57563,1251,527,1251,508
T27-0254,3,abutting,1.924,8.973,,False,152.103,0.515,1.19,4.18,7.293,5,0.0,0,False,1658,1658,True,Honey Lake fault zone,Honey Lake fault zone,True,22,22,Well Constrained,Well Constrained,RL,RL,Unspecified,Unspecified,250,250,True,same-FID_multipart-continuity,abutment/termination geometry; verify fault intersections and cross-cutting relations,https://web2.nbmg.unr.edu/arcgis/rest/services/Qfaults/Qfaults_INGENIOUS/MapServer/0,https://www.osti.gov/servlets/purl/1724082,True,7.293,-2e-06,-0.005855,116.3133,32,-119.86394,39.88302,-119.85279,39.86798,898,117,915,126
T27-0255,3,end-to-end,1.924,7.341,20.772,False,62.103,0.354,1.707,1.824,5.455,5,0.0,0,False,106,106,True,Carson lineament,Carson lineament,True,1663,1663,Well Constrained,Well Constrained,LL,LL,Unspecified,Unspecified,250,250,True,same-FID_multipart-continuity,"along-strike endpoint gap; assess continuation, relay, or cartographic segmentation",https://web2.nbmg.unr.edu/arcgis/rest/services/Qfaults/Qfaults_INGENIOUS/MapServer/0,https://www.osti.gov/servlets/purl/1724082,True,5.455,-2e-06,0.0,79.6352,181,-119.16797,39.46569,-119.18746,39.45722,1378,701,1387,684
T27-0256,3,end-to-end,1.924,8.973,30.774,False,171.027,0.287,1.524,0.583,4.031,6,0.167,1,False,1940,1940,True,"Fish Lake Valley fault zone, Oasis section","Fish Lake Valley fault zone, Oasis section",True,49c,49c,Well Constrained,Well Constrained,N,N,Unspecified,Unspecified,100,100,True,same-FID_multipart-continuity,"along-strike endpoint gap; assess continuation, relay, or cartographic segmentation",https://web2.nbmg.unr.edu/arcgis/rest/services/Qfaults/Qfaults_INGENIOUS/MapServer/0,https://www.osti.gov/servlets/purl/1724082,True,4.031,-2e-06,0.0,33.1763,261,-117.79658,37.4041,-117.80015,37.4212,3685,1861,3666,1858
T27-0257,3,end-to-end,1.942,2.148,2.148,False,168.111,0.303,2.49,2.207,6.639,6,0.0,0,False,749,749,True,Pyramid Lake fault zone,Pyramid Lake fault zone,True,1669,1669,Well Constrained,Well Constrained,RL,RL,Unspecified,Unspecified,250,250,True,same-FID_multipart-continuity,"along-strike endpoint gap; assess continuation, relay, or cartographic segmentation",https://web2.nbmg.unr.edu/arcgis/rest/services/Qfaults/Qfaults_INGENIOUS/MapServer/0,https://www.osti.gov/servlets/purl/1724082,True,6.639,-2e-06,-0.005855,100.2643,36,-119.26619,39.62688,-119.26098,39.60987,1197,621,1216,625
T27-0258,3,end-to-end,1.972,18.933,14.534,True,30.466,0.367,3.004,0.624,5.601,5,0.2,1,False,106,106,True,Carson lineament,Carson lineament,True,1663,1663,Well Constrained,Well Constrained,LL,LL,Unspecified,Unspecified,250,250,True,same-FID_multipart-continuity,"along-strike endpoint gap; assess continuation, relay, or cartographic segmentation",https://web2.nbmg.unr.edu/arcgis/rest/services/Qfaults/Qfaults_INGENIOUS/MapServer/0,https://www.osti.gov/servlets/purl/1724082,True,5.601,-2e-06,0.0,52.2036,218,-119.48927,39.34934,-119.50032,39.33379,1500,421,1517,411
T27-0259,3,end-to-end,1.985,1.109,8.484,False,40.914,0.348,0.807,3.004,5.796,4,0.0,0,False,106,106,True,Carson lineament,Carson lineament,True,1663,1663,Well Constrained,Well Constrained,LL,LL,Unspecified,Unspecified,250,250,True,same-FID_multipart-continuity,"along-strike endpoint gap; assess continuation, relay, or cartographic segmentation",https://web2.nbmg.unr.edu/arcgis/rest/services/Qfaults/Qfaults_INGENIOUS/MapServer/0,https://www.osti.gov/servlets/purl/1724082,True,5.796,-2e-06,0.0,55.3554,210,-119.50386,39.33551,-119.48927,39.34934,1515,408,1500,421
T27-0260,3,end-to-end,1.992,3.489,13.438,False,72.474,0.01,0.441,0.624,3.058,6,0.0,0,False,1284,604,False,Unnamed faults flanking Cedar Mountains,Monte Cristo Valley fault zone,False,1324,1325,Well Constrained,Moderately Constrained,N,RL,N,Unspecified,250,250,False,inter-FID_kinematic-conflict-or-unknown,"along-strike endpoint gap; assess continuation, relay, or cartographic segmentation",https://web2.nbmg.unr.edu/arcgis/rest/services/Qfaults/Qfaults_INGENIOUS/MapServer/0,https://www.osti.gov/servlets/purl/1724082,True,3.058,-2e-06,0.005855,8.7679,135,-117.80227,38.45496,-117.82398,38.4494,2519,1866,2525,1847
T27-0261,3,end-to-end,2.012,26.565,12.529,False,26.565,0.418,3.804,1.666,7.482,5,1.0,5,False,1231,1231,True,Unnamed fault zone on northwest side of Trinity Range,Unnamed fault zone on northwest side of Trinity Range,True,1678,1678,Well Constrained,Well Constrained,N,N,Unspecified,Unspecified,250,250,True,same-FID_multipart-continuity,"along-strike endpoint gap; assess continuation, relay, or cartographic segmentation",https://web2.nbmg.unr.edu/arcgis/rest/services/Qfaults/Qfaults_INGENIOUS/MapServer/0,https://www.osti.gov/servlets/purl/1724082,True,7.482,-2e-06,-0.005855,66.7478,56,-118.83175,40.02735,-118.82164,40.04373,761,1003,743,1012
T27-0262,3,end-to-end,2.025,13.1,0.331,True,159.775,0.314,28.194,2.349,32.567,6,0.167,1,False,876,876,True,Simpson Park Mountains fault zone,Simpson Park Mountains fault zone,True,1178,1178,Well Constrained,Well Constrained,N,N,W,W,250,250,True,same-FID_multipart-continuity,"along-strike endpoint gap; assess continuation, relay, or cartographic segmentation",https://web2.nbmg.unr.edu/arcgis/rest/services/Qfaults/Qfaults_INGENIOUS/MapServer/0,https://www.osti.gov/servlets/purl/1724082,True,32.567,-2e-06,-0.005855,260.2132,7,-116.58367,40.07352,-116.57556,40.05637,725,2921,744,2928
T27-0263,3,end-to-end,2.025,24.775,12.349,False,147.095,0.586,1.707,4.087,7.819,5,0.4,2,True,29,33,False,Benton Spring fault,Benton Spring fault,True,1320,1320,Well Constrained,Moderately Constrained,RL,RL,Unspecified,Unspecified,250,250,True,H27-5b_inter-FID_same-name_kinematic-compatible,"along-strike endpoint gap; assess continuation, relay, or cartographic segmentation",https://web2.nbmg.unr.edu/arcgis/rest/services/Qfaults/Qfaults_INGENIOUS/MapServer/0,https://www.osti.gov/servlets/purl/1724082,True,7.819,-2e-06,0.0,41.5183,237,-118.16772,38.58796,-118.18059,38.60315,2368,1549,2351,1538
T27-0264,3,end-to-end,2.04,15.255,11.31,True,11.31,0.4,1.666,0.4,4.105,6,0.5,3,False,1940,1940,True,"Fish Lake Valley fault zone, Oasis section","Fish Lake Valley fault zone, Oasis section",True,49c,49c,Well Constrained,Well Constrained,N,N,Unspecified,Unspecified,100,100,True,same-FID_multipart-continuity,"along-strike endpoint gap; assess continuation, relay, or cartographic segmentation",https://web2.nbmg.unr.edu/arcgis/rest/services/Qfaults/Qfaults_INGENIOUS/MapServer/0,https://www.osti.gov/servlets/purl/1724082,True,4.105,-2e-06,0.005855,13.9189,117,-117.79701,37.44466,-117.80134,37.4266,3640,1861,3660,1857
T27-0265,3,end-to-end,2.062,12.704,30.296,False,67.166,0.287,0.966,0.524,3.552,6,1.0,6,False,862,862,True,Shoshone Range fault zone,Shoshone Range fault zone,True,1148,1148,Well Constrained,Well Constrained,N,N,NW,NW,250,250,True,same-FID_multipart-continuity,"along-strike endpoint gap; assess continuation, relay, or cartographic segmentation",https://web2.nbmg.unr.edu/arcgis/rest/services/Qfaults/Qfaults_INGENIOUS/MapServer/0,https://www.osti.gov/servlets/purl/1724082,True,3.552,-2e-06,0.0,24.855,294,-116.92099,40.44633,-116.89858,40.45352,312,2633,304,2652
T27-0266,3,end-to-end,2.062,22.834,11.524,False,22.834,0.467,2.624,2.073,6.759,6,0.0,0,False,774,774,True,Rainbow Mountain fault zone,Rainbow Mountain fault zone,True,1679,1679,Well Constrained,Well Constrained,RL,RL,Unspecified,Unspecified,250,250,True,same-FID_multipart-continuity,"along-strike endpoint gap; assess continuation, relay, or cartographic segmentation",https://web2.nbmg.unr.edu/arcgis/rest/services/Qfaults/Qfaults_INGENIOUS/MapServer/0,https://www.osti.gov/servlets/purl/1724082,False,6.759,0.0,0.0,-3.8121,340,-118.49592,39.78171,-118.48695,39.79895,1039,1285,1020,1293
T27-0267,3,end-to-end,2.081,5.968,34.226,False,54.782,0.287,1.856,1.166,5.102,5,0.0,0,False,519,519,True,Kumiva Valley fault zone,Kumiva Valley fault zone,True,1619,1619,Well Constrained,Well Constrained,N,N,SE,SE,250,250,True,same-FID_multipart-continuity,"along-strike endpoint gap; assess continuation, relay, or cartographic segmentation",https://web2.nbmg.unr.edu/arcgis/rest/services/Qfaults/Qfaults_INGENIOUS/MapServer/0,https://www.osti.gov/servlets/purl/1724082,True,5.102,-2e-06,0.0,67.003,193,-119.0923,40.42201,-119.0726,40.43318,318,791,306,808
T27-0268,3,abutting,2.081,5.968,,False,144.782,0.437,1.331,4.18,7.592,5,0.0,0,False,1658,1658,True,Honey Lake fault zone,Honey Lake fault zone,True,22,22,Well Constrained,Well Constrained,RL,RL,Unspecified,Unspecified,250,250,True,same-FID_multipart-continuity,abutment/termination geometry; verify fault intersections and cross-cutting relations,https://web2.nbmg.unr.edu/arcgis/rest/services/Qfaults/Qfaults_INGENIOUS/MapServer/0,https://www.osti.gov/servlets/purl/1724082,True,7.592,-2e-06,0.0,81.4321,180,-119.86744,39.88293,-119.85279,39.86798,898,114,915,126
T27-0269,3,end-to-end,2.11,17.969,2.261,True,31.43,0.353,1.914,0.766,4.789,5,0.0,0,False,443,443,True,Hot Springs Mountain fault zone,Hot Springs Mountain fault zone,True,1673,1673,Well Constrained,Well Constrained,N,N,SE,SE,250,250,True,same-FID_multipart-continuity,"along-strike endpoint gap; assess continuation, relay, or cartographic segmentation",https://web2.nbmg.unr.edu/arcgis/rest/services/Qfaults/Qfaults_INGENIOUS/MapServer/0,https://www.osti.gov/servlets/purl/1724082,True,4.789,-2e-06,0.005855,18.6879,100,-119.07687,39.56826,-119.08918,39.55182,1266,782,1284,771
T27-0270,3,end-to-end,2.119,25.71,0.855,False,19.29,0.616,0.624,0.683,3.426,6,0.0,0,True,1576,1576,True,Western Fairview Peak fault,Western Fairview Peak fault,True,1686,1686,Well Constrained,Well Constrained,N,N,Unspecified,Unspecified,250,250,True,same-FID_multipart-continuity,"along-strike endpoint gap; assess continuation, relay, or cartographic segmentation",https://web2.nbmg.unr.edu/arcgis/rest/services/Qfaults/Qfaults_INGENIOUS/MapServer/0,https://www.osti.gov/servlets/purl/1724082,True,3.426,-2e-06,0.0,26.8046,287,-118.22044,39.25604,-118.22824,39.23794,1626,1513,1646,1506
T27-0271,3,tip-to-tip oblique,2.138,3.252,47.21,False,10.784,0.434,1.266,1.249,4.652,6,0.167,1,False,346,347,False,Emigrant Peak fault zone,Emigrant Peak fault zone,True,1329,1329,Well Constrained,Well Constrained,N,N,Unspecified,Unspecified,250,250,True,H27-5b_inter-FID_same-name_kinematic-compatible,"oblique step-over-like geometry; verify overlap, slip sense, and relay direction",https://web2.nbmg.unr.edu/arcgis/rest/services/Qfaults/Qfaults_INGENIOUS/MapServer/0,https://www.osti.gov/servlets/purl/1724082,True,4.652,-2e-06,0.005855,18.48,101,-117.91095,37.98102,-117.90662,37.99998,3044,1766,3023,1770
T27-0272,3,end-to-end,2.159,0.644,27.429,True,13.392,0.202,4.031,2.049,8.239,6,0.333,2,False,604,604,True,Monte Cristo Valley fault zone,Monte Cristo Valley fault zone,True,1325,1325,Moderately Constrained,Moderately Constrained,RL,RL,Unspecified,Unspecified,250,250,True,same-FID_multipart-continuity,"along-strike endpoint gap; assess continuation, relay, or cartographic segmentation",https://web2.nbmg.unr.edu/arcgis/rest/services/Qfaults/Qfaults_INGENIOUS/MapServer/0,https://www.osti.gov/servlets/purl/1724082,True,8.239,-2e-06,-0.005855,70.2596,53,-117.91424,38.51902,-117.91974,38.50005,2447,1769,2468,1764
T27-0273,3,abutting,2.163,7.125,,False,146.31,0.584,0.966,0.241,3.37,5,1.0,5,False,29,29,True,Benton Spring fault,Benton Spring fault,True,1320,1320,Well Constrained,Well Constrained,RL,RL,Unspecified,Unspecified,250,250,True,same-FID_multipart-continuity,abutment/termination geometry; verify fault intersections and cross-cutting relations,https://web2.nbmg.unr.edu/arcgis/rest/services/Qfaults/Qfaults_INGENIOUS/MapServer/0,https://www.osti.gov/servlets/purl/1724082,True,3.37,-2e-06,0.005855,10.369,129,-118.15458,38.55655,-118.14056,38.54047,2403,1560,2421,1572
T27-0274,3,end-to-end,2.193,11.31,32.811,False,43.152,0.292,2.314,2.949,7.456,5,0.4,2,False,106,106,True,Carson lineament,Carson lineament,True,1663,1663,Well Constrained,Well Constrained,LL,LL,Unspecified,Unspecified,250,250,True,same-FID_multipart-continuity,"along-strike endpoint gap; assess continuation, relay, or cartographic segmentation",https://web2.nbmg.unr.edu/arcgis/rest/services/Qfaults/Qfaults_INGENIOUS/MapServer/0,https://www.osti.gov/servlets/purl/1724082,True,7.456,-2e-06,-0.005855,41.5412,73,-119.2025,39.41819,-119.18554,39.43293,1430,670,1414,685
T27-0275,3,end-to-end,2.193,16.587,1.848,False,136.848,0.566,0.724,1.049,3.966,5,0.0,0,False,409,409,True,Gumdrop Hills fault zone,Gumdrop Hills fault zone,True,1309,1309,Well Constrained,Well Constrained,RL,RL,SW,SW,250,250,True,same-FID_multipart-continuity,"along-strike endpoint gap; assess continuation, relay, or cartographic segmentation",https://web2.nbmg.unr.edu/arcgis/rest/services/Qfaults/Qfaults_INGENIOUS/MapServer/0,https://www.osti.gov/servlets/purl/1724082,True,3.966,-2e-06,0.0,35.793,250,-118.29653,38.6641,-118.31403,38.67832,2282,1438,2266,1423
T27-0276,3,end-to-end,2.214,18.435,32.471,False,161.565,0.608,0.5,4.031,6.745,6,0.167,1,False,599,604,False,Monte Cristo Valley fault zone,Monte Cristo Valley fault zone,True,1325,1325,Well Constrained,Moderately Constrained,RL,RL,Unspecified,Unspecified,250,250,True,H27-5b_inter-FID_same-name_kinematic-compatible,"along-strike endpoint gap; assess continuation, relay, or cartographic segmentation",https://web2.nbmg.unr.edu/arcgis/rest/services/Qfaults/Qfaults_INGENIOUS/MapServer/0,https://www.osti.gov/servlets/purl/1724082,True,6.745,-2e-06,0.0,51.826,220,-117.90598,38.50016,-117.91424,38.51902,2468,1776,2447,1769
T27-0277,3,tip-to-tip oblique,2.22,14.89,41.049,False,7.765,0.534,1.724,1.997,5.942,7,0.429,3,False,1576,1577,False,Western Fairview Peak fault,Western Fairview Peak fault,True,1686,1686,Well Constrained,Moderately Constrained,N,N,Unspecified,Unspecified,250,250,True,H27-5b_inter-FID_same-name_kinematic-compatible,"oblique step-over-like geometry; verify overlap, slip sense, and relay direction",https://web2.nbmg.unr.edu/arcgis/rest/services/Qfaults/Qfaults_INGENIOUS/MapServer/0,https://www.osti.gov/servlets/purl/1724082,True,5.942,-2e-06,0.005855,28.3422,87,-118.22378,39.18122,-118.22691,39.16136,1709,1509,1731,1506
T27-0278,3,end-to-end,2.256,26.841,7.61,True,12.804,0.152,1.924,3.431,7.612,7,0.286,3,False,1552,1561,False,Wassuk Range fault zone,Wassuk Range fault zone,True,1300,1300,Well Constrained,Moderately Constrained,N,N,Unspecified,Unspecified,250,250,True,H27-5b_inter-FID_same-name_kinematic-compatible,"along-strike endpoint gap; assess continuation, relay, or cartographic segmentation",https://web2.nbmg.unr.edu/arcgis/rest/services/Qfaults/Qfaults_INGENIOUS/MapServer/0,https://www.osti.gov/servlets/purl/1724082,True,7.612,-2e-06,0.0,42.4615,234,-118.99997,39.11822,-119.00519,39.09831,1767,837,1789,832
T27-0279,3,end-to-end,2.285,9.162,16.074,True,156.801,0.154,15.65,1.224,19.159,6,1.0,6,False,580,580,True,Middlegate fault zone,Middlegate fault zone,True,1187,1187,Well Constrained,Well Constrained,N,N,W,W,250,250,True,same-FID_multipart-continuity,"along-strike endpoint gap; assess continuation, relay, or cartographic segmentation",https://web2.nbmg.unr.edu/arcgis/rest/services/Qfaults/Qfaults_INGENIOUS/MapServer/0,https://www.osti.gov/servlets/purl/1724082,True,19.159,-2e-06,0.0,120.644,165,-117.96894,39.4242,-117.97966,39.44303,1442,1732,1421,1723
T27-0280,3,end-to-end,2.302,20.344,2.375,True,55.62,0.344,3.131,2.356,7.789,6,0.667,4,False,1193,1192,False,Unnamed fault zone in Virginia Range,Unnamed fault zone in Virginia Range,True,1667,1667,Moderately Constrained,Well Constrained,N,N,Unspecified,Unspecified,250,250,True,H27-5b_inter-FID_same-name_kinematic-compatible,"along-strike endpoint gap; assess continuation, relay, or cartographic segmentation",https://web2.nbmg.unr.edu/arcgis/rest/services/Qfaults/Qfaults_INGENIOUS/MapServer/0,https://www.osti.gov/servlets/purl/1724082,True,7.789,-2e-06,-0.005855,45.3168,69,-119.38926,39.5127,-119.41093,39.50054,1321,512,1334,493
T27-0281,3,end-to-end,2.302,20.925,2.49,True,177.51,0.397,0.683,0.6,3.585,7,0.0,0,False,1576,1576,True,Western Fairview Peak fault,Western Fairview Peak fault,True,1686,1686,Well Constrained,Well Constrained,N,N,Unspecified,Unspecified,250,250,True,same-FID_multipart-continuity,"along-strike endpoint gap; assess continuation, relay, or cartographic segmentation",https://web2.nbmg.unr.edu/arcgis/rest/services/Qfaults/Qfaults_INGENIOUS/MapServer/0,https://www.osti.gov/servlets/purl/1724082,True,3.585,-2e-06,0.0,27.9487,284,-118.23046,39.23251,-118.22894,39.2118,1652,1504,1675,1505
T27-0282,3,end-to-end,2.309,8.915,31.749,False,17.65,0.296,0.724,3.004,6.037,7,0.286,2,False,106,106,True,Carson lineament,Carson lineament,True,1663,1663,Well Constrained,Well Constrained,LL,LL,Unspecified,Unspecified,250,250,True,same-FID_multipart-continuity,"along-strike endpoint gap; assess continuation, relay, or cartographic segmentation",https://web2.nbmg.unr.edu/arcgis/rest/services/Qfaults/Qfaults_INGENIOUS/MapServer/0,https://www.osti.gov/servlets/purl/1724082,True,6.037,-2e-06,0.0,59.5839,203,-119.49669,39.32936,-119.48927,39.34934,1522,414,1500,421
T27-0283,3,end-to-end,2.335,10.69,4.17,True,9.866,0.359,5.921,0.441,8.697,7,0.0,0,False,700,1196,False,Paradise Range fault zone,Unnamed fault zone in southeastern Gabbs Valley Range,False,1321,1323,Well Constrained,Well Constrained,N,N,W,Unspecified,250,250,True,inter-FID_other-name_kinematic-compatible,"along-strike endpoint gap; assess continuation, relay, or cartographic segmentation",https://web2.nbmg.unr.edu/arcgis/rest/services/Qfaults/Qfaults_INGENIOUS/MapServer/0,https://www.osti.gov/servlets/purl/1724082,True,8.697,-2e-06,0.0,40.3855,245,-117.95425,38.76832,-117.95858,38.74756,2170,1737,2193,1733
T27-0284,3,tip-to-tip oblique,2.402,2.386,38.8,False,2.386,0.406,0.4,1.373,4.175,7,0.0,0,False,774,774,True,Rainbow Mountain fault zone,Rainbow Mountain fault zone,True,1679,1679,Well Constrained,Well Constrained,RL,RL,Unspecified,Unspecified,250,250,True,same-FID_multipart-continuity,"oblique step-over-like geometry; verify overlap, slip sense, and relay direction",https://web2.nbmg.unr.edu/arcgis/rest/services/Qfaults/Qfaults_INGENIOUS/MapServer/0,https://www.osti.gov/servlets/purl/1724082,True,4.175,-3e-06,-0.005855,167.5652,20,-118.40741,39.85039,-118.40814,39.82876,964,1362,988,1361
T27-0285,3,end-to-end,2.404,12.995,0.0,False,45.0,0.228,1.107,1.814,5.325,5,0.0,0,False,749,749,True,Pyramid Lake fault zone,Pyramid Lake fault zone,True,1669,1669,Well Constrained,Well Constrained,RL,RL,Unspecified,Unspecified,250,250,True,same-FID_multipart-continuity,"along-strike endpoint gap; assess continuation, relay, or cartographic segmentation",https://web2.nbmg.unr.edu/arcgis/rest/services/Qfaults/Qfaults_INGENIOUS/MapServer/0,https://www.osti.gov/servlets/purl/1724082,True,5.325,-3e-06,0.0,109.6145,168,-119.39354,39.83964,-119.37422,39.85535,958,518,941,535
T27-0286,3,tip-to-tip oblique,2.441,14.436,83.806,False,34.992,0.539,1.707,3.47,7.618,6,0.667,4,False,2669,1445,False,Fairview fault zone,Unnamed faults northern Monte Cristo Mountains,False,1690,1694,Well Constrained,Well Constrained,N,N,Unspecified,Unspecified,100,250,True,inter-FID_other-name_kinematic-compatible,"oblique step-over-like geometry; verify overlap, slip sense, and relay direction",https://web2.nbmg.unr.edu/arcgis/rest/services/Qfaults/Qfaults_INGENIOUS/MapServer/0,https://www.osti.gov/servlets/purl/1724082,True,7.618,-3e-06,-0.005855,233.1607,10,-118.09766,39.11129,-118.08174,39.12946,1788,1617,1768,1631
T27-0287,3,end-to-end,2.474,24.624,4.399,False,14.036,0.554,0.666,0.341,3.481,7,0.0,0,False,2668,2668,True,"Dixie Valley fault zone, Stillwater seismic gap section","Dixie Valley fault zone, Stillwater seismic gap section",True,1687a,1687a,Well Constrained,Well Constrained,N,N,Unspecified,Unspecified,250,250,True,same-FID_multipart-continuity,"along-strike endpoint gap; assess continuation, relay, or cartographic segmentation",https://web2.nbmg.unr.edu/arcgis/rest/services/Qfaults/Qfaults_INGENIOUS/MapServer/0,https://www.osti.gov/servlets/purl/1724082,True,3.481,-3e-06,0.0,48.6076,225,-118.01113,39.84912,-118.00443,39.8708,970,1701,946,1707
T27-0288,3,end-to-end,2.5,14.036,0.0,False,0.0,0.381,1.707,0.8,5.007,8,0.75,6,False,1208,1209,False,Unnamed fault zone near Little Valley,Unnamed fault zone near Little Valley,True,1670,1670,Well Constrained,Well Constrained,N,N,Unspecified,Unspecified,250,250,True,H27-5b_inter-FID_same-name_kinematic-compatible,"along-strike endpoint gap; assess continuation, relay, or cartographic segmentation",https://web2.nbmg.unr.edu/arcgis/rest/services/Qfaults/Qfaults_INGENIOUS/MapServer/0,https://www.osti.gov/servlets/purl/1724082,True,5.007,-3e-06,0.0,56.8584,207,-119.27776,39.80143,-119.2785,39.82394,1003,616,978,616
T27-0289,3,end-to-end,2.5,16.314,10.305,False,36.87,0.449,1.749,1.89,6.138,6,0.5,3,False,1243,1243,True,Unnamed fault zone southeastern Truckee Range,Unnamed fault zone southeastern Truckee Range,True,1672,1672,Well Constrained,Well Constrained,N,N,SE,SE,250,250,True,same-FID_multipart-continuity,"along-strike endpoint gap; assess continuation, relay, or cartographic segmentation",https://web2.nbmg.unr.edu/arcgis/rest/services/Qfaults/Qfaults_INGENIOUS/MapServer/0,https://www.osti.gov/servlets/purl/1724082,True,6.138,-3e-06,-0.005855,365.7146,3,-119.06783,39.77293,-119.08479,39.75461,1039,795,1059,780
T27-0290,3,end-to-end,2.518,13.713,33.759,False,173.157,0.479,3.604,2.056,8.178,8,0.0,0,False,40,42,False,Bettles Well-Petrified Springs fault,Bettles Well-Petrified Springs fault,True,1326,1326,Well Constrained,Moderately Constrained,RL,RL,Unspecified,SW,250,250,True,H27-5b_inter-FID_same-name_kinematic-compatible,"along-strike endpoint gap; assess continuation, relay, or cartographic segmentation",https://web2.nbmg.unr.edu/arcgis/rest/services/Qfaults/Qfaults_INGENIOUS/MapServer/0,https://www.osti.gov/servlets/purl/1724082,True,8.178,-3e-06,-0.005855,49.6597,65,-117.94718,38.49353,-117.94344,38.47103,2475,1740,2500,1743
T27-0291,3,end-to-end,2.524,22.62,20.772,False,33.69,0.437,3.304,0.907,6.735,6,0.0,0,False,82,83,False,Buffalo Valley fault zone,Buffalo Valley fault zone,True,1140,1140,Well Constrained,Moderately Constrained,N,N,E,E,250,250,True,H27-5b_inter-FID_same-name_kinematic-compatible,"along-strike endpoint gap; assess continuation, relay, or cartographic segmentation",https://web2.nbmg.unr.edu/arcgis/rest/services/Qfaults/Qfaults_INGENIOUS/MapServer/0,https://www.osti.gov/servlets/purl/1724082,True,6.735,-3e-06,0.0,33.622,258,-117.39511,40.45739,-117.3787,40.47636,299,2231,278,2245
T27-0292,3,end-to-end,2.524,19.654,7.125,False,33.69,0.465,2.131,1.507,6.162,6,0.667,4,False,191,189,False,"Dixie Valley fault zone, ""1954"" section","Dixie Valley fault zone, ""1954"" section",True,1687b,1687b,Well Constrained,Well Constrained,N,N,Unspecified,Unspecified,250,250,True,H27-5b_inter-FID_same-name_kinematic-compatible,"along-strike endpoint gap; assess continuation, relay, or cartographic segmentation",https://web2.nbmg.unr.edu/arcgis/rest/services/Qfaults/Qfaults_INGENIOUS/MapServer/0,https://www.osti.gov/servlets/purl/1724082,True,6.162,-3e-06,0.0,31.1606,269,-118.22331,39.4209,-118.20738,39.43999,1443,1513,1422,1527
T27-0293,3,end-to-end,2.55,25.56,28.496,False,11.31,0.574,1.814,0.807,5.171,8,0.75,6,False,76,76,True,Buena Vista Valley fault zone,Buena Vista Valley fault zone,True,1638,1638,Well Constrained,Well Constrained,N,N,W,W,250,250,True,same-FID_multipart-continuity,"along-strike endpoint gap; assess continuation, relay, or cartographic segmentation",https://web2.nbmg.unr.edu/arcgis/rest/services/Qfaults/Qfaults_INGENIOUS/MapServer/0,https://www.osti.gov/servlets/purl/1724082,True,5.171,-3e-06,0.005855,22.7947,93,-117.98311,40.58361,-117.98869,40.56104,155,1734,180,1729
T27-0294,3,end-to-end,2.581,21.501,3.532,False,54.462,0.477,0.441,1.631,4.653,6,0.667,4,False,907,907,True,Southeastern Sheep Creek Range fault,Southeastern Sheep Creek Range fault,True,1150,1150,Well Constrained,Well Constrained,N,N,E,E,250,250,True,same-FID_multipart-continuity,"along-strike endpoint gap; assess continuation, relay, or cartographic segmentation",https://web2.nbmg.unr.edu/arcgis/rest/services/Qfaults/Qfaults_INGENIOUS/MapServer/0,https://www.osti.gov/servlets/purl/1724082,True,4.653,-3e-06,0.0,29.7817,278,-116.7905,40.69481,-116.8154,40.68134,36,2743,51,2722
T27-0295,3,end-to-end,2.6,14.036,14.036,False,0.0,0.451,5.404,1.124,9.128,8,0.25,2,False,1581,1582,False,Western Humboldt Range fault zone,Western Humboldt Range fault zone,True,1635,1635,Well Constrained,Well Constrained,N,N,W,W,250,250,True,H27-5b_inter-FID_same-name_kinematic-compatible,"along-strike endpoint gap; assess continuation, relay, or cartographic segmentation",https://web2.nbmg.unr.edu/arcgis/rest/services/Qfaults/Qfaults_INGENIOUS/MapServer/0,https://www.osti.gov/servlets/purl/1724082,True,9.128,-3e-06,0.0,52.8592,215,-118.38031,40.18857,-118.37984,40.16515,589,1391,615,1391
T27-0296,3,end-to-end,2.6,20.556,32.005,True,90.0,0.191,3.197,1.531,7.328,8,0.0,0,False,670,670,True,Northern Simpson Park Mountains fault zone,Northern Simpson Park Mountains fault zone,True,1158,1158,Well Constrained,Well Constrained,N,N,N,N,250,250,True,same-FID_multipart-continuity,"along-strike endpoint gap; assess continuation, relay, or cartographic segmentation",https://web2.nbmg.unr.edu/arcgis/rest/services/Qfaults/Qfaults_INGENIOUS/MapServer/0,https://www.osti.gov/servlets/purl/1724082,True,7.328,-3e-06,0.0,41.1396,242,-116.44065,40.06571,-116.47114,40.06585,733,3043,733,3017
T27-0297,3,end-to-end,2.602,16.239,2.203,False,177.797,0.458,1.083,1.3,4.985,8,1.0,8,False,855,855,True,Selenite Range fault zone,Selenite Range fault zone,True,1617,1617,Well Constrained,Well Constrained,N,N,W,W,250,250,True,same-FID_multipart-continuity,"along-strike endpoint gap; assess continuation, relay, or cartographic segmentation",https://web2.nbmg.unr.edu/arcgis/rest/services/Qfaults/Qfaults_INGENIOUS/MapServer/0,https://www.osti.gov/servlets/purl/1724082,True,4.985,-3e-06,0.0,55.5509,209,-119.30421,40.48374,-119.30223,40.46036,245,613,271,614
T27-0298,3,end-to-end,2.642,0.269,20.719,False,60.524,0.276,1.407,3.28,7.329,7,0.0,0,False,862,862,True,Shoshone Range fault zone,Shoshone Range fault zone,True,1148,1148,Well Constrained,Well Constrained,N,N,NW,NW,250,250,True,same-FID_multipart-continuity,"along-strike endpoint gap; assess continuation, relay, or cartographic segmentation",https://web2.nbmg.unr.edu/arcgis/rest/services/Qfaults/Qfaults_INGENIOUS/MapServer/0,https://www.osti.gov/servlets/purl/1724082,True,7.329,-3e-06,0.0,65.4716,194,-117.04123,40.38328,-117.06832,40.37156,382,2531,395,2508
T27-0299,3,end-to-end,2.642,29.476,29.476,False,29.476,0.563,1.841,1.624,6.108,7,0.0,0,False,1576,1576,True,Western Fairview Peak fault,Western Fairview Peak fault,True,1686,1686,Well Constrained,Well Constrained,N,N,Unspecified,Unspecified,250,250,True,same-FID_multipart-continuity,"along-strike endpoint gap; assess continuation, relay, or cartographic segmentation",https://web2.nbmg.unr.edu/arcgis/rest/services/Qfaults/Qfaults_INGENIOUS/MapServer/0,https://www.osti.gov/servlets/purl/1724082,True,6.108,-3e-06,0.0,179.7208,161,-118.17754,39.32406,-118.19227,39.30319,1551,1551,1574,1538
T27-0300,3,end-to-end,2.663,14.527,6.314,True,55.713,0.143,1.09,7.298,11.051,7,0.0,0,False,1576,812,False,Western Fairview Peak fault,Sand Springs Range fault,False,1686,1685,Well Constrained,Moderately Constrained,N,N,Unspecified,Unspecified,250,250,True,inter-FID_other-name_kinematic-compatible,"along-strike endpoint gap; assess continuation, relay, or cartographic segmentation",https://web2.nbmg.unr.edu/arcgis/rest/services/Qfaults/Qfaults_INGENIOUS/MapServer/0,https://www.osti.gov/servlets/purl/1724082,True,11.051,-3e-06,0.0,67.6702,192,-118.20136,39.35986,-118.22665,39.34608,1511,1531,1526,1509
T27-0301,3,end-to-end,2.668,23.875,23.875,False,167.005,0.448,0.524,1.19,4.383,8,0.125,1,False,369,1658,False,Freds Mountain fault,Honey Lake fault zone,False,1657,22,Well Constrained,Well Constrained,N,RL,Unspecified,Unspecified,250,250,False,inter-FID_kinematic-conflict-or-unknown,"along-strike endpoint gap; assess continuation, relay, or cartographic segmentation",https://web2.nbmg.unr.edu/arcgis/rest/services/Qfaults/Qfaults_INGENIOUS/MapServer/0,https://www.osti.gov/servlets/purl/1724082,True,4.383,-3e-06,0.0,78.2753,183,-119.85596,39.85979,-119.86394,39.88302,924,123,898,117
T27-0302,3,end-to-end,2.693,24.204,24.204,True,148.671,0.081,2.566,1.041,6.3,7,0.286,2,False,486,1475,False,Jersey Valley fault zone,Unnamed faults of the eastern Augusta Mountains,False,1144,1164,Well Constrained,Well Constrained,N,N,W,E,250,250,True,inter-FID_other-name_kinematic-compatible,"along-strike endpoint gap; assess continuation, relay, or cartographic segmentation",https://web2.nbmg.unr.edu/arcgis/rest/services/Qfaults/Qfaults_INGENIOUS/MapServer/0,https://www.osti.gov/servlets/purl/1724082,True,6.3,-3e-06,0.0,32.0188,264,-117.47063,40.12376,-117.45406,40.10311,669,2165,692,2179
T27-0303,3,end-to-end,2.702,18.435,18.435,False,38.991,0.539,1.207,1.024,4.933,6,0.0,0,False,802,802,True,Sage Valley fault zone,Sage Valley fault zone,True,1629,1629,Well Constrained,Well Constrained,N,N,Unspecified,Unspecified,250,250,True,same-FID_multipart-continuity,"along-strike endpoint gap; assess continuation, relay, or cartographic segmentation",https://web2.nbmg.unr.edu/arcgis/rest/services/Qfaults/Qfaults_INGENIOUS/MapServer/0,https://www.osti.gov/servlets/purl/1724082,True,4.933,-3e-06,0.0,41.4503,240,-118.67601,40.41348,-118.69556,40.39428,335,1144,356,1127
T27-0304,3,end-to-end,2.72,3.066,24.083,True,162.897,0.295,2.124,3.421,8.266,8,0.125,1,False,1582,1412,False,Western Humboldt Range fault zone,Unnamed faults near Packard Flat,False,1635,1636,Well Constrained,Well Constrained,N,N,W,Unspecified,250,250,True,inter-FID_other-name_kinematic-compatible,"along-strike endpoint gap; assess continuation, relay, or cartographic segmentation",https://web2.nbmg.unr.edu/arcgis/rest/services/Qfaults/Qfaults_INGENIOUS/MapServer/0,https://www.osti.gov/servlets/purl/1724082,True,8.266,-3e-06,-0.005855,77.4478,48,-118.2461,40.3009,-118.23626,40.27758,466,1507,492,1515
T27-0305,3,end-to-end,2.746,10.065,16.074,True,10.491,0.368,3.756,1.99,8.491,8,0.0,0,False,1302,1305,False,Unnamed faults in Gabbs Valley,Unnamed faults in Gabbs Valley,True,1313,1313,Well Constrained,Moderately Constrained,N,N,Unspecified,Unspecified,250,250,True,H27-5b_inter-FID_same-name_kinematic-compatible,"along-strike endpoint gap; assess continuation, relay, or cartographic segmentation",https://web2.nbmg.unr.edu/arcgis/rest/services/Qfaults/Qfaults_INGENIOUS/MapServer/0,https://www.osti.gov/servlets/purl/1724082,True,8.491,-3e-06,0.0,54.0407,212,-118.11963,38.89121,-118.12501,38.86683,2032,1595,2059,1590
T27-0306,3,tip-to-tip oblique,2.816,10.061,79.939,False,163.496,0.416,1.69,1.69,6.196,8,0.25,2,False,796,796,True,SW Warm Springs Valley fault,SW Warm Springs Valley fault,True,1659,1659,Well Constrained,Well Constrained,N,N,Unspecified,Unspecified,250,250,True,same-FID_multipart-continuity,"oblique step-over-like geometry; verify overlap, slip sense, and relay direction",https://web2.nbmg.unr.edu/arcgis/rest/services/Qfaults/Qfaults_INGENIOUS/MapServer/0,https://www.osti.gov/servlets/purl/1724082,True,6.196,-3e-06,0.0,59.526,204,-119.56654,39.71522,-119.55632,39.69112,1092,366,1119,374
T27-0307,3,end-to-end,2.816,20.152,13.241,False,173.884,0.418,0.883,0.841,4.54,9,0.0,0,False,774,776,False,Rainbow Mountain fault zone,Rainbow Mountain fault zone,True,1679,1679,Well Constrained,Moderately Constrained,RL,RL,Unspecified,Unspecified,250,250,True,H27-5b_inter-FID_same-name_kinematic-compatible,"along-strike endpoint gap; assess continuation, relay, or cartographic segmentation",https://web2.nbmg.unr.edu/arcgis/rest/services/Qfaults/Qfaults_INGENIOUS/MapServer/0,https://www.osti.gov/servlets/purl/1724082,True,4.54,-3e-06,0.005855,19.1268,99,-118.45074,39.63182,-118.45477,39.657,1206,1321,1178,1318
T27-0308,3,end-to-end,2.816,14.441,12.319,False,6.116,0.228,1.59,0.683,5.089,9,0.444,5,False,1515,1515,True,Unnamed faults west of Desert Mountains,Unnamed faults west of Desert Mountains,True,1665,1665,Well Constrained,Well Constrained,N,N,Unspecified,Unspecified,250,250,True,same-FID_multipart-continuity,"along-strike endpoint gap; assess continuation, relay, or cartographic segmentation",https://web2.nbmg.unr.edu/arcgis/rest/services/Qfaults/Qfaults_INGENIOUS/MapServer/0,https://www.osti.gov/servlets/purl/1724082,True,5.089,-3e-06,0.005855,22.9019,91,-119.20491,39.23615,-119.20759,39.21088,1632,663,1660,660
T27-0309,3,end-to-end,2.844,21.881,3.912,True,10.125,0.492,3.704,3.19,9.738,9,0.222,3,False,442,443,False,Hot Springs Mountain fault zone,Hot Springs Mountain fault zone,True,1673,1673,Well Constrained,Well Constrained,N,N,SE,SE,250,250,True,H27-5b_inter-FID_same-name_kinematic-compatible,"along-strike endpoint gap; assess continuation, relay, or cartographic segmentation",https://web2.nbmg.unr.edu/arcgis/rest/services/Qfaults/Qfaults_INGENIOUS/MapServer/0,https://www.osti.gov/servlets/purl/1724082,True,9.738,-3e-06,-0.005855,127.0406,28,-118.83393,39.80209,-118.8391,39.77678,1011,996,1039,991
T27-0310,3,end-to-end,2.864,26.131,11.104,True,167.905,0.236,2.19,0.824,5.878,9,0.0,0,False,2669,1445,False,Fairview fault zone,Unnamed faults northern Monte Cristo Mountains,False,1690,1694,Well Constrained,Well Constrained,N,N,Unspecified,Unspecified,100,250,True,inter-FID_other-name_kinematic-compatible,"along-strike endpoint gap; assess continuation, relay, or cartographic segmentation",https://web2.nbmg.unr.edu/arcgis/rest/services/Qfaults/Qfaults_INGENIOUS/MapServer/0,https://www.osti.gov/servlets/purl/1724082,True,5.878,-3e-06,-0.005855,166.8916,21,-118.11376,39.10573,-118.10643,39.08057,1794,1603,1822,1609
T27-0311,3,end-to-end,2.902,22.531,28.54,False,178.025,0.434,1.266,0.724,4.892,9,0.111,1,False,1576,1576,True,Western Fairview Peak fault,Western Fairview Peak fault,True,1686,1686,Well Constrained,Well Constrained,N,N,Unspecified,Unspecified,250,250,True,same-FID_multipart-continuity,"along-strike endpoint gap; assess continuation, relay, or cartographic segmentation",https://web2.nbmg.unr.edu/arcgis/rest/services/Qfaults/Qfaults_INGENIOUS/MapServer/0,https://www.osti.gov/servlets/purl/1724082,True,4.892,-3e-06,0.0,150.6778,163,-118.20022,39.29319,-118.19861,39.26708,1585,1531,1614,1532
T27-0312,3,abutting,2.912,13.799,,False,15.945,0.603,0.866,0.1,3.878,8,0.625,6,False,263,263,True,Eastern Carson Sink fault zone,Eastern Carson Sink fault zone,True,1684,1684,Well Constrained,Well Constrained,N,N,W,W,250,250,True,same-FID_multipart-continuity,abutment/termination geometry; verify fault intersections and cross-cutting relations,https://web2.nbmg.unr.edu/arcgis/rest/services/Qfaults/Qfaults_INGENIOUS/MapServer/0,https://www.osti.gov/servlets/purl/1724082,True,3.878,-3e-06,0.005855,14.2774,114,-118.25947,39.75028,-118.25059,39.77561,1077,1487,1049,1495
T27-0313,3,end-to-end,2.921,6.953,17.491,False,51.953,0.294,1.107,1.79,5.818,7,1.0,7,False,1233,1232,False,Unnamed fault zone on northwest side of Trinity Range,Unnamed fault zone on northwest side of Trinity Range,True,1678,1678,Well Constrained,Well Constrained,N,N,Unspecified,Unspecified,250,250,True,H27-5b_inter-FID_same-name_kinematic-compatible,"along-strike endpoint gap; assess continuation, relay, or cartographic segmentation",https://web2.nbmg.unr.edu/arcgis/rest/services/Qfaults/Qfaults_INGENIOUS/MapServer/0,https://www.osti.gov/servlets/purl/1724082,True,5.818,-3e-06,0.0,94.6229,172,-118.93354,39.93831,-118.95998,39.92165,858,914,876,891
T27-0314,3,end-to-end,2.941,8.357,3.783,False,17.819,0.531,5.221,1.424,9.587,9,0.222,2,False,1581,1581,True,Western Humboldt Range fault zone,Western Humboldt Range fault zone,True,1635,1635,Well Constrained,Well Constrained,N,N,W,W,250,250,True,same-FID_multipart-continuity,"along-strike endpoint gap; assess continuation, relay, or cartographic segmentation",https://web2.nbmg.unr.edu/arcgis/rest/services/Qfaults/Qfaults_INGENIOUS/MapServer/0,https://www.osti.gov/servlets/purl/1724082,True,9.587,-3e-06,0.0,62.6136,198,-118.24409,40.44777,-118.23395,40.4731,303,1511,275,1520
T27-0315,3,end-to-end,2.973,12.529,6.911,False,19.654,0.532,9.747,0.483,13.203,9,0.0,0,False,802,802,True,Sage Valley fault zone,Sage Valley fault zone,True,1629,1629,Well Constrained,Well Constrained,N,N,Unspecified,Unspecified,250,250,True,same-FID_multipart-continuity,"along-strike endpoint gap; assess continuation, relay, or cartographic segmentation",https://web2.nbmg.unr.edu/arcgis/rest/services/Qfaults/Qfaults_INGENIOUS/MapServer/0,https://www.osti.gov/servlets/purl/1724082,True,13.203,-3e-06,0.0,79.0822,182,-118.70607,40.34368,-118.69493,40.36907,412,1117,384,1127
T27-0316,3,end-to-end,3.023,2.21,7.651,True,55.784,0.153,38.912,7.828,49.764,8,0.0,0,False,713,151,False,Paymaster Ridge fault,Clayton Valley faults,False,1105,1107,Moderately Constrained,Well Constrained,N,N,W,NW,250,250,True,inter-FID_other-name_kinematic-compatible,"along-strike endpoint gap; assess continuation, relay, or cartographic segmentation",https://web2.nbmg.unr.edu/arcgis/rest/services/Qfaults/Qfaults_INGENIOUS/MapServer/0,https://www.osti.gov/servlets/purl/1724082,True,49.764,0.001459,-0.005855,1069.1106,1,-117.50086,37.7897,-117.52915,37.77425,3259,2125,3276,2100
T27-0317,3,end-to-end,3.041,13.923,32.296,False,43.668,0.24,0.866,2.107,6.014,7,0.0,0,False,775,774,False,Rainbow Mountain fault zone,Rainbow Mountain fault zone,True,1679,1679,Well Constrained,Well Constrained,RL,RL,Unspecified,Unspecified,250,250,True,H27-5b_inter-FID_same-name_kinematic-compatible,"along-strike endpoint gap; assess continuation, relay, or cartographic segmentation",https://web2.nbmg.unr.edu/arcgis/rest/services/Qfaults/Qfaults_INGENIOUS/MapServer/0,https://www.osti.gov/servlets/purl/1724082,True,6.014,-3e-06,0.0,30.981,271,-118.45571,39.53536,-118.43169,39.55548,1313,1315,1291,1336
T27-0318,3,end-to-end,3.059,15.255,4.185,True,11.31,0.572,1.407,4.114,8.581,9,0.0,0,False,1225,1225,True,Unnamed fault zone near The Lava Beds,Unnamed fault zone near The Lava Beds,True,1623,1623,Well Constrained,Well Constrained,N,N,W,W,250,250,True,same-FID_multipart-continuity,"along-strike endpoint gap; assess continuation, relay, or cartographic segmentation",https://web2.nbmg.unr.edu/arcgis/rest/services/Qfaults/Qfaults_INGENIOUS/MapServer/0,https://www.osti.gov/servlets/purl/1724082,True,8.581,-3e-06,0.0,54.7223,211,-118.9883,40.57248,-118.99458,40.54535,153,883,183,877
T27-0319,3,end-to-end,3.081,13.134,20.259,False,166.866,0.173,0.7,1.424,5.205,9,0.778,7,False,863,863,True,Shoshone Range fault zone,Shoshone Range fault zone,True,1148,1148,Moderately Constrained,Moderately Constrained,N,N,NW,NW,250,250,True,same-FID_multipart-continuity,"along-strike endpoint gap; assess continuation, relay, or cartographic segmentation",https://web2.nbmg.unr.edu/arcgis/rest/services/Qfaults/Qfaults_INGENIOUS/MapServer/0,https://www.osti.gov/servlets/purl/1724082,True,5.205,-3e-06,-0.005855,96.0245,39,-117.0823,40.24722,-117.07404,40.2202,533,2496,563,2503
T27-0320,3,end-to-end,3.081,21.718,21.718,True,35.754,0.19,0.441,1.083,4.605,8,0.75,6,False,1196,1198,False,Unnamed fault zone in southeastern Gabbs Valley Range,Unnamed fault zone in southeastern Gabbs Valley Range,True,1323,1323,Well Constrained,Moderately Constrained,N,N,Unspecified,Unspecified,250,250,True,H27-5b_inter-FID_same-name_kinematic-compatible,"along-strike endpoint gap; assess continuation, relay, or cartographic segmentation",https://web2.nbmg.unr.edu/arcgis/rest/services/Qfaults/Qfaults_INGENIOUS/MapServer/0,https://www.osti.gov/servlets/purl/1724082,True,4.605,-3e-06,0.0,30.4032,275,-117.98487,38.73473,-118.00526,38.71202,2207,1710,2232,1692
T27-0321,3,end-to-end,3.102,12.918,16.098,False,20.772,0.505,3.68,9.547,16.328,9,0.0,0,False,862,862,True,Shoshone Range fault zone,Shoshone Range fault zone,True,1148,1148,Well Constrained,Well Constrained,N,N,NW,NW,250,250,True,same-FID_multipart-continuity,"along-strike endpoint gap; assess continuation, relay, or cartographic segmentation",https://web2.nbmg.unr.edu/arcgis/rest/services/Qfaults/Qfaults_INGENIOUS/MapServer/0,https://www.osti.gov/servlets/purl/1724082,True,16.328,-3e-06,-0.005855,161.9308,22,-116.8879,40.49044,-116.87487,40.51656,263,2661,234,2672
T27-0322,3,end-to-end,3.106,28.314,28.314,False,3.691,0.593,1.49,1.69,6.286,10,0.5,7,False,2669,2669,True,Fairview fault zone,Fairview fault zone,True,1690,1690,Well Constrained,Well Constrained,N,N,Unspecified,Unspecified,100,100,True,same-FID_multipart-continuity,"along-strike endpoint gap; assess continuation, relay, or cartographic segmentation",https://web2.nbmg.unr.edu/arcgis/rest/services/Qfaults/Qfaults_INGENIOUS/MapServer/0,https://www.osti.gov/servlets/purl/1724082,True,6.286,-3e-06,0.005855,34.4422,78,-118.12663,39.33267,-118.12851,39.30472,1542,1595,1573,1593
T27-0323,3,end-to-end,3.13,18.435,8.13,False,153.435,0.615,2.756,0.683,6.569,9,0.667,6,False,29,29,True,Benton Spring fault,Benton Spring fault,True,1320,1320,Well Constrained,Well Constrained,RL,RL,Unspecified,Unspecified,250,250,True,same-FID_multipart-continuity,"along-strike endpoint gap; assess continuation, relay, or cartographic segmentation",https://web2.nbmg.unr.edu/arcgis/rest/services/Qfaults/Qfaults_INGENIOUS/MapServer/0,https://www.osti.gov/servlets/purl/1724082,False,6.569,0.0,0.0,0.0,345,-118.04132,38.34223,-118.02495,38.31714,2642,1656,2670,1670
T27-0324,3,end-to-end,3.138,8.849,18.163,False,59.349,0.202,2.938,1.19,7.267,8,0.0,0,False,1679,1679,True,"Fish Lake Valley fault zone, Leidy Creek section","Fish Lake Valley fault zone, Leidy Creek section",True,49a,49a,Well Constrained,Well Constrained,RL,RL,Unspecified,Unspecified,250,250,True,same-FID_multipart-continuity,"along-strike endpoint gap; assess continuation, relay, or cartographic segmentation",https://web2.nbmg.unr.edu/arcgis/rest/services/Qfaults/Qfaults_INGENIOUS/MapServer/0,https://www.osti.gov/servlets/purl/1724082,True,7.267,-3e-06,0.0,92.4362,175,-118.16794,37.81562,-118.13749,37.83033,3225,1538,3209,1565
T27-0325,3,end-to-end,3.183,1.273,3.126,True,133.727,0.304,1.107,6.76,11.05,7,0.571,4,False,797,798,False,SW Warm Springs Valley fault,SW Warm Springs Valley fault,True,1659,1659,Well Constrained,Moderately Constrained,N,N,Unspecified,Unspecified,250,250,True,H27-5b_inter-FID_same-name_kinematic-compatible,"along-strike endpoint gap; assess continuation, relay, or cartographic segmentation",https://web2.nbmg.unr.edu/arcgis/rest/services/Qfaults/Qfaults_INGENIOUS/MapServer/0,https://www.osti.gov/servlets/purl/1724082,True,11.05,-3e-06,0.0,75.1747,185,-119.62851,39.74987,-119.60095,39.73067,1052,314,1074,337
T27-0326,3,end-to-end,3.206,3.576,18.831,False,3.576,0.265,0.7,3.356,7.262,10,0.1,1,False,1158,1158,True,Unnamed fault zone east of Reno,Unnamed fault zone east of Reno,True,1655,1655,Well Constrained,Well Constrained,N,N,Unspecified,Unspecified,250,250,True,same-FID_multipart-continuity,"along-strike endpoint gap; assess continuation, relay, or cartographic segmentation",https://web2.nbmg.unr.edu/arcgis/rest/services/Qfaults/Qfaults_INGENIOUS/MapServer/0,https://www.osti.gov/servlets/purl/1724082,True,7.262,-3e-06,0.0,40.9846,243,-119.66931,39.65795,-119.67053,39.6291,1153,276,1185,274
T27-0327,3,end-to-end,3.265,27.35,17.65,True,152.65,0.536,2.241,3.328,8.835,9,0.0,0,False,1307,1307,True,Unnamed faults in Gabbs Valley Range,Unnamed faults in Gabbs Valley Range,True,1314,1314,Well Constrained,Well Constrained,N,N,Unspecified,Unspecified,250,250,True,same-FID_multipart-continuity,"along-strike endpoint gap; assess continuation, relay, or cartographic segmentation",https://web2.nbmg.unr.edu/arcgis/rest/services/Qfaults/Qfaults_INGENIOUS/MapServer/0,https://www.osti.gov/servlets/purl/1724082,True,8.835,-3e-06,-0.005855,61.9515,58,-118.26842,38.76443,-118.2507,38.73849,2171,1464,2200,1479
T27-0328,3,abutting,3.306,3.657,,False,3.468,0.493,0.924,1.931,6.162,10,0.0,0,False,1299,775,False,Unnamed faults in Fourmile Flat,Rainbow Mountain fault zone,False,1680,1679,Well Constrained,Well Constrained,N,RL,Unspecified,Unspecified,250,250,False,inter-FID_kinematic-conflict-or-unknown,abutment/termination geometry; verify fault intersections and cross-cutting relations,https://web2.nbmg.unr.edu/arcgis/rest/services/Qfaults/Qfaults_INGENIOUS/MapServer/0,https://www.osti.gov/servlets/purl/1724082,True,6.162,-3e-06,0.005855,33.382,79,-118.49222,39.28351,-118.49054,39.31327,1592,1279,1559,1281
T27-0329,3,abutting,3.324,1.672,,False,15.709,0.548,1.849,1.69,6.863,10,0.0,0,False,774,774,True,Rainbow Mountain fault zone,Rainbow Mountain fault zone,True,1679,1679,Well Constrained,Well Constrained,RL,RL,Unspecified,Unspecified,250,250,True,same-FID_multipart-continuity,abutment/termination geometry; verify fault intersections and cross-cutting relations,https://web2.nbmg.unr.edu/arcgis/rest/services/Qfaults/Qfaults_INGENIOUS/MapServer/0,https://www.osti.gov/servlets/purl/1724082,True,6.863,-3e-06,0.005855,40.8227,74,-118.45905,39.74975,-118.46894,39.72079,1075,1316,1107,1307
T27-0330,3,end-to-end,3.354,10.251,3.18,False,10.305,0.562,2.831,3.897,10.083,10,0.7,7,False,399,400,False,Granite Springs Valley fault zone,Granite Springs Valley fault zone,True,1622,1622,Well Constrained,Well Constrained,N,N,E,E,250,250,True,H27-5b_inter-FID_same-name_kinematic-compatible,"along-strike endpoint gap; assess continuation, relay, or cartographic segmentation",https://web2.nbmg.unr.edu/arcgis/rest/services/Qfaults/Qfaults_INGENIOUS/MapServer/0,https://www.osti.gov/servlets/purl/1724082,True,10.083,-4e-06,-0.005855,78.4537,47,-119.00171,40.30831,-118.99553,40.33814,446,865,413,871
T27-0331,3,end-to-end,3.36,8.471,21.466,True,53.471,0.375,3.387,1.39,8.137,8,0.25,2,False,1075,1187,False,Unnamed fault near Churchill Butte,Unnamed fault zone in Pine Mountains,False,1666,1664,Well Constrained,Well Constrained,N,N,Unspecified,Unspecified,250,250,True,inter-FID_other-name_kinematic-compatible,"along-strike endpoint gap; assess continuation, relay, or cartographic segmentation",https://web2.nbmg.unr.edu/arcgis/rest/services/Qfaults/Qfaults_INGENIOUS/MapServer/0,https://www.osti.gov/servlets/purl/1724082,True,8.137,-4e-06,0.0,52.8072,216,-119.33453,39.3021,-119.36521,39.28346,1556,553,1576,526
T27-0332,3,end-to-end,3.423,13.846,6.71,False,6.71,0.23,1.99,0.783,6.196,11,0.636,9,False,1515,1515,True,Unnamed faults west of Desert Mountains,Unnamed faults west of Desert Mountains,True,1665,1665,Well Constrained,Well Constrained,N,N,Unspecified,Unspecified,250,250,True,same-FID_multipart-continuity,"along-strike endpoint gap; assess continuation, relay, or cartographic segmentation",https://web2.nbmg.unr.edu/arcgis/rest/services/Qfaults/Qfaults_INGENIOUS/MapServer/0,https://www.osti.gov/servlets/purl/1724082,True,6.196,-4e-06,0.0,127.4042,164,-119.21541,39.23866,-119.21908,39.20795,1629,654,1663,650
T27-0333,3,end-to-end,3.448,16.858,2.822,True,163.142,0.242,0.6,2.324,6.372,10,0.5,6,False,775,1505,False,Rainbow Mountain fault zone,Unnamed faults southwestern Stillwater Range,False,1679,1683,Well Constrained,Well Constrained,RL,N,Unspecified,Unspecified,250,250,False,inter-FID_kinematic-conflict-or-unknown,"along-strike endpoint gap; assess continuation, relay, or cartographic segmentation",https://web2.nbmg.unr.edu/arcgis/rest/services/Qfaults/Qfaults_INGENIOUS/MapServer/0,https://www.osti.gov/servlets/purl/1724082,True,6.372,-4e-06,0.0,34.8459,254,-118.46596,39.52441,-118.45371,39.49484,1325,1306,1358,1316
T27-0334,3,end-to-end,3.547,10.504,10.504,True,68.499,0.329,3.728,1.773,9.048,10,0.3,4,False,106,106,True,Carson lineament,Carson lineament,True,1663,1663,Well Constrained,Well Constrained,LL,LL,Unspecified,Unspecified,250,250,True,same-FID_multipart-continuity,"along-strike endpoint gap; assess continuation, relay, or cartographic segmentation",https://web2.nbmg.unr.edu/arcgis/rest/services/Qfaults/Qfaults_INGENIOUS/MapServer/0,https://www.osti.gov/servlets/purl/1724082,True,9.048,-4e-06,0.0,64.8232,196,-119.06236,39.47121,-119.10035,39.45882,1374,792,1387,759
T27-0335,3,end-to-end,3.569,11.31,11.31,False,11.31,0.368,1.731,1.041,6.342,11,0.636,7,False,683,750,False,Olinghouse fault zone,Pyramid Lake fault zone,False,1668,1669,Well Constrained,Well Constrained,LL,RL,Unspecified,Unspecified,250,250,False,inter-FID_kinematic-conflict-or-unknown,"along-strike endpoint gap; assess continuation, relay, or cartographic segmentation",https://web2.nbmg.unr.edu/arcgis/rest/services/Qfaults/Qfaults_INGENIOUS/MapServer/0,https://www.osti.gov/servlets/purl/1724082,True,6.342,-4e-06,0.005855,36.1401,77,-119.37043,39.67705,-119.36335,39.70873,1139,533,1104,540
T27-0336,3,end-to-end,3.581,9.345,3.904,True,35.91,0.309,3.363,2.863,9.806,9,0.0,0,False,1679,1679,True,"Fish Lake Valley fault zone, Leidy Creek section","Fish Lake Valley fault zone, Leidy Creek section",True,49a,49a,Well Constrained,Well Constrained,RL,RL,Unspecified,Unspecified,250,250,True,same-FID_multipart-continuity,"along-strike endpoint gap; assess continuation, relay, or cartographic segmentation",https://web2.nbmg.unr.edu/arcgis/rest/services/Qfaults/Qfaults_INGENIOUS/MapServer/0,https://www.osti.gov/servlets/purl/1724082,True,9.806,-4e-06,-0.005855,117.1745,30,-118.0204,37.8269,-118.04389,37.80056,3214,1668,3243,1647
T27-0337,3,end-to-end,3.607,12.913,7.463,False,43.877,0.353,0.624,0.666,4.897,8,0.0,0,False,2668,2668,True,"Dixie Valley fault zone, Stillwater seismic gap section","Dixie Valley fault zone, Stillwater seismic gap section",True,1687a,1687a,Well Constrained,Well Constrained,N,N,Unspecified,Unspecified,250,250,True,same-FID_multipart-continuity,"along-strike endpoint gap; assess continuation, relay, or cartographic segmentation",https://web2.nbmg.unr.edu/arcgis/rest/services/Qfaults/Qfaults_INGENIOUS/MapServer/0,https://www.osti.gov/servlets/purl/1724082,True,4.897,-4e-06,0.005855,23.1467,90,-117.6503,40.13551,-117.67941,40.11192,655,2012,681,1987
T27-0338,3,end-to-end,3.64,5.641,33.538,False,69.075,0.401,3.573,1.607,8.82,11,0.091,1,False,200,200,True,Dry Hills faults,Dry Hills faults,True,1153,1153,Moderately Constrained,Moderately Constrained,N,N,NW,NW,250,250,True,same-FID_multipart-continuity,"along-strike endpoint gap; assess continuation, relay, or cartographic segmentation",https://web2.nbmg.unr.edu/arcgis/rest/services/Qfaults/Qfaults_INGENIOUS/MapServer/0,https://www.osti.gov/servlets/purl/1724082,True,8.82,-4e-06,0.0,62.444,199,-116.40553,40.46194,-116.36532,40.47344,293,3070,280,3104
T27-0339,3,end-to-end,3.883,18.622,10.491,False,34.509,0.55,0.524,0.907,5.315,10,0.0,0,False,199,200,False,Dry Hills faults,Dry Hills faults,True,1153,1153,Well Constrained,Moderately Constrained,N,N,NW,NW,250,250,True,H27-5b_inter-FID_same-name_kinematic-compatible,"along-strike endpoint gap; assess continuation, relay, or cartographic segmentation",https://web2.nbmg.unr.edu/arcgis/rest/services/Qfaults/Qfaults_INGENIOUS/MapServer/0,https://www.osti.gov/servlets/purl/1724082,True,5.315,-4e-06,0.0,88.8024,177,-116.38492,40.5231,-116.41115,40.4944,225,3087,257,3065
T27-0340,3,end-to-end,3.895,28.797,27.112,True,150.803,0.174,1.431,0.383,5.709,11,0.0,0,False,76,76,True,Buena Vista Valley fault zone,Buena Vista Valley fault zone,True,1638,1638,Well Constrained,Well Constrained,N,N,W,W,250,250,True,same-FID_multipart-continuity,"along-strike endpoint gap; assess continuation, relay, or cartographic segmentation",https://web2.nbmg.unr.edu/arcgis/rest/services/Qfaults/Qfaults_INGENIOUS/MapServer/0,https://www.osti.gov/servlets/purl/1724082,True,5.709,-4e-06,0.005855,30.3982,85,-117.93071,40.46873,-117.90789,40.43828,283,1777,317,1796
T27-0341,3,end-to-end,3.905,5.194,13.325,False,129.806,0.142,0.766,1.956,6.626,9,0.556,5,False,749,1209,False,Pyramid Lake fault zone,Unnamed fault zone near Little Valley,False,1669,1670,Well Constrained,Well Constrained,RL,N,Unspecified,Unspecified,250,250,False,inter-FID_kinematic-conflict-or-unknown,"along-strike endpoint gap; assess continuation, relay, or cartographic segmentation",https://web2.nbmg.unr.edu/arcgis/rest/services/Qfaults/Qfaults_INGENIOUS/MapServer/0,https://www.osti.gov/servlets/purl/1724082,True,6.626,-4e-06,0.005855,39.499,75,-119.33947,39.76146,-119.30373,39.73966,1046,562,1071,592
T27-0342,3,end-to-end,3.92,0.877,5.741,False,37.747,0.422,2.014,3.563,9.497,10,0.5,5,False,810,812,False,Sand Springs Range fault,Sand Springs Range fault,True,1685,1685,Well Constrained,Moderately Constrained,N,N,E,Unspecified,250,250,True,H27-5b_inter-FID_same-name_kinematic-compatible,"along-strike endpoint gap; assess continuation, relay, or cartographic segmentation",https://web2.nbmg.unr.edu/arcgis/rest/services/Qfaults/Qfaults_INGENIOUS/MapServer/0,https://www.osti.gov/servlets/purl/1724082,True,9.497,-4e-06,-0.005855,73.4507,51,-118.32306,39.22789,-118.29578,39.25613,1656,1424,1625,1448
T27-0343,3,end-to-end,3.945,25.844,6.404,False,59.534,0.432,0.383,0.524,4.852,11,0.273,3,False,726,726,True,"Pinon Range fault zone, southern section","Pinon Range fault zone, southern section",True,1160b,1160b,Well Constrained,Well Constrained,N,N,W,W,250,250,True,same-FID_multipart-continuity,"along-strike endpoint gap; assess continuation, relay, or cartographic segmentation",https://web2.nbmg.unr.edu/arcgis/rest/services/Qfaults/Qfaults_INGENIOUS/MapServer/0,https://www.osti.gov/servlets/purl/1724082,True,4.852,-4e-06,0.0,60.1077,200,-116.16822,40.09741,-116.20831,40.07967,696,3275,716,3241
T27-0344,3,tip-to-tip oblique,3.946,7.199,47.564,False,8.746,0.513,0.783,0.383,5.112,12,0.0,0,False,1235,400,False,Unnamed fault zone on northwest side of Trinity Range,Granite Springs Valley fault zone,False,1678,1622,Moderately Constrained,Well Constrained,N,N,Unspecified,E,250,250,True,inter-FID_other-name_kinematic-compatible,"oblique step-over-like geometry; verify overlap, slip sense, and relay direction",https://web2.nbmg.unr.edu/arcgis/rest/services/Qfaults/Qfaults_INGENIOUS/MapServer/0,https://www.osti.gov/servlets/purl/1724082,True,5.112,-4e-06,0.005855,25.3687,88,-119.02932,39.93217,-119.02334,39.96741,863,832,824,838
T27-0345,3,end-to-end,3.956,11.28,19.876,False,20.726,0.52,1.549,2.804,8.309,12,0.0,0,False,774,774,True,Rainbow Mountain fault zone,Rainbow Mountain fault zone,True,1679,1679,Well Constrained,Well Constrained,RL,RL,Unspecified,Unspecified,250,250,True,same-FID_multipart-continuity,"along-strike endpoint gap; assess continuation, relay, or cartographic segmentation",https://web2.nbmg.unr.edu/arcgis/rest/services/Qfaults/Qfaults_INGENIOUS/MapServer/0,https://www.osti.gov/servlets/purl/1724082,True,8.309,-4e-06,0.0,58.7732,205,-118.40464,39.77204,-118.38897,39.80557,1051,1363,1014,1377
