link_id,z,kind,gap_km,ang_src,ang_tgt,mutual,strike,strike_compat,size_src_km,size_tgt_km,merged_km,dots,base_overlap,dots_near_h19_5_raw_px3,third_system_contact,fid_src,fid_tgt,same_fid,name_src,name_tgt,same_name,num_src,num_tgt,ftype_src,ftype_tgt,slipsense_src,slipsense_tgt,dipdirect_src,dipdirect_tgt,mapscale_src,mapscale_tgt,kinematic_compat,review_class,setting_hint,nbmg_source_layer_url,setting_context_url,bridge,merge_len_km,delta_largest_share,delta_P,delta_second_moment_km2,connectivity_rank,lon_a,lat_a,lon_b,lat_b,e_row,e_col,q_row,q_col,argument
T27-0047,4,end-to-end,1.0,7.125,18.435,True,90.0,0.223,2.049,0.683,3.731,3,0.333,2,False,671,670,False,Northern Simpson Park Mountains fault zone,Northern Simpson Park Mountains fault zone,True,1158,1158,Moderately Constrained,Well Constrained,N,N,N,N,250,250,True,H27-5b_inter-FID_same-name_kinematic-compatible,"along-strike endpoint gap; assess continuation, relay, or cartographic segmentation",https://web2.nbmg.unr.edu/arcgis/rest/services/Qfaults/Qfaults_INGENIOUS/MapServer/0,https://www.osti.gov/servlets/purl/1724082,True,3.731,-1e-06,0.0,9.2604,337,-116.37268,40.06176,-116.36095,40.06169,737,3101,737,3111,"Closing this 1.0 km gap would join two currently disconnected mapped systems (2.0 km and 0.7 km) into one 3.7 km system. NBMG INGENIOUS vector attribution: inter-FID structural linkage within fault zone 'Northern Simpson Park Mountains fault zone' (NUM=1158), bridging FID=671 (Moderately Constrained, SLIPSENSE=N, DIPDIRECT=N) to FID=670 (Well Constrained, SLIPSENSE=N, DIPDIRECT=N); kinematic_compat=True. Geometry: tip-to-tip along strike; mutual nearest tips; the tip points 7 deg off the link and 18 deg. The link strikes N90 E and 22% of the distance-weighted catalogued fault length within ~40 km lies within 20 deg of that strike (data-driven kinematic domain; no external stress model). Structural-setting label (geometry only; mapping to settings is ours): linkage/termination/step-over settings host ~25%/32% of characterised Great Basin geothermal systems (Faulds & Hinz 2015). Connectivity context: the catalogue network is near its critical connectivity (Berkowitz-style P=5.78 vs Pc 5.6-6.0 at the domain scale), where individual closures matter most, but Berkowitz et al. (2000) give ensemble statistics, not a verdict on this particular gap. Base coverage: 33% of its dots already lie within 300 m of the 0.2477 emission.  Graph value (Berkowitz et al. 2000 connectivity parameter, computed on the catalogue graph plus all 345 selected candidates with a=2.500 and D=1.566 held at their fitted values): this closure changes P by dP=+0.0000 (rank 337 of 345 by |dP|) and the largest-system share of total mapped fault length by -0.00000; the merged system would be 3.73 km long. It is a graph bridge: no other selected candidate joins these two sides, so this closure is what actually merges them. Status: validated on both 8-connected component holdout (0.293 vs 0.059 ctrl) and NBMG FID vector-trace holdout (0.100 vs 0.020 ctrl). Reviewer geometry cue only: along-strike endpoint gap; assess continuation, relay, or cartographic segmentation; this is not proof of a step-over or termination. Exclusive review class: H27-5b_inter-FID_same-name_kinematic-compatible. Different FIDs are records in this same NBMG compilation, not independent source confirmation."
T27-0157,3,abutting,1.0,14.036,,False,0.0,0.589,3.838,0.924,5.763,3,0.0,0,False,189,190,False,"Dixie Valley fault zone, ""1954"" section","Dixie Valley fault zone, ""1954"" section",True,1687b,1687b,Well Constrained,Well Constrained,N,N,Unspecified,Unspecified,250,250,True,H27-5b_inter-FID_same-name_kinematic-compatible,abutment/termination geometry; verify fault intersections and cross-cutting relations,https://web2.nbmg.unr.edu/arcgis/rest/services/Qfaults/Qfaults_INGENIOUS/MapServer/0,https://www.osti.gov/servlets/purl/1724082,True,5.763,-1e-06,-0.005855,31.028,82,-118.16415,39.70443,-118.1643,39.71343,1129,1568,1119,1568,"Closing this 1.0 km gap would join two currently disconnected mapped systems (3.8 km and 0.9 km) into one 5.8 km system. NBMG INGENIOUS vector attribution: inter-FID structural linkage within fault zone 'Dixie Valley fault zone, ""1954"" section' (NUM=1687b), bridging FID=189 (Well Constrained, SLIPSENSE=N, DIPDIRECT=Unspecified) to FID=190 (Well Constrained, SLIPSENSE=N, DIPDIRECT=Unspecified); kinematic_compat=True. Geometry: tip abutting a through-going trace; one-sided; the tip points 14 deg off the link. The link strikes N0 E and 59% of the distance-weighted catalogued fault length within ~40 km lies within 20 deg of that strike (data-driven kinematic domain; no external stress model). Structural-setting label (geometry only; mapping to settings is ours): linkage/termination/step-over settings host ~25%/32% of characterised Great Basin geothermal systems (Faulds & Hinz 2015). Connectivity context: the catalogue network is near its critical connectivity (Berkowitz-style P=5.78 vs Pc 5.6-6.0 at the domain scale), where individual closures matter most, but Berkowitz et al. (2000) give ensemble statistics, not a verdict on this particular gap. Base coverage: 0% of its dots already lie within 300 m of the 0.2477 emission.  Graph value (Berkowitz et al. 2000 connectivity parameter, computed on the catalogue graph plus all 345 selected candidates with a=2.500 and D=1.566 held at their fitted values): this closure changes P by dP=-0.0059 (rank 82 of 345 by |dP|) and the largest-system share of total mapped fault length by -0.00000; the merged system would be 5.76 km long. It is a graph bridge: no other selected candidate joins these two sides, so this closure is what actually merges them. Status: validated on both 8-connected component holdout (0.293 vs 0.059 ctrl) and NBMG FID vector-trace holdout (0.100 vs 0.020 ctrl). Reviewer geometry cue only: abutment/termination geometry; verify fault intersections and cross-cutting relations; this is not proof of a step-over or termination. Exclusive review class: H27-5b_inter-FID_same-name_kinematic-compatible. Different FIDs are records in this same NBMG compilation, not independent source confirmation."
T27-0158,3,end-to-end,1.0,7.125,32.005,False,0.0,0.314,3.631,1.531,6.163,3,0.0,0,False,1561,1555,False,Wassuk Range fault zone,Wassuk Range fault zone,True,1300,1300,Moderately Constrained,Well Constrained,N,N,Unspecified,Unspecified,250,250,True,H27-5b_inter-FID_same-name_kinematic-compatible,"along-strike endpoint gap; assess continuation, relay, or cartographic segmentation",https://web2.nbmg.unr.edu/arcgis/rest/services/Qfaults/Qfaults_INGENIOUS/MapServer/0,https://www.osti.gov/servlets/purl/1724082,True,6.163,-1e-06,0.0,22.4474,302,-118.89067,39.13987,-118.89043,39.13086,1745,932,1755,932,"Closing this 1.0 km gap would join two currently disconnected mapped systems (3.6 km and 1.5 km) into one 6.2 km system. NBMG INGENIOUS vector attribution: inter-FID structural linkage within fault zone 'Wassuk Range fault zone' (NUM=1300), bridging FID=1561 (Moderately Constrained, SLIPSENSE=N, DIPDIRECT=Unspecified) to FID=1555 (Well Constrained, SLIPSENSE=N, DIPDIRECT=Unspecified); kinematic_compat=True. Geometry: tip-to-tip along strike; one-sided; the tip points 7 deg off the link and 32 deg. The link strikes N0 E and 31% of the distance-weighted catalogued fault length within ~40 km lies within 20 deg of that strike (data-driven kinematic domain; no external stress model). Structural-setting label (geometry only; mapping to settings is ours): linkage/termination/step-over settings host ~25%/32% of characterised Great Basin geothermal systems (Faulds & Hinz 2015). Connectivity context: the catalogue network is near its critical connectivity (Berkowitz-style P=5.78 vs Pc 5.6-6.0 at the domain scale), where individual closures matter most, but Berkowitz et al. (2000) give ensemble statistics, not a verdict on this particular gap. Base coverage: 0% of its dots already lie within 300 m of the 0.2477 emission.  Graph value (Berkowitz et al. 2000 connectivity parameter, computed on the catalogue graph plus all 345 selected candidates with a=2.500 and D=1.566 held at their fitted values): this closure changes P by dP=+0.0000 (rank 302 of 345 by |dP|) and the largest-system share of total mapped fault length by -0.00000; the merged system would be 6.16 km long. It is a graph bridge: no other selected candidate joins these two sides, so this closure is what actually merges them. Status: validated on both 8-connected component holdout (0.293 vs 0.059 ctrl) and NBMG FID vector-trace holdout (0.100 vs 0.020 ctrl). Reviewer geometry cue only: along-strike endpoint gap; assess continuation, relay, or cartographic segmentation; this is not proof of a step-over or termination. Exclusive review class: H27-5b_inter-FID_same-name_kinematic-compatible. Different FIDs are records in this same NBMG compilation, not independent source confirmation."
T27-0051,4,end-to-end,1.005,19.747,8.326,True,174.289,0.502,0.883,0.441,2.329,3,0.0,0,False,599,604,False,Monte Cristo Valley fault zone,Monte Cristo Valley fault zone,True,1325,1325,Well Constrained,Moderately Constrained,RL,RL,Unspecified,Unspecified,250,250,True,H27-5b_inter-FID_same-name_kinematic-compatible,"along-strike endpoint gap; assess continuation, relay, or cartographic segmentation",https://web2.nbmg.unr.edu/arcgis/rest/services/Qfaults/Qfaults_INGENIOUS/MapServer/0,https://www.osti.gov/servlets/purl/1724082,True,2.329,-1e-06,0.005855,4.4511,154,-117.85077,38.48615,-117.84952,38.47715,2484,1824,2494,1825,"Closing this 1.0 km gap would join two currently disconnected mapped systems (0.9 km and 0.4 km) into one 2.3 km system. NBMG INGENIOUS vector attribution: inter-FID structural linkage within fault zone 'Monte Cristo Valley fault zone' (NUM=1325), bridging FID=599 (Well Constrained, SLIPSENSE=RL, DIPDIRECT=Unspecified) to FID=604 (Moderately Constrained, SLIPSENSE=RL, DIPDIRECT=Unspecified); kinematic_compat=True. Geometry: tip-to-tip along strike; mutual nearest tips; the tip points 20 deg off the link and 8 deg. The link strikes N174 E and 50% of the distance-weighted catalogued fault length within ~40 km lies within 20 deg of that strike (data-driven kinematic domain; no external stress model). Structural-setting label (geometry only; mapping to settings is ours): linkage/termination/step-over settings host ~25%/32% of characterised Great Basin geothermal systems (Faulds & Hinz 2015). Connectivity context: the catalogue network is near its critical connectivity (Berkowitz-style P=5.78 vs Pc 5.6-6.0 at the domain scale), where individual closures matter most, but Berkowitz et al. (2000) give ensemble statistics, not a verdict on this particular gap. Base coverage: 0% of its dots already lie within 300 m of the 0.2477 emission.  Graph value (Berkowitz et al. 2000 connectivity parameter, computed on the catalogue graph plus all 345 selected candidates with a=2.500 and D=1.566 held at their fitted values): this closure changes P by dP=+0.0059 (rank 154 of 345 by |dP|) and the largest-system share of total mapped fault length by -0.00000; the merged system would be 2.33 km long. It is a graph bridge: no other selected candidate joins these two sides, so this closure is what actually merges them. Status: validated on both 8-connected component holdout (0.293 vs 0.059 ctrl) and NBMG FID vector-trace holdout (0.100 vs 0.020 ctrl). Reviewer geometry cue only: along-strike endpoint gap; assess continuation, relay, or cartographic segmentation; this is not proof of a step-over or termination. Exclusive review class: H27-5b_inter-FID_same-name_kinematic-compatible. Different FIDs are records in this same NBMG compilation, not independent source confirmation."
T27-0052,4,end-to-end,1.02,9.246,25.346,True,168.69,0.494,10.891,2.249,14.16,3,0.667,2,False,1560,1552,False,Wassuk Range fault zone,Wassuk Range fault zone,True,1300,1300,Moderately Constrained,Well Constrained,N,N,Unspecified,Unspecified,250,250,True,H27-5b_inter-FID_same-name_kinematic-compatible,"along-strike endpoint gap; assess continuation, relay, or cartographic segmentation",https://web2.nbmg.unr.edu/arcgis/rest/services/Qfaults/Qfaults_INGENIOUS/MapServer/0,https://www.osti.gov/servlets/purl/1724082,True,14.16,-1e-06,-0.005855,76.818,49,-118.88632,39.06335,-118.88377,39.05438,1830,934,1840,936,"Closing this 1.0 km gap would join two currently disconnected mapped systems (10.9 km and 2.2 km) into one 14.2 km system. NBMG INGENIOUS vector attribution: inter-FID structural linkage within fault zone 'Wassuk Range fault zone' (NUM=1300), bridging FID=1560 (Moderately Constrained, SLIPSENSE=N, DIPDIRECT=Unspecified) to FID=1552 (Well Constrained, SLIPSENSE=N, DIPDIRECT=Unspecified); kinematic_compat=True. Geometry: tip-to-tip along strike; mutual nearest tips; the tip points 9 deg off the link and 25 deg. The link strikes N169 E and 49% of the distance-weighted catalogued fault length within ~40 km lies within 20 deg of that strike (data-driven kinematic domain; no external stress model). Structural-setting label (geometry only; mapping to settings is ours): linkage/termination/step-over settings host ~25%/32% of characterised Great Basin geothermal systems (Faulds & Hinz 2015). Connectivity context: the catalogue network is near its critical connectivity (Berkowitz-style P=5.78 vs Pc 5.6-6.0 at the domain scale), where individual closures matter most, but Berkowitz et al. (2000) give ensemble statistics, not a verdict on this particular gap. Base coverage: 67% of its dots already lie within 300 m of the 0.2477 emission.  Graph value (Berkowitz et al. 2000 connectivity parameter, computed on the catalogue graph plus all 345 selected candidates with a=2.500 and D=1.566 held at their fitted values): this closure changes P by dP=-0.0059 (rank 49 of 345 by |dP|) and the largest-system share of total mapped fault length by -0.00000; the merged system would be 14.16 km long. It is a graph bridge: no other selected candidate joins these two sides, so this closure is what actually merges them. Status: validated on both 8-connected component holdout (0.293 vs 0.059 ctrl) and NBMG FID vector-trace holdout (0.100 vs 0.020 ctrl). Reviewer geometry cue only: along-strike endpoint gap; assess continuation, relay, or cartographic segmentation; this is not proof of a step-over or termination. Exclusive review class: H27-5b_inter-FID_same-name_kinematic-compatible. Different FIDs are records in this same NBMG compilation, not independent source confirmation."
T27-0163,3,end-to-end,1.02,11.31,15.255,True,11.31,0.335,1.49,17.627,20.136,3,0.0,0,False,863,862,False,Shoshone Range fault zone,Shoshone Range fault zone,True,1148,1148,Moderately Constrained,Well Constrained,N,N,NW,NW,250,250,True,H27-5b_inter-FID_same-name_kinematic-compatible,"along-strike endpoint gap; assess continuation, relay, or cartographic segmentation",https://web2.nbmg.unr.edu/arcgis/rest/services/Qfaults/Qfaults_INGENIOUS/MapServer/0,https://www.osti.gov/servlets/purl/1724082,True,20.136,-1e-06,0.0,92.5563,174,-116.77926,40.51551,-116.77687,40.52452,235,2753,225,2755,"Closing this 1.0 km gap would join two currently disconnected mapped systems (1.5 km and 17.6 km) into one 20.1 km system. NBMG INGENIOUS vector attribution: inter-FID structural linkage within fault zone 'Shoshone Range fault zone' (NUM=1148), bridging FID=863 (Moderately Constrained, SLIPSENSE=N, DIPDIRECT=NW) to FID=862 (Well Constrained, SLIPSENSE=N, DIPDIRECT=NW); kinematic_compat=True. Geometry: tip-to-tip along strike; mutual nearest tips; the tip points 11 deg off the link and 15 deg. The link strikes N11 E and 34% of the distance-weighted catalogued fault length within ~40 km lies within 20 deg of that strike (data-driven kinematic domain; no external stress model). Structural-setting label (geometry only; mapping to settings is ours): linkage/termination/step-over settings host ~25%/32% of characterised Great Basin geothermal systems (Faulds & Hinz 2015). Connectivity context: the catalogue network is near its critical connectivity (Berkowitz-style P=5.78 vs Pc 5.6-6.0 at the domain scale), where individual closures matter most, but Berkowitz et al. (2000) give ensemble statistics, not a verdict on this particular gap. Base coverage: 0% of its dots already lie within 300 m of the 0.2477 emission.  Graph value (Berkowitz et al. 2000 connectivity parameter, computed on the catalogue graph plus all 345 selected candidates with a=2.500 and D=1.566 held at their fitted values): this closure changes P by dP=+0.0000 (rank 174 of 345 by |dP|) and the largest-system share of total mapped fault length by -0.00000; the merged system would be 20.14 km long. It is a graph bridge: no other selected candidate joins these two sides, so this closure is what actually merges them. Status: validated on both 8-connected component holdout (0.293 vs 0.059 ctrl) and NBMG FID vector-trace holdout (0.100 vs 0.020 ctrl). Reviewer geometry cue only: along-strike endpoint gap; assess continuation, relay, or cartographic segmentation; this is not proof of a step-over or termination. Exclusive review class: H27-5b_inter-FID_same-name_kinematic-compatible. Different FIDs are records in this same NBMG compilation, not independent source confirmation."
T27-0168,3,abutting,1.044,1.736,,False,16.699,0.697,0.341,0.924,2.31,3,0.0,0,False,189,190,False,"Dixie Valley fault zone, ""1954"" section","Dixie Valley fault zone, ""1954"" section",True,1687b,1687b,Well Constrained,Well Constrained,N,N,Unspecified,Unspecified,250,250,True,H27-5b_inter-FID_same-name_kinematic-compatible,abutment/termination geometry; verify fault intersections and cross-cutting relations,https://web2.nbmg.unr.edu/arcgis/rest/services/Qfaults/Qfaults_INGENIOUS/MapServer/0,https://www.osti.gov/servlets/purl/1724082,True,2.31,-1e-06,0.0,17.7709,316,-118.16765,39.70439,-118.1643,39.71343,1129,1565,1119,1568,"Closing this 1.0 km gap would join two currently disconnected mapped systems (0.3 km and 0.9 km) into one 2.3 km system. NBMG INGENIOUS vector attribution: inter-FID structural linkage within fault zone 'Dixie Valley fault zone, ""1954"" section' (NUM=1687b), bridging FID=189 (Well Constrained, SLIPSENSE=N, DIPDIRECT=Unspecified) to FID=190 (Well Constrained, SLIPSENSE=N, DIPDIRECT=Unspecified); kinematic_compat=True. Geometry: tip abutting a through-going trace; one-sided; the tip points 2 deg off the link. The link strikes N17 E and 70% of the distance-weighted catalogued fault length within ~40 km lies within 20 deg of that strike (data-driven kinematic domain; no external stress model). Structural-setting label (geometry only; mapping to settings is ours): linkage/termination/step-over settings host ~25%/32% of characterised Great Basin geothermal systems (Faulds & Hinz 2015). Connectivity context: the catalogue network is near its critical connectivity (Berkowitz-style P=5.78 vs Pc 5.6-6.0 at the domain scale), where individual closures matter most, but Berkowitz et al. (2000) give ensemble statistics, not a verdict on this particular gap. Base coverage: 0% of its dots already lie within 300 m of the 0.2477 emission.  Graph value (Berkowitz et al. 2000 connectivity parameter, computed on the catalogue graph plus all 345 selected candidates with a=2.500 and D=1.566 held at their fitted values): this closure changes P by dP=+0.0000 (rank 316 of 345 by |dP|) and the largest-system share of total mapped fault length by -0.00000; the merged system would be 2.31 km long. It is a graph bridge: no other selected candidate joins these two sides, so this closure is what actually merges them. Status: validated on both 8-connected component holdout (0.293 vs 0.059 ctrl) and NBMG FID vector-trace holdout (0.100 vs 0.020 ctrl). Reviewer geometry cue only: abutment/termination geometry; verify fault intersections and cross-cutting relations; this is not proof of a step-over or termination. Exclusive review class: H27-5b_inter-FID_same-name_kinematic-compatible. Different FIDs are records in this same NBMG compilation, not independent source confirmation."
T27-0057,4,end-to-end,1.1,7.125,0.0,True,0.0,0.319,1.083,0.4,2.583,3,1.0,3,False,1198,1196,False,Unnamed fault zone in southeastern Gabbs Valley Range,Unnamed fault zone in southeastern Gabbs Valley Range,True,1323,1323,Moderately Constrained,Well Constrained,N,N,Unspecified,Unspecified,250,250,True,H27-5b_inter-FID_same-name_kinematic-compatible,"along-strike endpoint gap; assess continuation, relay, or cartographic segmentation",https://web2.nbmg.unr.edu/arcgis/rest/services/Qfaults/Qfaults_INGENIOUS/MapServer/0,https://www.osti.gov/servlets/purl/1724082,True,2.583,-1e-06,0.0,15.9045,323,-118.00743,38.70299,-118.00729,38.69308,2242,1690,2253,1690,"Closing this 1.1 km gap would join two currently disconnected mapped systems (1.1 km and 0.4 km) into one 2.6 km system. NBMG INGENIOUS vector attribution: inter-FID structural linkage within fault zone 'Unnamed fault zone in southeastern Gabbs Valley Range' (NUM=1323), bridging FID=1198 (Moderately Constrained, SLIPSENSE=N, DIPDIRECT=Unspecified) to FID=1196 (Well Constrained, SLIPSENSE=N, DIPDIRECT=Unspecified); kinematic_compat=True. Geometry: tip-to-tip along strike; mutual nearest tips; the tip points 7 deg off the link and 0 deg. The link strikes N0 E and 32% of the distance-weighted catalogued fault length within ~40 km lies within 20 deg of that strike (data-driven kinematic domain; no external stress model). Structural-setting label (geometry only; mapping to settings is ours): linkage/termination/step-over settings host ~25%/32% of characterised Great Basin geothermal systems (Faulds & Hinz 2015). Connectivity context: the catalogue network is near its critical connectivity (Berkowitz-style P=5.78 vs Pc 5.6-6.0 at the domain scale), where individual closures matter most, but Berkowitz et al. (2000) give ensemble statistics, not a verdict on this particular gap. Base coverage: 100% of its dots already lie within 300 m of the 0.2477 emission.  Graph value (Berkowitz et al. 2000 connectivity parameter, computed on the catalogue graph plus all 345 selected candidates with a=2.500 and D=1.566 held at their fitted values): this closure changes P by dP=+0.0000 (rank 323 of 345 by |dP|) and the largest-system share of total mapped fault length by -0.00000; the merged system would be 2.58 km long. It is a graph bridge: no other selected candidate joins these two sides, so this closure is what actually merges them. Status: validated on both 8-connected component holdout (0.293 vs 0.059 ctrl) and NBMG FID vector-trace holdout (0.100 vs 0.020 ctrl). Reviewer geometry cue only: along-strike endpoint gap; assess continuation, relay, or cartographic segmentation; this is not proof of a step-over or termination. Exclusive review class: H27-5b_inter-FID_same-name_kinematic-compatible. Different FIDs are records in this same NBMG compilation, not independent source confirmation."
T27-0174,3,end-to-end,1.118,19.44,12.529,True,153.435,0.171,1.324,3.166,5.608,3,0.667,2,False,281,282,False,Eastern Humboldt Range fault zone,Eastern Humboldt Range fault zone,True,1637,1637,Well Constrained,Well Constrained,N,N,E,E,250,250,True,H27-5b_inter-FID_same-name_kinematic-compatible,"along-strike endpoint gap; assess continuation, relay, or cartographic segmentation",https://web2.nbmg.unr.edu/arcgis/rest/services/Qfaults/Qfaults_INGENIOUS/MapServer/0,https://www.osti.gov/servlets/purl/1724082,True,5.608,-1e-06,0.0,19.6742,310,-118.10356,40.50685,-118.09751,40.4979,239,1631,249,1636,"Closing this 1.1 km gap would join two currently disconnected mapped systems (1.3 km and 3.2 km) into one 5.6 km system. NBMG INGENIOUS vector attribution: inter-FID structural linkage within fault zone 'Eastern Humboldt Range fault zone' (NUM=1637), bridging FID=281 (Well Constrained, SLIPSENSE=N, DIPDIRECT=E) to FID=282 (Well Constrained, SLIPSENSE=N, DIPDIRECT=E); kinematic_compat=True. Geometry: tip-to-tip along strike; mutual nearest tips; the tip points 19 deg off the link and 13 deg. The link strikes N153 E and 17% of the distance-weighted catalogued fault length within ~40 km lies within 20 deg of that strike (data-driven kinematic domain; no external stress model). Structural-setting label (geometry only; mapping to settings is ours): linkage/termination/step-over settings host ~25%/32% of characterised Great Basin geothermal systems (Faulds & Hinz 2015). Connectivity context: the catalogue network is near its critical connectivity (Berkowitz-style P=5.78 vs Pc 5.6-6.0 at the domain scale), where individual closures matter most, but Berkowitz et al. (2000) give ensemble statistics, not a verdict on this particular gap. Base coverage: 67% of its dots already lie within 300 m of the 0.2477 emission.  Graph value (Berkowitz et al. 2000 connectivity parameter, computed on the catalogue graph plus all 345 selected candidates with a=2.500 and D=1.566 held at their fitted values): this closure changes P by dP=+0.0000 (rank 310 of 345 by |dP|) and the largest-system share of total mapped fault length by -0.00000; the merged system would be 5.61 km long. It is a graph bridge: no other selected candidate joins these two sides, so this closure is what actually merges them. Status: validated on both 8-connected component holdout (0.293 vs 0.059 ctrl) and NBMG FID vector-trace holdout (0.100 vs 0.020 ctrl). Reviewer geometry cue only: along-strike endpoint gap; assess continuation, relay, or cartographic segmentation; this is not proof of a step-over or termination. Exclusive review class: H27-5b_inter-FID_same-name_kinematic-compatible. Different FIDs are records in this same NBMG compilation, not independent source confirmation."
T27-0177,3,end-to-end,1.118,24.775,12.529,True,26.565,0.674,4.704,5.528,11.351,3,0.0,0,False,537,538,False,Lone Mountain fault zone,Lone Mountain fault zone,True,1338,1338,Well Constrained,Well Constrained,N,N,Unspecified,W,250,250,True,H27-5b_inter-FID_same-name_kinematic-compatible,"along-strike endpoint gap; assess continuation, relay, or cartographic segmentation",https://web2.nbmg.unr.edu/arcgis/rest/services/Qfaults/Qfaults_INGENIOUS/MapServer/0,https://www.osti.gov/servlets/purl/1724082,True,11.351,-1e-06,-0.005855,76.144,50,-117.61409,38.02169,-117.61971,38.01265,3001,2027,3011,2022,"Closing this 1.1 km gap would join two currently disconnected mapped systems (4.7 km and 5.5 km) into one 11.4 km system. NBMG INGENIOUS vector attribution: inter-FID structural linkage within fault zone 'Lone Mountain fault zone' (NUM=1338), bridging FID=537 (Well Constrained, SLIPSENSE=N, DIPDIRECT=Unspecified) to FID=538 (Well Constrained, SLIPSENSE=N, DIPDIRECT=W); kinematic_compat=True. Geometry: tip-to-tip along strike; mutual nearest tips; the tip points 25 deg off the link and 13 deg. The link strikes N27 E and 67% of the distance-weighted catalogued fault length within ~40 km lies within 20 deg of that strike (data-driven kinematic domain; no external stress model). Structural-setting label (geometry only; mapping to settings is ours): linkage/termination/step-over settings host ~25%/32% of characterised Great Basin geothermal systems (Faulds & Hinz 2015). Connectivity context: the catalogue network is near its critical connectivity (Berkowitz-style P=5.78 vs Pc 5.6-6.0 at the domain scale), where individual closures matter most, but Berkowitz et al. (2000) give ensemble statistics, not a verdict on this particular gap. Base coverage: 0% of its dots already lie within 300 m of the 0.2477 emission.  Graph value (Berkowitz et al. 2000 connectivity parameter, computed on the catalogue graph plus all 345 selected candidates with a=2.500 and D=1.566 held at their fitted values): this closure changes P by dP=-0.0059 (rank 50 of 345 by |dP|) and the largest-system share of total mapped fault length by -0.00000; the merged system would be 11.35 km long. It is a graph bridge: no other selected candidate joins these two sides, so this closure is what actually merges them. Status: validated on both 8-connected component holdout (0.293 vs 0.059 ctrl) and NBMG FID vector-trace holdout (0.100 vs 0.020 ctrl). Reviewer geometry cue only: along-strike endpoint gap; assess continuation, relay, or cartographic segmentation; this is not proof of a step-over or termination. Exclusive review class: H27-5b_inter-FID_same-name_kinematic-compatible. Different FIDs are records in this same NBMG compilation, not independent source confirmation."
T27-0178,3,end-to-end,1.118,6.009,19.44,True,153.435,0.317,5.911,1.424,8.454,2,0.0,0,False,1929,1679,False,"Fish Lake Valley fault zone, Leidy Creek section","Fish Lake Valley fault zone, Leidy Creek section",True,49a,49a,Well Constrained,Well Constrained,RL,RL,Unspecified,Unspecified,100,250,True,H27-5b_inter-FID_same-name_kinematic-compatible,"along-strike endpoint gap; assess continuation, relay, or cartographic segmentation",https://web2.nbmg.unr.edu/arcgis/rest/services/Qfaults/Qfaults_INGENIOUS/MapServer/0,https://www.osti.gov/servlets/purl/1724082,True,8.454,-1e-06,0.0,34.4912,255,-118.18699,37.7992,-118.19281,37.80816,3243,1521,3233,1516,"Closing this 1.1 km gap would join two currently disconnected mapped systems (5.9 km and 1.4 km) into one 8.5 km system. NBMG INGENIOUS vector attribution: inter-FID structural linkage within fault zone 'Fish Lake Valley fault zone, Leidy Creek section' (NUM=49a), bridging FID=1929 (Well Constrained, SLIPSENSE=RL, DIPDIRECT=Unspecified) to FID=1679 (Well Constrained, SLIPSENSE=RL, DIPDIRECT=Unspecified); kinematic_compat=True. Geometry: tip-to-tip along strike; mutual nearest tips; the tip points 6 deg off the link and 19 deg. The link strikes N153 E and 32% of the distance-weighted catalogued fault length within ~40 km lies within 20 deg of that strike (data-driven kinematic domain; no external stress model). Structural-setting label (geometry only; mapping to settings is ours): linkage/termination/step-over settings host ~25%/32% of characterised Great Basin geothermal systems (Faulds & Hinz 2015). Connectivity context: the catalogue network is near its critical connectivity (Berkowitz-style P=5.78 vs Pc 5.6-6.0 at the domain scale), where individual closures matter most, but Berkowitz et al. (2000) give ensemble statistics, not a verdict on this particular gap. Base coverage: 0% of its dots already lie within 300 m of the 0.2477 emission.  Graph value (Berkowitz et al. 2000 connectivity parameter, computed on the catalogue graph plus all 345 selected candidates with a=2.500 and D=1.566 held at their fitted values): this closure changes P by dP=+0.0000 (rank 255 of 345 by |dP|) and the largest-system share of total mapped fault length by -0.00000; the merged system would be 8.45 km long. It is a graph bridge: no other selected candidate joins these two sides, so this closure is what actually merges them. Status: validated on both 8-connected component holdout (0.293 vs 0.059 ctrl) and NBMG FID vector-trace holdout (0.100 vs 0.020 ctrl). Reviewer geometry cue only: along-strike endpoint gap; assess continuation, relay, or cartographic segmentation; this is not proof of a step-over or termination. Exclusive review class: H27-5b_inter-FID_same-name_kinematic-compatible. Different FIDs are records in this same NBMG compilation, not independent source confirmation."
T27-0181,3,end-to-end,1.14,11.31,17.319,False,142.125,0.531,2.731,5.204,9.076,2,1.0,2,False,1198,1196,False,Unnamed fault zone in southeastern Gabbs Valley Range,Unnamed fault zone in southeastern Gabbs Valley Range,True,1323,1323,Moderately Constrained,Well Constrained,N,N,Unspecified,Unspecified,250,250,True,H27-5b_inter-FID_same-name_kinematic-compatible,"along-strike endpoint gap; assess continuation, relay, or cartographic segmentation",https://web2.nbmg.unr.edu/arcgis/rest/services/Qfaults/Qfaults_INGENIOUS/MapServer/0,https://www.osti.gov/servlets/purl/1724082,True,9.076,-1e-06,-0.005855,47.8248,68,-118.00877,38.6345,-118.00062,38.62645,2318,1688,2327,1695,"Closing this 1.1 km gap would join two currently disconnected mapped systems (2.7 km and 5.2 km) into one 9.1 km system. NBMG INGENIOUS vector attribution: inter-FID structural linkage within fault zone 'Unnamed fault zone in southeastern Gabbs Valley Range' (NUM=1323), bridging FID=1198 (Moderately Constrained, SLIPSENSE=N, DIPDIRECT=Unspecified) to FID=1196 (Well Constrained, SLIPSENSE=N, DIPDIRECT=Unspecified); kinematic_compat=True. Geometry: tip-to-tip along strike; one-sided; the tip points 11 deg off the link and 17 deg. The link strikes N142 E and 53% of the distance-weighted catalogued fault length within ~40 km lies within 20 deg of that strike (data-driven kinematic domain; no external stress model). Structural-setting label (geometry only; mapping to settings is ours): linkage/termination/step-over settings host ~25%/32% of characterised Great Basin geothermal systems (Faulds & Hinz 2015). Connectivity context: the catalogue network is near its critical connectivity (Berkowitz-style P=5.78 vs Pc 5.6-6.0 at the domain scale), where individual closures matter most, but Berkowitz et al. (2000) give ensemble statistics, not a verdict on this particular gap. Base coverage: 100% of its dots already lie within 300 m of the 0.2477 emission.  Graph value (Berkowitz et al. 2000 connectivity parameter, computed on the catalogue graph plus all 345 selected candidates with a=2.500 and D=1.566 held at their fitted values): this closure changes P by dP=-0.0059 (rank 68 of 345 by |dP|) and the largest-system share of total mapped fault length by -0.00000; the merged system would be 9.08 km long. It is a graph bridge: no other selected candidate joins these two sides, so this closure is what actually merges them. Status: validated on both 8-connected component holdout (0.293 vs 0.059 ctrl) and NBMG FID vector-trace holdout (0.100 vs 0.020 ctrl). Reviewer geometry cue only: along-strike endpoint gap; assess continuation, relay, or cartographic segmentation; this is not proof of a step-over or termination. Exclusive review class: H27-5b_inter-FID_same-name_kinematic-compatible. Different FIDs are records in this same NBMG compilation, not independent source confirmation."
T27-0009,5,end-to-end,1.2,14.036,8.13,True,0.0,0.401,3.397,0.741,5.338,3,0.0,0,False,1306,1303,False,Unnamed faults in Gabbs Valley,Unnamed faults in Gabbs Valley,True,1313,1313,Moderately Constrained,Well Constrained,N,N,Unspecified,Unspecified,250,250,True,H27-5b_inter-FID_same-name_kinematic-compatible,"along-strike endpoint gap; assess continuation, relay, or cartographic segmentation",https://web2.nbmg.unr.edu/arcgis/rest/services/Qfaults/Qfaults_INGENIOUS/MapServer/0,https://www.osti.gov/servlets/purl/1724082,True,5.338,-1e-06,0.0,16.4096,321,-118.06262,39.01159,-118.06246,39.00078,1899,1646,1911,1646,"Closing this 1.2 km gap would join two currently disconnected mapped systems (3.4 km and 0.7 km) into one 5.3 km system. NBMG INGENIOUS vector attribution: inter-FID structural linkage within fault zone 'Unnamed faults in Gabbs Valley' (NUM=1313), bridging FID=1306 (Moderately Constrained, SLIPSENSE=N, DIPDIRECT=Unspecified) to FID=1303 (Well Constrained, SLIPSENSE=N, DIPDIRECT=Unspecified); kinematic_compat=True. Geometry: tip-to-tip along strike; mutual nearest tips; the tip points 14 deg off the link and 8 deg. The link strikes N0 E and 40% of the distance-weighted catalogued fault length within ~40 km lies within 20 deg of that strike (data-driven kinematic domain; no external stress model). Structural-setting label (geometry only; mapping to settings is ours): linkage/termination/step-over settings host ~25%/32% of characterised Great Basin geothermal systems (Faulds & Hinz 2015). Connectivity context: the catalogue network is near its critical connectivity (Berkowitz-style P=5.78 vs Pc 5.6-6.0 at the domain scale), where individual closures matter most, but Berkowitz et al. (2000) give ensemble statistics, not a verdict on this particular gap. Base coverage: 0% of its dots already lie within 300 m of the 0.2477 emission.  Graph value (Berkowitz et al. 2000 connectivity parameter, computed on the catalogue graph plus all 345 selected candidates with a=2.500 and D=1.566 held at their fitted values): this closure changes P by dP=+0.0000 (rank 321 of 345 by |dP|) and the largest-system share of total mapped fault length by -0.00000; the merged system would be 5.34 km long. It is a graph bridge: no other selected candidate joins these two sides, so this closure is what actually merges them. Status: validated on both 8-connected component holdout (0.293 vs 0.059 ctrl) and NBMG FID vector-trace holdout (0.100 vs 0.020 ctrl). Reviewer geometry cue only: along-strike endpoint gap; assess continuation, relay, or cartographic segmentation; this is not proof of a step-over or termination. Exclusive review class: H27-5b_inter-FID_same-name_kinematic-compatible. Different FIDs are records in this same NBMG compilation, not independent source confirmation."
T27-0061,4,end-to-end,1.204,3.366,9.628,True,138.366,0.31,0.766,1.007,2.977,2,1.0,2,False,749,750,False,Pyramid Lake fault zone,Pyramid Lake fault zone,True,1669,1669,Well Constrained,Well Constrained,RL,RL,Unspecified,Unspecified,250,250,True,H27-5b_inter-FID_same-name_kinematic-compatible,"along-strike endpoint gap; assess continuation, relay, or cartographic segmentation",https://web2.nbmg.unr.edu/arcgis/rest/services/Qfaults/Qfaults_INGENIOUS/MapServer/0,https://www.osti.gov/servlets/purl/1724082,True,2.977,-1e-06,0.005855,7.2617,141,-119.43545,39.83516,-119.42583,39.82725,962,482,971,490,"Closing this 1.2 km gap would join two currently disconnected mapped systems (0.8 km and 1.0 km) into one 3.0 km system. NBMG INGENIOUS vector attribution: inter-FID structural linkage within fault zone 'Pyramid Lake fault zone' (NUM=1669), bridging FID=749 (Well Constrained, SLIPSENSE=RL, DIPDIRECT=Unspecified) to FID=750 (Well Constrained, SLIPSENSE=RL, DIPDIRECT=Unspecified); kinematic_compat=True. Geometry: tip-to-tip along strike; mutual nearest tips; the tip points 3 deg off the link and 10 deg. The link strikes N138 E and 31% of the distance-weighted catalogued fault length within ~40 km lies within 20 deg of that strike (data-driven kinematic domain; no external stress model). Structural-setting label (geometry only; mapping to settings is ours): linkage/termination/step-over settings host ~25%/32% of characterised Great Basin geothermal systems (Faulds & Hinz 2015). Connectivity context: the catalogue network is near its critical connectivity (Berkowitz-style P=5.78 vs Pc 5.6-6.0 at the domain scale), where individual closures matter most, but Berkowitz et al. (2000) give ensemble statistics, not a verdict on this particular gap. Base coverage: 100% of its dots already lie within 300 m of the 0.2477 emission.  Graph value (Berkowitz et al. 2000 connectivity parameter, computed on the catalogue graph plus all 345 selected candidates with a=2.500 and D=1.566 held at their fitted values): this closure changes P by dP=+0.0059 (rank 141 of 345 by |dP|) and the largest-system share of total mapped fault length by -0.00000; the merged system would be 2.98 km long. It is a graph bridge: no other selected candidate joins these two sides, so this closure is what actually merges them. Status: validated on both 8-connected component holdout (0.293 vs 0.059 ctrl) and NBMG FID vector-trace holdout (0.100 vs 0.020 ctrl). Reviewer geometry cue only: along-strike endpoint gap; assess continuation, relay, or cartographic segmentation; this is not proof of a step-over or termination. Exclusive review class: H27-5b_inter-FID_same-name_kinematic-compatible. Different FIDs are records in this same NBMG compilation, not independent source confirmation."
T27-0013,5,end-to-end,1.217,1.332,9.462,True,9.462,0.488,0.741,0.7,2.658,3,0.667,2,False,862,863,False,Shoshone Range fault zone,Shoshone Range fault zone,True,1148,1148,Well Constrained,Moderately Constrained,N,N,NW,NW,250,250,True,H27-5b_inter-FID_same-name_kinematic-compatible,"along-strike endpoint gap; assess continuation, relay, or cartographic segmentation",https://web2.nbmg.unr.edu/arcgis/rest/services/Qfaults/Qfaults_INGENIOUS/MapServer/0,https://www.osti.gov/servlets/purl/1724082,True,2.658,-1e-06,0.0,42.0263,236,-117.07997,40.26434,-117.08231,40.25353,514,2498,526,2496,"Closing this 1.2 km gap would join two currently disconnected mapped systems (0.7 km and 0.7 km) into one 2.7 km system. NBMG INGENIOUS vector attribution: inter-FID structural linkage within fault zone 'Shoshone Range fault zone' (NUM=1148), bridging FID=862 (Well Constrained, SLIPSENSE=N, DIPDIRECT=NW) to FID=863 (Moderately Constrained, SLIPSENSE=N, DIPDIRECT=NW); kinematic_compat=True. Geometry: tip-to-tip along strike; mutual nearest tips; the tip points 1 deg off the link and 9 deg. The link strikes N9 E and 49% of the distance-weighted catalogued fault length within ~40 km lies within 20 deg of that strike (data-driven kinematic domain; no external stress model). Structural-setting label (geometry only; mapping to settings is ours): linkage/termination/step-over settings host ~25%/32% of characterised Great Basin geothermal systems (Faulds & Hinz 2015). Connectivity context: the catalogue network is near its critical connectivity (Berkowitz-style P=5.78 vs Pc 5.6-6.0 at the domain scale), where individual closures matter most, but Berkowitz et al. (2000) give ensemble statistics, not a verdict on this particular gap. Base coverage: 67% of its dots already lie within 300 m of the 0.2477 emission.  Graph value (Berkowitz et al. 2000 connectivity parameter, computed on the catalogue graph plus all 345 selected candidates with a=2.500 and D=1.566 held at their fitted values): this closure changes P by dP=+0.0000 (rank 236 of 345 by |dP|) and the largest-system share of total mapped fault length by -0.00000; the merged system would be 2.66 km long. It is a graph bridge: no other selected candidate joins these two sides, so this closure is what actually merges them. Status: validated on both 8-connected component holdout (0.293 vs 0.059 ctrl) and NBMG FID vector-trace holdout (0.100 vs 0.020 ctrl). Reviewer geometry cue only: along-strike endpoint gap; assess continuation, relay, or cartographic segmentation; this is not proof of a step-over or termination. Exclusive review class: H27-5b_inter-FID_same-name_kinematic-compatible. Different FIDs are records in this same NBMG compilation, not independent source confirmation."
T27-0065,4,end-to-end,1.217,27.408,31.724,True,9.462,0.618,1.331,2.538,5.086,3,0.0,0,False,811,812,False,Sand Springs Range fault,Sand Springs Range fault,True,1685,1685,Well Constrained,Moderately Constrained,N,N,Unspecified,Unspecified,250,250,True,H27-5b_inter-FID_same-name_kinematic-compatible,"along-strike endpoint gap; assess continuation, relay, or cartographic segmentation",https://web2.nbmg.unr.edu/arcgis/rest/services/Qfaults/Qfaults_INGENIOUS/MapServer/0,https://www.osti.gov/servlets/purl/1724082,True,5.086,-1e-06,0.0,17.6551,317,-118.27224,39.30054,-118.27437,39.2897,1576,1469,1588,1467,"Closing this 1.2 km gap would join two currently disconnected mapped systems (1.3 km and 2.5 km) into one 5.1 km system. NBMG INGENIOUS vector attribution: inter-FID structural linkage within fault zone 'Sand Springs Range fault' (NUM=1685), bridging FID=811 (Well Constrained, SLIPSENSE=N, DIPDIRECT=Unspecified) to FID=812 (Moderately Constrained, SLIPSENSE=N, DIPDIRECT=Unspecified); kinematic_compat=True. Geometry: tip-to-tip along strike; mutual nearest tips; the tip points 27 deg off the link and 32 deg. The link strikes N9 E and 62% of the distance-weighted catalogued fault length within ~40 km lies within 20 deg of that strike (data-driven kinematic domain; no external stress model). Structural-setting label (geometry only; mapping to settings is ours): linkage/termination/step-over settings host ~25%/32% of characterised Great Basin geothermal systems (Faulds & Hinz 2015). Connectivity context: the catalogue network is near its critical connectivity (Berkowitz-style P=5.78 vs Pc 5.6-6.0 at the domain scale), where individual closures matter most, but Berkowitz et al. (2000) give ensemble statistics, not a verdict on this particular gap. Base coverage: 0% of its dots already lie within 300 m of the 0.2477 emission.  Graph value (Berkowitz et al. 2000 connectivity parameter, computed on the catalogue graph plus all 345 selected candidates with a=2.500 and D=1.566 held at their fitted values): this closure changes P by dP=+0.0000 (rank 317 of 345 by |dP|) and the largest-system share of total mapped fault length by -0.00000; the merged system would be 5.09 km long. It is a graph bridge: no other selected candidate joins these two sides, so this closure is what actually merges them. Status: validated on both 8-connected component holdout (0.293 vs 0.059 ctrl) and NBMG FID vector-trace holdout (0.100 vs 0.020 ctrl). Reviewer geometry cue only: along-strike endpoint gap; assess continuation, relay, or cartographic segmentation; this is not proof of a step-over or termination. Exclusive review class: H27-5b_inter-FID_same-name_kinematic-compatible. Different FIDs are records in this same NBMG compilation, not independent source confirmation."
T27-0191,3,end-to-end,1.217,24.228,21.501,False,170.538,0.631,0.383,0.624,2.224,3,0.0,0,False,601,604,False,Monte Cristo Valley fault zone,Monte Cristo Valley fault zone,True,1325,1325,Well Constrained,Moderately Constrained,RL,RL,Unspecified,Unspecified,250,250,True,H27-5b_inter-FID_same-name_kinematic-compatible,"along-strike endpoint gap; assess continuation, relay, or cartographic segmentation",https://web2.nbmg.unr.edu/arcgis/rest/services/Qfaults/Qfaults_INGENIOUS/MapServer/0,https://www.osti.gov/servlets/purl/1724082,True,2.224,-1e-06,0.005855,4.4084,155,-117.82168,38.34758,-117.82409,38.35837,2638,1848,2626,1846,"Closing this 1.2 km gap would join two currently disconnected mapped systems (0.4 km and 0.6 km) into one 2.2 km system. NBMG INGENIOUS vector attribution: inter-FID structural linkage within fault zone 'Monte Cristo Valley fault zone' (NUM=1325), bridging FID=601 (Well Constrained, SLIPSENSE=RL, DIPDIRECT=Unspecified) to FID=604 (Moderately Constrained, SLIPSENSE=RL, DIPDIRECT=Unspecified); kinematic_compat=True. Geometry: tip-to-tip along strike; one-sided; the tip points 24 deg off the link and 22 deg. The link strikes N171 E and 63% of the distance-weighted catalogued fault length within ~40 km lies within 20 deg of that strike (data-driven kinematic domain; no external stress model). Structural-setting label (geometry only; mapping to settings is ours): linkage/termination/step-over settings host ~25%/32% of characterised Great Basin geothermal systems (Faulds & Hinz 2015). Connectivity context: the catalogue network is near its critical connectivity (Berkowitz-style P=5.78 vs Pc 5.6-6.0 at the domain scale), where individual closures matter most, but Berkowitz et al. (2000) give ensemble statistics, not a verdict on this particular gap. Base coverage: 0% of its dots already lie within 300 m of the 0.2477 emission.  Graph value (Berkowitz et al. 2000 connectivity parameter, computed on the catalogue graph plus all 345 selected candidates with a=2.500 and D=1.566 held at their fitted values): this closure changes P by dP=+0.0059 (rank 155 of 345 by |dP|) and the largest-system share of total mapped fault length by -0.00000; the merged system would be 2.22 km long. It is a graph bridge: no other selected candidate joins these two sides, so this closure is what actually merges them. Status: validated on both 8-connected component holdout (0.293 vs 0.059 ctrl) and NBMG FID vector-trace holdout (0.100 vs 0.020 ctrl). Reviewer geometry cue only: along-strike endpoint gap; assess continuation, relay, or cartographic segmentation; this is not proof of a step-over or termination. Exclusive review class: H27-5b_inter-FID_same-name_kinematic-compatible. Different FIDs are records in this same NBMG compilation, not independent source confirmation."
T27-0192,3,abutting,1.237,6.52,,False,165.964,0.45,0.924,0.283,2.444,3,0.333,1,False,47,40,False,Bettles Well-Petrified Springs fault,Bettles Well-Petrified Springs fault,True,1326,1326,Moderately Constrained,Well Constrained,RL,RL,Unspecified,Unspecified,250,250,True,H27-5b_inter-FID_same-name_kinematic-compatible,abutment/termination geometry; verify fault intersections and cross-cutting relations,https://web2.nbmg.unr.edu/arcgis/rest/services/Qfaults/Qfaults_INGENIOUS/MapServer/0,https://www.osti.gov/servlets/purl/1724082,True,2.444,-1e-06,0.005855,5.0391,152,-118.09884,38.66432,-118.10246,38.6751,2284,1610,2272,1607,"Closing this 1.2 km gap would join two currently disconnected mapped systems (0.9 km and 0.3 km) into one 2.4 km system. NBMG INGENIOUS vector attribution: inter-FID structural linkage within fault zone 'Bettles Well-Petrified Springs fault' (NUM=1326), bridging FID=47 (Moderately Constrained, SLIPSENSE=RL, DIPDIRECT=Unspecified) to FID=40 (Well Constrained, SLIPSENSE=RL, DIPDIRECT=Unspecified); kinematic_compat=True. Geometry: tip abutting a through-going trace; one-sided; the tip points 7 deg off the link. The link strikes N166 E and 45% of the distance-weighted catalogued fault length within ~40 km lies within 20 deg of that strike (data-driven kinematic domain; no external stress model). Structural-setting label (geometry only; mapping to settings is ours): linkage/termination/step-over settings host ~25%/32% of characterised Great Basin geothermal systems (Faulds & Hinz 2015). Connectivity context: the catalogue network is near its critical connectivity (Berkowitz-style P=5.78 vs Pc 5.6-6.0 at the domain scale), where individual closures matter most, but Berkowitz et al. (2000) give ensemble statistics, not a verdict on this particular gap. Base coverage: 33% of its dots already lie within 300 m of the 0.2477 emission.  Graph value (Berkowitz et al. 2000 connectivity parameter, computed on the catalogue graph plus all 345 selected candidates with a=2.500 and D=1.566 held at their fitted values): this closure changes P by dP=+0.0059 (rank 152 of 345 by |dP|) and the largest-system share of total mapped fault length by -0.00000; the merged system would be 2.44 km long. It is a graph bridge: no other selected candidate joins these two sides, so this closure is what actually merges them. Status: validated on both 8-connected component holdout (0.293 vs 0.059 ctrl) and NBMG FID vector-trace holdout (0.100 vs 0.020 ctrl). Reviewer geometry cue only: abutment/termination geometry; verify fault intersections and cross-cutting relations; this is not proof of a step-over or termination. Exclusive review class: H27-5b_inter-FID_same-name_kinematic-compatible. Different FIDs are records in this same NBMG compilation, not independent source confirmation."
T27-0069,4,end-to-end,1.3,8.584,18.566,True,157.38,0.527,1.024,7.74,10.064,3,1.0,3,False,411,409,False,Gumdrop Hills fault zone,Gumdrop Hills fault zone,True,1309,1309,Moderately Constrained,Well Constrained,RL,RL,SW,SW,250,250,True,H27-5b_inter-FID_same-name_kinematic-compatible,"along-strike endpoint gap; assess continuation, relay, or cartographic segmentation",https://web2.nbmg.unr.edu/arcgis/rest/services/Qfaults/Qfaults_INGENIOUS/MapServer/0,https://www.osti.gov/servlets/purl/1724082,True,10.064,-1e-06,0.0,40.3313,246,-118.28821,38.64887,-118.28228,38.63813,2299,1445,2311,1450,"Closing this 1.3 km gap would join two currently disconnected mapped systems (1.0 km and 7.7 km) into one 10.1 km system. NBMG INGENIOUS vector attribution: inter-FID structural linkage within fault zone 'Gumdrop Hills fault zone' (NUM=1309), bridging FID=411 (Moderately Constrained, SLIPSENSE=RL, DIPDIRECT=SW) to FID=409 (Well Constrained, SLIPSENSE=RL, DIPDIRECT=SW); kinematic_compat=True. Geometry: tip-to-tip along strike; mutual nearest tips; the tip points 9 deg off the link and 19 deg. The link strikes N157 E and 53% of the distance-weighted catalogued fault length within ~40 km lies within 20 deg of that strike (data-driven kinematic domain; no external stress model). Structural-setting label (geometry only; mapping to settings is ours): linkage/termination/step-over settings host ~25%/32% of characterised Great Basin geothermal systems (Faulds & Hinz 2015). Connectivity context: the catalogue network is near its critical connectivity (Berkowitz-style P=5.78 vs Pc 5.6-6.0 at the domain scale), where individual closures matter most, but Berkowitz et al. (2000) give ensemble statistics, not a verdict on this particular gap. Base coverage: 100% of its dots already lie within 300 m of the 0.2477 emission.  Graph value (Berkowitz et al. 2000 connectivity parameter, computed on the catalogue graph plus all 345 selected candidates with a=2.500 and D=1.566 held at their fitted values): this closure changes P by dP=+0.0000 (rank 246 of 345 by |dP|) and the largest-system share of total mapped fault length by -0.00000; the merged system would be 10.06 km long. It is a graph bridge: no other selected candidate joins these two sides, so this closure is what actually merges them. Status: validated on both 8-connected component holdout (0.293 vs 0.059 ctrl) and NBMG FID vector-trace holdout (0.100 vs 0.020 ctrl). Reviewer geometry cue only: along-strike endpoint gap; assess continuation, relay, or cartographic segmentation; this is not proof of a step-over or termination. Exclusive review class: H27-5b_inter-FID_same-name_kinematic-compatible. Different FIDs are records in this same NBMG compilation, not independent source confirmation."
T27-0200,3,tip-to-tip oblique,1.3,14.25,41.055,False,157.38,0.568,0.524,0.341,2.166,3,0.0,0,False,5,4,False,Agai Pah Hills fault zone,Agai Pah Hills fault zone,True,1308,1308,Well Constrained,Well Constrained,RL,RL,Unspecified,Unspecified,250,250,True,H27-5b_inter-FID_same-name_kinematic-compatible,"oblique step-over-like geometry; verify overlap, slip sense, and relay direction",https://web2.nbmg.unr.edu/arcgis/rest/services/Qfaults/Qfaults_INGENIOUS/MapServer/0,https://www.osti.gov/servlets/purl/1724082,True,2.166,-1e-06,0.005855,4.2988,156,-118.54389,38.83591,-118.5379,38.82518,2088,1226,2100,1231,"Closing this 1.3 km gap would join two currently disconnected mapped systems (0.5 km and 0.3 km) into one 2.2 km system. NBMG INGENIOUS vector attribution: inter-FID structural linkage within fault zone 'Agai Pah Hills fault zone' (NUM=1308), bridging FID=5 (Well Constrained, SLIPSENSE=RL, DIPDIRECT=Unspecified) to FID=4 (Well Constrained, SLIPSENSE=RL, DIPDIRECT=Unspecified); kinematic_compat=True. Geometry: oblique tip-to-tip (step-over-like); one-sided; the tip points 14 deg off the link and 41 deg. The link strikes N157 E and 57% of the distance-weighted catalogued fault length within ~40 km lies within 20 deg of that strike (data-driven kinematic domain; no external stress model). Structural-setting label (geometry only; mapping to settings is ours): linkage/termination/step-over settings host ~25%/32% of characterised Great Basin geothermal systems (Faulds & Hinz 2015). Connectivity context: the catalogue network is near its critical connectivity (Berkowitz-style P=5.78 vs Pc 5.6-6.0 at the domain scale), where individual closures matter most, but Berkowitz et al. (2000) give ensemble statistics, not a verdict on this particular gap. Base coverage: 0% of its dots already lie within 300 m of the 0.2477 emission.  Graph value (Berkowitz et al. 2000 connectivity parameter, computed on the catalogue graph plus all 345 selected candidates with a=2.500 and D=1.566 held at their fitted values): this closure changes P by dP=+0.0059 (rank 156 of 345 by |dP|) and the largest-system share of total mapped fault length by -0.00000; the merged system would be 2.17 km long. It is a graph bridge: no other selected candidate joins these two sides, so this closure is what actually merges them. Status: validated on both 8-connected component holdout (0.293 vs 0.059 ctrl) and NBMG FID vector-trace holdout (0.100 vs 0.020 ctrl). Reviewer geometry cue only: oblique step-over-like geometry; verify overlap, slip sense, and relay direction; this is not proof of a step-over or termination. Exclusive review class: H27-5b_inter-FID_same-name_kinematic-compatible. Different FIDs are records in this same NBMG compilation, not independent source confirmation."
T27-0201,3,abutting,1.3,11.31,,False,157.38,0.623,0.541,0.1,1.941,3,0.0,0,False,1281,1283,False,Unnamed faults flanking Cedar Mountains,Unnamed faults flanking Cedar Mountains,True,1324,1324,Well Constrained,Well Constrained,N,N,E,W,250,250,True,H27-5b_inter-FID_same-name_kinematic-compatible,abutment/termination geometry; verify fault intersections and cross-cutting relations,https://web2.nbmg.unr.edu/arcgis/rest/services/Qfaults/Qfaults_INGENIOUS/MapServer/0,https://www.osti.gov/servlets/purl/1724082,True,1.941,-1e-06,0.0,3.466,341,-117.92908,38.60181,-117.9232,38.59104,2355,1757,2367,1762,"Closing this 1.3 km gap would join two currently disconnected mapped systems (0.5 km and 0.1 km) into one 1.9 km system. NBMG INGENIOUS vector attribution: inter-FID structural linkage within fault zone 'Unnamed faults flanking Cedar Mountains' (NUM=1324), bridging FID=1281 (Well Constrained, SLIPSENSE=N, DIPDIRECT=E) to FID=1283 (Well Constrained, SLIPSENSE=N, DIPDIRECT=W); kinematic_compat=True. Geometry: tip abutting a through-going trace; one-sided; the tip points 11 deg off the link. The link strikes N157 E and 62% of the distance-weighted catalogued fault length within ~40 km lies within 20 deg of that strike (data-driven kinematic domain; no external stress model). Structural-setting label (geometry only; mapping to settings is ours): linkage/termination/step-over settings host ~25%/32% of characterised Great Basin geothermal systems (Faulds & Hinz 2015). Connectivity context: the catalogue network is near its critical connectivity (Berkowitz-style P=5.78 vs Pc 5.6-6.0 at the domain scale), where individual closures matter most, but Berkowitz et al. (2000) give ensemble statistics, not a verdict on this particular gap. Base coverage: 0% of its dots already lie within 300 m of the 0.2477 emission.  Graph value (Berkowitz et al. 2000 connectivity parameter, computed on the catalogue graph plus all 345 selected candidates with a=2.500 and D=1.566 held at their fitted values): this closure changes P by dP=+0.0000 (rank 341 of 345 by |dP|) and the largest-system share of total mapped fault length by -0.00000; the merged system would be 1.94 km long. It is a graph bridge: no other selected candidate joins these two sides, so this closure is what actually merges them. Status: validated on both 8-connected component holdout (0.293 vs 0.059 ctrl) and NBMG FID vector-trace holdout (0.100 vs 0.020 ctrl). Reviewer geometry cue only: abutment/termination geometry; verify fault intersections and cross-cutting relations; this is not proof of a step-over or termination. Exclusive review class: H27-5b_inter-FID_same-name_kinematic-compatible. Different FIDs are records in this same NBMG compilation, not independent source confirmation."
T27-0202,3,tip-to-tip oblique,1.315,0.616,54.689,False,8.746,0.459,0.741,3.321,5.378,4,0.25,1,False,443,445,False,Hot Springs Mountain fault zone,Hot Springs Mountain fault zone,True,1673,1673,Well Constrained,Moderately Constrained,N,N,SE,SE,250,250,True,H27-5b_inter-FID_same-name_kinematic-compatible,"oblique step-over-like geometry; verify overlap, slip sense, and relay direction",https://web2.nbmg.unr.edu/arcgis/rest/services/Qfaults/Qfaults_INGENIOUS/MapServer/0,https://www.osti.gov/servlets/purl/1724082,True,5.378,-1e-06,0.0,17.3424,318,-118.98141,39.69065,-118.97942,39.7024,1132,867,1119,869,"Closing this 1.3 km gap would join two currently disconnected mapped systems (0.7 km and 3.3 km) into one 5.4 km system. NBMG INGENIOUS vector attribution: inter-FID structural linkage within fault zone 'Hot Springs Mountain fault zone' (NUM=1673), bridging FID=443 (Well Constrained, SLIPSENSE=N, DIPDIRECT=SE) to FID=445 (Moderately Constrained, SLIPSENSE=N, DIPDIRECT=SE); kinematic_compat=True. Geometry: oblique tip-to-tip (step-over-like); one-sided; the tip points 1 deg off the link and 55 deg. The link strikes N9 E and 46% of the distance-weighted catalogued fault length within ~40 km lies within 20 deg of that strike (data-driven kinematic domain; no external stress model). Structural-setting label (geometry only; mapping to settings is ours): linkage/termination/step-over settings host ~25%/32% of characterised Great Basin geothermal systems (Faulds & Hinz 2015). Connectivity context: the catalogue network is near its critical connectivity (Berkowitz-style P=5.78 vs Pc 5.6-6.0 at the domain scale), where individual closures matter most, but Berkowitz et al. (2000) give ensemble statistics, not a verdict on this particular gap. Base coverage: 25% of its dots already lie within 300 m of the 0.2477 emission.  Graph value (Berkowitz et al. 2000 connectivity parameter, computed on the catalogue graph plus all 345 selected candidates with a=2.500 and D=1.566 held at their fitted values): this closure changes P by dP=+0.0000 (rank 318 of 345 by |dP|) and the largest-system share of total mapped fault length by -0.00000; the merged system would be 5.38 km long. It is a graph bridge: no other selected candidate joins these two sides, so this closure is what actually merges them. Status: validated on both 8-connected component holdout (0.293 vs 0.059 ctrl) and NBMG FID vector-trace holdout (0.100 vs 0.020 ctrl). Reviewer geometry cue only: oblique step-over-like geometry; verify overlap, slip sense, and relay direction; this is not proof of a step-over or termination. Exclusive review class: H27-5b_inter-FID_same-name_kinematic-compatible. Different FIDs are records in this same NBMG compilation, not independent source confirmation."
T27-0206,3,end-to-end,1.345,26.211,11.023,True,41.987,0.332,0.583,0.624,2.552,3,0.0,0,False,83,82,False,Buffalo Valley fault zone,Buffalo Valley fault zone,True,1140,1140,Moderately Constrained,Well Constrained,N,N,E,E,250,250,True,H27-5b_inter-FID_same-name_kinematic-compatible,"along-strike endpoint gap; assess continuation, relay, or cartographic segmentation",https://web2.nbmg.unr.edu/arcgis/rest/services/Qfaults/Qfaults_INGENIOUS/MapServer/0,https://www.osti.gov/servlets/purl/1724082,True,2.552,-1e-06,0.005855,5.7857,148,-117.37286,40.48719,-117.38343,40.47815,266,2250,276,2241,"Closing this 1.3 km gap would join two currently disconnected mapped systems (0.6 km and 0.6 km) into one 2.6 km system. NBMG INGENIOUS vector attribution: inter-FID structural linkage within fault zone 'Buffalo Valley fault zone' (NUM=1140), bridging FID=83 (Moderately Constrained, SLIPSENSE=N, DIPDIRECT=E) to FID=82 (Well Constrained, SLIPSENSE=N, DIPDIRECT=E); kinematic_compat=True. Geometry: tip-to-tip along strike; mutual nearest tips; the tip points 26 deg off the link and 11 deg. The link strikes N42 E and 33% of the distance-weighted catalogued fault length within ~40 km lies within 20 deg of that strike (data-driven kinematic domain; no external stress model). Structural-setting label (geometry only; mapping to settings is ours): linkage/termination/step-over settings host ~25%/32% of characterised Great Basin geothermal systems (Faulds & Hinz 2015). Connectivity context: the catalogue network is near its critical connectivity (Berkowitz-style P=5.78 vs Pc 5.6-6.0 at the domain scale), where individual closures matter most, but Berkowitz et al. (2000) give ensemble statistics, not a verdict on this particular gap. Base coverage: 0% of its dots already lie within 300 m of the 0.2477 emission.  Graph value (Berkowitz et al. 2000 connectivity parameter, computed on the catalogue graph plus all 345 selected candidates with a=2.500 and D=1.566 held at their fitted values): this closure changes P by dP=+0.0059 (rank 148 of 345 by |dP|) and the largest-system share of total mapped fault length by -0.00000; the merged system would be 2.55 km long. It is a graph bridge: no other selected candidate joins these two sides, so this closure is what actually merges them. Status: validated on both 8-connected component holdout (0.293 vs 0.059 ctrl) and NBMG FID vector-trace holdout (0.100 vs 0.020 ctrl). Reviewer geometry cue only: along-strike endpoint gap; assess continuation, relay, or cartographic segmentation; this is not proof of a step-over or termination. Exclusive review class: H27-5b_inter-FID_same-name_kinematic-compatible. Different FIDs are records in this same NBMG compilation, not independent source confirmation."
T27-0208,3,end-to-end,1.389,9.7,3.691,False,149.744,0.603,9.515,9.171,20.076,3,0.0,0,False,1567,1561,False,Wassuk Range fault zone,Wassuk Range fault zone,True,1300,1300,Inferred,Moderately Constrained,N,N,Unspecified,Unspecified,250,250,True,H27-5b_inter-FID_same-name_kinematic-compatible,"along-strike endpoint gap; assess continuation, relay, or cartographic segmentation",https://web2.nbmg.unr.edu/arcgis/rest/services/Qfaults/Qfaults_INGENIOUS/MapServer/0,https://www.osti.gov/servlets/purl/1724082,True,20.076,-1e-06,-0.005855,228.3836,11,-118.86961,38.99965,-118.87798,39.01032,1901,947,1889,940,"Closing this 1.4 km gap would join two currently disconnected mapped systems (9.5 km and 9.2 km) into one 20.1 km system. NBMG INGENIOUS vector attribution: inter-FID structural linkage within fault zone 'Wassuk Range fault zone' (NUM=1300), bridging FID=1567 (Inferred, SLIPSENSE=N, DIPDIRECT=Unspecified) to FID=1561 (Moderately Constrained, SLIPSENSE=N, DIPDIRECT=Unspecified); kinematic_compat=True. Geometry: tip-to-tip along strike; one-sided; the tip points 10 deg off the link and 4 deg. The link strikes N150 E and 60% of the distance-weighted catalogued fault length within ~40 km lies within 20 deg of that strike (data-driven kinematic domain; no external stress model). Structural-setting label (geometry only; mapping to settings is ours): linkage/termination/step-over settings host ~25%/32% of characterised Great Basin geothermal systems (Faulds & Hinz 2015). Connectivity context: the catalogue network is near its critical connectivity (Berkowitz-style P=5.78 vs Pc 5.6-6.0 at the domain scale), where individual closures matter most, but Berkowitz et al. (2000) give ensemble statistics, not a verdict on this particular gap. Base coverage: 0% of its dots already lie within 300 m of the 0.2477 emission.  Graph value (Berkowitz et al. 2000 connectivity parameter, computed on the catalogue graph plus all 345 selected candidates with a=2.500 and D=1.566 held at their fitted values): this closure changes P by dP=-0.0059 (rank 11 of 345 by |dP|) and the largest-system share of total mapped fault length by -0.00000; the merged system would be 20.08 km long. It is a graph bridge: no other selected candidate joins these two sides, so this closure is what actually merges them. Status: validated on both 8-connected component holdout (0.293 vs 0.059 ctrl) and NBMG FID vector-trace holdout (0.100 vs 0.020 ctrl). Reviewer geometry cue only: along-strike endpoint gap; assess continuation, relay, or cartographic segmentation; this is not proof of a step-over or termination. Exclusive review class: H27-5b_inter-FID_same-name_kinematic-compatible. Different FIDs are records in this same NBMG compilation, not independent source confirmation."
T27-0016,5,end-to-end,1.4,11.31,14.036,True,0.0,0.549,0.541,2.249,4.19,4,0.0,0,False,1576,1577,False,Western Fairview Peak fault,Western Fairview Peak fault,True,1686,1686,Well Constrained,Moderately Constrained,N,N,Unspecified,Unspecified,250,250,True,H27-5b_inter-FID_same-name_kinematic-compatible,"along-strike endpoint gap; assess continuation, relay, or cartographic segmentation",https://web2.nbmg.unr.edu/arcgis/rest/services/Qfaults/Qfaults_INGENIOUS/MapServer/0,https://www.osti.gov/servlets/purl/1724082,True,4.19,-1e-06,0.0,12.2067,330,-118.17512,39.38716,-118.17491,39.37455,1481,1554,1495,1554,"Closing this 1.4 km gap would join two currently disconnected mapped systems (0.5 km and 2.2 km) into one 4.2 km system. NBMG INGENIOUS vector attribution: inter-FID structural linkage within fault zone 'Western Fairview Peak fault' (NUM=1686), bridging FID=1576 (Well Constrained, SLIPSENSE=N, DIPDIRECT=Unspecified) to FID=1577 (Moderately Constrained, SLIPSENSE=N, DIPDIRECT=Unspecified); kinematic_compat=True. Geometry: tip-to-tip along strike; mutual nearest tips; the tip points 11 deg off the link and 14 deg. The link strikes N0 E and 55% of the distance-weighted catalogued fault length within ~40 km lies within 20 deg of that strike (data-driven kinematic domain; no external stress model). Structural-setting label (geometry only; mapping to settings is ours): linkage/termination/step-over settings host ~25%/32% of characterised Great Basin geothermal systems (Faulds & Hinz 2015). Connectivity context: the catalogue network is near its critical connectivity (Berkowitz-style P=5.78 vs Pc 5.6-6.0 at the domain scale), where individual closures matter most, but Berkowitz et al. (2000) give ensemble statistics, not a verdict on this particular gap. Base coverage: 0% of its dots already lie within 300 m of the 0.2477 emission.  Graph value (Berkowitz et al. 2000 connectivity parameter, computed on the catalogue graph plus all 345 selected candidates with a=2.500 and D=1.566 held at their fitted values): this closure changes P by dP=+0.0000 (rank 330 of 345 by |dP|) and the largest-system share of total mapped fault length by -0.00000; the merged system would be 4.19 km long. It is a graph bridge: no other selected candidate joins these two sides, so this closure is what actually merges them. Status: validated on both 8-connected component holdout (0.293 vs 0.059 ctrl) and NBMG FID vector-trace holdout (0.100 vs 0.020 ctrl). Reviewer geometry cue only: along-strike endpoint gap; assess continuation, relay, or cartographic segmentation; this is not proof of a step-over or termination. Exclusive review class: H27-5b_inter-FID_same-name_kinematic-compatible. Different FIDs are records in this same NBMG compilation, not independent source confirmation."
T27-0211,3,end-to-end,1.404,9.951,16.47,True,175.914,0.339,7.408,2.614,11.426,4,0.75,4,False,1198,1196,False,Unnamed fault zone in southeastern Gabbs Valley Range,Unnamed fault zone in southeastern Gabbs Valley Range,True,1323,1323,Moderately Constrained,Well Constrained,N,N,Unspecified,Unspecified,250,250,True,H27-5b_inter-FID_same-name_kinematic-compatible,"along-strike endpoint gap; assess continuation, relay, or cartographic segmentation",https://web2.nbmg.unr.edu/arcgis/rest/services/Qfaults/Qfaults_INGENIOUS/MapServer/0,https://www.osti.gov/servlets/purl/1724082,True,11.426,-1e-06,-0.005855,68.8385,55,-118.00024,38.59942,-118.00157,38.61203,2357,1695,2343,1694,"Closing this 1.4 km gap would join two currently disconnected mapped systems (7.4 km and 2.6 km) into one 11.4 km system. NBMG INGENIOUS vector attribution: inter-FID structural linkage within fault zone 'Unnamed fault zone in southeastern Gabbs Valley Range' (NUM=1323), bridging FID=1198 (Moderately Constrained, SLIPSENSE=N, DIPDIRECT=Unspecified) to FID=1196 (Well Constrained, SLIPSENSE=N, DIPDIRECT=Unspecified); kinematic_compat=True. Geometry: tip-to-tip along strike; mutual nearest tips; the tip points 10 deg off the link and 16 deg. The link strikes N176 E and 34% of the distance-weighted catalogued fault length within ~40 km lies within 20 deg of that strike (data-driven kinematic domain; no external stress model). Structural-setting label (geometry only; mapping to settings is ours): linkage/termination/step-over settings host ~25%/32% of characterised Great Basin geothermal systems (Faulds & Hinz 2015). Connectivity context: the catalogue network is near its critical connectivity (Berkowitz-style P=5.78 vs Pc 5.6-6.0 at the domain scale), where individual closures matter most, but Berkowitz et al. (2000) give ensemble statistics, not a verdict on this particular gap. Base coverage: 75% of its dots already lie within 300 m of the 0.2477 emission.  Graph value (Berkowitz et al. 2000 connectivity parameter, computed on the catalogue graph plus all 345 selected candidates with a=2.500 and D=1.566 held at their fitted values): this closure changes P by dP=-0.0059 (rank 55 of 345 by |dP|) and the largest-system share of total mapped fault length by -0.00000; the merged system would be 11.43 km long. It is a graph bridge: no other selected candidate joins these two sides, so this closure is what actually merges them. Status: validated on both 8-connected component holdout (0.293 vs 0.059 ctrl) and NBMG FID vector-trace holdout (0.100 vs 0.020 ctrl). Reviewer geometry cue only: along-strike endpoint gap; assess continuation, relay, or cartographic segmentation; this is not proof of a step-over or termination. Exclusive review class: H27-5b_inter-FID_same-name_kinematic-compatible. Different FIDs are records in this same NBMG compilation, not independent source confirmation."
T27-0212,3,end-to-end,1.404,4.086,30.651,False,175.914,0.375,2.083,2.938,6.425,4,0.0,0,False,1929,1679,False,"Fish Lake Valley fault zone, Leidy Creek section","Fish Lake Valley fault zone, Leidy Creek section",True,49a,49a,Well Constrained,Well Constrained,RL,RL,Unspecified,Unspecified,100,250,True,H27-5b_inter-FID_same-name_kinematic-compatible,"along-strike endpoint gap; assess continuation, relay, or cartographic segmentation",https://web2.nbmg.unr.edu/arcgis/rest/services/Qfaults/Qfaults_INGENIOUS/MapServer/0,https://www.osti.gov/servlets/purl/1724082,True,6.425,-1e-06,-0.005855,97.5444,37,-118.17444,37.79572,-118.17578,37.80833,3247,1532,3233,1531,"Closing this 1.4 km gap would join two currently disconnected mapped systems (2.1 km and 2.9 km) into one 6.4 km system. NBMG INGENIOUS vector attribution: inter-FID structural linkage within fault zone 'Fish Lake Valley fault zone, Leidy Creek section' (NUM=49a), bridging FID=1929 (Well Constrained, SLIPSENSE=RL, DIPDIRECT=Unspecified) to FID=1679 (Well Constrained, SLIPSENSE=RL, DIPDIRECT=Unspecified); kinematic_compat=True. Geometry: tip-to-tip along strike; one-sided; the tip points 4 deg off the link and 31 deg. The link strikes N176 E and 37% of the distance-weighted catalogued fault length within ~40 km lies within 20 deg of that strike (data-driven kinematic domain; no external stress model). Structural-setting label (geometry only; mapping to settings is ours): linkage/termination/step-over settings host ~25%/32% of characterised Great Basin geothermal systems (Faulds & Hinz 2015). Connectivity context: the catalogue network is near its critical connectivity (Berkowitz-style P=5.78 vs Pc 5.6-6.0 at the domain scale), where individual closures matter most, but Berkowitz et al. (2000) give ensemble statistics, not a verdict on this particular gap. Base coverage: 0% of its dots already lie within 300 m of the 0.2477 emission.  Graph value (Berkowitz et al. 2000 connectivity parameter, computed on the catalogue graph plus all 345 selected candidates with a=2.500 and D=1.566 held at their fitted values): this closure changes P by dP=-0.0059 (rank 37 of 345 by |dP|) and the largest-system share of total mapped fault length by -0.00000; the merged system would be 6.42 km long. It is a graph bridge: no other selected candidate joins these two sides, so this closure is what actually merges them. Status: validated on both 8-connected component holdout (0.293 vs 0.059 ctrl) and NBMG FID vector-trace holdout (0.100 vs 0.020 ctrl). Reviewer geometry cue only: along-strike endpoint gap; assess continuation, relay, or cartographic segmentation; this is not proof of a step-over or termination. Exclusive review class: H27-5b_inter-FID_same-name_kinematic-compatible. Different FIDs are records in this same NBMG compilation, not independent source confirmation."
T27-0214,3,end-to-end,1.414,22.166,23.875,True,98.13,0.166,0.866,4.677,6.957,4,1.0,4,False,1552,1565,False,Wassuk Range fault zone,Wassuk Range fault zone,True,1300,1300,Well Constrained,Moderately Constrained,N,N,Unspecified,Unspecified,250,250,True,H27-5b_inter-FID_same-name_kinematic-compatible,"along-strike endpoint gap; assess continuation, relay, or cartographic segmentation",https://web2.nbmg.unr.edu/arcgis/rest/services/Qfaults/Qfaults_INGENIOUS/MapServer/0,https://www.osti.gov/servlets/purl/1724082,True,6.957,-1e-06,0.0,25.7745,291,-118.63976,38.44352,-118.62369,38.44194,2522,1135,2524,1149,"Closing this 1.4 km gap would join two currently disconnected mapped systems (0.9 km and 4.7 km) into one 7.0 km system. NBMG INGENIOUS vector attribution: inter-FID structural linkage within fault zone 'Wassuk Range fault zone' (NUM=1300), bridging FID=1552 (Well Constrained, SLIPSENSE=N, DIPDIRECT=Unspecified) to FID=1565 (Moderately Constrained, SLIPSENSE=N, DIPDIRECT=Unspecified); kinematic_compat=True. Geometry: tip-to-tip along strike; mutual nearest tips; the tip points 22 deg off the link and 24 deg. The link strikes N98 E and 17% of the distance-weighted catalogued fault length within ~40 km lies within 20 deg of that strike (data-driven kinematic domain; no external stress model). Structural-setting label (geometry only; mapping to settings is ours): linkage/termination/step-over settings host ~25%/32% of characterised Great Basin geothermal systems (Faulds & Hinz 2015). Connectivity context: the catalogue network is near its critical connectivity (Berkowitz-style P=5.78 vs Pc 5.6-6.0 at the domain scale), where individual closures matter most, but Berkowitz et al. (2000) give ensemble statistics, not a verdict on this particular gap. Base coverage: 100% of its dots already lie within 300 m of the 0.2477 emission.  Graph value (Berkowitz et al. 2000 connectivity parameter, computed on the catalogue graph plus all 345 selected candidates with a=2.500 and D=1.566 held at their fitted values): this closure changes P by dP=+0.0000 (rank 291 of 345 by |dP|) and the largest-system share of total mapped fault length by -0.00000; the merged system would be 6.96 km long. It is a graph bridge: no other selected candidate joins these two sides, so this closure is what actually merges them. Status: validated on both 8-connected component holdout (0.293 vs 0.059 ctrl) and NBMG FID vector-trace holdout (0.100 vs 0.020 ctrl). Reviewer geometry cue only: along-strike endpoint gap; assess continuation, relay, or cartographic segmentation; this is not proof of a step-over or termination. Exclusive review class: H27-5b_inter-FID_same-name_kinematic-compatible. Different FIDs are records in this same NBMG compilation, not independent source confirmation."
T27-0216,3,end-to-end,1.432,8.461,4.97,True,77.905,0.32,6.297,1.824,9.553,4,0.0,0,False,104,106,False,Carson lineament,Carson lineament,True,1663,1663,Well Constrained,Well Constrained,LL,LL,Unspecified,Unspecified,250,250,True,H27-5b_inter-FID_same-name_kinematic-compatible,"along-strike endpoint gap; assess continuation, relay, or cartographic segmentation",https://web2.nbmg.unr.edu/arcgis/rest/services/Qfaults/Qfaults_INGENIOUS/MapServer/0,https://www.osti.gov/servlets/purl/1724082,True,9.553,-1e-06,-0.005855,104.4022,35,-119.17128,39.46022,-119.18746,39.45722,1384,698,1387,684,"Closing this 1.4 km gap would join two currently disconnected mapped systems (6.3 km and 1.8 km) into one 9.6 km system. NBMG INGENIOUS vector attribution: inter-FID structural linkage within fault zone 'Carson lineament' (NUM=1663), bridging FID=104 (Well Constrained, SLIPSENSE=LL, DIPDIRECT=Unspecified) to FID=106 (Well Constrained, SLIPSENSE=LL, DIPDIRECT=Unspecified); kinematic_compat=True. Geometry: tip-to-tip along strike; mutual nearest tips; the tip points 8 deg off the link and 5 deg. The link strikes N78 E and 32% of the distance-weighted catalogued fault length within ~40 km lies within 20 deg of that strike (data-driven kinematic domain; no external stress model). Structural-setting label (geometry only; mapping to settings is ours): linkage/termination/step-over settings host ~25%/32% of characterised Great Basin geothermal systems (Faulds & Hinz 2015). Connectivity context: the catalogue network is near its critical connectivity (Berkowitz-style P=5.78 vs Pc 5.6-6.0 at the domain scale), where individual closures matter most, but Berkowitz et al. (2000) give ensemble statistics, not a verdict on this particular gap. Base coverage: 0% of its dots already lie within 300 m of the 0.2477 emission.  Graph value (Berkowitz et al. 2000 connectivity parameter, computed on the catalogue graph plus all 345 selected candidates with a=2.500 and D=1.566 held at their fitted values): this closure changes P by dP=-0.0059 (rank 35 of 345 by |dP|) and the largest-system share of total mapped fault length by -0.00000; the merged system would be 9.55 km long. It is a graph bridge: no other selected candidate joins these two sides, so this closure is what actually merges them. Status: validated on both 8-connected component holdout (0.293 vs 0.059 ctrl) and NBMG FID vector-trace holdout (0.100 vs 0.020 ctrl). Reviewer geometry cue only: along-strike endpoint gap; assess continuation, relay, or cartographic segmentation; this is not proof of a step-over or termination. Exclusive review class: H27-5b_inter-FID_same-name_kinematic-compatible. Different FIDs are records in this same NBMG compilation, not independent source confirmation."
T27-0218,3,end-to-end,1.487,12.352,5.618,True,109.654,0.074,12.037,2.997,16.52,4,0.0,0,False,47,40,False,Bettles Well-Petrified Springs fault,Bettles Well-Petrified Springs fault,True,1326,1326,Moderately Constrained,Well Constrained,RL,RL,Unspecified,Unspecified,250,250,True,H27-5b_inter-FID_same-name_kinematic-compatible,"along-strike endpoint gap; assess continuation, relay, or cartographic segmentation",https://web2.nbmg.unr.edu/arcgis/rest/services/Qfaults/Qfaults_INGENIOUS/MapServer/0,https://www.osti.gov/servlets/purl/1724082,True,16.52,-2e-06,-0.005855,119.0584,29,-118.0191,38.5524,-118.00297,38.54803,2409,1678,2414,1692,"Closing this 1.5 km gap would join two currently disconnected mapped systems (12.0 km and 3.0 km) into one 16.5 km system. NBMG INGENIOUS vector attribution: inter-FID structural linkage within fault zone 'Bettles Well-Petrified Springs fault' (NUM=1326), bridging FID=47 (Moderately Constrained, SLIPSENSE=RL, DIPDIRECT=Unspecified) to FID=40 (Well Constrained, SLIPSENSE=RL, DIPDIRECT=Unspecified); kinematic_compat=True. Geometry: tip-to-tip along strike; mutual nearest tips; the tip points 12 deg off the link and 6 deg. The link strikes N110 E and 7% of the distance-weighted catalogued fault length within ~40 km lies within 20 deg of that strike (data-driven kinematic domain; no external stress model). Structural-setting label (geometry only; mapping to settings is ours): linkage/termination/step-over settings host ~25%/32% of characterised Great Basin geothermal systems (Faulds & Hinz 2015). Connectivity context: the catalogue network is near its critical connectivity (Berkowitz-style P=5.78 vs Pc 5.6-6.0 at the domain scale), where individual closures matter most, but Berkowitz et al. (2000) give ensemble statistics, not a verdict on this particular gap. Base coverage: 0% of its dots already lie within 300 m of the 0.2477 emission.  Graph value (Berkowitz et al. 2000 connectivity parameter, computed on the catalogue graph plus all 345 selected candidates with a=2.500 and D=1.566 held at their fitted values): this closure changes P by dP=-0.0059 (rank 29 of 345 by |dP|) and the largest-system share of total mapped fault length by -0.00000; the merged system would be 16.52 km long. It is a graph bridge: no other selected candidate joins these two sides, so this closure is what actually merges them. Status: validated on both 8-connected component holdout (0.293 vs 0.059 ctrl) and NBMG FID vector-trace holdout (0.100 vs 0.020 ctrl). Reviewer geometry cue only: along-strike endpoint gap; assess continuation, relay, or cartographic segmentation; this is not proof of a step-over or termination. Exclusive review class: H27-5b_inter-FID_same-name_kinematic-compatible. Different FIDs are records in this same NBMG compilation, not independent source confirmation."
T27-0219,3,end-to-end,1.487,14.036,19.654,False,19.654,0.332,0.766,2.083,4.335,4,0.0,0,False,1679,1929,False,"Fish Lake Valley fault zone, Leidy Creek section","Fish Lake Valley fault zone, Leidy Creek section",True,49a,49a,Well Constrained,Well Constrained,RL,RL,Unspecified,Unspecified,250,100,True,H27-5b_inter-FID_same-name_kinematic-compatible,"along-strike endpoint gap; assess continuation, relay, or cartographic segmentation",https://web2.nbmg.unr.edu/arcgis/rest/services/Qfaults/Qfaults_INGENIOUS/MapServer/0,https://www.osti.gov/servlets/purl/1724082,True,4.335,-2e-06,0.0,52.9257,214,-118.16896,37.8084,-118.17444,37.79572,3233,1537,3247,1532,"Closing this 1.5 km gap would join two currently disconnected mapped systems (0.8 km and 2.1 km) into one 4.3 km system. NBMG INGENIOUS vector attribution: inter-FID structural linkage within fault zone 'Fish Lake Valley fault zone, Leidy Creek section' (NUM=49a), bridging FID=1679 (Well Constrained, SLIPSENSE=RL, DIPDIRECT=Unspecified) to FID=1929 (Well Constrained, SLIPSENSE=RL, DIPDIRECT=Unspecified); kinematic_compat=True. Geometry: tip-to-tip along strike; one-sided; the tip points 14 deg off the link and 20 deg. The link strikes N20 E and 33% of the distance-weighted catalogued fault length within ~40 km lies within 20 deg of that strike (data-driven kinematic domain; no external stress model). Structural-setting label (geometry only; mapping to settings is ours): linkage/termination/step-over settings host ~25%/32% of characterised Great Basin geothermal systems (Faulds & Hinz 2015). Connectivity context: the catalogue network is near its critical connectivity (Berkowitz-style P=5.78 vs Pc 5.6-6.0 at the domain scale), where individual closures matter most, but Berkowitz et al. (2000) give ensemble statistics, not a verdict on this particular gap. Base coverage: 0% of its dots already lie within 300 m of the 0.2477 emission.  Graph value (Berkowitz et al. 2000 connectivity parameter, computed on the catalogue graph plus all 345 selected candidates with a=2.500 and D=1.566 held at their fitted values): this closure changes P by dP=+0.0000 (rank 214 of 345 by |dP|) and the largest-system share of total mapped fault length by -0.00000; the merged system would be 4.34 km long. It is a graph bridge: no other selected candidate joins these two sides, so this closure is what actually merges them. Status: validated on both 8-connected component holdout (0.293 vs 0.059 ctrl) and NBMG FID vector-trace holdout (0.100 vs 0.020 ctrl). Reviewer geometry cue only: along-strike endpoint gap; assess continuation, relay, or cartographic segmentation; this is not proof of a step-over or termination. Exclusive review class: H27-5b_inter-FID_same-name_kinematic-compatible. Different FIDs are records in this same NBMG compilation, not independent source confirmation."
T27-0074,4,end-to-end,1.5,16.26,11.944,True,143.13,0.524,2.014,3.546,7.06,3,0.333,1,False,1423,1422,False,Unnamed faults near Terrill Mountains,Unnamed faults near Terrill Mountains,True,1310,1310,Moderately Constrained,Well Constrained,RL,RL,Unspecified,Unspecified,250,250,True,H27-5b_inter-FID_same-name_kinematic-compatible,"along-strike endpoint gap; assess continuation, relay, or cartographic segmentation",https://web2.nbmg.unr.edu/arcgis/rest/services/Qfaults/Qfaults_INGENIOUS/MapServer/0,https://www.osti.gov/servlets/purl/1724082,True,7.06,-2e-06,-0.005855,33.2125,80,-118.68794,39.08081,-118.67729,39.07015,1814,1106,1826,1115,"Closing this 1.5 km gap would join two currently disconnected mapped systems (2.0 km and 3.5 km) into one 7.1 km system. NBMG INGENIOUS vector attribution: inter-FID structural linkage within fault zone 'Unnamed faults near Terrill Mountains' (NUM=1310), bridging FID=1423 (Moderately Constrained, SLIPSENSE=RL, DIPDIRECT=Unspecified) to FID=1422 (Well Constrained, SLIPSENSE=RL, DIPDIRECT=Unspecified); kinematic_compat=True. Geometry: tip-to-tip along strike; mutual nearest tips; the tip points 16 deg off the link and 12 deg. The link strikes N143 E and 52% of the distance-weighted catalogued fault length within ~40 km lies within 20 deg of that strike (data-driven kinematic domain; no external stress model). Structural-setting label (geometry only; mapping to settings is ours): linkage/termination/step-over settings host ~25%/32% of characterised Great Basin geothermal systems (Faulds & Hinz 2015). Connectivity context: the catalogue network is near its critical connectivity (Berkowitz-style P=5.78 vs Pc 5.6-6.0 at the domain scale), where individual closures matter most, but Berkowitz et al. (2000) give ensemble statistics, not a verdict on this particular gap. Base coverage: 33% of its dots already lie within 300 m of the 0.2477 emission.  Graph value (Berkowitz et al. 2000 connectivity parameter, computed on the catalogue graph plus all 345 selected candidates with a=2.500 and D=1.566 held at their fitted values): this closure changes P by dP=-0.0059 (rank 80 of 345 by |dP|) and the largest-system share of total mapped fault length by -0.00000; the merged system would be 7.06 km long. It is a graph bridge: no other selected candidate joins these two sides, so this closure is what actually merges them. Status: validated on both 8-connected component holdout (0.293 vs 0.059 ctrl) and NBMG FID vector-trace holdout (0.100 vs 0.020 ctrl). Reviewer geometry cue only: along-strike endpoint gap; assess continuation, relay, or cartographic segmentation; this is not proof of a step-over or termination. Exclusive review class: H27-5b_inter-FID_same-name_kinematic-compatible. Different FIDs are records in this same NBMG compilation, not independent source confirmation."
T27-0075,4,end-to-end,1.503,10.939,22.751,True,3.814,0.447,2.183,5.387,9.073,4,0.75,3,False,863,862,False,Shoshone Range fault zone,Shoshone Range fault zone,True,1148,1148,Moderately Constrained,Well Constrained,N,N,NW,NW,250,250,True,H27-5b_inter-FID_same-name_kinematic-compatible,"along-strike endpoint gap; assess continuation, relay, or cartographic segmentation",https://web2.nbmg.unr.edu/arcgis/rest/services/Qfaults/Qfaults_INGENIOUS/MapServer/0,https://www.osti.gov/servlets/purl/1724082,True,9.073,-2e-06,-0.005855,48.5379,66,-117.09404,40.2328,-117.0952,40.21928,549,2486,564,2485,"Closing this 1.5 km gap would join two currently disconnected mapped systems (2.2 km and 5.4 km) into one 9.1 km system. NBMG INGENIOUS vector attribution: inter-FID structural linkage within fault zone 'Shoshone Range fault zone' (NUM=1148), bridging FID=863 (Moderately Constrained, SLIPSENSE=N, DIPDIRECT=NW) to FID=862 (Well Constrained, SLIPSENSE=N, DIPDIRECT=NW); kinematic_compat=True. Geometry: tip-to-tip along strike; mutual nearest tips; the tip points 11 deg off the link and 23 deg. The link strikes N4 E and 45% of the distance-weighted catalogued fault length within ~40 km lies within 20 deg of that strike (data-driven kinematic domain; no external stress model). Structural-setting label (geometry only; mapping to settings is ours): linkage/termination/step-over settings host ~25%/32% of characterised Great Basin geothermal systems (Faulds & Hinz 2015). Connectivity context: the catalogue network is near its critical connectivity (Berkowitz-style P=5.78 vs Pc 5.6-6.0 at the domain scale), where individual closures matter most, but Berkowitz et al. (2000) give ensemble statistics, not a verdict on this particular gap. Base coverage: 75% of its dots already lie within 300 m of the 0.2477 emission.  Graph value (Berkowitz et al. 2000 connectivity parameter, computed on the catalogue graph plus all 345 selected candidates with a=2.500 and D=1.566 held at their fitted values): this closure changes P by dP=-0.0059 (rank 66 of 345 by |dP|) and the largest-system share of total mapped fault length by -0.00000; the merged system would be 9.07 km long. It is a graph bridge: no other selected candidate joins these two sides, so this closure is what actually merges them. Status: validated on both 8-connected component holdout (0.293 vs 0.059 ctrl) and NBMG FID vector-trace holdout (0.100 vs 0.020 ctrl). Reviewer geometry cue only: along-strike endpoint gap; assess continuation, relay, or cartographic segmentation; this is not proof of a step-over or termination. Exclusive review class: H27-5b_inter-FID_same-name_kinematic-compatible. Different FIDs are records in this same NBMG compilation, not independent source confirmation."
T27-0222,3,end-to-end,1.523,9.162,2.643,False,23.199,0.477,8.436,1.449,11.407,4,0.75,3,False,442,443,False,Hot Springs Mountain fault zone,Hot Springs Mountain fault zone,True,1673,1673,Well Constrained,Well Constrained,N,N,SE,SE,250,250,True,H27-5b_inter-FID_same-name_kinematic-compatible,"along-strike endpoint gap; assess continuation, relay, or cartographic segmentation",https://web2.nbmg.unr.edu/arcgis/rest/services/Qfaults/Qfaults_INGENIOUS/MapServer/0,https://www.osti.gov/servlets/purl/1724082,True,11.407,-2e-06,0.0,56.8681,206,-119.00794,39.68028,-119.00131,39.69301,1143,844,1129,850,"Closing this 1.5 km gap would join two currently disconnected mapped systems (8.4 km and 1.4 km) into one 11.4 km system. NBMG INGENIOUS vector attribution: inter-FID structural linkage within fault zone 'Hot Springs Mountain fault zone' (NUM=1673), bridging FID=442 (Well Constrained, SLIPSENSE=N, DIPDIRECT=SE) to FID=443 (Well Constrained, SLIPSENSE=N, DIPDIRECT=SE); kinematic_compat=True. Geometry: tip-to-tip along strike; one-sided; the tip points 9 deg off the link and 3 deg. The link strikes N23 E and 48% of the distance-weighted catalogued fault length within ~40 km lies within 20 deg of that strike (data-driven kinematic domain; no external stress model). Structural-setting label (geometry only; mapping to settings is ours): linkage/termination/step-over settings host ~25%/32% of characterised Great Basin geothermal systems (Faulds & Hinz 2015). Connectivity context: the catalogue network is near its critical connectivity (Berkowitz-style P=5.78 vs Pc 5.6-6.0 at the domain scale), where individual closures matter most, but Berkowitz et al. (2000) give ensemble statistics, not a verdict on this particular gap. Base coverage: 75% of its dots already lie within 300 m of the 0.2477 emission.  Graph value (Berkowitz et al. 2000 connectivity parameter, computed on the catalogue graph plus all 345 selected candidates with a=2.500 and D=1.566 held at their fitted values): this closure changes P by dP=+0.0000 (rank 206 of 345 by |dP|) and the largest-system share of total mapped fault length by -0.00000; the merged system would be 11.41 km long. It is a graph bridge: no other selected candidate joins these two sides, so this closure is what actually merges them. Status: validated on both 8-connected component holdout (0.293 vs 0.059 ctrl) and NBMG FID vector-trace holdout (0.100 vs 0.020 ctrl). Reviewer geometry cue only: along-strike endpoint gap; assess continuation, relay, or cartographic segmentation; this is not proof of a step-over or termination. Exclusive review class: H27-5b_inter-FID_same-name_kinematic-compatible. Different FIDs are records in this same NBMG compilation, not independent source confirmation."
T27-0019,5,end-to-end,1.526,0.644,17.791,True,148.392,0.58,0.624,2.663,4.813,4,0.25,1,False,1555,1561,False,Wassuk Range fault zone,Wassuk Range fault zone,True,1300,1300,Well Constrained,Moderately Constrained,N,N,Unspecified,Unspecified,250,250,True,H27-5b_inter-FID_same-name_kinematic-compatible,"along-strike endpoint gap; assess continuation, relay, or cartographic segmentation",https://web2.nbmg.unr.edu/arcgis/rest/services/Qfaults/Qfaults_INGENIOUS/MapServer/0,https://www.osti.gov/servlets/purl/1724082,True,4.813,-2e-06,0.0,15.6893,324,-118.90958,39.02603,-118.90003,39.01447,1871,913,1884,921,"Closing this 1.5 km gap would join two currently disconnected mapped systems (0.6 km and 2.7 km) into one 4.8 km system. NBMG INGENIOUS vector attribution: inter-FID structural linkage within fault zone 'Wassuk Range fault zone' (NUM=1300), bridging FID=1555 (Well Constrained, SLIPSENSE=N, DIPDIRECT=Unspecified) to FID=1561 (Moderately Constrained, SLIPSENSE=N, DIPDIRECT=Unspecified); kinematic_compat=True. Geometry: tip-to-tip along strike; mutual nearest tips; the tip points 1 deg off the link and 18 deg. The link strikes N148 E and 58% of the distance-weighted catalogued fault length within ~40 km lies within 20 deg of that strike (data-driven kinematic domain; no external stress model). Structural-setting label (geometry only; mapping to settings is ours): linkage/termination/step-over settings host ~25%/32% of characterised Great Basin geothermal systems (Faulds & Hinz 2015). Connectivity context: the catalogue network is near its critical connectivity (Berkowitz-style P=5.78 vs Pc 5.6-6.0 at the domain scale), where individual closures matter most, but Berkowitz et al. (2000) give ensemble statistics, not a verdict on this particular gap. Base coverage: 25% of its dots already lie within 300 m of the 0.2477 emission.  Graph value (Berkowitz et al. 2000 connectivity parameter, computed on the catalogue graph plus all 345 selected candidates with a=2.500 and D=1.566 held at their fitted values): this closure changes P by dP=+0.0000 (rank 324 of 345 by |dP|) and the largest-system share of total mapped fault length by -0.00000; the merged system would be 4.81 km long. It is a graph bridge: no other selected candidate joins these two sides, so this closure is what actually merges them. Status: validated on both 8-connected component holdout (0.293 vs 0.059 ctrl) and NBMG FID vector-trace holdout (0.100 vs 0.020 ctrl). Reviewer geometry cue only: along-strike endpoint gap; assess continuation, relay, or cartographic segmentation; this is not proof of a step-over or termination. Exclusive review class: H27-5b_inter-FID_same-name_kinematic-compatible. Different FIDs are records in this same NBMG compilation, not independent source confirmation."
T27-0224,3,end-to-end,1.53,0.0,2.726,True,168.69,0.269,0.541,11.088,13.159,4,0.0,0,False,463,464,False,Indian Head fault,Indian Head fault,True,1307,1307,Well Constrained,Moderately Constrained,RL,RL,SW,SW,250,250,True,H27-5b_inter-FID_same-name_kinematic-compatible,"along-strike endpoint gap; assess continuation, relay, or cartographic segmentation",https://web2.nbmg.unr.edu/arcgis/rest/services/Qfaults/Qfaults_INGENIOUS/MapServer/0,https://www.osti.gov/servlets/purl/1724082,True,13.159,-2e-06,0.0,49.9267,222,-118.37354,38.66412,-118.36983,38.65065,2281,1371,2296,1374,"Closing this 1.5 km gap would join two currently disconnected mapped systems (0.5 km and 11.1 km) into one 13.2 km system. NBMG INGENIOUS vector attribution: inter-FID structural linkage within fault zone 'Indian Head fault' (NUM=1307), bridging FID=463 (Well Constrained, SLIPSENSE=RL, DIPDIRECT=SW) to FID=464 (Moderately Constrained, SLIPSENSE=RL, DIPDIRECT=SW); kinematic_compat=True. Geometry: tip-to-tip along strike; mutual nearest tips; the tip points 0 deg off the link and 3 deg. The link strikes N169 E and 27% of the distance-weighted catalogued fault length within ~40 km lies within 20 deg of that strike (data-driven kinematic domain; no external stress model). Structural-setting label (geometry only; mapping to settings is ours): linkage/termination/step-over settings host ~25%/32% of characterised Great Basin geothermal systems (Faulds & Hinz 2015). Connectivity context: the catalogue network is near its critical connectivity (Berkowitz-style P=5.78 vs Pc 5.6-6.0 at the domain scale), where individual closures matter most, but Berkowitz et al. (2000) give ensemble statistics, not a verdict on this particular gap. Base coverage: 0% of its dots already lie within 300 m of the 0.2477 emission.  Graph value (Berkowitz et al. 2000 connectivity parameter, computed on the catalogue graph plus all 345 selected candidates with a=2.500 and D=1.566 held at their fitted values): this closure changes P by dP=+0.0000 (rank 222 of 345 by |dP|) and the largest-system share of total mapped fault length by -0.00000; the merged system would be 13.16 km long. It is a graph bridge: no other selected candidate joins these two sides, so this closure is what actually merges them. Status: validated on both 8-connected component holdout (0.293 vs 0.059 ctrl) and NBMG FID vector-trace holdout (0.100 vs 0.020 ctrl). Reviewer geometry cue only: along-strike endpoint gap; assess continuation, relay, or cartographic segmentation; this is not proof of a step-over or termination. Exclusive review class: H27-5b_inter-FID_same-name_kinematic-compatible. Different FIDs are records in this same NBMG compilation, not independent source confirmation."
T27-0086,4,end-to-end,1.697,8.13,0.0,False,45.0,0.457,1.956,0.907,4.56,3,0.0,0,False,199,200,False,Dry Hills faults,Dry Hills faults,True,1153,1153,Well Constrained,Moderately Constrained,N,N,NW,NW,250,250,True,H27-5b_inter-FID_same-name_kinematic-compatible,"along-strike endpoint gap; assess continuation, relay, or cartographic segmentation",https://web2.nbmg.unr.edu/arcgis/rest/services/Qfaults/Qfaults_INGENIOUS/MapServer/0,https://www.osti.gov/servlets/purl/1724082,True,4.56,-2e-06,0.0,72.754,186,-116.43252,40.47829,-116.41827,40.48903,275,3047,263,3059,"Closing this 1.7 km gap would join two currently disconnected mapped systems (2.0 km and 0.9 km) into one 4.6 km system. NBMG INGENIOUS vector attribution: inter-FID structural linkage within fault zone 'Dry Hills faults' (NUM=1153), bridging FID=199 (Well Constrained, SLIPSENSE=N, DIPDIRECT=NW) to FID=200 (Moderately Constrained, SLIPSENSE=N, DIPDIRECT=NW); kinematic_compat=True. Geometry: tip-to-tip along strike; one-sided; the tip points 8 deg off the link and 0 deg. The link strikes N45 E and 46% of the distance-weighted catalogued fault length within ~40 km lies within 20 deg of that strike (data-driven kinematic domain; no external stress model). Structural-setting label (geometry only; mapping to settings is ours): linkage/termination/step-over settings host ~25%/32% of characterised Great Basin geothermal systems (Faulds & Hinz 2015). Connectivity context: the catalogue network is near its critical connectivity (Berkowitz-style P=5.78 vs Pc 5.6-6.0 at the domain scale), where individual closures matter most, but Berkowitz et al. (2000) give ensemble statistics, not a verdict on this particular gap. Base coverage: 0% of its dots already lie within 300 m of the 0.2477 emission.  Graph value (Berkowitz et al. 2000 connectivity parameter, computed on the catalogue graph plus all 345 selected candidates with a=2.500 and D=1.566 held at their fitted values): this closure changes P by dP=+0.0000 (rank 186 of 345 by |dP|) and the largest-system share of total mapped fault length by -0.00000; the merged system would be 4.56 km long. It is a graph bridge: no other selected candidate joins these two sides, so this closure is what actually merges them. Status: validated on both 8-connected component holdout (0.293 vs 0.059 ctrl) and NBMG FID vector-trace holdout (0.100 vs 0.020 ctrl). Reviewer geometry cue only: along-strike endpoint gap; assess continuation, relay, or cartographic segmentation; this is not proof of a step-over or termination. Exclusive review class: H27-5b_inter-FID_same-name_kinematic-compatible. Different FIDs are records in this same NBMG compilation, not independent source confirmation."
T27-0025,5,end-to-end,1.703,3.366,17.403,True,3.366,0.404,0.8,3.207,5.71,5,0.0,0,False,804,806,False,Sagouse fault zone,Sagouse fault zone,True,1677,1677,Well Constrained,Moderately Constrained,N,N,Unspecified,Unspecified,250,250,True,H27-5b_inter-FID_same-name_kinematic-compatible,"along-strike endpoint gap; assess continuation, relay, or cartographic segmentation",https://web2.nbmg.unr.edu/arcgis/rest/services/Qfaults/Qfaults_INGENIOUS/MapServer/0,https://www.osti.gov/servlets/purl/1724082,True,5.71,-2e-06,-0.005855,44.3971,70,-118.8001,39.62423,-118.80087,39.6089,1209,1021,1226,1020,"Closing this 1.7 km gap would join two currently disconnected mapped systems (0.8 km and 3.2 km) into one 5.7 km system. NBMG INGENIOUS vector attribution: inter-FID structural linkage within fault zone 'Sagouse fault zone' (NUM=1677), bridging FID=804 (Well Constrained, SLIPSENSE=N, DIPDIRECT=Unspecified) to FID=806 (Moderately Constrained, SLIPSENSE=N, DIPDIRECT=Unspecified); kinematic_compat=True. Geometry: tip-to-tip along strike; mutual nearest tips; the tip points 3 deg off the link and 17 deg. The link strikes N3 E and 40% of the distance-weighted catalogued fault length within ~40 km lies within 20 deg of that strike (data-driven kinematic domain; no external stress model). Structural-setting label (geometry only; mapping to settings is ours): linkage/termination/step-over settings host ~25%/32% of characterised Great Basin geothermal systems (Faulds & Hinz 2015). Connectivity context: the catalogue network is near its critical connectivity (Berkowitz-style P=5.78 vs Pc 5.6-6.0 at the domain scale), where individual closures matter most, but Berkowitz et al. (2000) give ensemble statistics, not a verdict on this particular gap. Base coverage: 0% of its dots already lie within 300 m of the 0.2477 emission.  Graph value (Berkowitz et al. 2000 connectivity parameter, computed on the catalogue graph plus all 345 selected candidates with a=2.500 and D=1.566 held at their fitted values): this closure changes P by dP=-0.0059 (rank 70 of 345 by |dP|) and the largest-system share of total mapped fault length by -0.00000; the merged system would be 5.71 km long. It is a graph bridge: no other selected candidate joins these two sides, so this closure is what actually merges them. Status: validated on both 8-connected component holdout (0.293 vs 0.059 ctrl) and NBMG FID vector-trace holdout (0.100 vs 0.020 ctrl). Reviewer geometry cue only: along-strike endpoint gap; assess continuation, relay, or cartographic segmentation; this is not proof of a step-over or termination. Exclusive review class: H27-5b_inter-FID_same-name_kinematic-compatible. Different FIDs are records in this same NBMG compilation, not independent source confirmation."
T27-0091,4,end-to-end,1.72,13.861,9.462,True,144.462,0.533,7.581,0.624,9.926,4,0.0,0,False,410,409,False,Gumdrop Hills fault zone,Gumdrop Hills fault zone,True,1309,1309,Well Constrained,Well Constrained,RL,RL,SW,SW,250,250,True,H27-5b_inter-FID_same-name_kinematic-compatible,"along-strike endpoint gap; assess continuation, relay, or cartographic segmentation",https://web2.nbmg.unr.edu/arcgis/rest/services/Qfaults/Qfaults_INGENIOUS/MapServer/0,https://www.osti.gov/servlets/purl/1724082,True,9.926,-2e-06,0.0,40.6594,244,-118.45123,38.81187,-118.43947,38.7994,2116,1306,2130,1316,"Closing this 1.7 km gap would join two currently disconnected mapped systems (7.6 km and 0.6 km) into one 9.9 km system. NBMG INGENIOUS vector attribution: inter-FID structural linkage within fault zone 'Gumdrop Hills fault zone' (NUM=1309), bridging FID=410 (Well Constrained, SLIPSENSE=RL, DIPDIRECT=SW) to FID=409 (Well Constrained, SLIPSENSE=RL, DIPDIRECT=SW); kinematic_compat=True. Geometry: tip-to-tip along strike; mutual nearest tips; the tip points 14 deg off the link and 9 deg. The link strikes N144 E and 53% of the distance-weighted catalogued fault length within ~40 km lies within 20 deg of that strike (data-driven kinematic domain; no external stress model). Structural-setting label (geometry only; mapping to settings is ours): linkage/termination/step-over settings host ~25%/32% of characterised Great Basin geothermal systems (Faulds & Hinz 2015). Connectivity context: the catalogue network is near its critical connectivity (Berkowitz-style P=5.78 vs Pc 5.6-6.0 at the domain scale), where individual closures matter most, but Berkowitz et al. (2000) give ensemble statistics, not a verdict on this particular gap. Base coverage: 0% of its dots already lie within 300 m of the 0.2477 emission.  Graph value (Berkowitz et al. 2000 connectivity parameter, computed on the catalogue graph plus all 345 selected candidates with a=2.500 and D=1.566 held at their fitted values): this closure changes P by dP=+0.0000 (rank 244 of 345 by |dP|) and the largest-system share of total mapped fault length by -0.00000; the merged system would be 9.93 km long. It is a graph bridge: no other selected candidate joins these two sides, so this closure is what actually merges them. Status: validated on both 8-connected component holdout (0.293 vs 0.059 ctrl) and NBMG FID vector-trace holdout (0.100 vs 0.020 ctrl). Reviewer geometry cue only: along-strike endpoint gap; assess continuation, relay, or cartographic segmentation; this is not proof of a step-over or termination. Exclusive review class: H27-5b_inter-FID_same-name_kinematic-compatible. Different FIDs are records in this same NBMG compilation, not independent source confirmation."
T27-0250,3,end-to-end,1.86,16.876,4.932,False,36.254,0.506,1.531,1.656,5.047,4,0.0,0,False,1677,1418,False,Unnamed faults near Teels Marsh,Unnamed faults near Teels Marsh,True,1303,1303,Well Constrained,Well Constrained,LL,LL,Unspecified,NW,250,250,True,H27-5b_inter-FID_same-name_kinematic-compatible,"along-strike endpoint gap; assess continuation, relay, or cartographic segmentation",https://web2.nbmg.unr.edu/arcgis/rest/services/Qfaults/Qfaults_INGENIOUS/MapServer/0,https://www.osti.gov/servlets/purl/1724082,True,5.047,-2e-06,0.005855,20.3871,97,-118.56067,38.06791,-118.57291,38.05423,2940,1197,2955,1186,"Closing this 1.9 km gap would join two currently disconnected mapped systems (1.5 km and 1.7 km) into one 5.0 km system. NBMG INGENIOUS vector attribution: inter-FID structural linkage within fault zone 'Unnamed faults near Teels Marsh' (NUM=1303), bridging FID=1677 (Well Constrained, SLIPSENSE=LL, DIPDIRECT=Unspecified) to FID=1418 (Well Constrained, SLIPSENSE=LL, DIPDIRECT=NW); kinematic_compat=True. Geometry: tip-to-tip along strike; one-sided; the tip points 17 deg off the link and 5 deg. The link strikes N36 E and 51% of the distance-weighted catalogued fault length within ~40 km lies within 20 deg of that strike (data-driven kinematic domain; no external stress model). Structural-setting label (geometry only; mapping to settings is ours): linkage/termination/step-over settings host ~25%/32% of characterised Great Basin geothermal systems (Faulds & Hinz 2015). Connectivity context: the catalogue network is near its critical connectivity (Berkowitz-style P=5.78 vs Pc 5.6-6.0 at the domain scale), where individual closures matter most, but Berkowitz et al. (2000) give ensemble statistics, not a verdict on this particular gap. Base coverage: 0% of its dots already lie within 300 m of the 0.2477 emission.  Graph value (Berkowitz et al. 2000 connectivity parameter, computed on the catalogue graph plus all 345 selected candidates with a=2.500 and D=1.566 held at their fitted values): this closure changes P by dP=+0.0059 (rank 97 of 345 by |dP|) and the largest-system share of total mapped fault length by -0.00000; the merged system would be 5.05 km long. It is a graph bridge: no other selected candidate joins these two sides, so this closure is what actually merges them. Status: validated on both 8-connected component holdout (0.293 vs 0.059 ctrl) and NBMG FID vector-trace holdout (0.100 vs 0.020 ctrl). Reviewer geometry cue only: along-strike endpoint gap; assess continuation, relay, or cartographic segmentation; this is not proof of a step-over or termination. Exclusive review class: H27-5b_inter-FID_same-name_kinematic-compatible. Different FIDs are records in this same NBMG compilation, not independent source confirmation."
T27-0252,3,end-to-end,1.879,2.871,32.793,False,64.799,0.162,4.187,1.007,7.073,5,0.6,4,False,862,863,False,Shoshone Range fault zone,Shoshone Range fault zone,True,1148,1148,Well Constrained,Moderately Constrained,N,N,NW,NW,250,250,True,H27-5b_inter-FID_same-name_kinematic-compatible,"along-strike endpoint gap; assess continuation, relay, or cartographic segmentation",https://web2.nbmg.unr.edu/arcgis/rest/services/Qfaults/Qfaults_INGENIOUS/MapServer/0,https://www.osti.gov/servlets/purl/1724082,True,7.073,-2e-06,0.0,31.4812,266,-117.13719,40.06157,-117.11727,40.0688,739,2449,731,2466,"Closing this 1.9 km gap would join two currently disconnected mapped systems (4.2 km and 1.0 km) into one 7.1 km system. NBMG INGENIOUS vector attribution: inter-FID structural linkage within fault zone 'Shoshone Range fault zone' (NUM=1148), bridging FID=862 (Well Constrained, SLIPSENSE=N, DIPDIRECT=NW) to FID=863 (Moderately Constrained, SLIPSENSE=N, DIPDIRECT=NW); kinematic_compat=True. Geometry: tip-to-tip along strike; one-sided; the tip points 3 deg off the link and 33 deg. The link strikes N65 E and 16% of the distance-weighted catalogued fault length within ~40 km lies within 20 deg of that strike (data-driven kinematic domain; no external stress model). Structural-setting label (geometry only; mapping to settings is ours): linkage/termination/step-over settings host ~25%/32% of characterised Great Basin geothermal systems (Faulds & Hinz 2015). Connectivity context: the catalogue network is near its critical connectivity (Berkowitz-style P=5.78 vs Pc 5.6-6.0 at the domain scale), where individual closures matter most, but Berkowitz et al. (2000) give ensemble statistics, not a verdict on this particular gap. Base coverage: 60% of its dots already lie within 300 m of the 0.2477 emission.  Graph value (Berkowitz et al. 2000 connectivity parameter, computed on the catalogue graph plus all 345 selected candidates with a=2.500 and D=1.566 held at their fitted values): this closure changes P by dP=+0.0000 (rank 266 of 345 by |dP|) and the largest-system share of total mapped fault length by -0.00000; the merged system would be 7.07 km long. It is a graph bridge: no other selected candidate joins these two sides, so this closure is what actually merges them. Status: validated on both 8-connected component holdout (0.293 vs 0.059 ctrl) and NBMG FID vector-trace holdout (0.100 vs 0.020 ctrl). Reviewer geometry cue only: along-strike endpoint gap; assess continuation, relay, or cartographic segmentation; this is not proof of a step-over or termination. Exclusive review class: H27-5b_inter-FID_same-name_kinematic-compatible. Different FIDs are records in this same NBMG compilation, not independent source confirmation."
T27-0029,5,end-to-end,1.97,8.043,7.001,True,23.962,0.611,5.321,0.624,7.915,5,1.0,5,False,660,659,False,Northern Fish Creek Mountains faults,Northern Fish Creek Mountains faults,True,1146,1146,Moderately Constrained,Well Constrained,N,N,E,E,250,250,True,H27-5b_inter-FID_same-name_kinematic-compatible,"along-strike endpoint gap; assess continuation, relay, or cartographic segmentation",https://web2.nbmg.unr.edu/arcgis/rest/services/Qfaults/Qfaults_INGENIOUS/MapServer/0,https://www.osti.gov/servlets/purl/1724082,True,7.915,-2e-06,0.0,33.9467,257,-117.24166,40.42448,-117.25103,40.40824,336,2361,354,2353,"Closing this 2.0 km gap would join two currently disconnected mapped systems (5.3 km and 0.6 km) into one 7.9 km system. NBMG INGENIOUS vector attribution: inter-FID structural linkage within fault zone 'Northern Fish Creek Mountains faults' (NUM=1146), bridging FID=660 (Moderately Constrained, SLIPSENSE=N, DIPDIRECT=E) to FID=659 (Well Constrained, SLIPSENSE=N, DIPDIRECT=E); kinematic_compat=True. Geometry: tip-to-tip along strike; mutual nearest tips; the tip points 8 deg off the link and 7 deg. The link strikes N24 E and 61% of the distance-weighted catalogued fault length within ~40 km lies within 20 deg of that strike (data-driven kinematic domain; no external stress model). Structural-setting label (geometry only; mapping to settings is ours): linkage/termination/step-over settings host ~25%/32% of characterised Great Basin geothermal systems (Faulds & Hinz 2015). Connectivity context: the catalogue network is near its critical connectivity (Berkowitz-style P=5.78 vs Pc 5.6-6.0 at the domain scale), where individual closures matter most, but Berkowitz et al. (2000) give ensemble statistics, not a verdict on this particular gap. Base coverage: 100% of its dots already lie within 300 m of the 0.2477 emission.  Graph value (Berkowitz et al. 2000 connectivity parameter, computed on the catalogue graph plus all 345 selected candidates with a=2.500 and D=1.566 held at their fitted values): this closure changes P by dP=+0.0000 (rank 257 of 345 by |dP|) and the largest-system share of total mapped fault length by -0.00000; the merged system would be 7.92 km long. It is a graph bridge: no other selected candidate joins these two sides, so this closure is what actually merges them. Status: validated on both 8-connected component holdout (0.293 vs 0.059 ctrl) and NBMG FID vector-trace holdout (0.100 vs 0.020 ctrl). Reviewer geometry cue only: along-strike endpoint gap; assess continuation, relay, or cartographic segmentation; this is not proof of a step-over or termination. Exclusive review class: H27-5b_inter-FID_same-name_kinematic-compatible. Different FIDs are records in this same NBMG compilation, not independent source confirmation."
T27-0105,4,end-to-end,2.025,24.775,29.174,True,159.775,0.459,1.431,3.428,6.885,6,0.0,0,False,1540,1539,False,Warm Springs Valley fault zone,Warm Springs Valley fault zone,True,1605,1605,Well Constrained,Well Constrained,RL,RL,Unspecified,Unspecified,250,250,True,H27-5b_inter-FID_same-name_kinematic-compatible,"along-strike endpoint gap; assess continuation, relay, or cartographic segmentation",https://web2.nbmg.unr.edu/arcgis/rest/services/Qfaults/Qfaults_INGENIOUS/MapServer/0,https://www.osti.gov/servlets/purl/1724082,True,6.885,-2e-06,0.0,33.5954,259,-119.70811,39.87505,-119.69927,39.85814,911,250,930,257,"Closing this 2.0 km gap would join two currently disconnected mapped systems (1.4 km and 3.4 km) into one 6.9 km system. NBMG INGENIOUS vector attribution: inter-FID structural linkage within fault zone 'Warm Springs Valley fault zone' (NUM=1605), bridging FID=1540 (Well Constrained, SLIPSENSE=RL, DIPDIRECT=Unspecified) to FID=1539 (Well Constrained, SLIPSENSE=RL, DIPDIRECT=Unspecified); kinematic_compat=True. Geometry: tip-to-tip along strike; mutual nearest tips; the tip points 25 deg off the link and 29 deg. The link strikes N160 E and 46% of the distance-weighted catalogued fault length within ~40 km lies within 20 deg of that strike (data-driven kinematic domain; no external stress model). Structural-setting label (geometry only; mapping to settings is ours): linkage/termination/step-over settings host ~25%/32% of characterised Great Basin geothermal systems (Faulds & Hinz 2015). Connectivity context: the catalogue network is near its critical connectivity (Berkowitz-style P=5.78 vs Pc 5.6-6.0 at the domain scale), where individual closures matter most, but Berkowitz et al. (2000) give ensemble statistics, not a verdict on this particular gap. Base coverage: 0% of its dots already lie within 300 m of the 0.2477 emission.  Graph value (Berkowitz et al. 2000 connectivity parameter, computed on the catalogue graph plus all 345 selected candidates with a=2.500 and D=1.566 held at their fitted values): this closure changes P by dP=+0.0000 (rank 259 of 345 by |dP|) and the largest-system share of total mapped fault length by -0.00000; the merged system would be 6.88 km long. It is a graph bridge: no other selected candidate joins these two sides, so this closure is what actually merges them. Status: validated on both 8-connected component holdout (0.293 vs 0.059 ctrl) and NBMG FID vector-trace holdout (0.100 vs 0.020 ctrl). Reviewer geometry cue only: along-strike endpoint gap; assess continuation, relay, or cartographic segmentation; this is not proof of a step-over or termination. Exclusive review class: H27-5b_inter-FID_same-name_kinematic-compatible. Different FIDs are records in this same NBMG compilation, not independent source confirmation."
T27-0263,3,end-to-end,2.025,24.775,12.349,False,147.095,0.586,1.707,4.087,7.819,5,0.4,2,True,29,33,False,Benton Spring fault,Benton Spring fault,True,1320,1320,Well Constrained,Moderately Constrained,RL,RL,Unspecified,Unspecified,250,250,True,H27-5b_inter-FID_same-name_kinematic-compatible,"along-strike endpoint gap; assess continuation, relay, or cartographic segmentation",https://web2.nbmg.unr.edu/arcgis/rest/services/Qfaults/Qfaults_INGENIOUS/MapServer/0,https://www.osti.gov/servlets/purl/1724082,True,7.819,-2e-06,0.0,41.5183,237,-118.16772,38.58796,-118.18059,38.60315,2368,1549,2351,1538,"Closing this 2.0 km gap would join two currently disconnected mapped systems (1.7 km and 4.1 km) into one 7.8 km system. NBMG INGENIOUS vector attribution: inter-FID structural linkage within fault zone 'Benton Spring fault' (NUM=1320), bridging FID=29 (Well Constrained, SLIPSENSE=RL, DIPDIRECT=Unspecified) to FID=33 (Moderately Constrained, SLIPSENSE=RL, DIPDIRECT=Unspecified); kinematic_compat=True. Geometry: tip-to-tip along strike; one-sided; the tip points 25 deg off the link and 12 deg. The link strikes N147 E and 59% of the distance-weighted catalogued fault length within ~40 km lies within 20 deg of that strike (data-driven kinematic domain; no external stress model). Structural-setting label (geometry only; mapping to settings is ours): linkage/termination/step-over settings host ~25%/32% of characterised Great Basin geothermal systems (Faulds & Hinz 2015). Connectivity context: the catalogue network is near its critical connectivity (Berkowitz-style P=5.78 vs Pc 5.6-6.0 at the domain scale), where individual closures matter most, but Berkowitz et al. (2000) give ensemble statistics, not a verdict on this particular gap. Base coverage: 40% of its dots already lie within 300 m of the 0.2477 emission. NOTE: the straight link passes within ~100 m of a THIRD mapped system (crossing/T-junction), so it is not a pure two-system gap; kept because it belongs to the validated rule.  Graph value (Berkowitz et al. 2000 connectivity parameter, computed on the catalogue graph plus all 345 selected candidates with a=2.500 and D=1.566 held at their fitted values): this closure changes P by dP=+0.0000 (rank 237 of 345 by |dP|) and the largest-system share of total mapped fault length by -0.00000; the merged system would be 7.82 km long. It is a graph bridge: no other selected candidate joins these two sides, so this closure is what actually merges them. Status: validated on both 8-connected component holdout (0.293 vs 0.059 ctrl) and NBMG FID vector-trace holdout (0.100 vs 0.020 ctrl). Reviewer geometry cue only: along-strike endpoint gap; assess continuation, relay, or cartographic segmentation; this is not proof of a step-over or termination. Exclusive review class: H27-5b_inter-FID_same-name_kinematic-compatible. Different FIDs are records in this same NBMG compilation, not independent source confirmation."
T27-0271,3,tip-to-tip oblique,2.138,3.252,47.21,False,10.784,0.434,1.266,1.249,4.652,6,0.167,1,False,346,347,False,Emigrant Peak fault zone,Emigrant Peak fault zone,True,1329,1329,Well Constrained,Well Constrained,N,N,Unspecified,Unspecified,250,250,True,H27-5b_inter-FID_same-name_kinematic-compatible,"oblique step-over-like geometry; verify overlap, slip sense, and relay direction",https://web2.nbmg.unr.edu/arcgis/rest/services/Qfaults/Qfaults_INGENIOUS/MapServer/0,https://www.osti.gov/servlets/purl/1724082,True,4.652,-2e-06,0.005855,18.48,101,-117.91095,37.98102,-117.90662,37.99998,3044,1766,3023,1770,"Closing this 2.1 km gap would join two currently disconnected mapped systems (1.3 km and 1.2 km) into one 4.7 km system. NBMG INGENIOUS vector attribution: inter-FID structural linkage within fault zone 'Emigrant Peak fault zone' (NUM=1329), bridging FID=346 (Well Constrained, SLIPSENSE=N, DIPDIRECT=Unspecified) to FID=347 (Well Constrained, SLIPSENSE=N, DIPDIRECT=Unspecified); kinematic_compat=True. Geometry: oblique tip-to-tip (step-over-like); one-sided; the tip points 3 deg off the link and 47 deg. The link strikes N11 E and 43% of the distance-weighted catalogued fault length within ~40 km lies within 20 deg of that strike (data-driven kinematic domain; no external stress model). Structural-setting label (geometry only; mapping to settings is ours): linkage/termination/step-over settings host ~25%/32% of characterised Great Basin geothermal systems (Faulds & Hinz 2015). Connectivity context: the catalogue network is near its critical connectivity (Berkowitz-style P=5.78 vs Pc 5.6-6.0 at the domain scale), where individual closures matter most, but Berkowitz et al. (2000) give ensemble statistics, not a verdict on this particular gap. Base coverage: 17% of its dots already lie within 300 m of the 0.2477 emission.  Graph value (Berkowitz et al. 2000 connectivity parameter, computed on the catalogue graph plus all 345 selected candidates with a=2.500 and D=1.566 held at their fitted values): this closure changes P by dP=+0.0059 (rank 101 of 345 by |dP|) and the largest-system share of total mapped fault length by -0.00000; the merged system would be 4.65 km long. It is a graph bridge: no other selected candidate joins these two sides, so this closure is what actually merges them. Status: validated on both 8-connected component holdout (0.293 vs 0.059 ctrl) and NBMG FID vector-trace holdout (0.100 vs 0.020 ctrl). Reviewer geometry cue only: oblique step-over-like geometry; verify overlap, slip sense, and relay direction; this is not proof of a step-over or termination. Exclusive review class: H27-5b_inter-FID_same-name_kinematic-compatible. Different FIDs are records in this same NBMG compilation, not independent source confirmation."
T27-0117,4,end-to-end,2.14,10.84,11.993,True,52.595,0.384,1.066,2.031,5.237,5,0.0,0,False,106,104,False,Carson lineament,Carson lineament,True,1663,1663,Well Constrained,Well Constrained,LL,LL,Unspecified,Unspecified,250,250,True,H27-5b_inter-FID_same-name_kinematic-compatible,"along-strike endpoint gap; assess continuation, relay, or cartographic segmentation",https://web2.nbmg.unr.edu/arcgis/rest/services/Qfaults/Qfaults_INGENIOUS/MapServer/0,https://www.osti.gov/servlets/purl/1724082,True,5.237,-2e-06,0.0,22.1656,304,-119.37811,39.39041,-119.39744,39.3783,1457,518,1470,501,"Closing this 2.1 km gap would join two currently disconnected mapped systems (1.1 km and 2.0 km) into one 5.2 km system. NBMG INGENIOUS vector attribution: inter-FID structural linkage within fault zone 'Carson lineament' (NUM=1663), bridging FID=106 (Well Constrained, SLIPSENSE=LL, DIPDIRECT=Unspecified) to FID=104 (Well Constrained, SLIPSENSE=LL, DIPDIRECT=Unspecified); kinematic_compat=True. Geometry: tip-to-tip along strike; mutual nearest tips; the tip points 11 deg off the link and 12 deg. The link strikes N53 E and 38% of the distance-weighted catalogued fault length within ~40 km lies within 20 deg of that strike (data-driven kinematic domain; no external stress model). Structural-setting label (geometry only; mapping to settings is ours): linkage/termination/step-over settings host ~25%/32% of characterised Great Basin geothermal systems (Faulds & Hinz 2015). Connectivity context: the catalogue network is near its critical connectivity (Berkowitz-style P=5.78 vs Pc 5.6-6.0 at the domain scale), where individual closures matter most, but Berkowitz et al. (2000) give ensemble statistics, not a verdict on this particular gap. Base coverage: 0% of its dots already lie within 300 m of the 0.2477 emission.  Graph value (Berkowitz et al. 2000 connectivity parameter, computed on the catalogue graph plus all 345 selected candidates with a=2.500 and D=1.566 held at their fitted values): this closure changes P by dP=+0.0000 (rank 304 of 345 by |dP|) and the largest-system share of total mapped fault length by -0.00000; the merged system would be 5.24 km long. It is a graph bridge: no other selected candidate joins these two sides, so this closure is what actually merges them. Status: validated on both 8-connected component holdout (0.293 vs 0.059 ctrl) and NBMG FID vector-trace holdout (0.100 vs 0.020 ctrl). Reviewer geometry cue only: along-strike endpoint gap; assess continuation, relay, or cartographic segmentation; this is not proof of a step-over or termination. Exclusive review class: H27-5b_inter-FID_same-name_kinematic-compatible. Different FIDs are records in this same NBMG compilation, not independent source confirmation."
T27-0118,4,end-to-end,2.163,13.134,7.125,False,33.69,0.45,1.89,3.138,7.192,5,0.0,0,False,1243,1244,False,Unnamed fault zone southeastern Truckee Range,Unnamed fault zone southeastern Truckee Range,True,1672,1672,Well Constrained,Moderately Constrained,N,N,SE,SE,250,250,True,H27-5b_inter-FID_same-name_kinematic-compatible,"along-strike endpoint gap; assess continuation, relay, or cartographic segmentation",https://web2.nbmg.unr.edu/arcgis/rest/services/Qfaults/Qfaults_INGENIOUS/MapServer/0,https://www.osti.gov/servlets/purl/1724082,True,7.192,-2e-06,-0.005855,225.1544,12,-119.09252,39.74005,-119.10603,39.72359,1075,773,1093,761,"Closing this 2.2 km gap would join two currently disconnected mapped systems (1.9 km and 3.1 km) into one 7.2 km system. NBMG INGENIOUS vector attribution: inter-FID structural linkage within fault zone 'Unnamed fault zone southeastern Truckee Range' (NUM=1672), bridging FID=1243 (Well Constrained, SLIPSENSE=N, DIPDIRECT=SE) to FID=1244 (Moderately Constrained, SLIPSENSE=N, DIPDIRECT=SE); kinematic_compat=True. Geometry: tip-to-tip along strike; one-sided; the tip points 13 deg off the link and 7 deg. The link strikes N34 E and 45% of the distance-weighted catalogued fault length within ~40 km lies within 20 deg of that strike (data-driven kinematic domain; no external stress model). Structural-setting label (geometry only; mapping to settings is ours): linkage/termination/step-over settings host ~25%/32% of characterised Great Basin geothermal systems (Faulds & Hinz 2015). Connectivity context: the catalogue network is near its critical connectivity (Berkowitz-style P=5.78 vs Pc 5.6-6.0 at the domain scale), where individual closures matter most, but Berkowitz et al. (2000) give ensemble statistics, not a verdict on this particular gap. Base coverage: 0% of its dots already lie within 300 m of the 0.2477 emission.  Graph value (Berkowitz et al. 2000 connectivity parameter, computed on the catalogue graph plus all 345 selected candidates with a=2.500 and D=1.566 held at their fitted values): this closure changes P by dP=-0.0059 (rank 12 of 345 by |dP|) and the largest-system share of total mapped fault length by -0.00000; the merged system would be 7.19 km long. It is a graph bridge: no other selected candidate joins these two sides, so this closure is what actually merges them. Status: validated on both 8-connected component holdout (0.293 vs 0.059 ctrl) and NBMG FID vector-trace holdout (0.100 vs 0.020 ctrl). Reviewer geometry cue only: along-strike endpoint gap; assess continuation, relay, or cartographic segmentation; this is not proof of a step-over or termination. Exclusive review class: H27-5b_inter-FID_same-name_kinematic-compatible. Different FIDs are records in this same NBMG compilation, not independent source confirmation."
T27-0276,3,end-to-end,2.214,18.435,32.471,False,161.565,0.608,0.5,4.031,6.745,6,0.167,1,False,599,604,False,Monte Cristo Valley fault zone,Monte Cristo Valley fault zone,True,1325,1325,Well Constrained,Moderately Constrained,RL,RL,Unspecified,Unspecified,250,250,True,H27-5b_inter-FID_same-name_kinematic-compatible,"along-strike endpoint gap; assess continuation, relay, or cartographic segmentation",https://web2.nbmg.unr.edu/arcgis/rest/services/Qfaults/Qfaults_INGENIOUS/MapServer/0,https://www.osti.gov/servlets/purl/1724082,True,6.745,-2e-06,0.0,51.826,220,-117.90598,38.50016,-117.91424,38.51902,2468,1776,2447,1769,"Closing this 2.2 km gap would join two currently disconnected mapped systems (0.5 km and 4.0 km) into one 6.7 km system. NBMG INGENIOUS vector attribution: inter-FID structural linkage within fault zone 'Monte Cristo Valley fault zone' (NUM=1325), bridging FID=599 (Well Constrained, SLIPSENSE=RL, DIPDIRECT=Unspecified) to FID=604 (Moderately Constrained, SLIPSENSE=RL, DIPDIRECT=Unspecified); kinematic_compat=True. Geometry: tip-to-tip along strike; one-sided; the tip points 18 deg off the link and 32 deg. The link strikes N162 E and 61% of the distance-weighted catalogued fault length within ~40 km lies within 20 deg of that strike (data-driven kinematic domain; no external stress model). Structural-setting label (geometry only; mapping to settings is ours): linkage/termination/step-over settings host ~25%/32% of characterised Great Basin geothermal systems (Faulds & Hinz 2015). Connectivity context: the catalogue network is near its critical connectivity (Berkowitz-style P=5.78 vs Pc 5.6-6.0 at the domain scale), where individual closures matter most, but Berkowitz et al. (2000) give ensemble statistics, not a verdict on this particular gap. Base coverage: 17% of its dots already lie within 300 m of the 0.2477 emission.  Graph value (Berkowitz et al. 2000 connectivity parameter, computed on the catalogue graph plus all 345 selected candidates with a=2.500 and D=1.566 held at their fitted values): this closure changes P by dP=+0.0000 (rank 220 of 345 by |dP|) and the largest-system share of total mapped fault length by -0.00000; the merged system would be 6.74 km long. It is a graph bridge: no other selected candidate joins these two sides, so this closure is what actually merges them. Status: validated on both 8-connected component holdout (0.293 vs 0.059 ctrl) and NBMG FID vector-trace holdout (0.100 vs 0.020 ctrl). Reviewer geometry cue only: along-strike endpoint gap; assess continuation, relay, or cartographic segmentation; this is not proof of a step-over or termination. Exclusive review class: H27-5b_inter-FID_same-name_kinematic-compatible. Different FIDs are records in this same NBMG compilation, not independent source confirmation."
T27-0119,4,end-to-end,2.22,21.801,28.713,True,35.838,0.421,1.024,1.849,5.093,5,1.0,5,False,189,191,False,"Dixie Valley fault zone, ""1954"" section","Dixie Valley fault zone, ""1954"" section",True,1687b,1687b,Well Constrained,Well Constrained,N,N,Unspecified,Unspecified,250,250,True,H27-5b_inter-FID_same-name_kinematic-compatible,"along-strike endpoint gap; assess continuation, relay, or cartographic segmentation",https://web2.nbmg.unr.edu/arcgis/rest/services/Qfaults/Qfaults_INGENIOUS/MapServer/0,https://www.osti.gov/servlets/purl/1724082,True,5.093,-2e-06,0.005855,21.474,94,-118.21325,39.44353,-118.22807,39.42716,1418,1522,1436,1509,"Closing this 2.2 km gap would join two currently disconnected mapped systems (1.0 km and 1.8 km) into one 5.1 km system. NBMG INGENIOUS vector attribution: inter-FID structural linkage within fault zone 'Dixie Valley fault zone, ""1954"" section' (NUM=1687b), bridging FID=189 (Well Constrained, SLIPSENSE=N, DIPDIRECT=Unspecified) to FID=191 (Well Constrained, SLIPSENSE=N, DIPDIRECT=Unspecified); kinematic_compat=True. Geometry: tip-to-tip along strike; mutual nearest tips; the tip points 22 deg off the link and 29 deg. The link strikes N36 E and 42% of the distance-weighted catalogued fault length within ~40 km lies within 20 deg of that strike (data-driven kinematic domain; no external stress model). Structural-setting label (geometry only; mapping to settings is ours): linkage/termination/step-over settings host ~25%/32% of characterised Great Basin geothermal systems (Faulds & Hinz 2015). Connectivity context: the catalogue network is near its critical connectivity (Berkowitz-style P=5.78 vs Pc 5.6-6.0 at the domain scale), where individual closures matter most, but Berkowitz et al. (2000) give ensemble statistics, not a verdict on this particular gap. Base coverage: 100% of its dots already lie within 300 m of the 0.2477 emission.  Graph value (Berkowitz et al. 2000 connectivity parameter, computed on the catalogue graph plus all 345 selected candidates with a=2.500 and D=1.566 held at their fitted values): this closure changes P by dP=+0.0059 (rank 94 of 345 by |dP|) and the largest-system share of total mapped fault length by -0.00000; the merged system would be 5.09 km long. It is a graph bridge: no other selected candidate joins these two sides, so this closure is what actually merges them. Status: validated on both 8-connected component holdout (0.293 vs 0.059 ctrl) and NBMG FID vector-trace holdout (0.100 vs 0.020 ctrl). Reviewer geometry cue only: along-strike endpoint gap; assess continuation, relay, or cartographic segmentation; this is not proof of a step-over or termination. Exclusive review class: H27-5b_inter-FID_same-name_kinematic-compatible. Different FIDs are records in this same NBMG compilation, not independent source confirmation."
T27-0277,3,tip-to-tip oblique,2.22,14.89,41.049,False,7.765,0.534,1.724,1.997,5.942,7,0.429,3,False,1576,1577,False,Western Fairview Peak fault,Western Fairview Peak fault,True,1686,1686,Well Constrained,Moderately Constrained,N,N,Unspecified,Unspecified,250,250,True,H27-5b_inter-FID_same-name_kinematic-compatible,"oblique step-over-like geometry; verify overlap, slip sense, and relay direction",https://web2.nbmg.unr.edu/arcgis/rest/services/Qfaults/Qfaults_INGENIOUS/MapServer/0,https://www.osti.gov/servlets/purl/1724082,True,5.942,-2e-06,0.005855,28.3422,87,-118.22378,39.18122,-118.22691,39.16136,1709,1509,1731,1506,"Closing this 2.2 km gap would join two currently disconnected mapped systems (1.7 km and 2.0 km) into one 5.9 km system. NBMG INGENIOUS vector attribution: inter-FID structural linkage within fault zone 'Western Fairview Peak fault' (NUM=1686), bridging FID=1576 (Well Constrained, SLIPSENSE=N, DIPDIRECT=Unspecified) to FID=1577 (Moderately Constrained, SLIPSENSE=N, DIPDIRECT=Unspecified); kinematic_compat=True. Geometry: oblique tip-to-tip (step-over-like); one-sided; the tip points 15 deg off the link and 41 deg. The link strikes N8 E and 53% of the distance-weighted catalogued fault length within ~40 km lies within 20 deg of that strike (data-driven kinematic domain; no external stress model). Structural-setting label (geometry only; mapping to settings is ours): linkage/termination/step-over settings host ~25%/32% of characterised Great Basin geothermal systems (Faulds & Hinz 2015). Connectivity context: the catalogue network is near its critical connectivity (Berkowitz-style P=5.78 vs Pc 5.6-6.0 at the domain scale), where individual closures matter most, but Berkowitz et al. (2000) give ensemble statistics, not a verdict on this particular gap. Base coverage: 43% of its dots already lie within 300 m of the 0.2477 emission.  Graph value (Berkowitz et al. 2000 connectivity parameter, computed on the catalogue graph plus all 345 selected candidates with a=2.500 and D=1.566 held at their fitted values): this closure changes P by dP=+0.0059 (rank 87 of 345 by |dP|) and the largest-system share of total mapped fault length by -0.00000; the merged system would be 5.94 km long. It is a graph bridge: no other selected candidate joins these two sides, so this closure is what actually merges them. Status: validated on both 8-connected component holdout (0.293 vs 0.059 ctrl) and NBMG FID vector-trace holdout (0.100 vs 0.020 ctrl). Reviewer geometry cue only: oblique step-over-like geometry; verify overlap, slip sense, and relay direction; this is not proof of a step-over or termination. Exclusive review class: H27-5b_inter-FID_same-name_kinematic-compatible. Different FIDs are records in this same NBMG compilation, not independent source confirmation."
T27-0278,3,end-to-end,2.256,26.841,7.61,True,12.804,0.152,1.924,3.431,7.612,7,0.286,3,False,1552,1561,False,Wassuk Range fault zone,Wassuk Range fault zone,True,1300,1300,Well Constrained,Moderately Constrained,N,N,Unspecified,Unspecified,250,250,True,H27-5b_inter-FID_same-name_kinematic-compatible,"along-strike endpoint gap; assess continuation, relay, or cartographic segmentation",https://web2.nbmg.unr.edu/arcgis/rest/services/Qfaults/Qfaults_INGENIOUS/MapServer/0,https://www.osti.gov/servlets/purl/1724082,True,7.612,-2e-06,0.0,42.4615,234,-118.99997,39.11822,-119.00519,39.09831,1767,837,1789,832,"Closing this 2.3 km gap would join two currently disconnected mapped systems (1.9 km and 3.4 km) into one 7.6 km system. NBMG INGENIOUS vector attribution: inter-FID structural linkage within fault zone 'Wassuk Range fault zone' (NUM=1300), bridging FID=1552 (Well Constrained, SLIPSENSE=N, DIPDIRECT=Unspecified) to FID=1561 (Moderately Constrained, SLIPSENSE=N, DIPDIRECT=Unspecified); kinematic_compat=True. Geometry: tip-to-tip along strike; mutual nearest tips; the tip points 27 deg off the link and 8 deg. The link strikes N13 E and 15% of the distance-weighted catalogued fault length within ~40 km lies within 20 deg of that strike (data-driven kinematic domain; no external stress model). Structural-setting label (geometry only; mapping to settings is ours): linkage/termination/step-over settings host ~25%/32% of characterised Great Basin geothermal systems (Faulds & Hinz 2015). Connectivity context: the catalogue network is near its critical connectivity (Berkowitz-style P=5.78 vs Pc 5.6-6.0 at the domain scale), where individual closures matter most, but Berkowitz et al. (2000) give ensemble statistics, not a verdict on this particular gap. Base coverage: 29% of its dots already lie within 300 m of the 0.2477 emission.  Graph value (Berkowitz et al. 2000 connectivity parameter, computed on the catalogue graph plus all 345 selected candidates with a=2.500 and D=1.566 held at their fitted values): this closure changes P by dP=+0.0000 (rank 234 of 345 by |dP|) and the largest-system share of total mapped fault length by -0.00000; the merged system would be 7.61 km long. It is a graph bridge: no other selected candidate joins these two sides, so this closure is what actually merges them. Status: validated on both 8-connected component holdout (0.293 vs 0.059 ctrl) and NBMG FID vector-trace holdout (0.100 vs 0.020 ctrl). Reviewer geometry cue only: along-strike endpoint gap; assess continuation, relay, or cartographic segmentation; this is not proof of a step-over or termination. Exclusive review class: H27-5b_inter-FID_same-name_kinematic-compatible. Different FIDs are records in this same NBMG compilation, not independent source confirmation."
T27-0121,4,end-to-end,2.28,11.524,15.255,True,52.125,0.197,4.128,0.524,6.933,5,0.0,0,False,2666,2665,False,Sand Springs Range fault,Sand Springs Range fault,True,1685,1685,Well Constrained,Well Constrained,N,N,Unspecified,E,250,250,True,H27-5b_inter-FID_same-name_kinematic-compatible,"along-strike endpoint gap; assess continuation, relay, or cartographic segmentation",https://web2.nbmg.unr.edu/arcgis/rest/services/Qfaults/Qfaults_INGENIOUS/MapServer/0,https://www.osti.gov/servlets/purl/1724082,True,6.933,-2e-06,0.0,30.7483,273,-118.2934,39.3787,-118.31406,39.36585,1489,1452,1503,1434,"Closing this 2.3 km gap would join two currently disconnected mapped systems (4.1 km and 0.5 km) into one 6.9 km system. NBMG INGENIOUS vector attribution: inter-FID structural linkage within fault zone 'Sand Springs Range fault' (NUM=1685), bridging FID=2666 (Well Constrained, SLIPSENSE=N, DIPDIRECT=Unspecified) to FID=2665 (Well Constrained, SLIPSENSE=N, DIPDIRECT=E); kinematic_compat=True. Geometry: tip-to-tip along strike; mutual nearest tips; the tip points 12 deg off the link and 15 deg. The link strikes N52 E and 20% of the distance-weighted catalogued fault length within ~40 km lies within 20 deg of that strike (data-driven kinematic domain; no external stress model). Structural-setting label (geometry only; mapping to settings is ours): linkage/termination/step-over settings host ~25%/32% of characterised Great Basin geothermal systems (Faulds & Hinz 2015). Connectivity context: the catalogue network is near its critical connectivity (Berkowitz-style P=5.78 vs Pc 5.6-6.0 at the domain scale), where individual closures matter most, but Berkowitz et al. (2000) give ensemble statistics, not a verdict on this particular gap. Base coverage: 0% of its dots already lie within 300 m of the 0.2477 emission.  Graph value (Berkowitz et al. 2000 connectivity parameter, computed on the catalogue graph plus all 345 selected candidates with a=2.500 and D=1.566 held at their fitted values): this closure changes P by dP=+0.0000 (rank 273 of 345 by |dP|) and the largest-system share of total mapped fault length by -0.00000; the merged system would be 6.93 km long. It is a graph bridge: no other selected candidate joins these two sides, so this closure is what actually merges them. Status: validated on both 8-connected component holdout (0.293 vs 0.059 ctrl) and NBMG FID vector-trace holdout (0.100 vs 0.020 ctrl). Reviewer geometry cue only: along-strike endpoint gap; assess continuation, relay, or cartographic segmentation; this is not proof of a step-over or termination. Exclusive review class: H27-5b_inter-FID_same-name_kinematic-compatible. Different FIDs are records in this same NBMG compilation, not independent source confirmation."
T27-0280,3,end-to-end,2.302,20.344,2.375,True,55.62,0.344,3.131,2.356,7.789,6,0.667,4,False,1193,1192,False,Unnamed fault zone in Virginia Range,Unnamed fault zone in Virginia Range,True,1667,1667,Moderately Constrained,Well Constrained,N,N,Unspecified,Unspecified,250,250,True,H27-5b_inter-FID_same-name_kinematic-compatible,"along-strike endpoint gap; assess continuation, relay, or cartographic segmentation",https://web2.nbmg.unr.edu/arcgis/rest/services/Qfaults/Qfaults_INGENIOUS/MapServer/0,https://www.osti.gov/servlets/purl/1724082,True,7.789,-2e-06,-0.005855,45.3168,69,-119.38926,39.5127,-119.41093,39.50054,1321,512,1334,493,"Closing this 2.3 km gap would join two currently disconnected mapped systems (3.1 km and 2.4 km) into one 7.8 km system. NBMG INGENIOUS vector attribution: inter-FID structural linkage within fault zone 'Unnamed fault zone in Virginia Range' (NUM=1667), bridging FID=1193 (Moderately Constrained, SLIPSENSE=N, DIPDIRECT=Unspecified) to FID=1192 (Well Constrained, SLIPSENSE=N, DIPDIRECT=Unspecified); kinematic_compat=True. Geometry: tip-to-tip along strike; mutual nearest tips; the tip points 20 deg off the link and 2 deg. The link strikes N56 E and 34% of the distance-weighted catalogued fault length within ~40 km lies within 20 deg of that strike (data-driven kinematic domain; no external stress model). Structural-setting label (geometry only; mapping to settings is ours): linkage/termination/step-over settings host ~25%/32% of characterised Great Basin geothermal systems (Faulds & Hinz 2015). Connectivity context: the catalogue network is near its critical connectivity (Berkowitz-style P=5.78 vs Pc 5.6-6.0 at the domain scale), where individual closures matter most, but Berkowitz et al. (2000) give ensemble statistics, not a verdict on this particular gap. Base coverage: 67% of its dots already lie within 300 m of the 0.2477 emission.  Graph value (Berkowitz et al. 2000 connectivity parameter, computed on the catalogue graph plus all 345 selected candidates with a=2.500 and D=1.566 held at their fitted values): this closure changes P by dP=-0.0059 (rank 69 of 345 by |dP|) and the largest-system share of total mapped fault length by -0.00000; the merged system would be 7.79 km long. It is a graph bridge: no other selected candidate joins these two sides, so this closure is what actually merges them. Status: validated on both 8-connected component holdout (0.293 vs 0.059 ctrl) and NBMG FID vector-trace holdout (0.100 vs 0.020 ctrl). Reviewer geometry cue only: along-strike endpoint gap; assess continuation, relay, or cartographic segmentation; this is not proof of a step-over or termination. Exclusive review class: H27-5b_inter-FID_same-name_kinematic-compatible. Different FIDs are records in this same NBMG compilation, not independent source confirmation."
T27-0122,4,end-to-end,2.335,9.866,4.17,True,170.134,0.335,0.8,1.866,5.0,7,0.857,7,False,1209,1208,False,Unnamed fault zone near Little Valley,Unnamed fault zone near Little Valley,True,1670,1670,Well Constrained,Well Constrained,N,N,Unspecified,Unspecified,250,250,True,H27-5b_inter-FID_same-name_kinematic-compatible,"along-strike endpoint gap; assess continuation, relay, or cartographic segmentation",https://web2.nbmg.unr.edu/arcgis/rest/services/Qfaults/Qfaults_INGENIOUS/MapServer/0,https://www.osti.gov/servlets/purl/1724082,True,5.0,-2e-06,0.0,56.2228,208,-119.2785,39.82394,-119.27315,39.80332,978,616,1001,620,"Closing this 2.3 km gap would join two currently disconnected mapped systems (0.8 km and 1.9 km) into one 5.0 km system. NBMG INGENIOUS vector attribution: inter-FID structural linkage within fault zone 'Unnamed fault zone near Little Valley' (NUM=1670), bridging FID=1209 (Well Constrained, SLIPSENSE=N, DIPDIRECT=Unspecified) to FID=1208 (Well Constrained, SLIPSENSE=N, DIPDIRECT=Unspecified); kinematic_compat=True. Geometry: tip-to-tip along strike; mutual nearest tips; the tip points 10 deg off the link and 4 deg. The link strikes N170 E and 34% of the distance-weighted catalogued fault length within ~40 km lies within 20 deg of that strike (data-driven kinematic domain; no external stress model). Structural-setting label (geometry only; mapping to settings is ours): linkage/termination/step-over settings host ~25%/32% of characterised Great Basin geothermal systems (Faulds & Hinz 2015). Connectivity context: the catalogue network is near its critical connectivity (Berkowitz-style P=5.78 vs Pc 5.6-6.0 at the domain scale), where individual closures matter most, but Berkowitz et al. (2000) give ensemble statistics, not a verdict on this particular gap. Base coverage: 86% of its dots already lie within 300 m of the 0.2477 emission.  Graph value (Berkowitz et al. 2000 connectivity parameter, computed on the catalogue graph plus all 345 selected candidates with a=2.500 and D=1.566 held at their fitted values): this closure changes P by dP=+0.0000 (rank 208 of 345 by |dP|) and the largest-system share of total mapped fault length by -0.00000; the merged system would be 5.00 km long. It is a graph bridge: no other selected candidate joins these two sides, so this closure is what actually merges them. Status: validated on both 8-connected component holdout (0.293 vs 0.059 ctrl) and NBMG FID vector-trace holdout (0.100 vs 0.020 ctrl). Reviewer geometry cue only: along-strike endpoint gap; assess continuation, relay, or cartographic segmentation; this is not proof of a step-over or termination. Exclusive review class: H27-5b_inter-FID_same-name_kinematic-compatible. Different FIDs are records in this same NBMG compilation, not independent source confirmation."
T27-0123,4,end-to-end,2.36,6.639,21.61,True,53.616,0.35,0.866,4.68,7.906,6,0.333,2,False,862,863,False,Shoshone Range fault zone,Shoshone Range fault zone,True,1148,1148,Well Constrained,Moderately Constrained,N,N,NW,NW,250,250,True,H27-5b_inter-FID_same-name_kinematic-compatible,"along-strike endpoint gap; assess continuation, relay, or cartographic segmentation",https://web2.nbmg.unr.edu/arcgis/rest/services/Qfaults/Qfaults_INGENIOUS/MapServer/0,https://www.osti.gov/servlets/purl/1724082,True,7.906,-2e-06,0.0,39.8487,247,-117.04356,40.32832,-117.06591,40.3157,443,2529,457,2510,"Closing this 2.4 km gap would join two currently disconnected mapped systems (0.9 km and 4.7 km) into one 7.9 km system. NBMG INGENIOUS vector attribution: inter-FID structural linkage within fault zone 'Shoshone Range fault zone' (NUM=1148), bridging FID=862 (Well Constrained, SLIPSENSE=N, DIPDIRECT=NW) to FID=863 (Moderately Constrained, SLIPSENSE=N, DIPDIRECT=NW); kinematic_compat=True. Geometry: tip-to-tip along strike; mutual nearest tips; the tip points 7 deg off the link and 22 deg. The link strikes N54 E and 35% of the distance-weighted catalogued fault length within ~40 km lies within 20 deg of that strike (data-driven kinematic domain; no external stress model). Structural-setting label (geometry only; mapping to settings is ours): linkage/termination/step-over settings host ~25%/32% of characterised Great Basin geothermal systems (Faulds & Hinz 2015). Connectivity context: the catalogue network is near its critical connectivity (Berkowitz-style P=5.78 vs Pc 5.6-6.0 at the domain scale), where individual closures matter most, but Berkowitz et al. (2000) give ensemble statistics, not a verdict on this particular gap. Base coverage: 33% of its dots already lie within 300 m of the 0.2477 emission.  Graph value (Berkowitz et al. 2000 connectivity parameter, computed on the catalogue graph plus all 345 selected candidates with a=2.500 and D=1.566 held at their fitted values): this closure changes P by dP=+0.0000 (rank 247 of 345 by |dP|) and the largest-system share of total mapped fault length by -0.00000; the merged system would be 7.91 km long. It is a graph bridge: no other selected candidate joins these two sides, so this closure is what actually merges them. Status: validated on both 8-connected component holdout (0.293 vs 0.059 ctrl) and NBMG FID vector-trace holdout (0.100 vs 0.020 ctrl). Reviewer geometry cue only: along-strike endpoint gap; assess continuation, relay, or cartographic segmentation; this is not proof of a step-over or termination. Exclusive review class: H27-5b_inter-FID_same-name_kinematic-compatible. Different FIDs are records in this same NBMG compilation, not independent source confirmation."
T27-0126,4,end-to-end,2.46,12.529,26.565,True,26.565,0.457,1.907,6.06,10.427,7,0.0,0,False,441,440,False,Hot Springs fault zone,Hot Springs fault zone,True,1312,1312,Moderately Constrained,Moderately Constrained,N,N,Unspecified,Unspecified,250,250,True,H27-5b_inter-FID_same-name_kinematic-compatible,"along-strike endpoint gap; assess continuation, relay, or cartographic segmentation",https://web2.nbmg.unr.edu/arcgis/rest/services/Qfaults/Qfaults_INGENIOUS/MapServer/0,https://www.osti.gov/servlets/purl/1724082,True,10.427,-3e-06,0.0,68.3554,191,-118.187,38.92118,-118.19935,38.90123,1998,1537,2020,1526,"Closing this 2.5 km gap would join two currently disconnected mapped systems (1.9 km and 6.1 km) into one 10.4 km system. NBMG INGENIOUS vector attribution: inter-FID structural linkage within fault zone 'Hot Springs fault zone' (NUM=1312), bridging FID=441 (Moderately Constrained, SLIPSENSE=N, DIPDIRECT=Unspecified) to FID=440 (Moderately Constrained, SLIPSENSE=N, DIPDIRECT=Unspecified); kinematic_compat=True. Geometry: tip-to-tip along strike; mutual nearest tips; the tip points 13 deg off the link and 27 deg. The link strikes N27 E and 46% of the distance-weighted catalogued fault length within ~40 km lies within 20 deg of that strike (data-driven kinematic domain; no external stress model). Structural-setting label (geometry only; mapping to settings is ours): linkage/termination/step-over settings host ~25%/32% of characterised Great Basin geothermal systems (Faulds & Hinz 2015). Connectivity context: the catalogue network is near its critical connectivity (Berkowitz-style P=5.78 vs Pc 5.6-6.0 at the domain scale), where individual closures matter most, but Berkowitz et al. (2000) give ensemble statistics, not a verdict on this particular gap. Base coverage: 0% of its dots already lie within 300 m of the 0.2477 emission.  Graph value (Berkowitz et al. 2000 connectivity parameter, computed on the catalogue graph plus all 345 selected candidates with a=2.500 and D=1.566 held at their fitted values): this closure changes P by dP=+0.0000 (rank 191 of 345 by |dP|) and the largest-system share of total mapped fault length by -0.00000; the merged system would be 10.43 km long. It is a graph bridge: no other selected candidate joins these two sides, so this closure is what actually merges them. Status: validated on both 8-connected component holdout (0.293 vs 0.059 ctrl) and NBMG FID vector-trace holdout (0.100 vs 0.020 ctrl). Reviewer geometry cue only: along-strike endpoint gap; assess continuation, relay, or cartographic segmentation; this is not proof of a step-over or termination. Exclusive review class: H27-5b_inter-FID_same-name_kinematic-compatible. Different FIDs are records in this same NBMG compilation, not independent source confirmation."
T27-0288,3,end-to-end,2.5,14.036,0.0,False,0.0,0.381,1.707,0.8,5.007,8,0.75,6,False,1208,1209,False,Unnamed fault zone near Little Valley,Unnamed fault zone near Little Valley,True,1670,1670,Well Constrained,Well Constrained,N,N,Unspecified,Unspecified,250,250,True,H27-5b_inter-FID_same-name_kinematic-compatible,"along-strike endpoint gap; assess continuation, relay, or cartographic segmentation",https://web2.nbmg.unr.edu/arcgis/rest/services/Qfaults/Qfaults_INGENIOUS/MapServer/0,https://www.osti.gov/servlets/purl/1724082,True,5.007,-3e-06,0.0,56.8584,207,-119.27776,39.80143,-119.2785,39.82394,1003,616,978,616,"Closing this 2.5 km gap would join two currently disconnected mapped systems (1.7 km and 0.8 km) into one 5.0 km system. NBMG INGENIOUS vector attribution: inter-FID structural linkage within fault zone 'Unnamed fault zone near Little Valley' (NUM=1670), bridging FID=1208 (Well Constrained, SLIPSENSE=N, DIPDIRECT=Unspecified) to FID=1209 (Well Constrained, SLIPSENSE=N, DIPDIRECT=Unspecified); kinematic_compat=True. Geometry: tip-to-tip along strike; one-sided; the tip points 14 deg off the link and 0 deg. The link strikes N0 E and 38% of the distance-weighted catalogued fault length within ~40 km lies within 20 deg of that strike (data-driven kinematic domain; no external stress model). Structural-setting label (geometry only; mapping to settings is ours): linkage/termination/step-over settings host ~25%/32% of characterised Great Basin geothermal systems (Faulds & Hinz 2015). Connectivity context: the catalogue network is near its critical connectivity (Berkowitz-style P=5.78 vs Pc 5.6-6.0 at the domain scale), where individual closures matter most, but Berkowitz et al. (2000) give ensemble statistics, not a verdict on this particular gap. Base coverage: 75% of its dots already lie within 300 m of the 0.2477 emission.  Graph value (Berkowitz et al. 2000 connectivity parameter, computed on the catalogue graph plus all 345 selected candidates with a=2.500 and D=1.566 held at their fitted values): this closure changes P by dP=+0.0000 (rank 207 of 345 by |dP|) and the largest-system share of total mapped fault length by -0.00000; the merged system would be 5.01 km long. It is a graph bridge: no other selected candidate joins these two sides, so this closure is what actually merges them. Status: validated on both 8-connected component holdout (0.293 vs 0.059 ctrl) and NBMG FID vector-trace holdout (0.100 vs 0.020 ctrl). Reviewer geometry cue only: along-strike endpoint gap; assess continuation, relay, or cartographic segmentation; this is not proof of a step-over or termination. Exclusive review class: H27-5b_inter-FID_same-name_kinematic-compatible. Different FIDs are records in this same NBMG compilation, not independent source confirmation."
T27-0128,4,end-to-end,2.506,12.575,19.148,False,28.61,0.548,3.487,0.641,6.634,7,0.143,1,False,1306,1302,False,Unnamed faults in Gabbs Valley,Unnamed faults in Gabbs Valley,True,1313,1313,Moderately Constrained,Well Constrained,N,N,Unspecified,Unspecified,250,250,True,H27-5b_inter-FID_same-name_kinematic-compatible,"along-strike endpoint gap; assess continuation, relay, or cartographic segmentation",https://web2.nbmg.unr.edu/arcgis/rest/services/Qfaults/Qfaults_INGENIOUS/MapServer/0,https://www.osti.gov/servlets/purl/1724082,True,6.634,-3e-06,0.0,31.4449,268,-118.07596,38.97723,-118.0895,38.95728,1937,1634,1959,1622,"Closing this 2.5 km gap would join two currently disconnected mapped systems (3.5 km and 0.6 km) into one 6.6 km system. NBMG INGENIOUS vector attribution: inter-FID structural linkage within fault zone 'Unnamed faults in Gabbs Valley' (NUM=1313), bridging FID=1306 (Moderately Constrained, SLIPSENSE=N, DIPDIRECT=Unspecified) to FID=1302 (Well Constrained, SLIPSENSE=N, DIPDIRECT=Unspecified); kinematic_compat=True. Geometry: tip-to-tip along strike; one-sided; the tip points 13 deg off the link and 19 deg. The link strikes N29 E and 55% of the distance-weighted catalogued fault length within ~40 km lies within 20 deg of that strike (data-driven kinematic domain; no external stress model). Structural-setting label (geometry only; mapping to settings is ours): linkage/termination/step-over settings host ~25%/32% of characterised Great Basin geothermal systems (Faulds & Hinz 2015). Connectivity context: the catalogue network is near its critical connectivity (Berkowitz-style P=5.78 vs Pc 5.6-6.0 at the domain scale), where individual closures matter most, but Berkowitz et al. (2000) give ensemble statistics, not a verdict on this particular gap. Base coverage: 14% of its dots already lie within 300 m of the 0.2477 emission.  Graph value (Berkowitz et al. 2000 connectivity parameter, computed on the catalogue graph plus all 345 selected candidates with a=2.500 and D=1.566 held at their fitted values): this closure changes P by dP=+0.0000 (rank 268 of 345 by |dP|) and the largest-system share of total mapped fault length by -0.00000; the merged system would be 6.63 km long. It is a graph bridge: no other selected candidate joins these two sides, so this closure is what actually merges them. Status: validated on both 8-connected component holdout (0.293 vs 0.059 ctrl) and NBMG FID vector-trace holdout (0.100 vs 0.020 ctrl). Reviewer geometry cue only: along-strike endpoint gap; assess continuation, relay, or cartographic segmentation; this is not proof of a step-over or termination. Exclusive review class: H27-5b_inter-FID_same-name_kinematic-compatible. Different FIDs are records in this same NBMG compilation, not independent source confirmation."
T27-0129,4,end-to-end,2.518,6.843,11.592,False,6.843,0.431,0.3,0.683,3.501,8,1.0,8,False,862,863,False,Shoshone Range fault zone,Shoshone Range fault zone,True,1148,1148,Well Constrained,Moderately Constrained,N,N,NW,NW,250,250,True,H27-5b_inter-FID_same-name_kinematic-compatible,"along-strike endpoint gap; assess continuation, relay, or cartographic segmentation",https://web2.nbmg.unr.edu/arcgis/rest/services/Qfaults/Qfaults_INGENIOUS/MapServer/0,https://www.osti.gov/servlets/purl/1724082,True,3.501,-3e-06,0.005855,11.6992,125,-117.09033,40.09135,-117.09382,40.06882,706,2489,731,2486,"Closing this 2.5 km gap would join two currently disconnected mapped systems (0.3 km and 0.7 km) into one 3.5 km system. NBMG INGENIOUS vector attribution: inter-FID structural linkage within fault zone 'Shoshone Range fault zone' (NUM=1148), bridging FID=862 (Well Constrained, SLIPSENSE=N, DIPDIRECT=NW) to FID=863 (Moderately Constrained, SLIPSENSE=N, DIPDIRECT=NW); kinematic_compat=True. Geometry: tip-to-tip along strike; one-sided; the tip points 7 deg off the link and 12 deg. The link strikes N7 E and 43% of the distance-weighted catalogued fault length within ~40 km lies within 20 deg of that strike (data-driven kinematic domain; no external stress model). Structural-setting label (geometry only; mapping to settings is ours): linkage/termination/step-over settings host ~25%/32% of characterised Great Basin geothermal systems (Faulds & Hinz 2015). Connectivity context: the catalogue network is near its critical connectivity (Berkowitz-style P=5.78 vs Pc 5.6-6.0 at the domain scale), where individual closures matter most, but Berkowitz et al. (2000) give ensemble statistics, not a verdict on this particular gap. Base coverage: 100% of its dots already lie within 300 m of the 0.2477 emission.  Graph value (Berkowitz et al. 2000 connectivity parameter, computed on the catalogue graph plus all 345 selected candidates with a=2.500 and D=1.566 held at their fitted values): this closure changes P by dP=+0.0059 (rank 125 of 345 by |dP|) and the largest-system share of total mapped fault length by -0.00000; the merged system would be 3.50 km long. It is a graph bridge: no other selected candidate joins these two sides, so this closure is what actually merges them. Status: validated on both 8-connected component holdout (0.293 vs 0.059 ctrl) and NBMG FID vector-trace holdout (0.100 vs 0.020 ctrl). Reviewer geometry cue only: along-strike endpoint gap; assess continuation, relay, or cartographic segmentation; this is not proof of a step-over or termination. Exclusive review class: H27-5b_inter-FID_same-name_kinematic-compatible. Different FIDs are records in this same NBMG compilation, not independent source confirmation."
T27-0290,3,end-to-end,2.518,13.713,33.759,False,173.157,0.479,3.604,2.056,8.178,8,0.0,0,False,40,42,False,Bettles Well-Petrified Springs fault,Bettles Well-Petrified Springs fault,True,1326,1326,Well Constrained,Moderately Constrained,RL,RL,Unspecified,SW,250,250,True,H27-5b_inter-FID_same-name_kinematic-compatible,"along-strike endpoint gap; assess continuation, relay, or cartographic segmentation",https://web2.nbmg.unr.edu/arcgis/rest/services/Qfaults/Qfaults_INGENIOUS/MapServer/0,https://www.osti.gov/servlets/purl/1724082,True,8.178,-3e-06,-0.005855,49.6597,65,-117.94718,38.49353,-117.94344,38.47103,2475,1740,2500,1743,"Closing this 2.5 km gap would join two currently disconnected mapped systems (3.6 km and 2.1 km) into one 8.2 km system. NBMG INGENIOUS vector attribution: inter-FID structural linkage within fault zone 'Bettles Well-Petrified Springs fault' (NUM=1326), bridging FID=40 (Well Constrained, SLIPSENSE=RL, DIPDIRECT=Unspecified) to FID=42 (Moderately Constrained, SLIPSENSE=RL, DIPDIRECT=SW); kinematic_compat=True. Geometry: tip-to-tip along strike; one-sided; the tip points 14 deg off the link and 34 deg. The link strikes N173 E and 48% of the distance-weighted catalogued fault length within ~40 km lies within 20 deg of that strike (data-driven kinematic domain; no external stress model). Structural-setting label (geometry only; mapping to settings is ours): linkage/termination/step-over settings host ~25%/32% of characterised Great Basin geothermal systems (Faulds & Hinz 2015). Connectivity context: the catalogue network is near its critical connectivity (Berkowitz-style P=5.78 vs Pc 5.6-6.0 at the domain scale), where individual closures matter most, but Berkowitz et al. (2000) give ensemble statistics, not a verdict on this particular gap. Base coverage: 0% of its dots already lie within 300 m of the 0.2477 emission.  Graph value (Berkowitz et al. 2000 connectivity parameter, computed on the catalogue graph plus all 345 selected candidates with a=2.500 and D=1.566 held at their fitted values): this closure changes P by dP=-0.0059 (rank 65 of 345 by |dP|) and the largest-system share of total mapped fault length by -0.00000; the merged system would be 8.18 km long. It is a graph bridge: no other selected candidate joins these two sides, so this closure is what actually merges them. Status: validated on both 8-connected component holdout (0.293 vs 0.059 ctrl) and NBMG FID vector-trace holdout (0.100 vs 0.020 ctrl). Reviewer geometry cue only: along-strike endpoint gap; assess continuation, relay, or cartographic segmentation; this is not proof of a step-over or termination. Exclusive review class: H27-5b_inter-FID_same-name_kinematic-compatible. Different FIDs are records in this same NBMG compilation, not independent source confirmation."
T27-0291,3,end-to-end,2.524,22.62,20.772,False,33.69,0.437,3.304,0.907,6.735,6,0.0,0,False,82,83,False,Buffalo Valley fault zone,Buffalo Valley fault zone,True,1140,1140,Well Constrained,Moderately Constrained,N,N,E,E,250,250,True,H27-5b_inter-FID_same-name_kinematic-compatible,"along-strike endpoint gap; assess continuation, relay, or cartographic segmentation",https://web2.nbmg.unr.edu/arcgis/rest/services/Qfaults/Qfaults_INGENIOUS/MapServer/0,https://www.osti.gov/servlets/purl/1724082,True,6.735,-3e-06,0.0,33.622,258,-117.39511,40.45739,-117.3787,40.47636,299,2231,278,2245,"Closing this 2.5 km gap would join two currently disconnected mapped systems (3.3 km and 0.9 km) into one 6.7 km system. NBMG INGENIOUS vector attribution: inter-FID structural linkage within fault zone 'Buffalo Valley fault zone' (NUM=1140), bridging FID=82 (Well Constrained, SLIPSENSE=N, DIPDIRECT=E) to FID=83 (Moderately Constrained, SLIPSENSE=N, DIPDIRECT=E); kinematic_compat=True. Geometry: tip-to-tip along strike; one-sided; the tip points 23 deg off the link and 21 deg. The link strikes N34 E and 44% of the distance-weighted catalogued fault length within ~40 km lies within 20 deg of that strike (data-driven kinematic domain; no external stress model). Structural-setting label (geometry only; mapping to settings is ours): linkage/termination/step-over settings host ~25%/32% of characterised Great Basin geothermal systems (Faulds & Hinz 2015). Connectivity context: the catalogue network is near its critical connectivity (Berkowitz-style P=5.78 vs Pc 5.6-6.0 at the domain scale), where individual closures matter most, but Berkowitz et al. (2000) give ensemble statistics, not a verdict on this particular gap. Base coverage: 0% of its dots already lie within 300 m of the 0.2477 emission.  Graph value (Berkowitz et al. 2000 connectivity parameter, computed on the catalogue graph plus all 345 selected candidates with a=2.500 and D=1.566 held at their fitted values): this closure changes P by dP=+0.0000 (rank 258 of 345 by |dP|) and the largest-system share of total mapped fault length by -0.00000; the merged system would be 6.74 km long. It is a graph bridge: no other selected candidate joins these two sides, so this closure is what actually merges them. Status: validated on both 8-connected component holdout (0.293 vs 0.059 ctrl) and NBMG FID vector-trace holdout (0.100 vs 0.020 ctrl). Reviewer geometry cue only: along-strike endpoint gap; assess continuation, relay, or cartographic segmentation; this is not proof of a step-over or termination. Exclusive review class: H27-5b_inter-FID_same-name_kinematic-compatible. Different FIDs are records in this same NBMG compilation, not independent source confirmation."
T27-0292,3,end-to-end,2.524,19.654,7.125,False,33.69,0.465,2.131,1.507,6.162,6,0.667,4,False,191,189,False,"Dixie Valley fault zone, ""1954"" section","Dixie Valley fault zone, ""1954"" section",True,1687b,1687b,Well Constrained,Well Constrained,N,N,Unspecified,Unspecified,250,250,True,H27-5b_inter-FID_same-name_kinematic-compatible,"along-strike endpoint gap; assess continuation, relay, or cartographic segmentation",https://web2.nbmg.unr.edu/arcgis/rest/services/Qfaults/Qfaults_INGENIOUS/MapServer/0,https://www.osti.gov/servlets/purl/1724082,True,6.162,-3e-06,0.0,31.1606,269,-118.22331,39.4209,-118.20738,39.43999,1443,1513,1422,1527,"Closing this 2.5 km gap would join two currently disconnected mapped systems (2.1 km and 1.5 km) into one 6.2 km system. NBMG INGENIOUS vector attribution: inter-FID structural linkage within fault zone 'Dixie Valley fault zone, ""1954"" section' (NUM=1687b), bridging FID=191 (Well Constrained, SLIPSENSE=N, DIPDIRECT=Unspecified) to FID=189 (Well Constrained, SLIPSENSE=N, DIPDIRECT=Unspecified); kinematic_compat=True. Geometry: tip-to-tip along strike; one-sided; the tip points 20 deg off the link and 7 deg. The link strikes N34 E and 47% of the distance-weighted catalogued fault length within ~40 km lies within 20 deg of that strike (data-driven kinematic domain; no external stress model). Structural-setting label (geometry only; mapping to settings is ours): linkage/termination/step-over settings host ~25%/32% of characterised Great Basin geothermal systems (Faulds & Hinz 2015). Connectivity context: the catalogue network is near its critical connectivity (Berkowitz-style P=5.78 vs Pc 5.6-6.0 at the domain scale), where individual closures matter most, but Berkowitz et al. (2000) give ensemble statistics, not a verdict on this particular gap. Base coverage: 67% of its dots already lie within 300 m of the 0.2477 emission.  Graph value (Berkowitz et al. 2000 connectivity parameter, computed on the catalogue graph plus all 345 selected candidates with a=2.500 and D=1.566 held at their fitted values): this closure changes P by dP=+0.0000 (rank 269 of 345 by |dP|) and the largest-system share of total mapped fault length by -0.00000; the merged system would be 6.16 km long. It is a graph bridge: no other selected candidate joins these two sides, so this closure is what actually merges them. Status: validated on both 8-connected component holdout (0.293 vs 0.059 ctrl) and NBMG FID vector-trace holdout (0.100 vs 0.020 ctrl). Reviewer geometry cue only: along-strike endpoint gap; assess continuation, relay, or cartographic segmentation; this is not proof of a step-over or termination. Exclusive review class: H27-5b_inter-FID_same-name_kinematic-compatible. Different FIDs are records in this same NBMG compilation, not independent source confirmation."
T27-0295,3,end-to-end,2.6,14.036,14.036,False,0.0,0.451,5.404,1.124,9.128,8,0.25,2,False,1581,1582,False,Western Humboldt Range fault zone,Western Humboldt Range fault zone,True,1635,1635,Well Constrained,Well Constrained,N,N,W,W,250,250,True,H27-5b_inter-FID_same-name_kinematic-compatible,"along-strike endpoint gap; assess continuation, relay, or cartographic segmentation",https://web2.nbmg.unr.edu/arcgis/rest/services/Qfaults/Qfaults_INGENIOUS/MapServer/0,https://www.osti.gov/servlets/purl/1724082,True,9.128,-3e-06,0.0,52.8592,215,-118.38031,40.18857,-118.37984,40.16515,589,1391,615,1391,"Closing this 2.6 km gap would join two currently disconnected mapped systems (5.4 km and 1.1 km) into one 9.1 km system. NBMG INGENIOUS vector attribution: inter-FID structural linkage within fault zone 'Western Humboldt Range fault zone' (NUM=1635), bridging FID=1581 (Well Constrained, SLIPSENSE=N, DIPDIRECT=W) to FID=1582 (Well Constrained, SLIPSENSE=N, DIPDIRECT=W); kinematic_compat=True. Geometry: tip-to-tip along strike; one-sided; the tip points 14 deg off the link and 14 deg. The link strikes N0 E and 45% of the distance-weighted catalogued fault length within ~40 km lies within 20 deg of that strike (data-driven kinematic domain; no external stress model). Structural-setting label (geometry only; mapping to settings is ours): linkage/termination/step-over settings host ~25%/32% of characterised Great Basin geothermal systems (Faulds & Hinz 2015). Connectivity context: the catalogue network is near its critical connectivity (Berkowitz-style P=5.78 vs Pc 5.6-6.0 at the domain scale), where individual closures matter most, but Berkowitz et al. (2000) give ensemble statistics, not a verdict on this particular gap. Base coverage: 25% of its dots already lie within 300 m of the 0.2477 emission.  Graph value (Berkowitz et al. 2000 connectivity parameter, computed on the catalogue graph plus all 345 selected candidates with a=2.500 and D=1.566 held at their fitted values): this closure changes P by dP=+0.0000 (rank 215 of 345 by |dP|) and the largest-system share of total mapped fault length by -0.00000; the merged system would be 9.13 km long. It is a graph bridge: no other selected candidate joins these two sides, so this closure is what actually merges them. Status: validated on both 8-connected component holdout (0.293 vs 0.059 ctrl) and NBMG FID vector-trace holdout (0.100 vs 0.020 ctrl). Reviewer geometry cue only: along-strike endpoint gap; assess continuation, relay, or cartographic segmentation; this is not proof of a step-over or termination. Exclusive review class: H27-5b_inter-FID_same-name_kinematic-compatible. Different FIDs are records in this same NBMG compilation, not independent source confirmation."
T27-0040,5,end-to-end,2.702,6.009,2.121,True,141.009,0.488,0.566,2.097,5.365,6,0.0,0,False,31,33,False,Benton Spring fault,Benton Spring fault,True,1320,1320,Well Constrained,Moderately Constrained,RL,RL,Unspecified,Unspecified,250,250,True,H27-5b_inter-FID_same-name_kinematic-compatible,"along-strike endpoint gap; assess continuation, relay, or cartographic segmentation",https://web2.nbmg.unr.edu/arcgis/rest/services/Qfaults/Qfaults_INGENIOUS/MapServer/0,https://www.osti.gov/servlets/purl/1724082,True,5.365,-3e-06,0.0,46.2814,230,-118.38251,38.83163,-118.36257,38.81294,2095,1366,2116,1383,"Closing this 2.7 km gap would join two currently disconnected mapped systems (0.6 km and 2.1 km) into one 5.4 km system. NBMG INGENIOUS vector attribution: inter-FID structural linkage within fault zone 'Benton Spring fault' (NUM=1320), bridging FID=31 (Well Constrained, SLIPSENSE=RL, DIPDIRECT=Unspecified) to FID=33 (Moderately Constrained, SLIPSENSE=RL, DIPDIRECT=Unspecified); kinematic_compat=True. Geometry: tip-to-tip along strike; mutual nearest tips; the tip points 6 deg off the link and 2 deg. The link strikes N141 E and 49% of the distance-weighted catalogued fault length within ~40 km lies within 20 deg of that strike (data-driven kinematic domain; no external stress model). Structural-setting label (geometry only; mapping to settings is ours): linkage/termination/step-over settings host ~25%/32% of characterised Great Basin geothermal systems (Faulds & Hinz 2015). Connectivity context: the catalogue network is near its critical connectivity (Berkowitz-style P=5.78 vs Pc 5.6-6.0 at the domain scale), where individual closures matter most, but Berkowitz et al. (2000) give ensemble statistics, not a verdict on this particular gap. Base coverage: 0% of its dots already lie within 300 m of the 0.2477 emission.  Graph value (Berkowitz et al. 2000 connectivity parameter, computed on the catalogue graph plus all 345 selected candidates with a=2.500 and D=1.566 held at their fitted values): this closure changes P by dP=+0.0000 (rank 230 of 345 by |dP|) and the largest-system share of total mapped fault length by -0.00000; the merged system would be 5.36 km long. It is a graph bridge: no other selected candidate joins these two sides, so this closure is what actually merges them. Status: validated on both 8-connected component holdout (0.293 vs 0.059 ctrl) and NBMG FID vector-trace holdout (0.100 vs 0.020 ctrl). Reviewer geometry cue only: along-strike endpoint gap; assess continuation, relay, or cartographic segmentation; this is not proof of a step-over or termination. Exclusive review class: H27-5b_inter-FID_same-name_kinematic-compatible. Different FIDs are records in this same NBMG compilation, not independent source confirmation."
T27-0305,3,end-to-end,2.746,10.065,16.074,True,10.491,0.368,3.756,1.99,8.491,8,0.0,0,False,1302,1305,False,Unnamed faults in Gabbs Valley,Unnamed faults in Gabbs Valley,True,1313,1313,Well Constrained,Moderately Constrained,N,N,Unspecified,Unspecified,250,250,True,H27-5b_inter-FID_same-name_kinematic-compatible,"along-strike endpoint gap; assess continuation, relay, or cartographic segmentation",https://web2.nbmg.unr.edu/arcgis/rest/services/Qfaults/Qfaults_INGENIOUS/MapServer/0,https://www.osti.gov/servlets/purl/1724082,True,8.491,-3e-06,0.0,54.0407,212,-118.11963,38.89121,-118.12501,38.86683,2032,1595,2059,1590,"Closing this 2.7 km gap would join two currently disconnected mapped systems (3.8 km and 2.0 km) into one 8.5 km system. NBMG INGENIOUS vector attribution: inter-FID structural linkage within fault zone 'Unnamed faults in Gabbs Valley' (NUM=1313), bridging FID=1302 (Well Constrained, SLIPSENSE=N, DIPDIRECT=Unspecified) to FID=1305 (Moderately Constrained, SLIPSENSE=N, DIPDIRECT=Unspecified); kinematic_compat=True. Geometry: tip-to-tip along strike; mutual nearest tips; the tip points 10 deg off the link and 16 deg. The link strikes N10 E and 37% of the distance-weighted catalogued fault length within ~40 km lies within 20 deg of that strike (data-driven kinematic domain; no external stress model). Structural-setting label (geometry only; mapping to settings is ours): linkage/termination/step-over settings host ~25%/32% of characterised Great Basin geothermal systems (Faulds & Hinz 2015). Connectivity context: the catalogue network is near its critical connectivity (Berkowitz-style P=5.78 vs Pc 5.6-6.0 at the domain scale), where individual closures matter most, but Berkowitz et al. (2000) give ensemble statistics, not a verdict on this particular gap. Base coverage: 0% of its dots already lie within 300 m of the 0.2477 emission.  Graph value (Berkowitz et al. 2000 connectivity parameter, computed on the catalogue graph plus all 345 selected candidates with a=2.500 and D=1.566 held at their fitted values): this closure changes P by dP=+0.0000 (rank 212 of 345 by |dP|) and the largest-system share of total mapped fault length by -0.00000; the merged system would be 8.49 km long. It is a graph bridge: no other selected candidate joins these two sides, so this closure is what actually merges them. Status: validated on both 8-connected component holdout (0.293 vs 0.059 ctrl) and NBMG FID vector-trace holdout (0.100 vs 0.020 ctrl). Reviewer geometry cue only: along-strike endpoint gap; assess continuation, relay, or cartographic segmentation; this is not proof of a step-over or termination. Exclusive review class: H27-5b_inter-FID_same-name_kinematic-compatible. Different FIDs are records in this same NBMG compilation, not independent source confirmation."
T27-0042,5,end-to-end,2.759,6.661,1.469,True,46.469,0.477,0.583,0.907,4.249,6,0.0,0,False,199,200,False,Dry Hills faults,Dry Hills faults,True,1153,1153,Well Constrained,Moderately Constrained,N,N,NW,NW,250,250,True,H27-5b_inter-FID_same-name_kinematic-compatible,"along-strike endpoint gap; assess continuation, relay, or cartographic segmentation",https://web2.nbmg.unr.edu/arcgis/rest/services/Qfaults/Qfaults_INGENIOUS/MapServer/0,https://www.osti.gov/servlets/purl/1724082,True,4.249,-3e-06,0.0,70.7539,189,-116.38739,40.5114,-116.41115,40.4944,238,3085,257,3065,"Closing this 2.8 km gap would join two currently disconnected mapped systems (0.6 km and 0.9 km) into one 4.2 km system. NBMG INGENIOUS vector attribution: inter-FID structural linkage within fault zone 'Dry Hills faults' (NUM=1153), bridging FID=199 (Well Constrained, SLIPSENSE=N, DIPDIRECT=NW) to FID=200 (Moderately Constrained, SLIPSENSE=N, DIPDIRECT=NW); kinematic_compat=True. Geometry: tip-to-tip along strike; mutual nearest tips; the tip points 7 deg off the link and 1 deg. The link strikes N46 E and 48% of the distance-weighted catalogued fault length within ~40 km lies within 20 deg of that strike (data-driven kinematic domain; no external stress model). Structural-setting label (geometry only; mapping to settings is ours): linkage/termination/step-over settings host ~25%/32% of characterised Great Basin geothermal systems (Faulds & Hinz 2015). Connectivity context: the catalogue network is near its critical connectivity (Berkowitz-style P=5.78 vs Pc 5.6-6.0 at the domain scale), where individual closures matter most, but Berkowitz et al. (2000) give ensemble statistics, not a verdict on this particular gap. Base coverage: 0% of its dots already lie within 300 m of the 0.2477 emission.  Graph value (Berkowitz et al. 2000 connectivity parameter, computed on the catalogue graph plus all 345 selected candidates with a=2.500 and D=1.566 held at their fitted values): this closure changes P by dP=+0.0000 (rank 189 of 345 by |dP|) and the largest-system share of total mapped fault length by -0.00000; the merged system would be 4.25 km long. It is a graph bridge: no other selected candidate joins these two sides, so this closure is what actually merges them. Status: validated on both 8-connected component holdout (0.293 vs 0.059 ctrl) and NBMG FID vector-trace holdout (0.100 vs 0.020 ctrl). Reviewer geometry cue only: along-strike endpoint gap; assess continuation, relay, or cartographic segmentation; this is not proof of a step-over or termination. Exclusive review class: H27-5b_inter-FID_same-name_kinematic-compatible. Different FIDs are records in this same NBMG compilation, not independent source confirmation."
T27-0307,3,end-to-end,2.816,20.152,13.241,False,173.884,0.418,0.883,0.841,4.54,9,0.0,0,False,774,776,False,Rainbow Mountain fault zone,Rainbow Mountain fault zone,True,1679,1679,Well Constrained,Moderately Constrained,RL,RL,Unspecified,Unspecified,250,250,True,H27-5b_inter-FID_same-name_kinematic-compatible,"along-strike endpoint gap; assess continuation, relay, or cartographic segmentation",https://web2.nbmg.unr.edu/arcgis/rest/services/Qfaults/Qfaults_INGENIOUS/MapServer/0,https://www.osti.gov/servlets/purl/1724082,True,4.54,-3e-06,0.005855,19.1268,99,-118.45074,39.63182,-118.45477,39.657,1206,1321,1178,1318,"Closing this 2.8 km gap would join two currently disconnected mapped systems (0.9 km and 0.8 km) into one 4.5 km system. NBMG INGENIOUS vector attribution: inter-FID structural linkage within fault zone 'Rainbow Mountain fault zone' (NUM=1679), bridging FID=774 (Well Constrained, SLIPSENSE=RL, DIPDIRECT=Unspecified) to FID=776 (Moderately Constrained, SLIPSENSE=RL, DIPDIRECT=Unspecified); kinematic_compat=True. Geometry: tip-to-tip along strike; one-sided; the tip points 20 deg off the link and 13 deg. The link strikes N174 E and 42% of the distance-weighted catalogued fault length within ~40 km lies within 20 deg of that strike (data-driven kinematic domain; no external stress model). Structural-setting label (geometry only; mapping to settings is ours): linkage/termination/step-over settings host ~25%/32% of characterised Great Basin geothermal systems (Faulds & Hinz 2015). Connectivity context: the catalogue network is near its critical connectivity (Berkowitz-style P=5.78 vs Pc 5.6-6.0 at the domain scale), where individual closures matter most, but Berkowitz et al. (2000) give ensemble statistics, not a verdict on this particular gap. Base coverage: 0% of its dots already lie within 300 m of the 0.2477 emission.  Graph value (Berkowitz et al. 2000 connectivity parameter, computed on the catalogue graph plus all 345 selected candidates with a=2.500 and D=1.566 held at their fitted values): this closure changes P by dP=+0.0059 (rank 99 of 345 by |dP|) and the largest-system share of total mapped fault length by -0.00000; the merged system would be 4.54 km long. It is a graph bridge: no other selected candidate joins these two sides, so this closure is what actually merges them. Status: validated on both 8-connected component holdout (0.293 vs 0.059 ctrl) and NBMG FID vector-trace holdout (0.100 vs 0.020 ctrl). Reviewer geometry cue only: along-strike endpoint gap; assess continuation, relay, or cartographic segmentation; this is not proof of a step-over or termination. Exclusive review class: H27-5b_inter-FID_same-name_kinematic-compatible. Different FIDs are records in this same NBMG compilation, not independent source confirmation."
T27-0309,3,end-to-end,2.844,21.881,3.912,True,10.125,0.492,3.704,3.19,9.738,9,0.222,3,False,442,443,False,Hot Springs Mountain fault zone,Hot Springs Mountain fault zone,True,1673,1673,Well Constrained,Well Constrained,N,N,SE,SE,250,250,True,H27-5b_inter-FID_same-name_kinematic-compatible,"along-strike endpoint gap; assess continuation, relay, or cartographic segmentation",https://web2.nbmg.unr.edu/arcgis/rest/services/Qfaults/Qfaults_INGENIOUS/MapServer/0,https://www.osti.gov/servlets/purl/1724082,True,9.738,-3e-06,-0.005855,127.0406,28,-118.83393,39.80209,-118.8391,39.77678,1011,996,1039,991,"Closing this 2.8 km gap would join two currently disconnected mapped systems (3.7 km and 3.2 km) into one 9.7 km system. NBMG INGENIOUS vector attribution: inter-FID structural linkage within fault zone 'Hot Springs Mountain fault zone' (NUM=1673), bridging FID=442 (Well Constrained, SLIPSENSE=N, DIPDIRECT=SE) to FID=443 (Well Constrained, SLIPSENSE=N, DIPDIRECT=SE); kinematic_compat=True. Geometry: tip-to-tip along strike; mutual nearest tips; the tip points 22 deg off the link and 4 deg. The link strikes N10 E and 49% of the distance-weighted catalogued fault length within ~40 km lies within 20 deg of that strike (data-driven kinematic domain; no external stress model). Structural-setting label (geometry only; mapping to settings is ours): linkage/termination/step-over settings host ~25%/32% of characterised Great Basin geothermal systems (Faulds & Hinz 2015). Connectivity context: the catalogue network is near its critical connectivity (Berkowitz-style P=5.78 vs Pc 5.6-6.0 at the domain scale), where individual closures matter most, but Berkowitz et al. (2000) give ensemble statistics, not a verdict on this particular gap. Base coverage: 22% of its dots already lie within 300 m of the 0.2477 emission.  Graph value (Berkowitz et al. 2000 connectivity parameter, computed on the catalogue graph plus all 345 selected candidates with a=2.500 and D=1.566 held at their fitted values): this closure changes P by dP=-0.0059 (rank 28 of 345 by |dP|) and the largest-system share of total mapped fault length by -0.00000; the merged system would be 9.74 km long. It is a graph bridge: no other selected candidate joins these two sides, so this closure is what actually merges them. Status: validated on both 8-connected component holdout (0.293 vs 0.059 ctrl) and NBMG FID vector-trace holdout (0.100 vs 0.020 ctrl). Reviewer geometry cue only: along-strike endpoint gap; assess continuation, relay, or cartographic segmentation; this is not proof of a step-over or termination. Exclusive review class: H27-5b_inter-FID_same-name_kinematic-compatible. Different FIDs are records in this same NBMG compilation, not independent source confirmation."
T27-0137,4,end-to-end,2.9,17.038,25.841,True,43.603,0.402,1.249,1.79,5.938,6,0.667,4,False,1233,1232,False,Unnamed fault zone on northwest side of Trinity Range,Unnamed fault zone on northwest side of Trinity Range,True,1678,1678,Well Constrained,Well Constrained,N,N,Unspecified,Unspecified,250,250,True,H27-5b_inter-FID_same-name_kinematic-compatible,"along-strike endpoint gap; assess continuation, relay, or cartographic segmentation",https://web2.nbmg.unr.edu/arcgis/rest/services/Qfaults/Qfaults_INGENIOUS/MapServer/0,https://www.osti.gov/servlets/purl/1724082,True,5.938,-3e-06,0.0,96.6634,170,-118.93712,39.94095,-118.95998,39.92165,855,911,876,891,"Closing this 2.9 km gap would join two currently disconnected mapped systems (1.2 km and 1.8 km) into one 5.9 km system. NBMG INGENIOUS vector attribution: inter-FID structural linkage within fault zone 'Unnamed fault zone on northwest side of Trinity Range' (NUM=1678), bridging FID=1233 (Well Constrained, SLIPSENSE=N, DIPDIRECT=Unspecified) to FID=1232 (Well Constrained, SLIPSENSE=N, DIPDIRECT=Unspecified); kinematic_compat=True. Geometry: tip-to-tip along strike; mutual nearest tips; the tip points 17 deg off the link and 26 deg. The link strikes N44 E and 40% of the distance-weighted catalogued fault length within ~40 km lies within 20 deg of that strike (data-driven kinematic domain; no external stress model). Structural-setting label (geometry only; mapping to settings is ours): linkage/termination/step-over settings host ~25%/32% of characterised Great Basin geothermal systems (Faulds & Hinz 2015). Connectivity context: the catalogue network is near its critical connectivity (Berkowitz-style P=5.78 vs Pc 5.6-6.0 at the domain scale), where individual closures matter most, but Berkowitz et al. (2000) give ensemble statistics, not a verdict on this particular gap. Base coverage: 67% of its dots already lie within 300 m of the 0.2477 emission.  Graph value (Berkowitz et al. 2000 connectivity parameter, computed on the catalogue graph plus all 345 selected candidates with a=2.500 and D=1.566 held at their fitted values): this closure changes P by dP=+0.0000 (rank 170 of 345 by |dP|) and the largest-system share of total mapped fault length by -0.00000; the merged system would be 5.94 km long. It is a graph bridge: no other selected candidate joins these two sides, so this closure is what actually merges them. Status: validated on both 8-connected component holdout (0.293 vs 0.059 ctrl) and NBMG FID vector-trace holdout (0.100 vs 0.020 ctrl). Reviewer geometry cue only: along-strike endpoint gap; assess continuation, relay, or cartographic segmentation; this is not proof of a step-over or termination. Exclusive review class: H27-5b_inter-FID_same-name_kinematic-compatible. Different FIDs are records in this same NBMG compilation, not independent source confirmation."
T27-0043,5,end-to-end,2.915,8.13,30.964,True,5.906,0.555,1.424,2.297,6.637,9,0.222,2,False,1506,1505,False,Unnamed faults southwestern Stillwater Range,Unnamed faults southwestern Stillwater Range,True,1683,1683,Moderately Constrained,Well Constrained,N,N,Unspecified,Unspecified,250,250,True,H27-5b_inter-FID_same-name_kinematic-compatible,"along-strike endpoint gap; assess continuation, relay, or cartographic segmentation",https://web2.nbmg.unr.edu/arcgis/rest/services/Qfaults/Qfaults_INGENIOUS/MapServer/0,https://www.osti.gov/servlets/purl/1724082,True,6.637,-3e-06,-0.005855,70.01,54,-118.41918,39.39795,-118.42213,39.37179,1466,1344,1495,1341,"Closing this 2.9 km gap would join two currently disconnected mapped systems (1.4 km and 2.3 km) into one 6.6 km system. NBMG INGENIOUS vector attribution: inter-FID structural linkage within fault zone 'Unnamed faults southwestern Stillwater Range' (NUM=1683), bridging FID=1506 (Moderately Constrained, SLIPSENSE=N, DIPDIRECT=Unspecified) to FID=1505 (Well Constrained, SLIPSENSE=N, DIPDIRECT=Unspecified); kinematic_compat=True. Geometry: tip-to-tip along strike; mutual nearest tips; the tip points 8 deg off the link and 31 deg. The link strikes N6 E and 55% of the distance-weighted catalogued fault length within ~40 km lies within 20 deg of that strike (data-driven kinematic domain; no external stress model). Structural-setting label (geometry only; mapping to settings is ours): linkage/termination/step-over settings host ~25%/32% of characterised Great Basin geothermal systems (Faulds & Hinz 2015). Connectivity context: the catalogue network is near its critical connectivity (Berkowitz-style P=5.78 vs Pc 5.6-6.0 at the domain scale), where individual closures matter most, but Berkowitz et al. (2000) give ensemble statistics, not a verdict on this particular gap. Base coverage: 22% of its dots already lie within 300 m of the 0.2477 emission.  Graph value (Berkowitz et al. 2000 connectivity parameter, computed on the catalogue graph plus all 345 selected candidates with a=2.500 and D=1.566 held at their fitted values): this closure changes P by dP=-0.0059 (rank 54 of 345 by |dP|) and the largest-system share of total mapped fault length by -0.00000; the merged system would be 6.64 km long. It is a graph bridge: no other selected candidate joins these two sides, so this closure is what actually merges them. Status: validated on both 8-connected component holdout (0.293 vs 0.059 ctrl) and NBMG FID vector-trace holdout (0.100 vs 0.020 ctrl). Reviewer geometry cue only: along-strike endpoint gap; assess continuation, relay, or cartographic segmentation; this is not proof of a step-over or termination. Exclusive review class: H27-5b_inter-FID_same-name_kinematic-compatible. Different FIDs are records in this same NBMG compilation, not independent source confirmation."
T27-0313,3,end-to-end,2.921,6.953,17.491,False,51.953,0.294,1.107,1.79,5.818,7,1.0,7,False,1233,1232,False,Unnamed fault zone on northwest side of Trinity Range,Unnamed fault zone on northwest side of Trinity Range,True,1678,1678,Well Constrained,Well Constrained,N,N,Unspecified,Unspecified,250,250,True,H27-5b_inter-FID_same-name_kinematic-compatible,"along-strike endpoint gap; assess continuation, relay, or cartographic segmentation",https://web2.nbmg.unr.edu/arcgis/rest/services/Qfaults/Qfaults_INGENIOUS/MapServer/0,https://www.osti.gov/servlets/purl/1724082,True,5.818,-3e-06,0.0,94.6229,172,-118.93354,39.93831,-118.95998,39.92165,858,914,876,891,"Closing this 2.9 km gap would join two currently disconnected mapped systems (1.1 km and 1.8 km) into one 5.8 km system. NBMG INGENIOUS vector attribution: inter-FID structural linkage within fault zone 'Unnamed fault zone on northwest side of Trinity Range' (NUM=1678), bridging FID=1233 (Well Constrained, SLIPSENSE=N, DIPDIRECT=Unspecified) to FID=1232 (Well Constrained, SLIPSENSE=N, DIPDIRECT=Unspecified); kinematic_compat=True. Geometry: tip-to-tip along strike; one-sided; the tip points 7 deg off the link and 17 deg. The link strikes N52 E and 29% of the distance-weighted catalogued fault length within ~40 km lies within 20 deg of that strike (data-driven kinematic domain; no external stress model). Structural-setting label (geometry only; mapping to settings is ours): linkage/termination/step-over settings host ~25%/32% of characterised Great Basin geothermal systems (Faulds & Hinz 2015). Connectivity context: the catalogue network is near its critical connectivity (Berkowitz-style P=5.78 vs Pc 5.6-6.0 at the domain scale), where individual closures matter most, but Berkowitz et al. (2000) give ensemble statistics, not a verdict on this particular gap. Base coverage: 100% of its dots already lie within 300 m of the 0.2477 emission.  Graph value (Berkowitz et al. 2000 connectivity parameter, computed on the catalogue graph plus all 345 selected candidates with a=2.500 and D=1.566 held at their fitted values): this closure changes P by dP=+0.0000 (rank 172 of 345 by |dP|) and the largest-system share of total mapped fault length by -0.00000; the merged system would be 5.82 km long. It is a graph bridge: no other selected candidate joins these two sides, so this closure is what actually merges them. Status: validated on both 8-connected component holdout (0.293 vs 0.059 ctrl) and NBMG FID vector-trace holdout (0.100 vs 0.020 ctrl). Reviewer geometry cue only: along-strike endpoint gap; assess continuation, relay, or cartographic segmentation; this is not proof of a step-over or termination. Exclusive review class: H27-5b_inter-FID_same-name_kinematic-compatible. Different FIDs are records in this same NBMG compilation, not independent source confirmation."
T27-0317,3,end-to-end,3.041,13.923,32.296,False,43.668,0.24,0.866,2.107,6.014,7,0.0,0,False,775,774,False,Rainbow Mountain fault zone,Rainbow Mountain fault zone,True,1679,1679,Well Constrained,Well Constrained,RL,RL,Unspecified,Unspecified,250,250,True,H27-5b_inter-FID_same-name_kinematic-compatible,"along-strike endpoint gap; assess continuation, relay, or cartographic segmentation",https://web2.nbmg.unr.edu/arcgis/rest/services/Qfaults/Qfaults_INGENIOUS/MapServer/0,https://www.osti.gov/servlets/purl/1724082,True,6.014,-3e-06,0.0,30.981,271,-118.45571,39.53536,-118.43169,39.55548,1313,1315,1291,1336,"Closing this 3.0 km gap would join two currently disconnected mapped systems (0.9 km and 2.1 km) into one 6.0 km system. NBMG INGENIOUS vector attribution: inter-FID structural linkage within fault zone 'Rainbow Mountain fault zone' (NUM=1679), bridging FID=775 (Well Constrained, SLIPSENSE=RL, DIPDIRECT=Unspecified) to FID=774 (Well Constrained, SLIPSENSE=RL, DIPDIRECT=Unspecified); kinematic_compat=True. Geometry: tip-to-tip along strike; one-sided; the tip points 14 deg off the link and 32 deg. The link strikes N44 E and 24% of the distance-weighted catalogued fault length within ~40 km lies within 20 deg of that strike (data-driven kinematic domain; no external stress model). Structural-setting label (geometry only; mapping to settings is ours): linkage/termination/step-over settings host ~25%/32% of characterised Great Basin geothermal systems (Faulds & Hinz 2015). Connectivity context: the catalogue network is near its critical connectivity (Berkowitz-style P=5.78 vs Pc 5.6-6.0 at the domain scale), where individual closures matter most, but Berkowitz et al. (2000) give ensemble statistics, not a verdict on this particular gap. Base coverage: 0% of its dots already lie within 300 m of the 0.2477 emission.  Graph value (Berkowitz et al. 2000 connectivity parameter, computed on the catalogue graph plus all 345 selected candidates with a=2.500 and D=1.566 held at their fitted values): this closure changes P by dP=+0.0000 (rank 271 of 345 by |dP|) and the largest-system share of total mapped fault length by -0.00000; the merged system would be 6.01 km long. It is a graph bridge: no other selected candidate joins these two sides, so this closure is what actually merges them. Status: validated on both 8-connected component holdout (0.293 vs 0.059 ctrl) and NBMG FID vector-trace holdout (0.100 vs 0.020 ctrl). Reviewer geometry cue only: along-strike endpoint gap; assess continuation, relay, or cartographic segmentation; this is not proof of a step-over or termination. Exclusive review class: H27-5b_inter-FID_same-name_kinematic-compatible. Different FIDs are records in this same NBMG compilation, not independent source confirmation."
T27-0144,4,end-to-end,3.081,6.009,33.69,False,35.754,0.487,0.866,1.79,5.736,8,0.75,6,False,1233,1232,False,Unnamed fault zone on northwest side of Trinity Range,Unnamed fault zone on northwest side of Trinity Range,True,1678,1678,Well Constrained,Well Constrained,N,N,Unspecified,Unspecified,250,250,True,H27-5b_inter-FID_same-name_kinematic-compatible,"along-strike endpoint gap; assess continuation, relay, or cartographic segmentation",https://web2.nbmg.unr.edu/arcgis/rest/services/Qfaults/Qfaults_INGENIOUS/MapServer/0,https://www.osti.gov/servlets/purl/1724082,True,5.736,-3e-06,0.0,93.4823,173,-118.93956,39.94451,-118.95998,39.92165,851,909,876,891,"Closing this 3.1 km gap would join two currently disconnected mapped systems (0.9 km and 1.8 km) into one 5.7 km system. NBMG INGENIOUS vector attribution: inter-FID structural linkage within fault zone 'Unnamed fault zone on northwest side of Trinity Range' (NUM=1678), bridging FID=1233 (Well Constrained, SLIPSENSE=N, DIPDIRECT=Unspecified) to FID=1232 (Well Constrained, SLIPSENSE=N, DIPDIRECT=Unspecified); kinematic_compat=True. Geometry: tip-to-tip along strike; one-sided; the tip points 6 deg off the link and 34 deg. The link strikes N36 E and 49% of the distance-weighted catalogued fault length within ~40 km lies within 20 deg of that strike (data-driven kinematic domain; no external stress model). Structural-setting label (geometry only; mapping to settings is ours): linkage/termination/step-over settings host ~25%/32% of characterised Great Basin geothermal systems (Faulds & Hinz 2015). Connectivity context: the catalogue network is near its critical connectivity (Berkowitz-style P=5.78 vs Pc 5.6-6.0 at the domain scale), where individual closures matter most, but Berkowitz et al. (2000) give ensemble statistics, not a verdict on this particular gap. Base coverage: 75% of its dots already lie within 300 m of the 0.2477 emission.  Graph value (Berkowitz et al. 2000 connectivity parameter, computed on the catalogue graph plus all 345 selected candidates with a=2.500 and D=1.566 held at their fitted values): this closure changes P by dP=+0.0000 (rank 173 of 345 by |dP|) and the largest-system share of total mapped fault length by -0.00000; the merged system would be 5.74 km long. It is a graph bridge: no other selected candidate joins these two sides, so this closure is what actually merges them. Status: validated on both 8-connected component holdout (0.293 vs 0.059 ctrl) and NBMG FID vector-trace holdout (0.100 vs 0.020 ctrl). Reviewer geometry cue only: along-strike endpoint gap; assess continuation, relay, or cartographic segmentation; this is not proof of a step-over or termination. Exclusive review class: H27-5b_inter-FID_same-name_kinematic-compatible. Different FIDs are records in this same NBMG compilation, not independent source confirmation."
T27-0320,3,end-to-end,3.081,21.718,21.718,True,35.754,0.19,0.441,1.083,4.605,8,0.75,6,False,1196,1198,False,Unnamed fault zone in southeastern Gabbs Valley Range,Unnamed fault zone in southeastern Gabbs Valley Range,True,1323,1323,Well Constrained,Moderately Constrained,N,N,Unspecified,Unspecified,250,250,True,H27-5b_inter-FID_same-name_kinematic-compatible,"along-strike endpoint gap; assess continuation, relay, or cartographic segmentation",https://web2.nbmg.unr.edu/arcgis/rest/services/Qfaults/Qfaults_INGENIOUS/MapServer/0,https://www.osti.gov/servlets/purl/1724082,True,4.605,-3e-06,0.0,30.4032,275,-117.98487,38.73473,-118.00526,38.71202,2207,1710,2232,1692,"Closing this 3.1 km gap would join two currently disconnected mapped systems (0.4 km and 1.1 km) into one 4.6 km system. NBMG INGENIOUS vector attribution: inter-FID structural linkage within fault zone 'Unnamed fault zone in southeastern Gabbs Valley Range' (NUM=1323), bridging FID=1196 (Well Constrained, SLIPSENSE=N, DIPDIRECT=Unspecified) to FID=1198 (Moderately Constrained, SLIPSENSE=N, DIPDIRECT=Unspecified); kinematic_compat=True. Geometry: tip-to-tip along strike; mutual nearest tips; the tip points 22 deg off the link and 22 deg. The link strikes N36 E and 19% of the distance-weighted catalogued fault length within ~40 km lies within 20 deg of that strike (data-driven kinematic domain; no external stress model). Structural-setting label (geometry only; mapping to settings is ours): linkage/termination/step-over settings host ~25%/32% of characterised Great Basin geothermal systems (Faulds & Hinz 2015). Connectivity context: the catalogue network is near its critical connectivity (Berkowitz-style P=5.78 vs Pc 5.6-6.0 at the domain scale), where individual closures matter most, but Berkowitz et al. (2000) give ensemble statistics, not a verdict on this particular gap. Base coverage: 75% of its dots already lie within 300 m of the 0.2477 emission.  Graph value (Berkowitz et al. 2000 connectivity parameter, computed on the catalogue graph plus all 345 selected candidates with a=2.500 and D=1.566 held at their fitted values): this closure changes P by dP=+0.0000 (rank 275 of 345 by |dP|) and the largest-system share of total mapped fault length by -0.00000; the merged system would be 4.60 km long. It is a graph bridge: no other selected candidate joins these two sides, so this closure is what actually merges them. Status: validated on both 8-connected component holdout (0.293 vs 0.059 ctrl) and NBMG FID vector-trace holdout (0.100 vs 0.020 ctrl). Reviewer geometry cue only: along-strike endpoint gap; assess continuation, relay, or cartographic segmentation; this is not proof of a step-over or termination. Exclusive review class: H27-5b_inter-FID_same-name_kinematic-compatible. Different FIDs are records in this same NBMG compilation, not independent source confirmation."
T27-0325,3,end-to-end,3.183,1.273,3.126,True,133.727,0.304,1.107,6.76,11.05,7,0.571,4,False,797,798,False,SW Warm Springs Valley fault,SW Warm Springs Valley fault,True,1659,1659,Well Constrained,Moderately Constrained,N,N,Unspecified,Unspecified,250,250,True,H27-5b_inter-FID_same-name_kinematic-compatible,"along-strike endpoint gap; assess continuation, relay, or cartographic segmentation",https://web2.nbmg.unr.edu/arcgis/rest/services/Qfaults/Qfaults_INGENIOUS/MapServer/0,https://www.osti.gov/servlets/purl/1724082,True,11.05,-3e-06,0.0,75.1747,185,-119.62851,39.74987,-119.60095,39.73067,1052,314,1074,337,"Closing this 3.2 km gap would join two currently disconnected mapped systems (1.1 km and 6.8 km) into one 11.0 km system. NBMG INGENIOUS vector attribution: inter-FID structural linkage within fault zone 'SW Warm Springs Valley fault' (NUM=1659), bridging FID=797 (Well Constrained, SLIPSENSE=N, DIPDIRECT=Unspecified) to FID=798 (Moderately Constrained, SLIPSENSE=N, DIPDIRECT=Unspecified); kinematic_compat=True. Geometry: tip-to-tip along strike; mutual nearest tips; the tip points 1 deg off the link and 3 deg. The link strikes N134 E and 30% of the distance-weighted catalogued fault length within ~40 km lies within 20 deg of that strike (data-driven kinematic domain; no external stress model). Structural-setting label (geometry only; mapping to settings is ours): linkage/termination/step-over settings host ~25%/32% of characterised Great Basin geothermal systems (Faulds & Hinz 2015). Connectivity context: the catalogue network is near its critical connectivity (Berkowitz-style P=5.78 vs Pc 5.6-6.0 at the domain scale), where individual closures matter most, but Berkowitz et al. (2000) give ensemble statistics, not a verdict on this particular gap. Base coverage: 57% of its dots already lie within 300 m of the 0.2477 emission.  Graph value (Berkowitz et al. 2000 connectivity parameter, computed on the catalogue graph plus all 345 selected candidates with a=2.500 and D=1.566 held at their fitted values): this closure changes P by dP=+0.0000 (rank 185 of 345 by |dP|) and the largest-system share of total mapped fault length by -0.00000; the merged system would be 11.05 km long. It is a graph bridge: no other selected candidate joins these two sides, so this closure is what actually merges them. Status: validated on both 8-connected component holdout (0.293 vs 0.059 ctrl) and NBMG FID vector-trace holdout (0.100 vs 0.020 ctrl). Reviewer geometry cue only: along-strike endpoint gap; assess continuation, relay, or cartographic segmentation; this is not proof of a step-over or termination. Exclusive review class: H27-5b_inter-FID_same-name_kinematic-compatible. Different FIDs are records in this same NBMG compilation, not independent source confirmation."
T27-0146,4,end-to-end,3.314,5.194,30.343,False,5.194,0.51,0.9,0.907,5.121,10,0.5,5,False,401,400,False,Granite Springs Valley fault zone,Granite Springs Valley fault zone,True,1622,1622,Moderately Constrained,Well Constrained,N,N,E,E,250,250,True,H27-5b_inter-FID_same-name_kinematic-compatible,"along-strike endpoint gap; assess continuation, relay, or cartographic segmentation",https://web2.nbmg.unr.edu/arcgis/rest/services/Qfaults/Qfaults_INGENIOUS/MapServer/0,https://www.osti.gov/servlets/purl/1724082,True,5.121,-3e-06,0.005855,24.5889,89,-119.05517,40.01369,-119.05779,39.98392,772,812,805,809,"Closing this 3.3 km gap would join two currently disconnected mapped systems (0.9 km and 0.9 km) into one 5.1 km system. NBMG INGENIOUS vector attribution: inter-FID structural linkage within fault zone 'Granite Springs Valley fault zone' (NUM=1622), bridging FID=401 (Moderately Constrained, SLIPSENSE=N, DIPDIRECT=E) to FID=400 (Well Constrained, SLIPSENSE=N, DIPDIRECT=E); kinematic_compat=True. Geometry: tip-to-tip along strike; one-sided; the tip points 5 deg off the link and 30 deg. The link strikes N5 E and 51% of the distance-weighted catalogued fault length within ~40 km lies within 20 deg of that strike (data-driven kinematic domain; no external stress model). Structural-setting label (geometry only; mapping to settings is ours): linkage/termination/step-over settings host ~25%/32% of characterised Great Basin geothermal systems (Faulds & Hinz 2015). Connectivity context: the catalogue network is near its critical connectivity (Berkowitz-style P=5.78 vs Pc 5.6-6.0 at the domain scale), where individual closures matter most, but Berkowitz et al. (2000) give ensemble statistics, not a verdict on this particular gap. Base coverage: 50% of its dots already lie within 300 m of the 0.2477 emission.  Graph value (Berkowitz et al. 2000 connectivity parameter, computed on the catalogue graph plus all 345 selected candidates with a=2.500 and D=1.566 held at their fitted values): this closure changes P by dP=+0.0059 (rank 89 of 345 by |dP|) and the largest-system share of total mapped fault length by -0.00000; the merged system would be 5.12 km long. It is a graph bridge: no other selected candidate joins these two sides, so this closure is what actually merges them. Status: validated on both 8-connected component holdout (0.293 vs 0.059 ctrl) and NBMG FID vector-trace holdout (0.100 vs 0.020 ctrl). Reviewer geometry cue only: along-strike endpoint gap; assess continuation, relay, or cartographic segmentation; this is not proof of a step-over or termination. Exclusive review class: H27-5b_inter-FID_same-name_kinematic-compatible. Different FIDs are records in this same NBMG compilation, not independent source confirmation."
T27-0147,4,end-to-end,3.324,4.847,10.856,False,15.709,0.459,2.09,1.749,7.163,10,0.3,3,False,35,34,False,Beowawe fault,Beowawe fault,True,1151,1151,Moderately Constrained,Well Constrained,N,N,NW,NW,250,250,True,H27-5b_inter-FID_same-name_kinematic-compatible,"along-strike endpoint gap; assess continuation, relay, or cartographic segmentation",https://web2.nbmg.unr.edu/arcgis/rest/services/Qfaults/Qfaults_INGENIOUS/MapServer/0,https://www.osti.gov/servlets/purl/1724082,True,7.163,-3e-06,0.0,43.8781,231,-116.42492,40.67735,-116.43582,40.64858,54,3052,86,3043,"Closing this 3.3 km gap would join two currently disconnected mapped systems (2.1 km and 1.7 km) into one 7.2 km system. NBMG INGENIOUS vector attribution: inter-FID structural linkage within fault zone 'Beowawe fault' (NUM=1151), bridging FID=35 (Moderately Constrained, SLIPSENSE=N, DIPDIRECT=NW) to FID=34 (Well Constrained, SLIPSENSE=N, DIPDIRECT=NW); kinematic_compat=True. Geometry: tip-to-tip along strike; one-sided; the tip points 5 deg off the link and 11 deg. The link strikes N16 E and 46% of the distance-weighted catalogued fault length within ~40 km lies within 20 deg of that strike (data-driven kinematic domain; no external stress model). Structural-setting label (geometry only; mapping to settings is ours): linkage/termination/step-over settings host ~25%/32% of characterised Great Basin geothermal systems (Faulds & Hinz 2015). Connectivity context: the catalogue network is near its critical connectivity (Berkowitz-style P=5.78 vs Pc 5.6-6.0 at the domain scale), where individual closures matter most, but Berkowitz et al. (2000) give ensemble statistics, not a verdict on this particular gap. Base coverage: 30% of its dots already lie within 300 m of the 0.2477 emission.  Graph value (Berkowitz et al. 2000 connectivity parameter, computed on the catalogue graph plus all 345 selected candidates with a=2.500 and D=1.566 held at their fitted values): this closure changes P by dP=+0.0000 (rank 231 of 345 by |dP|) and the largest-system share of total mapped fault length by -0.00000; the merged system would be 7.16 km long. It is a graph bridge: no other selected candidate joins these two sides, so this closure is what actually merges them. Status: validated on both 8-connected component holdout (0.293 vs 0.059 ctrl) and NBMG FID vector-trace holdout (0.100 vs 0.020 ctrl). Reviewer geometry cue only: along-strike endpoint gap; assess continuation, relay, or cartographic segmentation; this is not proof of a step-over or termination. Exclusive review class: H27-5b_inter-FID_same-name_kinematic-compatible. Different FIDs are records in this same NBMG compilation, not independent source confirmation."
T27-0330,3,end-to-end,3.354,10.251,3.18,False,10.305,0.562,2.831,3.897,10.083,10,0.7,7,False,399,400,False,Granite Springs Valley fault zone,Granite Springs Valley fault zone,True,1622,1622,Well Constrained,Well Constrained,N,N,E,E,250,250,True,H27-5b_inter-FID_same-name_kinematic-compatible,"along-strike endpoint gap; assess continuation, relay, or cartographic segmentation",https://web2.nbmg.unr.edu/arcgis/rest/services/Qfaults/Qfaults_INGENIOUS/MapServer/0,https://www.osti.gov/servlets/purl/1724082,True,10.083,-4e-06,-0.005855,78.4537,47,-119.00171,40.30831,-118.99553,40.33814,446,865,413,871,"Closing this 3.4 km gap would join two currently disconnected mapped systems (2.8 km and 3.9 km) into one 10.1 km system. NBMG INGENIOUS vector attribution: inter-FID structural linkage within fault zone 'Granite Springs Valley fault zone' (NUM=1622), bridging FID=399 (Well Constrained, SLIPSENSE=N, DIPDIRECT=E) to FID=400 (Well Constrained, SLIPSENSE=N, DIPDIRECT=E); kinematic_compat=True. Geometry: tip-to-tip along strike; one-sided; the tip points 10 deg off the link and 3 deg. The link strikes N10 E and 56% of the distance-weighted catalogued fault length within ~40 km lies within 20 deg of that strike (data-driven kinematic domain; no external stress model). Structural-setting label (geometry only; mapping to settings is ours): linkage/termination/step-over settings host ~25%/32% of characterised Great Basin geothermal systems (Faulds & Hinz 2015). Connectivity context: the catalogue network is near its critical connectivity (Berkowitz-style P=5.78 vs Pc 5.6-6.0 at the domain scale), where individual closures matter most, but Berkowitz et al. (2000) give ensemble statistics, not a verdict on this particular gap. Base coverage: 70% of its dots already lie within 300 m of the 0.2477 emission.  Graph value (Berkowitz et al. 2000 connectivity parameter, computed on the catalogue graph plus all 345 selected candidates with a=2.500 and D=1.566 held at their fitted values): this closure changes P by dP=-0.0059 (rank 47 of 345 by |dP|) and the largest-system share of total mapped fault length by -0.00000; the merged system would be 10.08 km long. It is a graph bridge: no other selected candidate joins these two sides, so this closure is what actually merges them. Status: validated on both 8-connected component holdout (0.293 vs 0.059 ctrl) and NBMG FID vector-trace holdout (0.100 vs 0.020 ctrl). Reviewer geometry cue only: along-strike endpoint gap; assess continuation, relay, or cartographic segmentation; this is not proof of a step-over or termination. Exclusive review class: H27-5b_inter-FID_same-name_kinematic-compatible. Different FIDs are records in this same NBMG compilation, not independent source confirmation."
T27-0149,4,end-to-end,3.493,14.167,17.557,True,23.629,0.489,1.407,4.428,9.328,0,0.0,0,False,190,189,False,"Dixie Valley fault zone, ""1954"" section","Dixie Valley fault zone, ""1954"" section",True,1687b,1687b,Well Constrained,Well Constrained,N,N,Unspecified,Unspecified,250,250,True,H27-5b_inter-FID_same-name_kinematic-compatible,"along-strike endpoint gap; assess continuation, relay, or cartographic segmentation",https://web2.nbmg.unr.edu/arcgis/rest/services/Qfaults/Qfaults_INGENIOUS/MapServer/0,https://www.osti.gov/servlets/purl/1724082,True,9.328,-4e-06,0.0,65.4278,195,-118.07212,39.7873,-118.08801,39.75832,1038,1648,1070,1634,"Closing this 3.5 km gap would join two currently disconnected mapped systems (1.4 km and 4.4 km) into one 9.3 km system. NBMG INGENIOUS vector attribution: inter-FID structural linkage within fault zone 'Dixie Valley fault zone, ""1954"" section' (NUM=1687b), bridging FID=190 (Well Constrained, SLIPSENSE=N, DIPDIRECT=Unspecified) to FID=189 (Well Constrained, SLIPSENSE=N, DIPDIRECT=Unspecified); kinematic_compat=True. Geometry: tip-to-tip along strike; mutual nearest tips; the tip points 14 deg off the link and 18 deg. The link strikes N24 E and 49% of the distance-weighted catalogued fault length within ~40 km lies within 20 deg of that strike (data-driven kinematic domain; no external stress model). Structural-setting label (geometry only; mapping to settings is ours): linkage/termination/step-over settings host ~25%/32% of characterised Great Basin geothermal systems (Faulds & Hinz 2015). Connectivity context: the catalogue network is near its critical connectivity (Berkowitz-style P=5.78 vs Pc 5.6-6.0 at the domain scale), where individual closures matter most, but Berkowitz et al. (2000) give ensemble statistics, not a verdict on this particular gap. Base coverage: 0% of its dots already lie within 300 m of the 0.2477 emission.  Graph value (Berkowitz et al. 2000 connectivity parameter, computed on the catalogue graph plus all 345 selected candidates with a=2.500 and D=1.566 held at their fitted values): this closure changes P by dP=+0.0000 (rank 195 of 345 by |dP|) and the largest-system share of total mapped fault length by -0.00000; the merged system would be 9.33 km long. It is a graph bridge: no other selected candidate joins these two sides, so this closure is what actually merges them. Status: validated on both 8-connected component holdout (0.293 vs 0.059 ctrl) and NBMG FID vector-trace holdout (0.100 vs 0.020 ctrl). Reviewer geometry cue only: along-strike endpoint gap; assess continuation, relay, or cartographic segmentation; this is not proof of a step-over or termination. Exclusive review class: H27-5b_inter-FID_same-name_kinematic-compatible. Different FIDs are records in this same NBMG compilation, not independent source confirmation."
T27-0339,3,end-to-end,3.883,18.622,10.491,False,34.509,0.55,0.524,0.907,5.315,10,0.0,0,False,199,200,False,Dry Hills faults,Dry Hills faults,True,1153,1153,Well Constrained,Moderately Constrained,N,N,NW,NW,250,250,True,H27-5b_inter-FID_same-name_kinematic-compatible,"along-strike endpoint gap; assess continuation, relay, or cartographic segmentation",https://web2.nbmg.unr.edu/arcgis/rest/services/Qfaults/Qfaults_INGENIOUS/MapServer/0,https://www.osti.gov/servlets/purl/1724082,True,5.315,-4e-06,0.0,88.8024,177,-116.38492,40.5231,-116.41115,40.4944,225,3087,257,3065,"Closing this 3.9 km gap would join two currently disconnected mapped systems (0.5 km and 0.9 km) into one 5.3 km system. NBMG INGENIOUS vector attribution: inter-FID structural linkage within fault zone 'Dry Hills faults' (NUM=1153), bridging FID=199 (Well Constrained, SLIPSENSE=N, DIPDIRECT=NW) to FID=200 (Moderately Constrained, SLIPSENSE=N, DIPDIRECT=NW); kinematic_compat=True. Geometry: tip-to-tip along strike; one-sided; the tip points 19 deg off the link and 10 deg. The link strikes N35 E and 55% of the distance-weighted catalogued fault length within ~40 km lies within 20 deg of that strike (data-driven kinematic domain; no external stress model). Structural-setting label (geometry only; mapping to settings is ours): linkage/termination/step-over settings host ~25%/32% of characterised Great Basin geothermal systems (Faulds & Hinz 2015). Connectivity context: the catalogue network is near its critical connectivity (Berkowitz-style P=5.78 vs Pc 5.6-6.0 at the domain scale), where individual closures matter most, but Berkowitz et al. (2000) give ensemble statistics, not a verdict on this particular gap. Base coverage: 0% of its dots already lie within 300 m of the 0.2477 emission.  Graph value (Berkowitz et al. 2000 connectivity parameter, computed on the catalogue graph plus all 345 selected candidates with a=2.500 and D=1.566 held at their fitted values): this closure changes P by dP=+0.0000 (rank 177 of 345 by |dP|) and the largest-system share of total mapped fault length by -0.00000; the merged system would be 5.31 km long. It is a graph bridge: no other selected candidate joins these two sides, so this closure is what actually merges them. Status: validated on both 8-connected component holdout (0.293 vs 0.059 ctrl) and NBMG FID vector-trace holdout (0.100 vs 0.020 ctrl). Reviewer geometry cue only: along-strike endpoint gap; assess continuation, relay, or cartographic segmentation; this is not proof of a step-over or termination. Exclusive review class: H27-5b_inter-FID_same-name_kinematic-compatible. Different FIDs are records in this same NBMG compilation, not independent source confirmation."
T27-0342,3,end-to-end,3.92,0.877,5.741,False,37.747,0.422,2.014,3.563,9.497,10,0.5,5,False,810,812,False,Sand Springs Range fault,Sand Springs Range fault,True,1685,1685,Well Constrained,Moderately Constrained,N,N,E,Unspecified,250,250,True,H27-5b_inter-FID_same-name_kinematic-compatible,"along-strike endpoint gap; assess continuation, relay, or cartographic segmentation",https://web2.nbmg.unr.edu/arcgis/rest/services/Qfaults/Qfaults_INGENIOUS/MapServer/0,https://www.osti.gov/servlets/purl/1724082,True,9.497,-4e-06,-0.005855,73.4507,51,-118.32306,39.22789,-118.29578,39.25613,1656,1424,1625,1448,"Closing this 3.9 km gap would join two currently disconnected mapped systems (2.0 km and 3.6 km) into one 9.5 km system. NBMG INGENIOUS vector attribution: inter-FID structural linkage within fault zone 'Sand Springs Range fault' (NUM=1685), bridging FID=810 (Well Constrained, SLIPSENSE=N, DIPDIRECT=E) to FID=812 (Moderately Constrained, SLIPSENSE=N, DIPDIRECT=Unspecified); kinematic_compat=True. Geometry: tip-to-tip along strike; one-sided; the tip points 1 deg off the link and 6 deg. The link strikes N38 E and 42% of the distance-weighted catalogued fault length within ~40 km lies within 20 deg of that strike (data-driven kinematic domain; no external stress model). Structural-setting label (geometry only; mapping to settings is ours): linkage/termination/step-over settings host ~25%/32% of characterised Great Basin geothermal systems (Faulds & Hinz 2015). Connectivity context: the catalogue network is near its critical connectivity (Berkowitz-style P=5.78 vs Pc 5.6-6.0 at the domain scale), where individual closures matter most, but Berkowitz et al. (2000) give ensemble statistics, not a verdict on this particular gap. Base coverage: 50% of its dots already lie within 300 m of the 0.2477 emission.  Graph value (Berkowitz et al. 2000 connectivity parameter, computed on the catalogue graph plus all 345 selected candidates with a=2.500 and D=1.566 held at their fitted values): this closure changes P by dP=-0.0059 (rank 51 of 345 by |dP|) and the largest-system share of total mapped fault length by -0.00000; the merged system would be 9.50 km long. It is a graph bridge: no other selected candidate joins these two sides, so this closure is what actually merges them. Status: validated on both 8-connected component holdout (0.293 vs 0.059 ctrl) and NBMG FID vector-trace holdout (0.100 vs 0.020 ctrl). Reviewer geometry cue only: along-strike endpoint gap; assess continuation, relay, or cartographic segmentation; this is not proof of a step-over or termination. Exclusive review class: H27-5b_inter-FID_same-name_kinematic-compatible. Different FIDs are records in this same NBMG compilation, not independent source confirmation."
