{"type": "FeatureCollection", "crs_note": "WGS84 lon/lat", "features": [{"type": "Feature", "geometry": {"type": "LineString", "coordinates": [[-118.06262, 39.01159], [-118.06246, 39.00078]]}, "properties": {"id": "T27-0009", "z": 5, "kind": "end-to-end", "gap_km": 1.2, "mutual": true, "strike": 0.0, "strike_compat": 0.401, "merged_km": 5.338, "base_overlap": 0.0, "fid_src": 1306, "fid_tgt": 1303, "name_src": "Unnamed faults in Gabbs Valley", "name_tgt": "Unnamed faults in Gabbs Valley", "num_src": "1313", "num_tgt": "1313", "ftype_src": "Moderately Constrained", "ftype_tgt": "Well Constrained", "mapscale_src": "250", "mapscale_tgt": "250", "same_fid": false, "same_name": true, "slipsense_src": "N", "slipsense_tgt": "N", "dipdirect_src": "Unspecified", "dipdirect_tgt": "Unspecified", "kinematic_compat": true, "review_class": "H27-5b_inter-FID_same-name_kinematic-compatible", "setting_hint": "along-strike endpoint gap; assess continuation, relay, or cartographic segmentation", "third_system_contact": false, "bridge": true, "delta_P": 0.0, "delta_largest_share": -1e-06, "delta_second_moment_km2": 16.4096, "connectivity_rank": 321, "nbmg_source_layer_url": "https://web2.nbmg.unr.edu/arcgis/rest/services/Qfaults/Qfaults_INGENIOUS/MapServer/0", "setting_context_url": "https://www.osti.gov/servlets/purl/1724082", "argument": "Closing this 1.2 km gap would join two currently disconnected mapped systems (3.4 km and 0.7 km) into one 5.3 km system. NBMG INGENIOUS vector attribution: inter-FID structural linkage within fault zone 'Unnamed faults in Gabbs Valley' (NUM=1313), bridging FID=1306 (Moderately Constrained, SLIPSENSE=N, DIPDIRECT=Unspecified) to FID=1303 (Well Constrained, SLIPSENSE=N, DIPDIRECT=Unspecified); kinematic_compat=True. Geometry: tip-to-tip along strike; mutual nearest tips; the tip points 14 deg off the link and 8 deg. The link strikes N0 E and 40% of the distance-weighted catalogued fault length within ~40 km lies within 20 deg of that strike (data-driven kinematic domain; no external stress model). Structural-setting label (geometry only; mapping to settings is ours): linkage/termination/step-over settings host ~25%/32% of characterised Great Basin geothermal systems (Faulds & Hinz 2015). Connectivity context: the catalogue network is near its critical connectivity (Berkowitz-style P=5.78 vs Pc 5.6-6.0 at the domain scale), where individual closures matter most, but Berkowitz et al. (2000) give ensemble statistics, not a verdict on this particular gap. Base coverage: 0% of its dots already lie within 300 m of the 0.2477 emission.  Graph value (Berkowitz et al. 2000 connectivity parameter, computed on the catalogue graph plus all 345 selected candidates with a=2.500 and D=1.566 held at their fitted values): this closure changes P by dP=+0.0000 (rank 321 of 345 by |dP|) and the largest-system share of total mapped fault length by -0.00000; the merged system would be 5.34 km long. It is a graph bridge: no other selected candidate joins these two sides, so this closure is what actually merges them. Status: validated on both 8-connected component holdout (0.293 vs 0.059 ctrl) and NBMG FID vector-trace holdout (0.100 vs 0.020 ctrl). Reviewer geometry cue only: along-strike endpoint gap; assess continuation, relay, or cartographic segmentation; this is not proof of a step-over or termination. Exclusive review class: H27-5b_inter-FID_same-name_kinematic-compatible. Different FIDs are records in this same NBMG compilation, not independent source confirmation."}}, {"type": "Feature", "geometry": {"type": "LineString", "coordinates": [[-117.07997, 40.26434], [-117.08231, 40.25353]]}, "properties": {"id": "T27-0013", "z": 5, "kind": "end-to-end", "gap_km": 1.217, "mutual": true, "strike": 9.462, "strike_compat": 0.488, "merged_km": 2.658, "base_overlap": 0.667, "fid_src": 862, "fid_tgt": 863, "name_src": "Shoshone Range fault zone", "name_tgt": "Shoshone Range fault zone", "num_src": "1148", "num_tgt": "1148", "ftype_src": "Well Constrained", "ftype_tgt": "Moderately Constrained", "mapscale_src": "250", "mapscale_tgt": "250", "same_fid": false, "same_name": true, "slipsense_src": "N", "slipsense_tgt": "N", "dipdirect_src": "NW", "dipdirect_tgt": "NW", "kinematic_compat": true, "review_class": "H27-5b_inter-FID_same-name_kinematic-compatible", "setting_hint": "along-strike endpoint gap; assess continuation, relay, or cartographic segmentation", "third_system_contact": false, "bridge": true, "delta_P": 0.0, "delta_largest_share": -1e-06, "delta_second_moment_km2": 42.0263, "connectivity_rank": 236, "nbmg_source_layer_url": "https://web2.nbmg.unr.edu/arcgis/rest/services/Qfaults/Qfaults_INGENIOUS/MapServer/0", "setting_context_url": "https://www.osti.gov/servlets/purl/1724082", "argument": "Closing this 1.2 km gap would join two currently disconnected mapped systems (0.7 km and 0.7 km) into one 2.7 km system. NBMG INGENIOUS vector attribution: inter-FID structural linkage within fault zone 'Shoshone Range fault zone' (NUM=1148), bridging FID=862 (Well Constrained, SLIPSENSE=N, DIPDIRECT=NW) to FID=863 (Moderately Constrained, SLIPSENSE=N, DIPDIRECT=NW); kinematic_compat=True. Geometry: tip-to-tip along strike; mutual nearest tips; the tip points 1 deg off the link and 9 deg. The link strikes N9 E and 49% of the distance-weighted catalogued fault length within ~40 km lies within 20 deg of that strike (data-driven kinematic domain; no external stress model). Structural-setting label (geometry only; mapping to settings is ours): linkage/termination/step-over settings host ~25%/32% of characterised Great Basin geothermal systems (Faulds & Hinz 2015). Connectivity context: the catalogue network is near its critical connectivity (Berkowitz-style P=5.78 vs Pc 5.6-6.0 at the domain scale), where individual closures matter most, but Berkowitz et al. (2000) give ensemble statistics, not a verdict on this particular gap. Base coverage: 67% of its dots already lie within 300 m of the 0.2477 emission.  Graph value (Berkowitz et al. 2000 connectivity parameter, computed on the catalogue graph plus all 345 selected candidates with a=2.500 and D=1.566 held at their fitted values): this closure changes P by dP=+0.0000 (rank 236 of 345 by |dP|) and the largest-system share of total mapped fault length by -0.00000; the merged system would be 2.66 km long. It is a graph bridge: no other selected candidate joins these two sides, so this closure is what actually merges them. Status: validated on both 8-connected component holdout (0.293 vs 0.059 ctrl) and NBMG FID vector-trace holdout (0.100 vs 0.020 ctrl). Reviewer geometry cue only: along-strike endpoint gap; assess continuation, relay, or cartographic segmentation; this is not proof of a step-over or termination. Exclusive review class: H27-5b_inter-FID_same-name_kinematic-compatible. Different FIDs are records in this same NBMG compilation, not independent source confirmation."}}, {"type": "Feature", "geometry": {"type": "LineString", "coordinates": [[-118.17512, 39.38716], [-118.17491, 39.37455]]}, "properties": {"id": "T27-0016", "z": 5, "kind": "end-to-end", "gap_km": 1.4, "mutual": true, "strike": 0.0, "strike_compat": 0.549, "merged_km": 4.19, "base_overlap": 0.0, "fid_src": 1576, "fid_tgt": 1577, "name_src": "Western Fairview Peak fault", "name_tgt": "Western Fairview Peak fault", "num_src": "1686", "num_tgt": "1686", "ftype_src": "Well Constrained", "ftype_tgt": "Moderately Constrained", "mapscale_src": "250", "mapscale_tgt": "250", "same_fid": false, "same_name": true, "slipsense_src": "N", "slipsense_tgt": "N", "dipdirect_src": "Unspecified", "dipdirect_tgt": "Unspecified", "kinematic_compat": true, "review_class": "H27-5b_inter-FID_same-name_kinematic-compatible", "setting_hint": "along-strike endpoint gap; assess continuation, relay, or cartographic segmentation", "third_system_contact": false, "bridge": true, "delta_P": 0.0, "delta_largest_share": -1e-06, "delta_second_moment_km2": 12.2067, "connectivity_rank": 330, "nbmg_source_layer_url": "https://web2.nbmg.unr.edu/arcgis/rest/services/Qfaults/Qfaults_INGENIOUS/MapServer/0", "setting_context_url": "https://www.osti.gov/servlets/purl/1724082", "argument": "Closing this 1.4 km gap would join two currently disconnected mapped systems (0.5 km and 2.2 km) into one 4.2 km system. NBMG INGENIOUS vector attribution: inter-FID structural linkage within fault zone 'Western Fairview Peak fault' (NUM=1686), bridging FID=1576 (Well Constrained, SLIPSENSE=N, DIPDIRECT=Unspecified) to FID=1577 (Moderately Constrained, SLIPSENSE=N, DIPDIRECT=Unspecified); kinematic_compat=True. Geometry: tip-to-tip along strike; mutual nearest tips; the tip points 11 deg off the link and 14 deg. The link strikes N0 E and 55% of the distance-weighted catalogued fault length within ~40 km lies within 20 deg of that strike (data-driven kinematic domain; no external stress model). Structural-setting label (geometry only; mapping to settings is ours): linkage/termination/step-over settings host ~25%/32% of characterised Great Basin geothermal systems (Faulds & Hinz 2015). Connectivity context: the catalogue network is near its critical connectivity (Berkowitz-style P=5.78 vs Pc 5.6-6.0 at the domain scale), where individual closures matter most, but Berkowitz et al. (2000) give ensemble statistics, not a verdict on this particular gap. Base coverage: 0% of its dots already lie within 300 m of the 0.2477 emission.  Graph value (Berkowitz et al. 2000 connectivity parameter, computed on the catalogue graph plus all 345 selected candidates with a=2.500 and D=1.566 held at their fitted values): this closure changes P by dP=+0.0000 (rank 330 of 345 by |dP|) and the largest-system share of total mapped fault length by -0.00000; the merged system would be 4.19 km long. It is a graph bridge: no other selected candidate joins these two sides, so this closure is what actually merges them. Status: validated on both 8-connected component holdout (0.293 vs 0.059 ctrl) and NBMG FID vector-trace holdout (0.100 vs 0.020 ctrl). Reviewer geometry cue only: along-strike endpoint gap; assess continuation, relay, or cartographic segmentation; this is not proof of a step-over or termination. Exclusive review class: H27-5b_inter-FID_same-name_kinematic-compatible. Different FIDs are records in this same NBMG compilation, not independent source confirmation."}}, {"type": "Feature", "geometry": {"type": "LineString", "coordinates": [[-118.90958, 39.02603], [-118.90003, 39.01447]]}, "properties": {"id": "T27-0019", "z": 5, "kind": "end-to-end", "gap_km": 1.526, "mutual": true, "strike": 148.392, "strike_compat": 0.58, "merged_km": 4.813, "base_overlap": 0.25, "fid_src": 1555, "fid_tgt": 1561, "name_src": "Wassuk Range fault zone", "name_tgt": "Wassuk Range fault zone", "num_src": "1300", "num_tgt": "1300", "ftype_src": "Well Constrained", "ftype_tgt": "Moderately Constrained", "mapscale_src": "250", "mapscale_tgt": "250", "same_fid": false, "same_name": true, "slipsense_src": "N", "slipsense_tgt": "N", "dipdirect_src": "Unspecified", "dipdirect_tgt": "Unspecified", "kinematic_compat": true, "review_class": "H27-5b_inter-FID_same-name_kinematic-compatible", "setting_hint": "along-strike endpoint gap; assess continuation, relay, or cartographic segmentation", "third_system_contact": false, "bridge": true, "delta_P": 0.0, "delta_largest_share": -2e-06, "delta_second_moment_km2": 15.6893, "connectivity_rank": 324, "nbmg_source_layer_url": "https://web2.nbmg.unr.edu/arcgis/rest/services/Qfaults/Qfaults_INGENIOUS/MapServer/0", "setting_context_url": "https://www.osti.gov/servlets/purl/1724082", "argument": "Closing this 1.5 km gap would join two currently disconnected mapped systems (0.6 km and 2.7 km) into one 4.8 km system. NBMG INGENIOUS vector attribution: inter-FID structural linkage within fault zone 'Wassuk Range fault zone' (NUM=1300), bridging FID=1555 (Well Constrained, SLIPSENSE=N, DIPDIRECT=Unspecified) to FID=1561 (Moderately Constrained, SLIPSENSE=N, DIPDIRECT=Unspecified); kinematic_compat=True. Geometry: tip-to-tip along strike; mutual nearest tips; the tip points 1 deg off the link and 18 deg. The link strikes N148 E and 58% of the distance-weighted catalogued fault length within ~40 km lies within 20 deg of that strike (data-driven kinematic domain; no external stress model). Structural-setting label (geometry only; mapping to settings is ours): linkage/termination/step-over settings host ~25%/32% of characterised Great Basin geothermal systems (Faulds & Hinz 2015). Connectivity context: the catalogue network is near its critical connectivity (Berkowitz-style P=5.78 vs Pc 5.6-6.0 at the domain scale), where individual closures matter most, but Berkowitz et al. (2000) give ensemble statistics, not a verdict on this particular gap. Base coverage: 25% of its dots already lie within 300 m of the 0.2477 emission.  Graph value (Berkowitz et al. 2000 connectivity parameter, computed on the catalogue graph plus all 345 selected candidates with a=2.500 and D=1.566 held at their fitted values): this closure changes P by dP=+0.0000 (rank 324 of 345 by |dP|) and the largest-system share of total mapped fault length by -0.00000; the merged system would be 4.81 km long. It is a graph bridge: no other selected candidate joins these two sides, so this closure is what actually merges them. Status: validated on both 8-connected component holdout (0.293 vs 0.059 ctrl) and NBMG FID vector-trace holdout (0.100 vs 0.020 ctrl). Reviewer geometry cue only: along-strike endpoint gap; assess continuation, relay, or cartographic segmentation; this is not proof of a step-over or termination. Exclusive review class: H27-5b_inter-FID_same-name_kinematic-compatible. Different FIDs are records in this same NBMG compilation, not independent source confirmation."}}, {"type": "Feature", "geometry": {"type": "LineString", "coordinates": [[-118.8001, 39.62423], [-118.80087, 39.6089]]}, "properties": {"id": "T27-0025", "z": 5, "kind": "end-to-end", "gap_km": 1.703, "mutual": true, "strike": 3.366, "strike_compat": 0.404, "merged_km": 5.71, "base_overlap": 0.0, "fid_src": 804, "fid_tgt": 806, "name_src": "Sagouse fault zone", "name_tgt": "Sagouse fault zone", "num_src": "1677", "num_tgt": "1677", "ftype_src": "Well Constrained", "ftype_tgt": "Moderately Constrained", "mapscale_src": "250", "mapscale_tgt": "250", "same_fid": false, "same_name": true, "slipsense_src": "N", "slipsense_tgt": "N", "dipdirect_src": "Unspecified", "dipdirect_tgt": "Unspecified", "kinematic_compat": true, "review_class": "H27-5b_inter-FID_same-name_kinematic-compatible", "setting_hint": "along-strike endpoint gap; assess continuation, relay, or cartographic segmentation", "third_system_contact": false, "bridge": true, "delta_P": -0.005855, "delta_largest_share": -2e-06, "delta_second_moment_km2": 44.3971, "connectivity_rank": 70, "nbmg_source_layer_url": "https://web2.nbmg.unr.edu/arcgis/rest/services/Qfaults/Qfaults_INGENIOUS/MapServer/0", "setting_context_url": "https://www.osti.gov/servlets/purl/1724082", "argument": "Closing this 1.7 km gap would join two currently disconnected mapped systems (0.8 km and 3.2 km) into one 5.7 km system. NBMG INGENIOUS vector attribution: inter-FID structural linkage within fault zone 'Sagouse fault zone' (NUM=1677), bridging FID=804 (Well Constrained, SLIPSENSE=N, DIPDIRECT=Unspecified) to FID=806 (Moderately Constrained, SLIPSENSE=N, DIPDIRECT=Unspecified); kinematic_compat=True. Geometry: tip-to-tip along strike; mutual nearest tips; the tip points 3 deg off the link and 17 deg. The link strikes N3 E and 40% of the distance-weighted catalogued fault length within ~40 km lies within 20 deg of that strike (data-driven kinematic domain; no external stress model). Structural-setting label (geometry only; mapping to settings is ours): linkage/termination/step-over settings host ~25%/32% of characterised Great Basin geothermal systems (Faulds & Hinz 2015). Connectivity context: the catalogue network is near its critical connectivity (Berkowitz-style P=5.78 vs Pc 5.6-6.0 at the domain scale), where individual closures matter most, but Berkowitz et al. (2000) give ensemble statistics, not a verdict on this particular gap. Base coverage: 0% of its dots already lie within 300 m of the 0.2477 emission.  Graph value (Berkowitz et al. 2000 connectivity parameter, computed on the catalogue graph plus all 345 selected candidates with a=2.500 and D=1.566 held at their fitted values): this closure changes P by dP=-0.0059 (rank 70 of 345 by |dP|) and the largest-system share of total mapped fault length by -0.00000; the merged system would be 5.71 km long. It is a graph bridge: no other selected candidate joins these two sides, so this closure is what actually merges them. Status: validated on both 8-connected component holdout (0.293 vs 0.059 ctrl) and NBMG FID vector-trace holdout (0.100 vs 0.020 ctrl). Reviewer geometry cue only: along-strike endpoint gap; assess continuation, relay, or cartographic segmentation; this is not proof of a step-over or termination. Exclusive review class: H27-5b_inter-FID_same-name_kinematic-compatible. Different FIDs are records in this same NBMG compilation, not independent source confirmation."}}, {"type": "Feature", "geometry": {"type": "LineString", "coordinates": [[-117.24166, 40.42448], [-117.25103, 40.40824]]}, "properties": {"id": "T27-0029", "z": 5, "kind": "end-to-end", "gap_km": 1.97, "mutual": true, "strike": 23.962, "strike_compat": 0.611, "merged_km": 7.915, "base_overlap": 1.0, "fid_src": 660, "fid_tgt": 659, "name_src": "Northern Fish Creek Mountains faults", "name_tgt": "Northern Fish Creek Mountains faults", "num_src": "1146", "num_tgt": "1146", "ftype_src": "Moderately Constrained", "ftype_tgt": "Well Constrained", "mapscale_src": "250", "mapscale_tgt": "250", "same_fid": false, "same_name": true, "slipsense_src": "N", "slipsense_tgt": "N", "dipdirect_src": "E", "dipdirect_tgt": "E", "kinematic_compat": true, "review_class": "H27-5b_inter-FID_same-name_kinematic-compatible", "setting_hint": "along-strike endpoint gap; assess continuation, relay, or cartographic segmentation", "third_system_contact": false, "bridge": true, "delta_P": 0.0, "delta_largest_share": -2e-06, "delta_second_moment_km2": 33.9467, "connectivity_rank": 257, "nbmg_source_layer_url": "https://web2.nbmg.unr.edu/arcgis/rest/services/Qfaults/Qfaults_INGENIOUS/MapServer/0", "setting_context_url": "https://www.osti.gov/servlets/purl/1724082", "argument": "Closing this 2.0 km gap would join two currently disconnected mapped systems (5.3 km and 0.6 km) into one 7.9 km system. NBMG INGENIOUS vector attribution: inter-FID structural linkage within fault zone 'Northern Fish Creek Mountains faults' (NUM=1146), bridging FID=660 (Moderately Constrained, SLIPSENSE=N, DIPDIRECT=E) to FID=659 (Well Constrained, SLIPSENSE=N, DIPDIRECT=E); kinematic_compat=True. Geometry: tip-to-tip along strike; mutual nearest tips; the tip points 8 deg off the link and 7 deg. The link strikes N24 E and 61% of the distance-weighted catalogued fault length within ~40 km lies within 20 deg of that strike (data-driven kinematic domain; no external stress model). Structural-setting label (geometry only; mapping to settings is ours): linkage/termination/step-over settings host ~25%/32% of characterised Great Basin geothermal systems (Faulds & Hinz 2015). Connectivity context: the catalogue network is near its critical connectivity (Berkowitz-style P=5.78 vs Pc 5.6-6.0 at the domain scale), where individual closures matter most, but Berkowitz et al. (2000) give ensemble statistics, not a verdict on this particular gap. Base coverage: 100% of its dots already lie within 300 m of the 0.2477 emission.  Graph value (Berkowitz et al. 2000 connectivity parameter, computed on the catalogue graph plus all 345 selected candidates with a=2.500 and D=1.566 held at their fitted values): this closure changes P by dP=+0.0000 (rank 257 of 345 by |dP|) and the largest-system share of total mapped fault length by -0.00000; the merged system would be 7.92 km long. It is a graph bridge: no other selected candidate joins these two sides, so this closure is what actually merges them. Status: validated on both 8-connected component holdout (0.293 vs 0.059 ctrl) and NBMG FID vector-trace holdout (0.100 vs 0.020 ctrl). Reviewer geometry cue only: along-strike endpoint gap; assess continuation, relay, or cartographic segmentation; this is not proof of a step-over or termination. Exclusive review class: H27-5b_inter-FID_same-name_kinematic-compatible. Different FIDs are records in this same NBMG compilation, not independent source confirmation."}}, {"type": "Feature", "geometry": {"type": "LineString", "coordinates": [[-118.38251, 38.83163], [-118.36257, 38.81294]]}, "properties": {"id": "T27-0040", "z": 5, "kind": "end-to-end", "gap_km": 2.702, "mutual": true, "strike": 141.009, "strike_compat": 0.488, "merged_km": 5.365, "base_overlap": 0.0, "fid_src": 31, "fid_tgt": 33, "name_src": "Benton Spring fault", "name_tgt": "Benton Spring fault", "num_src": "1320", "num_tgt": "1320", "ftype_src": "Well Constrained", "ftype_tgt": "Moderately Constrained", "mapscale_src": "250", "mapscale_tgt": "250", "same_fid": false, "same_name": true, "slipsense_src": "RL", "slipsense_tgt": "RL", "dipdirect_src": "Unspecified", "dipdirect_tgt": "Unspecified", "kinematic_compat": true, "review_class": "H27-5b_inter-FID_same-name_kinematic-compatible", "setting_hint": "along-strike endpoint gap; assess continuation, relay, or cartographic segmentation", "third_system_contact": false, "bridge": true, "delta_P": 0.0, "delta_largest_share": -3e-06, "delta_second_moment_km2": 46.2814, "connectivity_rank": 230, "nbmg_source_layer_url": "https://web2.nbmg.unr.edu/arcgis/rest/services/Qfaults/Qfaults_INGENIOUS/MapServer/0", "setting_context_url": "https://www.osti.gov/servlets/purl/1724082", "argument": "Closing this 2.7 km gap would join two currently disconnected mapped systems (0.6 km and 2.1 km) into one 5.4 km system. NBMG INGENIOUS vector attribution: inter-FID structural linkage within fault zone 'Benton Spring fault' (NUM=1320), bridging FID=31 (Well Constrained, SLIPSENSE=RL, DIPDIRECT=Unspecified) to FID=33 (Moderately Constrained, SLIPSENSE=RL, DIPDIRECT=Unspecified); kinematic_compat=True. Geometry: tip-to-tip along strike; mutual nearest tips; the tip points 6 deg off the link and 2 deg. The link strikes N141 E and 49% of the distance-weighted catalogued fault length within ~40 km lies within 20 deg of that strike (data-driven kinematic domain; no external stress model). Structural-setting label (geometry only; mapping to settings is ours): linkage/termination/step-over settings host ~25%/32% of characterised Great Basin geothermal systems (Faulds & Hinz 2015). Connectivity context: the catalogue network is near its critical connectivity (Berkowitz-style P=5.78 vs Pc 5.6-6.0 at the domain scale), where individual closures matter most, but Berkowitz et al. (2000) give ensemble statistics, not a verdict on this particular gap. Base coverage: 0% of its dots already lie within 300 m of the 0.2477 emission.  Graph value (Berkowitz et al. 2000 connectivity parameter, computed on the catalogue graph plus all 345 selected candidates with a=2.500 and D=1.566 held at their fitted values): this closure changes P by dP=+0.0000 (rank 230 of 345 by |dP|) and the largest-system share of total mapped fault length by -0.00000; the merged system would be 5.36 km long. It is a graph bridge: no other selected candidate joins these two sides, so this closure is what actually merges them. Status: validated on both 8-connected component holdout (0.293 vs 0.059 ctrl) and NBMG FID vector-trace holdout (0.100 vs 0.020 ctrl). Reviewer geometry cue only: along-strike endpoint gap; assess continuation, relay, or cartographic segmentation; this is not proof of a step-over or termination. Exclusive review class: H27-5b_inter-FID_same-name_kinematic-compatible. Different FIDs are records in this same NBMG compilation, not independent source confirmation."}}, {"type": "Feature", "geometry": {"type": "LineString", "coordinates": [[-116.38739, 40.5114], [-116.41115, 40.4944]]}, "properties": {"id": "T27-0042", "z": 5, "kind": "end-to-end", "gap_km": 2.759, "mutual": true, "strike": 46.469, "strike_compat": 0.477, "merged_km": 4.249, "base_overlap": 0.0, "fid_src": 199, "fid_tgt": 200, "name_src": "Dry Hills faults", "name_tgt": "Dry Hills faults", "num_src": "1153", "num_tgt": "1153", "ftype_src": "Well Constrained", "ftype_tgt": "Moderately Constrained", "mapscale_src": "250", "mapscale_tgt": "250", "same_fid": false, "same_name": true, "slipsense_src": "N", "slipsense_tgt": "N", "dipdirect_src": "NW", "dipdirect_tgt": "NW", "kinematic_compat": true, "review_class": "H27-5b_inter-FID_same-name_kinematic-compatible", "setting_hint": "along-strike endpoint gap; assess continuation, relay, or cartographic segmentation", "third_system_contact": false, "bridge": true, "delta_P": 0.0, "delta_largest_share": -3e-06, "delta_second_moment_km2": 70.7539, "connectivity_rank": 189, "nbmg_source_layer_url": "https://web2.nbmg.unr.edu/arcgis/rest/services/Qfaults/Qfaults_INGENIOUS/MapServer/0", "setting_context_url": "https://www.osti.gov/servlets/purl/1724082", "argument": "Closing this 2.8 km gap would join two currently disconnected mapped systems (0.6 km and 0.9 km) into one 4.2 km system. NBMG INGENIOUS vector attribution: inter-FID structural linkage within fault zone 'Dry Hills faults' (NUM=1153), bridging FID=199 (Well Constrained, SLIPSENSE=N, DIPDIRECT=NW) to FID=200 (Moderately Constrained, SLIPSENSE=N, DIPDIRECT=NW); kinematic_compat=True. Geometry: tip-to-tip along strike; mutual nearest tips; the tip points 7 deg off the link and 1 deg. The link strikes N46 E and 48% of the distance-weighted catalogued fault length within ~40 km lies within 20 deg of that strike (data-driven kinematic domain; no external stress model). Structural-setting label (geometry only; mapping to settings is ours): linkage/termination/step-over settings host ~25%/32% of characterised Great Basin geothermal systems (Faulds & Hinz 2015). Connectivity context: the catalogue network is near its critical connectivity (Berkowitz-style P=5.78 vs Pc 5.6-6.0 at the domain scale), where individual closures matter most, but Berkowitz et al. (2000) give ensemble statistics, not a verdict on this particular gap. Base coverage: 0% of its dots already lie within 300 m of the 0.2477 emission.  Graph value (Berkowitz et al. 2000 connectivity parameter, computed on the catalogue graph plus all 345 selected candidates with a=2.500 and D=1.566 held at their fitted values): this closure changes P by dP=+0.0000 (rank 189 of 345 by |dP|) and the largest-system share of total mapped fault length by -0.00000; the merged system would be 4.25 km long. It is a graph bridge: no other selected candidate joins these two sides, so this closure is what actually merges them. Status: validated on both 8-connected component holdout (0.293 vs 0.059 ctrl) and NBMG FID vector-trace holdout (0.100 vs 0.020 ctrl). Reviewer geometry cue only: along-strike endpoint gap; assess continuation, relay, or cartographic segmentation; this is not proof of a step-over or termination. Exclusive review class: H27-5b_inter-FID_same-name_kinematic-compatible. Different FIDs are records in this same NBMG compilation, not independent source confirmation."}}, {"type": "Feature", "geometry": {"type": "LineString", "coordinates": [[-118.41918, 39.39795], [-118.42213, 39.37179]]}, "properties": {"id": "T27-0043", "z": 5, "kind": "end-to-end", "gap_km": 2.915, "mutual": true, "strike": 5.906, "strike_compat": 0.555, "merged_km": 6.637, "base_overlap": 0.222, "fid_src": 1506, "fid_tgt": 1505, "name_src": "Unnamed faults southwestern Stillwater Range", "name_tgt": "Unnamed faults southwestern Stillwater Range", "num_src": "1683", "num_tgt": "1683", "ftype_src": "Moderately Constrained", "ftype_tgt": "Well Constrained", "mapscale_src": "250", "mapscale_tgt": "250", "same_fid": false, "same_name": true, "slipsense_src": "N", "slipsense_tgt": "N", "dipdirect_src": "Unspecified", "dipdirect_tgt": "Unspecified", "kinematic_compat": true, "review_class": "H27-5b_inter-FID_same-name_kinematic-compatible", "setting_hint": "along-strike endpoint gap; assess continuation, relay, or cartographic segmentation", "third_system_contact": false, "bridge": true, "delta_P": -0.005855, "delta_largest_share": -3e-06, "delta_second_moment_km2": 70.01, "connectivity_rank": 54, "nbmg_source_layer_url": "https://web2.nbmg.unr.edu/arcgis/rest/services/Qfaults/Qfaults_INGENIOUS/MapServer/0", "setting_context_url": "https://www.osti.gov/servlets/purl/1724082", "argument": "Closing this 2.9 km gap would join two currently disconnected mapped systems (1.4 km and 2.3 km) into one 6.6 km system. NBMG INGENIOUS vector attribution: inter-FID structural linkage within fault zone 'Unnamed faults southwestern Stillwater Range' (NUM=1683), bridging FID=1506 (Moderately Constrained, SLIPSENSE=N, DIPDIRECT=Unspecified) to FID=1505 (Well Constrained, SLIPSENSE=N, DIPDIRECT=Unspecified); kinematic_compat=True. Geometry: tip-to-tip along strike; mutual nearest tips; the tip points 8 deg off the link and 31 deg. The link strikes N6 E and 55% of the distance-weighted catalogued fault length within ~40 km lies within 20 deg of that strike (data-driven kinematic domain; no external stress model). Structural-setting label (geometry only; mapping to settings is ours): linkage/termination/step-over settings host ~25%/32% of characterised Great Basin geothermal systems (Faulds & Hinz 2015). Connectivity context: the catalogue network is near its critical connectivity (Berkowitz-style P=5.78 vs Pc 5.6-6.0 at the domain scale), where individual closures matter most, but Berkowitz et al. (2000) give ensemble statistics, not a verdict on this particular gap. Base coverage: 22% of its dots already lie within 300 m of the 0.2477 emission.  Graph value (Berkowitz et al. 2000 connectivity parameter, computed on the catalogue graph plus all 345 selected candidates with a=2.500 and D=1.566 held at their fitted values): this closure changes P by dP=-0.0059 (rank 54 of 345 by |dP|) and the largest-system share of total mapped fault length by -0.00000; the merged system would be 6.64 km long. It is a graph bridge: no other selected candidate joins these two sides, so this closure is what actually merges them. Status: validated on both 8-connected component holdout (0.293 vs 0.059 ctrl) and NBMG FID vector-trace holdout (0.100 vs 0.020 ctrl). Reviewer geometry cue only: along-strike endpoint gap; assess continuation, relay, or cartographic segmentation; this is not proof of a step-over or termination. Exclusive review class: H27-5b_inter-FID_same-name_kinematic-compatible. Different FIDs are records in this same NBMG compilation, not independent source confirmation."}}, {"type": "Feature", "geometry": {"type": "LineString", "coordinates": [[-116.37268, 40.06176], [-116.36095, 40.06169]]}, "properties": {"id": "T27-0047", "z": 4, "kind": "end-to-end", "gap_km": 1.0, "mutual": true, "strike": 90.0, "strike_compat": 0.223, "merged_km": 3.731, "base_overlap": 0.333, "fid_src": 671, "fid_tgt": 670, "name_src": "Northern Simpson Park Mountains fault zone", "name_tgt": "Northern Simpson Park Mountains fault zone", "num_src": "1158", "num_tgt": "1158", "ftype_src": "Moderately Constrained", "ftype_tgt": "Well Constrained", "mapscale_src": "250", "mapscale_tgt": "250", "same_fid": false, "same_name": true, "slipsense_src": "N", "slipsense_tgt": "N", "dipdirect_src": "N", "dipdirect_tgt": "N", "kinematic_compat": true, "review_class": "H27-5b_inter-FID_same-name_kinematic-compatible", "setting_hint": "along-strike endpoint gap; assess continuation, relay, or cartographic segmentation", "third_system_contact": false, "bridge": true, "delta_P": 0.0, "delta_largest_share": -1e-06, "delta_second_moment_km2": 9.2604, "connectivity_rank": 337, "nbmg_source_layer_url": "https://web2.nbmg.unr.edu/arcgis/rest/services/Qfaults/Qfaults_INGENIOUS/MapServer/0", "setting_context_url": "https://www.osti.gov/servlets/purl/1724082", "argument": "Closing this 1.0 km gap would join two currently disconnected mapped systems (2.0 km and 0.7 km) into one 3.7 km system. NBMG INGENIOUS vector attribution: inter-FID structural linkage within fault zone 'Northern Simpson Park Mountains fault zone' (NUM=1158), bridging FID=671 (Moderately Constrained, SLIPSENSE=N, DIPDIRECT=N) to FID=670 (Well Constrained, SLIPSENSE=N, DIPDIRECT=N); kinematic_compat=True. Geometry: tip-to-tip along strike; mutual nearest tips; the tip points 7 deg off the link and 18 deg. The link strikes N90 E and 22% of the distance-weighted catalogued fault length within ~40 km lies within 20 deg of that strike (data-driven kinematic domain; no external stress model). Structural-setting label (geometry only; mapping to settings is ours): linkage/termination/step-over settings host ~25%/32% of characterised Great Basin geothermal systems (Faulds & Hinz 2015). Connectivity context: the catalogue network is near its critical connectivity (Berkowitz-style P=5.78 vs Pc 5.6-6.0 at the domain scale), where individual closures matter most, but Berkowitz et al. (2000) give ensemble statistics, not a verdict on this particular gap. Base coverage: 33% of its dots already lie within 300 m of the 0.2477 emission.  Graph value (Berkowitz et al. 2000 connectivity parameter, computed on the catalogue graph plus all 345 selected candidates with a=2.500 and D=1.566 held at their fitted values): this closure changes P by dP=+0.0000 (rank 337 of 345 by |dP|) and the largest-system share of total mapped fault length by -0.00000; the merged system would be 3.73 km long. It is a graph bridge: no other selected candidate joins these two sides, so this closure is what actually merges them. Status: validated on both 8-connected component holdout (0.293 vs 0.059 ctrl) and NBMG FID vector-trace holdout (0.100 vs 0.020 ctrl). Reviewer geometry cue only: along-strike endpoint gap; assess continuation, relay, or cartographic segmentation; this is not proof of a step-over or termination. Exclusive review class: H27-5b_inter-FID_same-name_kinematic-compatible. Different FIDs are records in this same NBMG compilation, not independent source confirmation."}}, {"type": "Feature", "geometry": {"type": "LineString", "coordinates": [[-117.85077, 38.48615], [-117.84952, 38.47715]]}, "properties": {"id": "T27-0051", "z": 4, "kind": "end-to-end", "gap_km": 1.005, "mutual": true, "strike": 174.289, "strike_compat": 0.502, "merged_km": 2.329, "base_overlap": 0.0, "fid_src": 599, "fid_tgt": 604, "name_src": "Monte Cristo Valley fault zone", "name_tgt": "Monte Cristo Valley fault zone", "num_src": "1325", "num_tgt": "1325", "ftype_src": "Well Constrained", "ftype_tgt": "Moderately Constrained", "mapscale_src": "250", "mapscale_tgt": "250", "same_fid": false, "same_name": true, "slipsense_src": "RL", "slipsense_tgt": "RL", "dipdirect_src": "Unspecified", "dipdirect_tgt": "Unspecified", "kinematic_compat": true, "review_class": "H27-5b_inter-FID_same-name_kinematic-compatible", "setting_hint": "along-strike endpoint gap; assess continuation, relay, or cartographic segmentation", "third_system_contact": false, "bridge": true, "delta_P": 0.005855, "delta_largest_share": -1e-06, "delta_second_moment_km2": 4.4511, "connectivity_rank": 154, "nbmg_source_layer_url": "https://web2.nbmg.unr.edu/arcgis/rest/services/Qfaults/Qfaults_INGENIOUS/MapServer/0", "setting_context_url": "https://www.osti.gov/servlets/purl/1724082", "argument": "Closing this 1.0 km gap would join two currently disconnected mapped systems (0.9 km and 0.4 km) into one 2.3 km system. NBMG INGENIOUS vector attribution: inter-FID structural linkage within fault zone 'Monte Cristo Valley fault zone' (NUM=1325), bridging FID=599 (Well Constrained, SLIPSENSE=RL, DIPDIRECT=Unspecified) to FID=604 (Moderately Constrained, SLIPSENSE=RL, DIPDIRECT=Unspecified); kinematic_compat=True. Geometry: tip-to-tip along strike; mutual nearest tips; the tip points 20 deg off the link and 8 deg. The link strikes N174 E and 50% of the distance-weighted catalogued fault length within ~40 km lies within 20 deg of that strike (data-driven kinematic domain; no external stress model). Structural-setting label (geometry only; mapping to settings is ours): linkage/termination/step-over settings host ~25%/32% of characterised Great Basin geothermal systems (Faulds & Hinz 2015). Connectivity context: the catalogue network is near its critical connectivity (Berkowitz-style P=5.78 vs Pc 5.6-6.0 at the domain scale), where individual closures matter most, but Berkowitz et al. (2000) give ensemble statistics, not a verdict on this particular gap. Base coverage: 0% of its dots already lie within 300 m of the 0.2477 emission.  Graph value (Berkowitz et al. 2000 connectivity parameter, computed on the catalogue graph plus all 345 selected candidates with a=2.500 and D=1.566 held at their fitted values): this closure changes P by dP=+0.0059 (rank 154 of 345 by |dP|) and the largest-system share of total mapped fault length by -0.00000; the merged system would be 2.33 km long. It is a graph bridge: no other selected candidate joins these two sides, so this closure is what actually merges them. Status: validated on both 8-connected component holdout (0.293 vs 0.059 ctrl) and NBMG FID vector-trace holdout (0.100 vs 0.020 ctrl). Reviewer geometry cue only: along-strike endpoint gap; assess continuation, relay, or cartographic segmentation; this is not proof of a step-over or termination. Exclusive review class: H27-5b_inter-FID_same-name_kinematic-compatible. Different FIDs are records in this same NBMG compilation, not independent source confirmation."}}, {"type": "Feature", "geometry": {"type": "LineString", "coordinates": [[-118.88632, 39.06335], [-118.88377, 39.05438]]}, "properties": {"id": "T27-0052", "z": 4, "kind": "end-to-end", "gap_km": 1.02, "mutual": true, "strike": 168.69, "strike_compat": 0.494, "merged_km": 14.16, "base_overlap": 0.667, "fid_src": 1560, "fid_tgt": 1552, "name_src": "Wassuk Range fault zone", "name_tgt": "Wassuk Range fault zone", "num_src": "1300", "num_tgt": "1300", "ftype_src": "Moderately Constrained", "ftype_tgt": "Well Constrained", "mapscale_src": "250", "mapscale_tgt": "250", "same_fid": false, "same_name": true, "slipsense_src": "N", "slipsense_tgt": "N", "dipdirect_src": "Unspecified", "dipdirect_tgt": "Unspecified", "kinematic_compat": true, "review_class": "H27-5b_inter-FID_same-name_kinematic-compatible", "setting_hint": "along-strike endpoint gap; assess continuation, relay, or cartographic segmentation", "third_system_contact": false, "bridge": true, "delta_P": -0.005855, "delta_largest_share": -1e-06, "delta_second_moment_km2": 76.818, "connectivity_rank": 49, "nbmg_source_layer_url": "https://web2.nbmg.unr.edu/arcgis/rest/services/Qfaults/Qfaults_INGENIOUS/MapServer/0", "setting_context_url": "https://www.osti.gov/servlets/purl/1724082", "argument": "Closing this 1.0 km gap would join two currently disconnected mapped systems (10.9 km and 2.2 km) into one 14.2 km system. NBMG INGENIOUS vector attribution: inter-FID structural linkage within fault zone 'Wassuk Range fault zone' (NUM=1300), bridging FID=1560 (Moderately Constrained, SLIPSENSE=N, DIPDIRECT=Unspecified) to FID=1552 (Well Constrained, SLIPSENSE=N, DIPDIRECT=Unspecified); kinematic_compat=True. Geometry: tip-to-tip along strike; mutual nearest tips; the tip points 9 deg off the link and 25 deg. The link strikes N169 E and 49% of the distance-weighted catalogued fault length within ~40 km lies within 20 deg of that strike (data-driven kinematic domain; no external stress model). Structural-setting label (geometry only; mapping to settings is ours): linkage/termination/step-over settings host ~25%/32% of characterised Great Basin geothermal systems (Faulds & Hinz 2015). Connectivity context: the catalogue network is near its critical connectivity (Berkowitz-style P=5.78 vs Pc 5.6-6.0 at the domain scale), where individual closures matter most, but Berkowitz et al. (2000) give ensemble statistics, not a verdict on this particular gap. Base coverage: 67% of its dots already lie within 300 m of the 0.2477 emission.  Graph value (Berkowitz et al. 2000 connectivity parameter, computed on the catalogue graph plus all 345 selected candidates with a=2.500 and D=1.566 held at their fitted values): this closure changes P by dP=-0.0059 (rank 49 of 345 by |dP|) and the largest-system share of total mapped fault length by -0.00000; the merged system would be 14.16 km long. It is a graph bridge: no other selected candidate joins these two sides, so this closure is what actually merges them. Status: validated on both 8-connected component holdout (0.293 vs 0.059 ctrl) and NBMG FID vector-trace holdout (0.100 vs 0.020 ctrl). Reviewer geometry cue only: along-strike endpoint gap; assess continuation, relay, or cartographic segmentation; this is not proof of a step-over or termination. Exclusive review class: H27-5b_inter-FID_same-name_kinematic-compatible. Different FIDs are records in this same NBMG compilation, not independent source confirmation."}}, {"type": "Feature", "geometry": {"type": "LineString", "coordinates": [[-118.00743, 38.70299], [-118.00729, 38.69308]]}, "properties": {"id": "T27-0057", "z": 4, "kind": "end-to-end", "gap_km": 1.1, "mutual": true, "strike": 0.0, "strike_compat": 0.319, "merged_km": 2.583, "base_overlap": 1.0, "fid_src": 1198, "fid_tgt": 1196, "name_src": "Unnamed fault zone in southeastern Gabbs Valley Range", "name_tgt": "Unnamed fault zone in southeastern Gabbs Valley Range", "num_src": "1323", "num_tgt": "1323", "ftype_src": "Moderately Constrained", "ftype_tgt": "Well Constrained", "mapscale_src": "250", "mapscale_tgt": "250", "same_fid": false, "same_name": true, "slipsense_src": "N", "slipsense_tgt": "N", "dipdirect_src": "Unspecified", "dipdirect_tgt": "Unspecified", "kinematic_compat": true, "review_class": "H27-5b_inter-FID_same-name_kinematic-compatible", "setting_hint": "along-strike endpoint gap; assess continuation, relay, or cartographic segmentation", "third_system_contact": false, "bridge": true, "delta_P": 0.0, "delta_largest_share": -1e-06, "delta_second_moment_km2": 15.9045, "connectivity_rank": 323, "nbmg_source_layer_url": "https://web2.nbmg.unr.edu/arcgis/rest/services/Qfaults/Qfaults_INGENIOUS/MapServer/0", "setting_context_url": "https://www.osti.gov/servlets/purl/1724082", "argument": "Closing this 1.1 km gap would join two currently disconnected mapped systems (1.1 km and 0.4 km) into one 2.6 km system. NBMG INGENIOUS vector attribution: inter-FID structural linkage within fault zone 'Unnamed fault zone in southeastern Gabbs Valley Range' (NUM=1323), bridging FID=1198 (Moderately Constrained, SLIPSENSE=N, DIPDIRECT=Unspecified) to FID=1196 (Well Constrained, SLIPSENSE=N, DIPDIRECT=Unspecified); kinematic_compat=True. Geometry: tip-to-tip along strike; mutual nearest tips; the tip points 7 deg off the link and 0 deg. The link strikes N0 E and 32% of the distance-weighted catalogued fault length within ~40 km lies within 20 deg of that strike (data-driven kinematic domain; no external stress model). Structural-setting label (geometry only; mapping to settings is ours): linkage/termination/step-over settings host ~25%/32% of characterised Great Basin geothermal systems (Faulds & Hinz 2015). Connectivity context: the catalogue network is near its critical connectivity (Berkowitz-style P=5.78 vs Pc 5.6-6.0 at the domain scale), where individual closures matter most, but Berkowitz et al. (2000) give ensemble statistics, not a verdict on this particular gap. Base coverage: 100% of its dots already lie within 300 m of the 0.2477 emission.  Graph value (Berkowitz et al. 2000 connectivity parameter, computed on the catalogue graph plus all 345 selected candidates with a=2.500 and D=1.566 held at their fitted values): this closure changes P by dP=+0.0000 (rank 323 of 345 by |dP|) and the largest-system share of total mapped fault length by -0.00000; the merged system would be 2.58 km long. It is a graph bridge: no other selected candidate joins these two sides, so this closure is what actually merges them. Status: validated on both 8-connected component holdout (0.293 vs 0.059 ctrl) and NBMG FID vector-trace holdout (0.100 vs 0.020 ctrl). Reviewer geometry cue only: along-strike endpoint gap; assess continuation, relay, or cartographic segmentation; this is not proof of a step-over or termination. Exclusive review class: H27-5b_inter-FID_same-name_kinematic-compatible. Different FIDs are records in this same NBMG compilation, not independent source confirmation."}}, {"type": "Feature", "geometry": {"type": "LineString", "coordinates": [[-119.43545, 39.83516], [-119.42583, 39.82725]]}, "properties": {"id": "T27-0061", "z": 4, "kind": "end-to-end", "gap_km": 1.204, "mutual": true, "strike": 138.366, "strike_compat": 0.31, "merged_km": 2.977, "base_overlap": 1.0, "fid_src": 749, "fid_tgt": 750, "name_src": "Pyramid Lake fault zone", "name_tgt": "Pyramid Lake fault zone", "num_src": "1669", "num_tgt": "1669", "ftype_src": "Well Constrained", "ftype_tgt": "Well Constrained", "mapscale_src": "250", "mapscale_tgt": "250", "same_fid": false, "same_name": true, "slipsense_src": "RL", "slipsense_tgt": "RL", "dipdirect_src": "Unspecified", "dipdirect_tgt": "Unspecified", "kinematic_compat": true, "review_class": "H27-5b_inter-FID_same-name_kinematic-compatible", "setting_hint": "along-strike endpoint gap; assess continuation, relay, or cartographic segmentation", "third_system_contact": false, "bridge": true, "delta_P": 0.005855, "delta_largest_share": -1e-06, "delta_second_moment_km2": 7.2617, "connectivity_rank": 141, "nbmg_source_layer_url": "https://web2.nbmg.unr.edu/arcgis/rest/services/Qfaults/Qfaults_INGENIOUS/MapServer/0", "setting_context_url": "https://www.osti.gov/servlets/purl/1724082", "argument": "Closing this 1.2 km gap would join two currently disconnected mapped systems (0.8 km and 1.0 km) into one 3.0 km system. NBMG INGENIOUS vector attribution: inter-FID structural linkage within fault zone 'Pyramid Lake fault zone' (NUM=1669), bridging FID=749 (Well Constrained, SLIPSENSE=RL, DIPDIRECT=Unspecified) to FID=750 (Well Constrained, SLIPSENSE=RL, DIPDIRECT=Unspecified); kinematic_compat=True. Geometry: tip-to-tip along strike; mutual nearest tips; the tip points 3 deg off the link and 10 deg. The link strikes N138 E and 31% of the distance-weighted catalogued fault length within ~40 km lies within 20 deg of that strike (data-driven kinematic domain; no external stress model). Structural-setting label (geometry only; mapping to settings is ours): linkage/termination/step-over settings host ~25%/32% of characterised Great Basin geothermal systems (Faulds & Hinz 2015). Connectivity context: the catalogue network is near its critical connectivity (Berkowitz-style P=5.78 vs Pc 5.6-6.0 at the domain scale), where individual closures matter most, but Berkowitz et al. (2000) give ensemble statistics, not a verdict on this particular gap. Base coverage: 100% of its dots already lie within 300 m of the 0.2477 emission.  Graph value (Berkowitz et al. 2000 connectivity parameter, computed on the catalogue graph plus all 345 selected candidates with a=2.500 and D=1.566 held at their fitted values): this closure changes P by dP=+0.0059 (rank 141 of 345 by |dP|) and the largest-system share of total mapped fault length by -0.00000; the merged system would be 2.98 km long. It is a graph bridge: no other selected candidate joins these two sides, so this closure is what actually merges them. Status: validated on both 8-connected component holdout (0.293 vs 0.059 ctrl) and NBMG FID vector-trace holdout (0.100 vs 0.020 ctrl). Reviewer geometry cue only: along-strike endpoint gap; assess continuation, relay, or cartographic segmentation; this is not proof of a step-over or termination. Exclusive review class: H27-5b_inter-FID_same-name_kinematic-compatible. Different FIDs are records in this same NBMG compilation, not independent source confirmation."}}, {"type": "Feature", "geometry": {"type": "LineString", "coordinates": [[-118.27224, 39.30054], [-118.27437, 39.2897]]}, "properties": {"id": "T27-0065", "z": 4, "kind": "end-to-end", "gap_km": 1.217, "mutual": true, "strike": 9.462, "strike_compat": 0.618, "merged_km": 5.086, "base_overlap": 0.0, "fid_src": 811, "fid_tgt": 812, "name_src": "Sand Springs Range fault", "name_tgt": "Sand Springs Range fault", "num_src": "1685", "num_tgt": "1685", "ftype_src": "Well Constrained", "ftype_tgt": "Moderately Constrained", "mapscale_src": "250", "mapscale_tgt": "250", "same_fid": false, "same_name": true, "slipsense_src": "N", "slipsense_tgt": "N", "dipdirect_src": "Unspecified", "dipdirect_tgt": "Unspecified", "kinematic_compat": true, "review_class": "H27-5b_inter-FID_same-name_kinematic-compatible", "setting_hint": "along-strike endpoint gap; assess continuation, relay, or cartographic segmentation", "third_system_contact": false, "bridge": true, "delta_P": 0.0, "delta_largest_share": -1e-06, "delta_second_moment_km2": 17.6551, "connectivity_rank": 317, "nbmg_source_layer_url": "https://web2.nbmg.unr.edu/arcgis/rest/services/Qfaults/Qfaults_INGENIOUS/MapServer/0", "setting_context_url": "https://www.osti.gov/servlets/purl/1724082", "argument": "Closing this 1.2 km gap would join two currently disconnected mapped systems (1.3 km and 2.5 km) into one 5.1 km system. NBMG INGENIOUS vector attribution: inter-FID structural linkage within fault zone 'Sand Springs Range fault' (NUM=1685), bridging FID=811 (Well Constrained, SLIPSENSE=N, DIPDIRECT=Unspecified) to FID=812 (Moderately Constrained, SLIPSENSE=N, DIPDIRECT=Unspecified); kinematic_compat=True. Geometry: tip-to-tip along strike; mutual nearest tips; the tip points 27 deg off the link and 32 deg. The link strikes N9 E and 62% of the distance-weighted catalogued fault length within ~40 km lies within 20 deg of that strike (data-driven kinematic domain; no external stress model). Structural-setting label (geometry only; mapping to settings is ours): linkage/termination/step-over settings host ~25%/32% of characterised Great Basin geothermal systems (Faulds & Hinz 2015). Connectivity context: the catalogue network is near its critical connectivity (Berkowitz-style P=5.78 vs Pc 5.6-6.0 at the domain scale), where individual closures matter most, but Berkowitz et al. (2000) give ensemble statistics, not a verdict on this particular gap. Base coverage: 0% of its dots already lie within 300 m of the 0.2477 emission.  Graph value (Berkowitz et al. 2000 connectivity parameter, computed on the catalogue graph plus all 345 selected candidates with a=2.500 and D=1.566 held at their fitted values): this closure changes P by dP=+0.0000 (rank 317 of 345 by |dP|) and the largest-system share of total mapped fault length by -0.00000; the merged system would be 5.09 km long. It is a graph bridge: no other selected candidate joins these two sides, so this closure is what actually merges them. Status: validated on both 8-connected component holdout (0.293 vs 0.059 ctrl) and NBMG FID vector-trace holdout (0.100 vs 0.020 ctrl). Reviewer geometry cue only: along-strike endpoint gap; assess continuation, relay, or cartographic segmentation; this is not proof of a step-over or termination. Exclusive review class: H27-5b_inter-FID_same-name_kinematic-compatible. Different FIDs are records in this same NBMG compilation, not independent source confirmation."}}, {"type": "Feature", "geometry": {"type": "LineString", "coordinates": [[-118.28821, 38.64887], [-118.28228, 38.63813]]}, "properties": {"id": "T27-0069", "z": 4, "kind": "end-to-end", "gap_km": 1.3, "mutual": true, "strike": 157.38, "strike_compat": 0.527, "merged_km": 10.064, "base_overlap": 1.0, "fid_src": 411, "fid_tgt": 409, "name_src": "Gumdrop Hills fault zone", "name_tgt": "Gumdrop Hills fault zone", "num_src": "1309", "num_tgt": "1309", "ftype_src": "Moderately Constrained", "ftype_tgt": "Well Constrained", "mapscale_src": "250", "mapscale_tgt": "250", "same_fid": false, "same_name": true, "slipsense_src": "RL", "slipsense_tgt": "RL", "dipdirect_src": "SW", "dipdirect_tgt": "SW", "kinematic_compat": true, "review_class": "H27-5b_inter-FID_same-name_kinematic-compatible", "setting_hint": "along-strike endpoint gap; assess continuation, relay, or cartographic segmentation", "third_system_contact": false, "bridge": true, "delta_P": 0.0, "delta_largest_share": -1e-06, "delta_second_moment_km2": 40.3313, "connectivity_rank": 246, "nbmg_source_layer_url": "https://web2.nbmg.unr.edu/arcgis/rest/services/Qfaults/Qfaults_INGENIOUS/MapServer/0", "setting_context_url": "https://www.osti.gov/servlets/purl/1724082", "argument": "Closing this 1.3 km gap would join two currently disconnected mapped systems (1.0 km and 7.7 km) into one 10.1 km system. NBMG INGENIOUS vector attribution: inter-FID structural linkage within fault zone 'Gumdrop Hills fault zone' (NUM=1309), bridging FID=411 (Moderately Constrained, SLIPSENSE=RL, DIPDIRECT=SW) to FID=409 (Well Constrained, SLIPSENSE=RL, DIPDIRECT=SW); kinematic_compat=True. Geometry: tip-to-tip along strike; mutual nearest tips; the tip points 9 deg off the link and 19 deg. The link strikes N157 E and 53% of the distance-weighted catalogued fault length within ~40 km lies within 20 deg of that strike (data-driven kinematic domain; no external stress model). Structural-setting label (geometry only; mapping to settings is ours): linkage/termination/step-over settings host ~25%/32% of characterised Great Basin geothermal systems (Faulds & Hinz 2015). Connectivity context: the catalogue network is near its critical connectivity (Berkowitz-style P=5.78 vs Pc 5.6-6.0 at the domain scale), where individual closures matter most, but Berkowitz et al. (2000) give ensemble statistics, not a verdict on this particular gap. Base coverage: 100% of its dots already lie within 300 m of the 0.2477 emission.  Graph value (Berkowitz et al. 2000 connectivity parameter, computed on the catalogue graph plus all 345 selected candidates with a=2.500 and D=1.566 held at their fitted values): this closure changes P by dP=+0.0000 (rank 246 of 345 by |dP|) and the largest-system share of total mapped fault length by -0.00000; the merged system would be 10.06 km long. It is a graph bridge: no other selected candidate joins these two sides, so this closure is what actually merges them. Status: validated on both 8-connected component holdout (0.293 vs 0.059 ctrl) and NBMG FID vector-trace holdout (0.100 vs 0.020 ctrl). Reviewer geometry cue only: along-strike endpoint gap; assess continuation, relay, or cartographic segmentation; this is not proof of a step-over or termination. Exclusive review class: H27-5b_inter-FID_same-name_kinematic-compatible. Different FIDs are records in this same NBMG compilation, not independent source confirmation."}}, {"type": "Feature", "geometry": {"type": "LineString", "coordinates": [[-118.68794, 39.08081], [-118.67729, 39.07015]]}, "properties": {"id": "T27-0074", "z": 4, "kind": "end-to-end", "gap_km": 1.5, "mutual": true, "strike": 143.13, "strike_compat": 0.524, "merged_km": 7.06, "base_overlap": 0.333, "fid_src": 1423, "fid_tgt": 1422, "name_src": "Unnamed faults near Terrill Mountains", "name_tgt": "Unnamed faults near Terrill Mountains", "num_src": "1310", "num_tgt": "1310", "ftype_src": "Moderately Constrained", "ftype_tgt": "Well Constrained", "mapscale_src": "250", "mapscale_tgt": "250", "same_fid": false, "same_name": true, "slipsense_src": "RL", "slipsense_tgt": "RL", "dipdirect_src": "Unspecified", "dipdirect_tgt": "Unspecified", "kinematic_compat": true, "review_class": "H27-5b_inter-FID_same-name_kinematic-compatible", "setting_hint": "along-strike endpoint gap; assess continuation, relay, or cartographic segmentation", "third_system_contact": false, "bridge": true, "delta_P": -0.005855, "delta_largest_share": -2e-06, "delta_second_moment_km2": 33.2125, "connectivity_rank": 80, "nbmg_source_layer_url": "https://web2.nbmg.unr.edu/arcgis/rest/services/Qfaults/Qfaults_INGENIOUS/MapServer/0", "setting_context_url": "https://www.osti.gov/servlets/purl/1724082", "argument": "Closing this 1.5 km gap would join two currently disconnected mapped systems (2.0 km and 3.5 km) into one 7.1 km system. NBMG INGENIOUS vector attribution: inter-FID structural linkage within fault zone 'Unnamed faults near Terrill Mountains' (NUM=1310), bridging FID=1423 (Moderately Constrained, SLIPSENSE=RL, DIPDIRECT=Unspecified) to FID=1422 (Well Constrained, SLIPSENSE=RL, DIPDIRECT=Unspecified); kinematic_compat=True. Geometry: tip-to-tip along strike; mutual nearest tips; the tip points 16 deg off the link and 12 deg. The link strikes N143 E and 52% of the distance-weighted catalogued fault length within ~40 km lies within 20 deg of that strike (data-driven kinematic domain; no external stress model). Structural-setting label (geometry only; mapping to settings is ours): linkage/termination/step-over settings host ~25%/32% of characterised Great Basin geothermal systems (Faulds & Hinz 2015). Connectivity context: the catalogue network is near its critical connectivity (Berkowitz-style P=5.78 vs Pc 5.6-6.0 at the domain scale), where individual closures matter most, but Berkowitz et al. (2000) give ensemble statistics, not a verdict on this particular gap. Base coverage: 33% of its dots already lie within 300 m of the 0.2477 emission.  Graph value (Berkowitz et al. 2000 connectivity parameter, computed on the catalogue graph plus all 345 selected candidates with a=2.500 and D=1.566 held at their fitted values): this closure changes P by dP=-0.0059 (rank 80 of 345 by |dP|) and the largest-system share of total mapped fault length by -0.00000; the merged system would be 7.06 km long. It is a graph bridge: no other selected candidate joins these two sides, so this closure is what actually merges them. Status: validated on both 8-connected component holdout (0.293 vs 0.059 ctrl) and NBMG FID vector-trace holdout (0.100 vs 0.020 ctrl). Reviewer geometry cue only: along-strike endpoint gap; assess continuation, relay, or cartographic segmentation; this is not proof of a step-over or termination. Exclusive review class: H27-5b_inter-FID_same-name_kinematic-compatible. Different FIDs are records in this same NBMG compilation, not independent source confirmation."}}, {"type": "Feature", "geometry": {"type": "LineString", "coordinates": [[-117.09404, 40.2328], [-117.0952, 40.21928]]}, "properties": {"id": "T27-0075", "z": 4, "kind": "end-to-end", "gap_km": 1.503, "mutual": true, "strike": 3.814, "strike_compat": 0.447, "merged_km": 9.073, "base_overlap": 0.75, "fid_src": 863, "fid_tgt": 862, "name_src": "Shoshone Range fault zone", "name_tgt": "Shoshone Range fault zone", "num_src": "1148", "num_tgt": "1148", "ftype_src": "Moderately Constrained", "ftype_tgt": "Well Constrained", "mapscale_src": "250", "mapscale_tgt": "250", "same_fid": false, "same_name": true, "slipsense_src": "N", "slipsense_tgt": "N", "dipdirect_src": "NW", "dipdirect_tgt": "NW", "kinematic_compat": true, "review_class": "H27-5b_inter-FID_same-name_kinematic-compatible", "setting_hint": "along-strike endpoint gap; assess continuation, relay, or cartographic segmentation", "third_system_contact": false, "bridge": true, "delta_P": -0.005855, "delta_largest_share": -2e-06, "delta_second_moment_km2": 48.5379, "connectivity_rank": 66, "nbmg_source_layer_url": "https://web2.nbmg.unr.edu/arcgis/rest/services/Qfaults/Qfaults_INGENIOUS/MapServer/0", "setting_context_url": "https://www.osti.gov/servlets/purl/1724082", "argument": "Closing this 1.5 km gap would join two currently disconnected mapped systems (2.2 km and 5.4 km) into one 9.1 km system. NBMG INGENIOUS vector attribution: inter-FID structural linkage within fault zone 'Shoshone Range fault zone' (NUM=1148), bridging FID=863 (Moderately Constrained, SLIPSENSE=N, DIPDIRECT=NW) to FID=862 (Well Constrained, SLIPSENSE=N, DIPDIRECT=NW); kinematic_compat=True. Geometry: tip-to-tip along strike; mutual nearest tips; the tip points 11 deg off the link and 23 deg. The link strikes N4 E and 45% of the distance-weighted catalogued fault length within ~40 km lies within 20 deg of that strike (data-driven kinematic domain; no external stress model). Structural-setting label (geometry only; mapping to settings is ours): linkage/termination/step-over settings host ~25%/32% of characterised Great Basin geothermal systems (Faulds & Hinz 2015). Connectivity context: the catalogue network is near its critical connectivity (Berkowitz-style P=5.78 vs Pc 5.6-6.0 at the domain scale), where individual closures matter most, but Berkowitz et al. (2000) give ensemble statistics, not a verdict on this particular gap. Base coverage: 75% of its dots already lie within 300 m of the 0.2477 emission.  Graph value (Berkowitz et al. 2000 connectivity parameter, computed on the catalogue graph plus all 345 selected candidates with a=2.500 and D=1.566 held at their fitted values): this closure changes P by dP=-0.0059 (rank 66 of 345 by |dP|) and the largest-system share of total mapped fault length by -0.00000; the merged system would be 9.07 km long. It is a graph bridge: no other selected candidate joins these two sides, so this closure is what actually merges them. Status: validated on both 8-connected component holdout (0.293 vs 0.059 ctrl) and NBMG FID vector-trace holdout (0.100 vs 0.020 ctrl). Reviewer geometry cue only: along-strike endpoint gap; assess continuation, relay, or cartographic segmentation; this is not proof of a step-over or termination. Exclusive review class: H27-5b_inter-FID_same-name_kinematic-compatible. Different FIDs are records in this same NBMG compilation, not independent source confirmation."}}, {"type": "Feature", "geometry": {"type": "LineString", "coordinates": [[-116.43252, 40.47829], [-116.41827, 40.48903]]}, "properties": {"id": "T27-0086", "z": 4, "kind": "end-to-end", "gap_km": 1.697, "mutual": false, "strike": 45.0, "strike_compat": 0.457, "merged_km": 4.56, "base_overlap": 0.0, "fid_src": 199, "fid_tgt": 200, "name_src": "Dry Hills faults", "name_tgt": "Dry Hills faults", "num_src": "1153", "num_tgt": "1153", "ftype_src": "Well Constrained", "ftype_tgt": "Moderately Constrained", "mapscale_src": "250", "mapscale_tgt": "250", "same_fid": false, "same_name": true, "slipsense_src": "N", "slipsense_tgt": "N", "dipdirect_src": "NW", "dipdirect_tgt": "NW", "kinematic_compat": true, "review_class": "H27-5b_inter-FID_same-name_kinematic-compatible", "setting_hint": "along-strike endpoint gap; assess continuation, relay, or cartographic segmentation", "third_system_contact": false, "bridge": true, "delta_P": 0.0, "delta_largest_share": -2e-06, "delta_second_moment_km2": 72.754, "connectivity_rank": 186, "nbmg_source_layer_url": "https://web2.nbmg.unr.edu/arcgis/rest/services/Qfaults/Qfaults_INGENIOUS/MapServer/0", "setting_context_url": "https://www.osti.gov/servlets/purl/1724082", "argument": "Closing this 1.7 km gap would join two currently disconnected mapped systems (2.0 km and 0.9 km) into one 4.6 km system. NBMG INGENIOUS vector attribution: inter-FID structural linkage within fault zone 'Dry Hills faults' (NUM=1153), bridging FID=199 (Well Constrained, SLIPSENSE=N, DIPDIRECT=NW) to FID=200 (Moderately Constrained, SLIPSENSE=N, DIPDIRECT=NW); kinematic_compat=True. Geometry: tip-to-tip along strike; one-sided; the tip points 8 deg off the link and 0 deg. The link strikes N45 E and 46% of the distance-weighted catalogued fault length within ~40 km lies within 20 deg of that strike (data-driven kinematic domain; no external stress model). Structural-setting label (geometry only; mapping to settings is ours): linkage/termination/step-over settings host ~25%/32% of characterised Great Basin geothermal systems (Faulds & Hinz 2015). Connectivity context: the catalogue network is near its critical connectivity (Berkowitz-style P=5.78 vs Pc 5.6-6.0 at the domain scale), where individual closures matter most, but Berkowitz et al. (2000) give ensemble statistics, not a verdict on this particular gap. Base coverage: 0% of its dots already lie within 300 m of the 0.2477 emission.  Graph value (Berkowitz et al. 2000 connectivity parameter, computed on the catalogue graph plus all 345 selected candidates with a=2.500 and D=1.566 held at their fitted values): this closure changes P by dP=+0.0000 (rank 186 of 345 by |dP|) and the largest-system share of total mapped fault length by -0.00000; the merged system would be 4.56 km long. It is a graph bridge: no other selected candidate joins these two sides, so this closure is what actually merges them. Status: validated on both 8-connected component holdout (0.293 vs 0.059 ctrl) and NBMG FID vector-trace holdout (0.100 vs 0.020 ctrl). Reviewer geometry cue only: along-strike endpoint gap; assess continuation, relay, or cartographic segmentation; this is not proof of a step-over or termination. Exclusive review class: H27-5b_inter-FID_same-name_kinematic-compatible. Different FIDs are records in this same NBMG compilation, not independent source confirmation."}}, {"type": "Feature", "geometry": {"type": "LineString", "coordinates": [[-118.45123, 38.81187], [-118.43947, 38.7994]]}, "properties": {"id": "T27-0091", "z": 4, "kind": "end-to-end", "gap_km": 1.72, "mutual": true, "strike": 144.462, "strike_compat": 0.533, "merged_km": 9.926, "base_overlap": 0.0, "fid_src": 410, "fid_tgt": 409, "name_src": "Gumdrop Hills fault zone", "name_tgt": "Gumdrop Hills fault zone", "num_src": "1309", "num_tgt": "1309", "ftype_src": "Well Constrained", "ftype_tgt": "Well Constrained", "mapscale_src": "250", "mapscale_tgt": "250", "same_fid": false, "same_name": true, "slipsense_src": "RL", "slipsense_tgt": "RL", "dipdirect_src": "SW", "dipdirect_tgt": "SW", "kinematic_compat": true, "review_class": "H27-5b_inter-FID_same-name_kinematic-compatible", "setting_hint": "along-strike endpoint gap; assess continuation, relay, or cartographic segmentation", "third_system_contact": false, "bridge": true, "delta_P": 0.0, "delta_largest_share": -2e-06, "delta_second_moment_km2": 40.6594, "connectivity_rank": 244, "nbmg_source_layer_url": "https://web2.nbmg.unr.edu/arcgis/rest/services/Qfaults/Qfaults_INGENIOUS/MapServer/0", "setting_context_url": "https://www.osti.gov/servlets/purl/1724082", "argument": "Closing this 1.7 km gap would join two currently disconnected mapped systems (7.6 km and 0.6 km) into one 9.9 km system. NBMG INGENIOUS vector attribution: inter-FID structural linkage within fault zone 'Gumdrop Hills fault zone' (NUM=1309), bridging FID=410 (Well Constrained, SLIPSENSE=RL, DIPDIRECT=SW) to FID=409 (Well Constrained, SLIPSENSE=RL, DIPDIRECT=SW); kinematic_compat=True. Geometry: tip-to-tip along strike; mutual nearest tips; the tip points 14 deg off the link and 9 deg. The link strikes N144 E and 53% of the distance-weighted catalogued fault length within ~40 km lies within 20 deg of that strike (data-driven kinematic domain; no external stress model). Structural-setting label (geometry only; mapping to settings is ours): linkage/termination/step-over settings host ~25%/32% of characterised Great Basin geothermal systems (Faulds & Hinz 2015). Connectivity context: the catalogue network is near its critical connectivity (Berkowitz-style P=5.78 vs Pc 5.6-6.0 at the domain scale), where individual closures matter most, but Berkowitz et al. (2000) give ensemble statistics, not a verdict on this particular gap. Base coverage: 0% of its dots already lie within 300 m of the 0.2477 emission.  Graph value (Berkowitz et al. 2000 connectivity parameter, computed on the catalogue graph plus all 345 selected candidates with a=2.500 and D=1.566 held at their fitted values): this closure changes P by dP=+0.0000 (rank 244 of 345 by |dP|) and the largest-system share of total mapped fault length by -0.00000; the merged system would be 9.93 km long. It is a graph bridge: no other selected candidate joins these two sides, so this closure is what actually merges them. Status: validated on both 8-connected component holdout (0.293 vs 0.059 ctrl) and NBMG FID vector-trace holdout (0.100 vs 0.020 ctrl). Reviewer geometry cue only: along-strike endpoint gap; assess continuation, relay, or cartographic segmentation; this is not proof of a step-over or termination. Exclusive review class: H27-5b_inter-FID_same-name_kinematic-compatible. Different FIDs are records in this same NBMG compilation, not independent source confirmation."}}, {"type": "Feature", "geometry": {"type": "LineString", "coordinates": [[-119.70811, 39.87505], [-119.69927, 39.85814]]}, "properties": {"id": "T27-0105", "z": 4, "kind": "end-to-end", "gap_km": 2.025, "mutual": true, "strike": 159.775, "strike_compat": 0.459, "merged_km": 6.885, "base_overlap": 0.0, "fid_src": 1540, "fid_tgt": 1539, "name_src": "Warm Springs Valley fault zone", "name_tgt": "Warm Springs Valley fault zone", "num_src": "1605", "num_tgt": "1605", "ftype_src": "Well Constrained", "ftype_tgt": "Well Constrained", "mapscale_src": "250", "mapscale_tgt": "250", "same_fid": false, "same_name": true, "slipsense_src": "RL", "slipsense_tgt": "RL", "dipdirect_src": "Unspecified", "dipdirect_tgt": "Unspecified", "kinematic_compat": true, "review_class": "H27-5b_inter-FID_same-name_kinematic-compatible", "setting_hint": "along-strike endpoint gap; assess continuation, relay, or cartographic segmentation", "third_system_contact": false, "bridge": true, "delta_P": 0.0, "delta_largest_share": -2e-06, "delta_second_moment_km2": 33.5954, "connectivity_rank": 259, "nbmg_source_layer_url": "https://web2.nbmg.unr.edu/arcgis/rest/services/Qfaults/Qfaults_INGENIOUS/MapServer/0", "setting_context_url": "https://www.osti.gov/servlets/purl/1724082", "argument": "Closing this 2.0 km gap would join two currently disconnected mapped systems (1.4 km and 3.4 km) into one 6.9 km system. NBMG INGENIOUS vector attribution: inter-FID structural linkage within fault zone 'Warm Springs Valley fault zone' (NUM=1605), bridging FID=1540 (Well Constrained, SLIPSENSE=RL, DIPDIRECT=Unspecified) to FID=1539 (Well Constrained, SLIPSENSE=RL, DIPDIRECT=Unspecified); kinematic_compat=True. Geometry: tip-to-tip along strike; mutual nearest tips; the tip points 25 deg off the link and 29 deg. The link strikes N160 E and 46% of the distance-weighted catalogued fault length within ~40 km lies within 20 deg of that strike (data-driven kinematic domain; no external stress model). Structural-setting label (geometry only; mapping to settings is ours): linkage/termination/step-over settings host ~25%/32% of characterised Great Basin geothermal systems (Faulds & Hinz 2015). Connectivity context: the catalogue network is near its critical connectivity (Berkowitz-style P=5.78 vs Pc 5.6-6.0 at the domain scale), where individual closures matter most, but Berkowitz et al. (2000) give ensemble statistics, not a verdict on this particular gap. Base coverage: 0% of its dots already lie within 300 m of the 0.2477 emission.  Graph value (Berkowitz et al. 2000 connectivity parameter, computed on the catalogue graph plus all 345 selected candidates with a=2.500 and D=1.566 held at their fitted values): this closure changes P by dP=+0.0000 (rank 259 of 345 by |dP|) and the largest-system share of total mapped fault length by -0.00000; the merged system would be 6.88 km long. It is a graph bridge: no other selected candidate joins these two sides, so this closure is what actually merges them. Status: validated on both 8-connected component holdout (0.293 vs 0.059 ctrl) and NBMG FID vector-trace holdout (0.100 vs 0.020 ctrl). Reviewer geometry cue only: along-strike endpoint gap; assess continuation, relay, or cartographic segmentation; this is not proof of a step-over or termination. Exclusive review class: H27-5b_inter-FID_same-name_kinematic-compatible. Different FIDs are records in this same NBMG compilation, not independent source confirmation."}}, {"type": "Feature", "geometry": {"type": "LineString", "coordinates": [[-119.37811, 39.39041], [-119.39744, 39.3783]]}, "properties": {"id": "T27-0117", "z": 4, "kind": "end-to-end", "gap_km": 2.14, "mutual": true, "strike": 52.595, "strike_compat": 0.384, "merged_km": 5.237, "base_overlap": 0.0, "fid_src": 106, "fid_tgt": 104, "name_src": "Carson lineament", "name_tgt": "Carson lineament", "num_src": "1663", "num_tgt": "1663", "ftype_src": "Well Constrained", "ftype_tgt": "Well Constrained", "mapscale_src": "250", "mapscale_tgt": "250", "same_fid": false, "same_name": true, "slipsense_src": "LL", "slipsense_tgt": "LL", "dipdirect_src": "Unspecified", "dipdirect_tgt": "Unspecified", "kinematic_compat": true, "review_class": "H27-5b_inter-FID_same-name_kinematic-compatible", "setting_hint": "along-strike endpoint gap; assess continuation, relay, or cartographic segmentation", "third_system_contact": false, "bridge": true, "delta_P": 0.0, "delta_largest_share": -2e-06, "delta_second_moment_km2": 22.1656, "connectivity_rank": 304, "nbmg_source_layer_url": "https://web2.nbmg.unr.edu/arcgis/rest/services/Qfaults/Qfaults_INGENIOUS/MapServer/0", "setting_context_url": "https://www.osti.gov/servlets/purl/1724082", "argument": "Closing this 2.1 km gap would join two currently disconnected mapped systems (1.1 km and 2.0 km) into one 5.2 km system. NBMG INGENIOUS vector attribution: inter-FID structural linkage within fault zone 'Carson lineament' (NUM=1663), bridging FID=106 (Well Constrained, SLIPSENSE=LL, DIPDIRECT=Unspecified) to FID=104 (Well Constrained, SLIPSENSE=LL, DIPDIRECT=Unspecified); kinematic_compat=True. Geometry: tip-to-tip along strike; mutual nearest tips; the tip points 11 deg off the link and 12 deg. The link strikes N53 E and 38% of the distance-weighted catalogued fault length within ~40 km lies within 20 deg of that strike (data-driven kinematic domain; no external stress model). Structural-setting label (geometry only; mapping to settings is ours): linkage/termination/step-over settings host ~25%/32% of characterised Great Basin geothermal systems (Faulds & Hinz 2015). Connectivity context: the catalogue network is near its critical connectivity (Berkowitz-style P=5.78 vs Pc 5.6-6.0 at the domain scale), where individual closures matter most, but Berkowitz et al. (2000) give ensemble statistics, not a verdict on this particular gap. Base coverage: 0% of its dots already lie within 300 m of the 0.2477 emission.  Graph value (Berkowitz et al. 2000 connectivity parameter, computed on the catalogue graph plus all 345 selected candidates with a=2.500 and D=1.566 held at their fitted values): this closure changes P by dP=+0.0000 (rank 304 of 345 by |dP|) and the largest-system share of total mapped fault length by -0.00000; the merged system would be 5.24 km long. It is a graph bridge: no other selected candidate joins these two sides, so this closure is what actually merges them. Status: validated on both 8-connected component holdout (0.293 vs 0.059 ctrl) and NBMG FID vector-trace holdout (0.100 vs 0.020 ctrl). Reviewer geometry cue only: along-strike endpoint gap; assess continuation, relay, or cartographic segmentation; this is not proof of a step-over or termination. Exclusive review class: H27-5b_inter-FID_same-name_kinematic-compatible. Different FIDs are records in this same NBMG compilation, not independent source confirmation."}}, {"type": "Feature", "geometry": {"type": "LineString", "coordinates": [[-119.09252, 39.74005], [-119.10603, 39.72359]]}, "properties": {"id": "T27-0118", "z": 4, "kind": "end-to-end", "gap_km": 2.163, "mutual": false, "strike": 33.69, "strike_compat": 0.45, "merged_km": 7.192, "base_overlap": 0.0, "fid_src": 1243, "fid_tgt": 1244, "name_src": "Unnamed fault zone southeastern Truckee Range", "name_tgt": "Unnamed fault zone southeastern Truckee Range", "num_src": "1672", "num_tgt": "1672", "ftype_src": "Well Constrained", "ftype_tgt": "Moderately Constrained", "mapscale_src": "250", "mapscale_tgt": "250", "same_fid": false, "same_name": true, "slipsense_src": "N", "slipsense_tgt": "N", "dipdirect_src": "SE", "dipdirect_tgt": "SE", "kinematic_compat": true, "review_class": "H27-5b_inter-FID_same-name_kinematic-compatible", "setting_hint": "along-strike endpoint gap; assess continuation, relay, or cartographic segmentation", "third_system_contact": false, "bridge": true, "delta_P": -0.005855, "delta_largest_share": -2e-06, "delta_second_moment_km2": 225.1544, "connectivity_rank": 12, "nbmg_source_layer_url": "https://web2.nbmg.unr.edu/arcgis/rest/services/Qfaults/Qfaults_INGENIOUS/MapServer/0", "setting_context_url": "https://www.osti.gov/servlets/purl/1724082", "argument": "Closing this 2.2 km gap would join two currently disconnected mapped systems (1.9 km and 3.1 km) into one 7.2 km system. NBMG INGENIOUS vector attribution: inter-FID structural linkage within fault zone 'Unnamed fault zone southeastern Truckee Range' (NUM=1672), bridging FID=1243 (Well Constrained, SLIPSENSE=N, DIPDIRECT=SE) to FID=1244 (Moderately Constrained, SLIPSENSE=N, DIPDIRECT=SE); kinematic_compat=True. Geometry: tip-to-tip along strike; one-sided; the tip points 13 deg off the link and 7 deg. The link strikes N34 E and 45% of the distance-weighted catalogued fault length within ~40 km lies within 20 deg of that strike (data-driven kinematic domain; no external stress model). Structural-setting label (geometry only; mapping to settings is ours): linkage/termination/step-over settings host ~25%/32% of characterised Great Basin geothermal systems (Faulds & Hinz 2015). Connectivity context: the catalogue network is near its critical connectivity (Berkowitz-style P=5.78 vs Pc 5.6-6.0 at the domain scale), where individual closures matter most, but Berkowitz et al. (2000) give ensemble statistics, not a verdict on this particular gap. Base coverage: 0% of its dots already lie within 300 m of the 0.2477 emission.  Graph value (Berkowitz et al. 2000 connectivity parameter, computed on the catalogue graph plus all 345 selected candidates with a=2.500 and D=1.566 held at their fitted values): this closure changes P by dP=-0.0059 (rank 12 of 345 by |dP|) and the largest-system share of total mapped fault length by -0.00000; the merged system would be 7.19 km long. It is a graph bridge: no other selected candidate joins these two sides, so this closure is what actually merges them. Status: validated on both 8-connected component holdout (0.293 vs 0.059 ctrl) and NBMG FID vector-trace holdout (0.100 vs 0.020 ctrl). Reviewer geometry cue only: along-strike endpoint gap; assess continuation, relay, or cartographic segmentation; this is not proof of a step-over or termination. Exclusive review class: H27-5b_inter-FID_same-name_kinematic-compatible. Different FIDs are records in this same NBMG compilation, not independent source confirmation."}}, {"type": "Feature", "geometry": {"type": "LineString", "coordinates": [[-118.21325, 39.44353], [-118.22807, 39.42716]]}, "properties": {"id": "T27-0119", "z": 4, "kind": "end-to-end", "gap_km": 2.22, "mutual": true, "strike": 35.838, "strike_compat": 0.421, "merged_km": 5.093, "base_overlap": 1.0, "fid_src": 189, "fid_tgt": 191, "name_src": "Dixie Valley fault zone, \"1954\" section", "name_tgt": "Dixie Valley fault zone, \"1954\" section", "num_src": "1687b", "num_tgt": "1687b", "ftype_src": "Well Constrained", "ftype_tgt": "Well Constrained", "mapscale_src": "250", "mapscale_tgt": "250", "same_fid": false, "same_name": true, "slipsense_src": "N", "slipsense_tgt": "N", "dipdirect_src": "Unspecified", "dipdirect_tgt": "Unspecified", "kinematic_compat": true, "review_class": "H27-5b_inter-FID_same-name_kinematic-compatible", "setting_hint": "along-strike endpoint gap; assess continuation, relay, or cartographic segmentation", "third_system_contact": false, "bridge": true, "delta_P": 0.005855, "delta_largest_share": -2e-06, "delta_second_moment_km2": 21.474, "connectivity_rank": 94, "nbmg_source_layer_url": "https://web2.nbmg.unr.edu/arcgis/rest/services/Qfaults/Qfaults_INGENIOUS/MapServer/0", "setting_context_url": "https://www.osti.gov/servlets/purl/1724082", "argument": "Closing this 2.2 km gap would join two currently disconnected mapped systems (1.0 km and 1.8 km) into one 5.1 km system. NBMG INGENIOUS vector attribution: inter-FID structural linkage within fault zone 'Dixie Valley fault zone, \"1954\" section' (NUM=1687b), bridging FID=189 (Well Constrained, SLIPSENSE=N, DIPDIRECT=Unspecified) to FID=191 (Well Constrained, SLIPSENSE=N, DIPDIRECT=Unspecified); kinematic_compat=True. Geometry: tip-to-tip along strike; mutual nearest tips; the tip points 22 deg off the link and 29 deg. The link strikes N36 E and 42% of the distance-weighted catalogued fault length within ~40 km lies within 20 deg of that strike (data-driven kinematic domain; no external stress model). Structural-setting label (geometry only; mapping to settings is ours): linkage/termination/step-over settings host ~25%/32% of characterised Great Basin geothermal systems (Faulds & Hinz 2015). Connectivity context: the catalogue network is near its critical connectivity (Berkowitz-style P=5.78 vs Pc 5.6-6.0 at the domain scale), where individual closures matter most, but Berkowitz et al. (2000) give ensemble statistics, not a verdict on this particular gap. Base coverage: 100% of its dots already lie within 300 m of the 0.2477 emission.  Graph value (Berkowitz et al. 2000 connectivity parameter, computed on the catalogue graph plus all 345 selected candidates with a=2.500 and D=1.566 held at their fitted values): this closure changes P by dP=+0.0059 (rank 94 of 345 by |dP|) and the largest-system share of total mapped fault length by -0.00000; the merged system would be 5.09 km long. It is a graph bridge: no other selected candidate joins these two sides, so this closure is what actually merges them. Status: validated on both 8-connected component holdout (0.293 vs 0.059 ctrl) and NBMG FID vector-trace holdout (0.100 vs 0.020 ctrl). Reviewer geometry cue only: along-strike endpoint gap; assess continuation, relay, or cartographic segmentation; this is not proof of a step-over or termination. Exclusive review class: H27-5b_inter-FID_same-name_kinematic-compatible. Different FIDs are records in this same NBMG compilation, not independent source confirmation."}}, {"type": "Feature", "geometry": {"type": "LineString", "coordinates": [[-118.2934, 39.3787], [-118.31406, 39.36585]]}, "properties": {"id": "T27-0121", "z": 4, "kind": "end-to-end", "gap_km": 2.28, "mutual": true, "strike": 52.125, "strike_compat": 0.197, "merged_km": 6.933, "base_overlap": 0.0, "fid_src": 2666, "fid_tgt": 2665, "name_src": "Sand Springs Range fault", "name_tgt": "Sand Springs Range fault", "num_src": "1685", "num_tgt": "1685", "ftype_src": "Well Constrained", "ftype_tgt": "Well Constrained", "mapscale_src": "250", "mapscale_tgt": "250", "same_fid": false, "same_name": true, "slipsense_src": "N", "slipsense_tgt": "N", "dipdirect_src": "Unspecified", "dipdirect_tgt": "E", "kinematic_compat": true, "review_class": "H27-5b_inter-FID_same-name_kinematic-compatible", "setting_hint": "along-strike endpoint gap; assess continuation, relay, or cartographic segmentation", "third_system_contact": false, "bridge": true, "delta_P": 0.0, "delta_largest_share": -2e-06, "delta_second_moment_km2": 30.7483, "connectivity_rank": 273, "nbmg_source_layer_url": "https://web2.nbmg.unr.edu/arcgis/rest/services/Qfaults/Qfaults_INGENIOUS/MapServer/0", "setting_context_url": "https://www.osti.gov/servlets/purl/1724082", "argument": "Closing this 2.3 km gap would join two currently disconnected mapped systems (4.1 km and 0.5 km) into one 6.9 km system. NBMG INGENIOUS vector attribution: inter-FID structural linkage within fault zone 'Sand Springs Range fault' (NUM=1685), bridging FID=2666 (Well Constrained, SLIPSENSE=N, DIPDIRECT=Unspecified) to FID=2665 (Well Constrained, SLIPSENSE=N, DIPDIRECT=E); kinematic_compat=True. Geometry: tip-to-tip along strike; mutual nearest tips; the tip points 12 deg off the link and 15 deg. The link strikes N52 E and 20% of the distance-weighted catalogued fault length within ~40 km lies within 20 deg of that strike (data-driven kinematic domain; no external stress model). Structural-setting label (geometry only; mapping to settings is ours): linkage/termination/step-over settings host ~25%/32% of characterised Great Basin geothermal systems (Faulds & Hinz 2015). Connectivity context: the catalogue network is near its critical connectivity (Berkowitz-style P=5.78 vs Pc 5.6-6.0 at the domain scale), where individual closures matter most, but Berkowitz et al. (2000) give ensemble statistics, not a verdict on this particular gap. Base coverage: 0% of its dots already lie within 300 m of the 0.2477 emission.  Graph value (Berkowitz et al. 2000 connectivity parameter, computed on the catalogue graph plus all 345 selected candidates with a=2.500 and D=1.566 held at their fitted values): this closure changes P by dP=+0.0000 (rank 273 of 345 by |dP|) and the largest-system share of total mapped fault length by -0.00000; the merged system would be 6.93 km long. It is a graph bridge: no other selected candidate joins these two sides, so this closure is what actually merges them. Status: validated on both 8-connected component holdout (0.293 vs 0.059 ctrl) and NBMG FID vector-trace holdout (0.100 vs 0.020 ctrl). Reviewer geometry cue only: along-strike endpoint gap; assess continuation, relay, or cartographic segmentation; this is not proof of a step-over or termination. Exclusive review class: H27-5b_inter-FID_same-name_kinematic-compatible. Different FIDs are records in this same NBMG compilation, not independent source confirmation."}}, {"type": "Feature", "geometry": {"type": "LineString", "coordinates": [[-119.2785, 39.82394], [-119.27315, 39.80332]]}, "properties": {"id": "T27-0122", "z": 4, "kind": "end-to-end", "gap_km": 2.335, "mutual": true, "strike": 170.134, "strike_compat": 0.335, "merged_km": 5.0, "base_overlap": 0.857, "fid_src": 1209, "fid_tgt": 1208, "name_src": "Unnamed fault zone near Little Valley", "name_tgt": "Unnamed fault zone near Little Valley", "num_src": "1670", "num_tgt": "1670", "ftype_src": "Well Constrained", "ftype_tgt": "Well Constrained", "mapscale_src": "250", "mapscale_tgt": "250", "same_fid": false, "same_name": true, "slipsense_src": "N", "slipsense_tgt": "N", "dipdirect_src": "Unspecified", "dipdirect_tgt": "Unspecified", "kinematic_compat": true, "review_class": "H27-5b_inter-FID_same-name_kinematic-compatible", "setting_hint": "along-strike endpoint gap; assess continuation, relay, or cartographic segmentation", "third_system_contact": false, "bridge": true, "delta_P": 0.0, "delta_largest_share": -2e-06, "delta_second_moment_km2": 56.2228, "connectivity_rank": 208, "nbmg_source_layer_url": "https://web2.nbmg.unr.edu/arcgis/rest/services/Qfaults/Qfaults_INGENIOUS/MapServer/0", "setting_context_url": "https://www.osti.gov/servlets/purl/1724082", "argument": "Closing this 2.3 km gap would join two currently disconnected mapped systems (0.8 km and 1.9 km) into one 5.0 km system. NBMG INGENIOUS vector attribution: inter-FID structural linkage within fault zone 'Unnamed fault zone near Little Valley' (NUM=1670), bridging FID=1209 (Well Constrained, SLIPSENSE=N, DIPDIRECT=Unspecified) to FID=1208 (Well Constrained, SLIPSENSE=N, DIPDIRECT=Unspecified); kinematic_compat=True. Geometry: tip-to-tip along strike; mutual nearest tips; the tip points 10 deg off the link and 4 deg. The link strikes N170 E and 34% of the distance-weighted catalogued fault length within ~40 km lies within 20 deg of that strike (data-driven kinematic domain; no external stress model). Structural-setting label (geometry only; mapping to settings is ours): linkage/termination/step-over settings host ~25%/32% of characterised Great Basin geothermal systems (Faulds & Hinz 2015). Connectivity context: the catalogue network is near its critical connectivity (Berkowitz-style P=5.78 vs Pc 5.6-6.0 at the domain scale), where individual closures matter most, but Berkowitz et al. (2000) give ensemble statistics, not a verdict on this particular gap. Base coverage: 86% of its dots already lie within 300 m of the 0.2477 emission.  Graph value (Berkowitz et al. 2000 connectivity parameter, computed on the catalogue graph plus all 345 selected candidates with a=2.500 and D=1.566 held at their fitted values): this closure changes P by dP=+0.0000 (rank 208 of 345 by |dP|) and the largest-system share of total mapped fault length by -0.00000; the merged system would be 5.00 km long. It is a graph bridge: no other selected candidate joins these two sides, so this closure is what actually merges them. Status: validated on both 8-connected component holdout (0.293 vs 0.059 ctrl) and NBMG FID vector-trace holdout (0.100 vs 0.020 ctrl). Reviewer geometry cue only: along-strike endpoint gap; assess continuation, relay, or cartographic segmentation; this is not proof of a step-over or termination. Exclusive review class: H27-5b_inter-FID_same-name_kinematic-compatible. Different FIDs are records in this same NBMG compilation, not independent source confirmation."}}, {"type": "Feature", "geometry": {"type": "LineString", "coordinates": [[-117.04356, 40.32832], [-117.06591, 40.3157]]}, "properties": {"id": "T27-0123", "z": 4, "kind": "end-to-end", "gap_km": 2.36, "mutual": true, "strike": 53.616, "strike_compat": 0.35, "merged_km": 7.906, "base_overlap": 0.333, "fid_src": 862, "fid_tgt": 863, "name_src": "Shoshone Range fault zone", "name_tgt": "Shoshone Range fault zone", "num_src": "1148", "num_tgt": "1148", "ftype_src": "Well Constrained", "ftype_tgt": "Moderately Constrained", "mapscale_src": "250", "mapscale_tgt": "250", "same_fid": false, "same_name": true, "slipsense_src": "N", "slipsense_tgt": "N", "dipdirect_src": "NW", "dipdirect_tgt": "NW", "kinematic_compat": true, "review_class": "H27-5b_inter-FID_same-name_kinematic-compatible", "setting_hint": "along-strike endpoint gap; assess continuation, relay, or cartographic segmentation", "third_system_contact": false, "bridge": true, "delta_P": 0.0, "delta_largest_share": -2e-06, "delta_second_moment_km2": 39.8487, "connectivity_rank": 247, "nbmg_source_layer_url": "https://web2.nbmg.unr.edu/arcgis/rest/services/Qfaults/Qfaults_INGENIOUS/MapServer/0", "setting_context_url": "https://www.osti.gov/servlets/purl/1724082", "argument": "Closing this 2.4 km gap would join two currently disconnected mapped systems (0.9 km and 4.7 km) into one 7.9 km system. NBMG INGENIOUS vector attribution: inter-FID structural linkage within fault zone 'Shoshone Range fault zone' (NUM=1148), bridging FID=862 (Well Constrained, SLIPSENSE=N, DIPDIRECT=NW) to FID=863 (Moderately Constrained, SLIPSENSE=N, DIPDIRECT=NW); kinematic_compat=True. Geometry: tip-to-tip along strike; mutual nearest tips; the tip points 7 deg off the link and 22 deg. The link strikes N54 E and 35% of the distance-weighted catalogued fault length within ~40 km lies within 20 deg of that strike (data-driven kinematic domain; no external stress model). Structural-setting label (geometry only; mapping to settings is ours): linkage/termination/step-over settings host ~25%/32% of characterised Great Basin geothermal systems (Faulds & Hinz 2015). Connectivity context: the catalogue network is near its critical connectivity (Berkowitz-style P=5.78 vs Pc 5.6-6.0 at the domain scale), where individual closures matter most, but Berkowitz et al. (2000) give ensemble statistics, not a verdict on this particular gap. Base coverage: 33% of its dots already lie within 300 m of the 0.2477 emission.  Graph value (Berkowitz et al. 2000 connectivity parameter, computed on the catalogue graph plus all 345 selected candidates with a=2.500 and D=1.566 held at their fitted values): this closure changes P by dP=+0.0000 (rank 247 of 345 by |dP|) and the largest-system share of total mapped fault length by -0.00000; the merged system would be 7.91 km long. It is a graph bridge: no other selected candidate joins these two sides, so this closure is what actually merges them. Status: validated on both 8-connected component holdout (0.293 vs 0.059 ctrl) and NBMG FID vector-trace holdout (0.100 vs 0.020 ctrl). Reviewer geometry cue only: along-strike endpoint gap; assess continuation, relay, or cartographic segmentation; this is not proof of a step-over or termination. Exclusive review class: H27-5b_inter-FID_same-name_kinematic-compatible. Different FIDs are records in this same NBMG compilation, not independent source confirmation."}}, {"type": "Feature", "geometry": {"type": "LineString", "coordinates": [[-118.187, 38.92118], [-118.19935, 38.90123]]}, "properties": {"id": "T27-0126", "z": 4, "kind": "end-to-end", "gap_km": 2.46, "mutual": true, "strike": 26.565, "strike_compat": 0.457, "merged_km": 10.427, "base_overlap": 0.0, "fid_src": 441, "fid_tgt": 440, "name_src": "Hot Springs fault zone", "name_tgt": "Hot Springs fault zone", "num_src": "1312", "num_tgt": "1312", "ftype_src": "Moderately Constrained", "ftype_tgt": "Moderately Constrained", "mapscale_src": "250", "mapscale_tgt": "250", "same_fid": false, "same_name": true, "slipsense_src": "N", "slipsense_tgt": "N", "dipdirect_src": "Unspecified", "dipdirect_tgt": "Unspecified", "kinematic_compat": true, "review_class": "H27-5b_inter-FID_same-name_kinematic-compatible", "setting_hint": "along-strike endpoint gap; assess continuation, relay, or cartographic segmentation", "third_system_contact": false, "bridge": true, "delta_P": 0.0, "delta_largest_share": -3e-06, "delta_second_moment_km2": 68.3554, "connectivity_rank": 191, "nbmg_source_layer_url": "https://web2.nbmg.unr.edu/arcgis/rest/services/Qfaults/Qfaults_INGENIOUS/MapServer/0", "setting_context_url": "https://www.osti.gov/servlets/purl/1724082", "argument": "Closing this 2.5 km gap would join two currently disconnected mapped systems (1.9 km and 6.1 km) into one 10.4 km system. NBMG INGENIOUS vector attribution: inter-FID structural linkage within fault zone 'Hot Springs fault zone' (NUM=1312), bridging FID=441 (Moderately Constrained, SLIPSENSE=N, DIPDIRECT=Unspecified) to FID=440 (Moderately Constrained, SLIPSENSE=N, DIPDIRECT=Unspecified); kinematic_compat=True. Geometry: tip-to-tip along strike; mutual nearest tips; the tip points 13 deg off the link and 27 deg. The link strikes N27 E and 46% of the distance-weighted catalogued fault length within ~40 km lies within 20 deg of that strike (data-driven kinematic domain; no external stress model). Structural-setting label (geometry only; mapping to settings is ours): linkage/termination/step-over settings host ~25%/32% of characterised Great Basin geothermal systems (Faulds & Hinz 2015). Connectivity context: the catalogue network is near its critical connectivity (Berkowitz-style P=5.78 vs Pc 5.6-6.0 at the domain scale), where individual closures matter most, but Berkowitz et al. (2000) give ensemble statistics, not a verdict on this particular gap. Base coverage: 0% of its dots already lie within 300 m of the 0.2477 emission.  Graph value (Berkowitz et al. 2000 connectivity parameter, computed on the catalogue graph plus all 345 selected candidates with a=2.500 and D=1.566 held at their fitted values): this closure changes P by dP=+0.0000 (rank 191 of 345 by |dP|) and the largest-system share of total mapped fault length by -0.00000; the merged system would be 10.43 km long. It is a graph bridge: no other selected candidate joins these two sides, so this closure is what actually merges them. Status: validated on both 8-connected component holdout (0.293 vs 0.059 ctrl) and NBMG FID vector-trace holdout (0.100 vs 0.020 ctrl). Reviewer geometry cue only: along-strike endpoint gap; assess continuation, relay, or cartographic segmentation; this is not proof of a step-over or termination. Exclusive review class: H27-5b_inter-FID_same-name_kinematic-compatible. Different FIDs are records in this same NBMG compilation, not independent source confirmation."}}, {"type": "Feature", "geometry": {"type": "LineString", "coordinates": [[-118.07596, 38.97723], [-118.0895, 38.95728]]}, "properties": {"id": "T27-0128", "z": 4, "kind": "end-to-end", "gap_km": 2.506, "mutual": false, "strike": 28.61, "strike_compat": 0.548, "merged_km": 6.634, "base_overlap": 0.143, "fid_src": 1306, "fid_tgt": 1302, "name_src": "Unnamed faults in Gabbs Valley", "name_tgt": "Unnamed faults in Gabbs Valley", "num_src": "1313", "num_tgt": "1313", "ftype_src": "Moderately Constrained", "ftype_tgt": "Well Constrained", "mapscale_src": "250", "mapscale_tgt": "250", "same_fid": false, "same_name": true, "slipsense_src": "N", "slipsense_tgt": "N", "dipdirect_src": "Unspecified", "dipdirect_tgt": "Unspecified", "kinematic_compat": true, "review_class": "H27-5b_inter-FID_same-name_kinematic-compatible", "setting_hint": "along-strike endpoint gap; assess continuation, relay, or cartographic segmentation", "third_system_contact": false, "bridge": true, "delta_P": 0.0, "delta_largest_share": -3e-06, "delta_second_moment_km2": 31.4449, "connectivity_rank": 268, "nbmg_source_layer_url": "https://web2.nbmg.unr.edu/arcgis/rest/services/Qfaults/Qfaults_INGENIOUS/MapServer/0", "setting_context_url": "https://www.osti.gov/servlets/purl/1724082", "argument": "Closing this 2.5 km gap would join two currently disconnected mapped systems (3.5 km and 0.6 km) into one 6.6 km system. NBMG INGENIOUS vector attribution: inter-FID structural linkage within fault zone 'Unnamed faults in Gabbs Valley' (NUM=1313), bridging FID=1306 (Moderately Constrained, SLIPSENSE=N, DIPDIRECT=Unspecified) to FID=1302 (Well Constrained, SLIPSENSE=N, DIPDIRECT=Unspecified); kinematic_compat=True. Geometry: tip-to-tip along strike; one-sided; the tip points 13 deg off the link and 19 deg. The link strikes N29 E and 55% of the distance-weighted catalogued fault length within ~40 km lies within 20 deg of that strike (data-driven kinematic domain; no external stress model). Structural-setting label (geometry only; mapping to settings is ours): linkage/termination/step-over settings host ~25%/32% of characterised Great Basin geothermal systems (Faulds & Hinz 2015). Connectivity context: the catalogue network is near its critical connectivity (Berkowitz-style P=5.78 vs Pc 5.6-6.0 at the domain scale), where individual closures matter most, but Berkowitz et al. (2000) give ensemble statistics, not a verdict on this particular gap. Base coverage: 14% of its dots already lie within 300 m of the 0.2477 emission.  Graph value (Berkowitz et al. 2000 connectivity parameter, computed on the catalogue graph plus all 345 selected candidates with a=2.500 and D=1.566 held at their fitted values): this closure changes P by dP=+0.0000 (rank 268 of 345 by |dP|) and the largest-system share of total mapped fault length by -0.00000; the merged system would be 6.63 km long. It is a graph bridge: no other selected candidate joins these two sides, so this closure is what actually merges them. Status: validated on both 8-connected component holdout (0.293 vs 0.059 ctrl) and NBMG FID vector-trace holdout (0.100 vs 0.020 ctrl). Reviewer geometry cue only: along-strike endpoint gap; assess continuation, relay, or cartographic segmentation; this is not proof of a step-over or termination. Exclusive review class: H27-5b_inter-FID_same-name_kinematic-compatible. Different FIDs are records in this same NBMG compilation, not independent source confirmation."}}, {"type": "Feature", "geometry": {"type": "LineString", "coordinates": [[-117.09033, 40.09135], [-117.09382, 40.06882]]}, "properties": {"id": "T27-0129", "z": 4, "kind": "end-to-end", "gap_km": 2.518, "mutual": false, "strike": 6.843, "strike_compat": 0.431, "merged_km": 3.501, "base_overlap": 1.0, "fid_src": 862, "fid_tgt": 863, "name_src": "Shoshone Range fault zone", "name_tgt": "Shoshone Range fault zone", "num_src": "1148", "num_tgt": "1148", "ftype_src": "Well Constrained", "ftype_tgt": "Moderately Constrained", "mapscale_src": "250", "mapscale_tgt": "250", "same_fid": false, "same_name": true, "slipsense_src": "N", "slipsense_tgt": "N", "dipdirect_src": "NW", "dipdirect_tgt": "NW", "kinematic_compat": true, "review_class": "H27-5b_inter-FID_same-name_kinematic-compatible", "setting_hint": "along-strike endpoint gap; assess continuation, relay, or cartographic segmentation", "third_system_contact": false, "bridge": true, "delta_P": 0.005855, "delta_largest_share": -3e-06, "delta_second_moment_km2": 11.6992, "connectivity_rank": 125, "nbmg_source_layer_url": "https://web2.nbmg.unr.edu/arcgis/rest/services/Qfaults/Qfaults_INGENIOUS/MapServer/0", "setting_context_url": "https://www.osti.gov/servlets/purl/1724082", "argument": "Closing this 2.5 km gap would join two currently disconnected mapped systems (0.3 km and 0.7 km) into one 3.5 km system. NBMG INGENIOUS vector attribution: inter-FID structural linkage within fault zone 'Shoshone Range fault zone' (NUM=1148), bridging FID=862 (Well Constrained, SLIPSENSE=N, DIPDIRECT=NW) to FID=863 (Moderately Constrained, SLIPSENSE=N, DIPDIRECT=NW); kinematic_compat=True. Geometry: tip-to-tip along strike; one-sided; the tip points 7 deg off the link and 12 deg. The link strikes N7 E and 43% of the distance-weighted catalogued fault length within ~40 km lies within 20 deg of that strike (data-driven kinematic domain; no external stress model). Structural-setting label (geometry only; mapping to settings is ours): linkage/termination/step-over settings host ~25%/32% of characterised Great Basin geothermal systems (Faulds & Hinz 2015). Connectivity context: the catalogue network is near its critical connectivity (Berkowitz-style P=5.78 vs Pc 5.6-6.0 at the domain scale), where individual closures matter most, but Berkowitz et al. (2000) give ensemble statistics, not a verdict on this particular gap. Base coverage: 100% of its dots already lie within 300 m of the 0.2477 emission.  Graph value (Berkowitz et al. 2000 connectivity parameter, computed on the catalogue graph plus all 345 selected candidates with a=2.500 and D=1.566 held at their fitted values): this closure changes P by dP=+0.0059 (rank 125 of 345 by |dP|) and the largest-system share of total mapped fault length by -0.00000; the merged system would be 3.50 km long. It is a graph bridge: no other selected candidate joins these two sides, so this closure is what actually merges them. Status: validated on both 8-connected component holdout (0.293 vs 0.059 ctrl) and NBMG FID vector-trace holdout (0.100 vs 0.020 ctrl). Reviewer geometry cue only: along-strike endpoint gap; assess continuation, relay, or cartographic segmentation; this is not proof of a step-over or termination. Exclusive review class: H27-5b_inter-FID_same-name_kinematic-compatible. Different FIDs are records in this same NBMG compilation, not independent source confirmation."}}, {"type": "Feature", "geometry": {"type": "LineString", "coordinates": [[-118.93712, 39.94095], [-118.95998, 39.92165]]}, "properties": {"id": "T27-0137", "z": 4, "kind": "end-to-end", "gap_km": 2.9, "mutual": true, "strike": 43.603, "strike_compat": 0.402, "merged_km": 5.938, "base_overlap": 0.667, "fid_src": 1233, "fid_tgt": 1232, "name_src": "Unnamed fault zone on northwest side of Trinity Range", "name_tgt": "Unnamed fault zone on northwest side of Trinity Range", "num_src": "1678", "num_tgt": "1678", "ftype_src": "Well Constrained", "ftype_tgt": "Well Constrained", "mapscale_src": "250", "mapscale_tgt": "250", "same_fid": false, "same_name": true, "slipsense_src": "N", "slipsense_tgt": "N", "dipdirect_src": "Unspecified", "dipdirect_tgt": "Unspecified", "kinematic_compat": true, "review_class": "H27-5b_inter-FID_same-name_kinematic-compatible", "setting_hint": "along-strike endpoint gap; assess continuation, relay, or cartographic segmentation", "third_system_contact": false, "bridge": true, "delta_P": 0.0, "delta_largest_share": -3e-06, "delta_second_moment_km2": 96.6634, "connectivity_rank": 170, "nbmg_source_layer_url": "https://web2.nbmg.unr.edu/arcgis/rest/services/Qfaults/Qfaults_INGENIOUS/MapServer/0", "setting_context_url": "https://www.osti.gov/servlets/purl/1724082", "argument": "Closing this 2.9 km gap would join two currently disconnected mapped systems (1.2 km and 1.8 km) into one 5.9 km system. NBMG INGENIOUS vector attribution: inter-FID structural linkage within fault zone 'Unnamed fault zone on northwest side of Trinity Range' (NUM=1678), bridging FID=1233 (Well Constrained, SLIPSENSE=N, DIPDIRECT=Unspecified) to FID=1232 (Well Constrained, SLIPSENSE=N, DIPDIRECT=Unspecified); kinematic_compat=True. Geometry: tip-to-tip along strike; mutual nearest tips; the tip points 17 deg off the link and 26 deg. The link strikes N44 E and 40% of the distance-weighted catalogued fault length within ~40 km lies within 20 deg of that strike (data-driven kinematic domain; no external stress model). Structural-setting label (geometry only; mapping to settings is ours): linkage/termination/step-over settings host ~25%/32% of characterised Great Basin geothermal systems (Faulds & Hinz 2015). Connectivity context: the catalogue network is near its critical connectivity (Berkowitz-style P=5.78 vs Pc 5.6-6.0 at the domain scale), where individual closures matter most, but Berkowitz et al. (2000) give ensemble statistics, not a verdict on this particular gap. Base coverage: 67% of its dots already lie within 300 m of the 0.2477 emission.  Graph value (Berkowitz et al. 2000 connectivity parameter, computed on the catalogue graph plus all 345 selected candidates with a=2.500 and D=1.566 held at their fitted values): this closure changes P by dP=+0.0000 (rank 170 of 345 by |dP|) and the largest-system share of total mapped fault length by -0.00000; the merged system would be 5.94 km long. It is a graph bridge: no other selected candidate joins these two sides, so this closure is what actually merges them. Status: validated on both 8-connected component holdout (0.293 vs 0.059 ctrl) and NBMG FID vector-trace holdout (0.100 vs 0.020 ctrl). Reviewer geometry cue only: along-strike endpoint gap; assess continuation, relay, or cartographic segmentation; this is not proof of a step-over or termination. Exclusive review class: H27-5b_inter-FID_same-name_kinematic-compatible. Different FIDs are records in this same NBMG compilation, not independent source confirmation."}}, {"type": "Feature", "geometry": {"type": "LineString", "coordinates": [[-118.93956, 39.94451], [-118.95998, 39.92165]]}, "properties": {"id": "T27-0144", "z": 4, "kind": "end-to-end", "gap_km": 3.081, "mutual": false, "strike": 35.754, "strike_compat": 0.487, "merged_km": 5.736, "base_overlap": 0.75, "fid_src": 1233, "fid_tgt": 1232, "name_src": "Unnamed fault zone on northwest side of Trinity Range", "name_tgt": "Unnamed fault zone on northwest side of Trinity Range", "num_src": "1678", "num_tgt": "1678", "ftype_src": "Well Constrained", "ftype_tgt": "Well Constrained", "mapscale_src": "250", "mapscale_tgt": "250", "same_fid": false, "same_name": true, "slipsense_src": "N", "slipsense_tgt": "N", "dipdirect_src": "Unspecified", "dipdirect_tgt": "Unspecified", "kinematic_compat": true, "review_class": "H27-5b_inter-FID_same-name_kinematic-compatible", "setting_hint": "along-strike endpoint gap; assess continuation, relay, or cartographic segmentation", "third_system_contact": false, "bridge": true, "delta_P": 0.0, "delta_largest_share": -3e-06, "delta_second_moment_km2": 93.4823, "connectivity_rank": 173, "nbmg_source_layer_url": "https://web2.nbmg.unr.edu/arcgis/rest/services/Qfaults/Qfaults_INGENIOUS/MapServer/0", "setting_context_url": "https://www.osti.gov/servlets/purl/1724082", "argument": "Closing this 3.1 km gap would join two currently disconnected mapped systems (0.9 km and 1.8 km) into one 5.7 km system. NBMG INGENIOUS vector attribution: inter-FID structural linkage within fault zone 'Unnamed fault zone on northwest side of Trinity Range' (NUM=1678), bridging FID=1233 (Well Constrained, SLIPSENSE=N, DIPDIRECT=Unspecified) to FID=1232 (Well Constrained, SLIPSENSE=N, DIPDIRECT=Unspecified); kinematic_compat=True. Geometry: tip-to-tip along strike; one-sided; the tip points 6 deg off the link and 34 deg. The link strikes N36 E and 49% of the distance-weighted catalogued fault length within ~40 km lies within 20 deg of that strike (data-driven kinematic domain; no external stress model). Structural-setting label (geometry only; mapping to settings is ours): linkage/termination/step-over settings host ~25%/32% of characterised Great Basin geothermal systems (Faulds & Hinz 2015). Connectivity context: the catalogue network is near its critical connectivity (Berkowitz-style P=5.78 vs Pc 5.6-6.0 at the domain scale), where individual closures matter most, but Berkowitz et al. (2000) give ensemble statistics, not a verdict on this particular gap. Base coverage: 75% of its dots already lie within 300 m of the 0.2477 emission.  Graph value (Berkowitz et al. 2000 connectivity parameter, computed on the catalogue graph plus all 345 selected candidates with a=2.500 and D=1.566 held at their fitted values): this closure changes P by dP=+0.0000 (rank 173 of 345 by |dP|) and the largest-system share of total mapped fault length by -0.00000; the merged system would be 5.74 km long. It is a graph bridge: no other selected candidate joins these two sides, so this closure is what actually merges them. Status: validated on both 8-connected component holdout (0.293 vs 0.059 ctrl) and NBMG FID vector-trace holdout (0.100 vs 0.020 ctrl). Reviewer geometry cue only: along-strike endpoint gap; assess continuation, relay, or cartographic segmentation; this is not proof of a step-over or termination. Exclusive review class: H27-5b_inter-FID_same-name_kinematic-compatible. Different FIDs are records in this same NBMG compilation, not independent source confirmation."}}, {"type": "Feature", "geometry": {"type": "LineString", "coordinates": [[-119.05517, 40.01369], [-119.05779, 39.98392]]}, "properties": {"id": "T27-0146", "z": 4, "kind": "end-to-end", "gap_km": 3.314, "mutual": false, "strike": 5.194, "strike_compat": 0.51, "merged_km": 5.121, "base_overlap": 0.5, "fid_src": 401, "fid_tgt": 400, "name_src": "Granite Springs Valley fault zone", "name_tgt": "Granite Springs Valley fault zone", "num_src": "1622", "num_tgt": "1622", "ftype_src": "Moderately Constrained", "ftype_tgt": "Well Constrained", "mapscale_src": "250", "mapscale_tgt": "250", "same_fid": false, "same_name": true, "slipsense_src": "N", "slipsense_tgt": "N", "dipdirect_src": "E", "dipdirect_tgt": "E", "kinematic_compat": true, "review_class": "H27-5b_inter-FID_same-name_kinematic-compatible", "setting_hint": "along-strike endpoint gap; assess continuation, relay, or cartographic segmentation", "third_system_contact": false, "bridge": true, "delta_P": 0.005855, "delta_largest_share": -3e-06, "delta_second_moment_km2": 24.5889, "connectivity_rank": 89, "nbmg_source_layer_url": "https://web2.nbmg.unr.edu/arcgis/rest/services/Qfaults/Qfaults_INGENIOUS/MapServer/0", "setting_context_url": "https://www.osti.gov/servlets/purl/1724082", "argument": "Closing this 3.3 km gap would join two currently disconnected mapped systems (0.9 km and 0.9 km) into one 5.1 km system. NBMG INGENIOUS vector attribution: inter-FID structural linkage within fault zone 'Granite Springs Valley fault zone' (NUM=1622), bridging FID=401 (Moderately Constrained, SLIPSENSE=N, DIPDIRECT=E) to FID=400 (Well Constrained, SLIPSENSE=N, DIPDIRECT=E); kinematic_compat=True. Geometry: tip-to-tip along strike; one-sided; the tip points 5 deg off the link and 30 deg. The link strikes N5 E and 51% of the distance-weighted catalogued fault length within ~40 km lies within 20 deg of that strike (data-driven kinematic domain; no external stress model). Structural-setting label (geometry only; mapping to settings is ours): linkage/termination/step-over settings host ~25%/32% of characterised Great Basin geothermal systems (Faulds & Hinz 2015). Connectivity context: the catalogue network is near its critical connectivity (Berkowitz-style P=5.78 vs Pc 5.6-6.0 at the domain scale), where individual closures matter most, but Berkowitz et al. (2000) give ensemble statistics, not a verdict on this particular gap. Base coverage: 50% of its dots already lie within 300 m of the 0.2477 emission.  Graph value (Berkowitz et al. 2000 connectivity parameter, computed on the catalogue graph plus all 345 selected candidates with a=2.500 and D=1.566 held at their fitted values): this closure changes P by dP=+0.0059 (rank 89 of 345 by |dP|) and the largest-system share of total mapped fault length by -0.00000; the merged system would be 5.12 km long. It is a graph bridge: no other selected candidate joins these two sides, so this closure is what actually merges them. Status: validated on both 8-connected component holdout (0.293 vs 0.059 ctrl) and NBMG FID vector-trace holdout (0.100 vs 0.020 ctrl). Reviewer geometry cue only: along-strike endpoint gap; assess continuation, relay, or cartographic segmentation; this is not proof of a step-over or termination. Exclusive review class: H27-5b_inter-FID_same-name_kinematic-compatible. Different FIDs are records in this same NBMG compilation, not independent source confirmation."}}, {"type": "Feature", "geometry": {"type": "LineString", "coordinates": [[-116.42492, 40.67735], [-116.43582, 40.64858]]}, "properties": {"id": "T27-0147", "z": 4, "kind": "end-to-end", "gap_km": 3.324, "mutual": false, "strike": 15.709, "strike_compat": 0.459, "merged_km": 7.163, "base_overlap": 0.3, "fid_src": 35, "fid_tgt": 34, "name_src": "Beowawe fault", "name_tgt": "Beowawe fault", "num_src": "1151", "num_tgt": "1151", "ftype_src": "Moderately Constrained", "ftype_tgt": "Well Constrained", "mapscale_src": "250", "mapscale_tgt": "250", "same_fid": false, "same_name": true, "slipsense_src": "N", "slipsense_tgt": "N", "dipdirect_src": "NW", "dipdirect_tgt": "NW", "kinematic_compat": true, "review_class": "H27-5b_inter-FID_same-name_kinematic-compatible", "setting_hint": "along-strike endpoint gap; assess continuation, relay, or cartographic segmentation", "third_system_contact": false, "bridge": true, "delta_P": 0.0, "delta_largest_share": -3e-06, "delta_second_moment_km2": 43.8781, "connectivity_rank": 231, "nbmg_source_layer_url": "https://web2.nbmg.unr.edu/arcgis/rest/services/Qfaults/Qfaults_INGENIOUS/MapServer/0", "setting_context_url": "https://www.osti.gov/servlets/purl/1724082", "argument": "Closing this 3.3 km gap would join two currently disconnected mapped systems (2.1 km and 1.7 km) into one 7.2 km system. NBMG INGENIOUS vector attribution: inter-FID structural linkage within fault zone 'Beowawe fault' (NUM=1151), bridging FID=35 (Moderately Constrained, SLIPSENSE=N, DIPDIRECT=NW) to FID=34 (Well Constrained, SLIPSENSE=N, DIPDIRECT=NW); kinematic_compat=True. Geometry: tip-to-tip along strike; one-sided; the tip points 5 deg off the link and 11 deg. The link strikes N16 E and 46% of the distance-weighted catalogued fault length within ~40 km lies within 20 deg of that strike (data-driven kinematic domain; no external stress model). Structural-setting label (geometry only; mapping to settings is ours): linkage/termination/step-over settings host ~25%/32% of characterised Great Basin geothermal systems (Faulds & Hinz 2015). Connectivity context: the catalogue network is near its critical connectivity (Berkowitz-style P=5.78 vs Pc 5.6-6.0 at the domain scale), where individual closures matter most, but Berkowitz et al. (2000) give ensemble statistics, not a verdict on this particular gap. Base coverage: 30% of its dots already lie within 300 m of the 0.2477 emission.  Graph value (Berkowitz et al. 2000 connectivity parameter, computed on the catalogue graph plus all 345 selected candidates with a=2.500 and D=1.566 held at their fitted values): this closure changes P by dP=+0.0000 (rank 231 of 345 by |dP|) and the largest-system share of total mapped fault length by -0.00000; the merged system would be 7.16 km long. It is a graph bridge: no other selected candidate joins these two sides, so this closure is what actually merges them. Status: validated on both 8-connected component holdout (0.293 vs 0.059 ctrl) and NBMG FID vector-trace holdout (0.100 vs 0.020 ctrl). Reviewer geometry cue only: along-strike endpoint gap; assess continuation, relay, or cartographic segmentation; this is not proof of a step-over or termination. Exclusive review class: H27-5b_inter-FID_same-name_kinematic-compatible. Different FIDs are records in this same NBMG compilation, not independent source confirmation."}}, {"type": "Feature", "geometry": {"type": "LineString", "coordinates": [[-118.07212, 39.7873], [-118.08801, 39.75832]]}, "properties": {"id": "T27-0149", "z": 4, "kind": "end-to-end", "gap_km": 3.493, "mutual": true, "strike": 23.629, "strike_compat": 0.489, "merged_km": 9.328, "base_overlap": 0.0, "fid_src": 190, "fid_tgt": 189, "name_src": "Dixie Valley fault zone, \"1954\" section", "name_tgt": "Dixie Valley fault zone, \"1954\" section", "num_src": "1687b", "num_tgt": "1687b", "ftype_src": "Well Constrained", "ftype_tgt": "Well Constrained", "mapscale_src": "250", "mapscale_tgt": "250", "same_fid": false, "same_name": true, "slipsense_src": "N", "slipsense_tgt": "N", "dipdirect_src": "Unspecified", "dipdirect_tgt": "Unspecified", "kinematic_compat": true, "review_class": "H27-5b_inter-FID_same-name_kinematic-compatible", "setting_hint": "along-strike endpoint gap; assess continuation, relay, or cartographic segmentation", "third_system_contact": false, "bridge": true, "delta_P": 0.0, "delta_largest_share": -4e-06, "delta_second_moment_km2": 65.4278, "connectivity_rank": 195, "nbmg_source_layer_url": "https://web2.nbmg.unr.edu/arcgis/rest/services/Qfaults/Qfaults_INGENIOUS/MapServer/0", "setting_context_url": "https://www.osti.gov/servlets/purl/1724082", "argument": "Closing this 3.5 km gap would join two currently disconnected mapped systems (1.4 km and 4.4 km) into one 9.3 km system. NBMG INGENIOUS vector attribution: inter-FID structural linkage within fault zone 'Dixie Valley fault zone, \"1954\" section' (NUM=1687b), bridging FID=190 (Well Constrained, SLIPSENSE=N, DIPDIRECT=Unspecified) to FID=189 (Well Constrained, SLIPSENSE=N, DIPDIRECT=Unspecified); kinematic_compat=True. Geometry: tip-to-tip along strike; mutual nearest tips; the tip points 14 deg off the link and 18 deg. The link strikes N24 E and 49% of the distance-weighted catalogued fault length within ~40 km lies within 20 deg of that strike (data-driven kinematic domain; no external stress model). Structural-setting label (geometry only; mapping to settings is ours): linkage/termination/step-over settings host ~25%/32% of characterised Great Basin geothermal systems (Faulds & Hinz 2015). Connectivity context: the catalogue network is near its critical connectivity (Berkowitz-style P=5.78 vs Pc 5.6-6.0 at the domain scale), where individual closures matter most, but Berkowitz et al. (2000) give ensemble statistics, not a verdict on this particular gap. Base coverage: 0% of its dots already lie within 300 m of the 0.2477 emission.  Graph value (Berkowitz et al. 2000 connectivity parameter, computed on the catalogue graph plus all 345 selected candidates with a=2.500 and D=1.566 held at their fitted values): this closure changes P by dP=+0.0000 (rank 195 of 345 by |dP|) and the largest-system share of total mapped fault length by -0.00000; the merged system would be 9.33 km long. It is a graph bridge: no other selected candidate joins these two sides, so this closure is what actually merges them. Status: validated on both 8-connected component holdout (0.293 vs 0.059 ctrl) and NBMG FID vector-trace holdout (0.100 vs 0.020 ctrl). Reviewer geometry cue only: along-strike endpoint gap; assess continuation, relay, or cartographic segmentation; this is not proof of a step-over or termination. Exclusive review class: H27-5b_inter-FID_same-name_kinematic-compatible. Different FIDs are records in this same NBMG compilation, not independent source confirmation."}}, {"type": "Feature", "geometry": {"type": "LineString", "coordinates": [[-118.16415, 39.70443], [-118.1643, 39.71343]]}, "properties": {"id": "T27-0157", "z": 3, "kind": "abutting", "gap_km": 1.0, "mutual": false, "strike": 0.0, "strike_compat": 0.589, "merged_km": 5.763, "base_overlap": 0.0, "fid_src": 189, "fid_tgt": 190, "name_src": "Dixie Valley fault zone, \"1954\" section", "name_tgt": "Dixie Valley fault zone, \"1954\" section", "num_src": "1687b", "num_tgt": "1687b", "ftype_src": "Well Constrained", "ftype_tgt": "Well Constrained", "mapscale_src": "250", "mapscale_tgt": "250", "same_fid": false, "same_name": true, "slipsense_src": "N", "slipsense_tgt": "N", "dipdirect_src": "Unspecified", "dipdirect_tgt": "Unspecified", "kinematic_compat": true, "review_class": "H27-5b_inter-FID_same-name_kinematic-compatible", "setting_hint": "abutment/termination geometry; verify fault intersections and cross-cutting relations", "third_system_contact": false, "bridge": true, "delta_P": -0.005855, "delta_largest_share": -1e-06, "delta_second_moment_km2": 31.028, "connectivity_rank": 82, "nbmg_source_layer_url": "https://web2.nbmg.unr.edu/arcgis/rest/services/Qfaults/Qfaults_INGENIOUS/MapServer/0", "setting_context_url": "https://www.osti.gov/servlets/purl/1724082", "argument": "Closing this 1.0 km gap would join two currently disconnected mapped systems (3.8 km and 0.9 km) into one 5.8 km system. NBMG INGENIOUS vector attribution: inter-FID structural linkage within fault zone 'Dixie Valley fault zone, \"1954\" section' (NUM=1687b), bridging FID=189 (Well Constrained, SLIPSENSE=N, DIPDIRECT=Unspecified) to FID=190 (Well Constrained, SLIPSENSE=N, DIPDIRECT=Unspecified); kinematic_compat=True. Geometry: tip abutting a through-going trace; one-sided; the tip points 14 deg off the link. The link strikes N0 E and 59% of the distance-weighted catalogued fault length within ~40 km lies within 20 deg of that strike (data-driven kinematic domain; no external stress model). Structural-setting label (geometry only; mapping to settings is ours): linkage/termination/step-over settings host ~25%/32% of characterised Great Basin geothermal systems (Faulds & Hinz 2015). Connectivity context: the catalogue network is near its critical connectivity (Berkowitz-style P=5.78 vs Pc 5.6-6.0 at the domain scale), where individual closures matter most, but Berkowitz et al. (2000) give ensemble statistics, not a verdict on this particular gap. Base coverage: 0% of its dots already lie within 300 m of the 0.2477 emission.  Graph value (Berkowitz et al. 2000 connectivity parameter, computed on the catalogue graph plus all 345 selected candidates with a=2.500 and D=1.566 held at their fitted values): this closure changes P by dP=-0.0059 (rank 82 of 345 by |dP|) and the largest-system share of total mapped fault length by -0.00000; the merged system would be 5.76 km long. It is a graph bridge: no other selected candidate joins these two sides, so this closure is what actually merges them. Status: validated on both 8-connected component holdout (0.293 vs 0.059 ctrl) and NBMG FID vector-trace holdout (0.100 vs 0.020 ctrl). Reviewer geometry cue only: abutment/termination geometry; verify fault intersections and cross-cutting relations; this is not proof of a step-over or termination. Exclusive review class: H27-5b_inter-FID_same-name_kinematic-compatible. Different FIDs are records in this same NBMG compilation, not independent source confirmation."}}, {"type": "Feature", "geometry": {"type": "LineString", "coordinates": [[-118.89067, 39.13987], [-118.89043, 39.13086]]}, "properties": {"id": "T27-0158", "z": 3, "kind": "end-to-end", "gap_km": 1.0, "mutual": false, "strike": 0.0, "strike_compat": 0.314, "merged_km": 6.163, "base_overlap": 0.0, "fid_src": 1561, "fid_tgt": 1555, "name_src": "Wassuk Range fault zone", "name_tgt": "Wassuk Range fault zone", "num_src": "1300", "num_tgt": "1300", "ftype_src": "Moderately Constrained", "ftype_tgt": "Well Constrained", "mapscale_src": "250", "mapscale_tgt": "250", "same_fid": false, "same_name": true, "slipsense_src": "N", "slipsense_tgt": "N", "dipdirect_src": "Unspecified", "dipdirect_tgt": "Unspecified", "kinematic_compat": true, "review_class": "H27-5b_inter-FID_same-name_kinematic-compatible", "setting_hint": "along-strike endpoint gap; assess continuation, relay, or cartographic segmentation", "third_system_contact": false, "bridge": true, "delta_P": 0.0, "delta_largest_share": -1e-06, "delta_second_moment_km2": 22.4474, "connectivity_rank": 302, "nbmg_source_layer_url": "https://web2.nbmg.unr.edu/arcgis/rest/services/Qfaults/Qfaults_INGENIOUS/MapServer/0", "setting_context_url": "https://www.osti.gov/servlets/purl/1724082", "argument": "Closing this 1.0 km gap would join two currently disconnected mapped systems (3.6 km and 1.5 km) into one 6.2 km system. NBMG INGENIOUS vector attribution: inter-FID structural linkage within fault zone 'Wassuk Range fault zone' (NUM=1300), bridging FID=1561 (Moderately Constrained, SLIPSENSE=N, DIPDIRECT=Unspecified) to FID=1555 (Well Constrained, SLIPSENSE=N, DIPDIRECT=Unspecified); kinematic_compat=True. Geometry: tip-to-tip along strike; one-sided; the tip points 7 deg off the link and 32 deg. The link strikes N0 E and 31% of the distance-weighted catalogued fault length within ~40 km lies within 20 deg of that strike (data-driven kinematic domain; no external stress model). Structural-setting label (geometry only; mapping to settings is ours): linkage/termination/step-over settings host ~25%/32% of characterised Great Basin geothermal systems (Faulds & Hinz 2015). Connectivity context: the catalogue network is near its critical connectivity (Berkowitz-style P=5.78 vs Pc 5.6-6.0 at the domain scale), where individual closures matter most, but Berkowitz et al. (2000) give ensemble statistics, not a verdict on this particular gap. Base coverage: 0% of its dots already lie within 300 m of the 0.2477 emission.  Graph value (Berkowitz et al. 2000 connectivity parameter, computed on the catalogue graph plus all 345 selected candidates with a=2.500 and D=1.566 held at their fitted values): this closure changes P by dP=+0.0000 (rank 302 of 345 by |dP|) and the largest-system share of total mapped fault length by -0.00000; the merged system would be 6.16 km long. It is a graph bridge: no other selected candidate joins these two sides, so this closure is what actually merges them. Status: validated on both 8-connected component holdout (0.293 vs 0.059 ctrl) and NBMG FID vector-trace holdout (0.100 vs 0.020 ctrl). Reviewer geometry cue only: along-strike endpoint gap; assess continuation, relay, or cartographic segmentation; this is not proof of a step-over or termination. Exclusive review class: H27-5b_inter-FID_same-name_kinematic-compatible. Different FIDs are records in this same NBMG compilation, not independent source confirmation."}}, {"type": "Feature", "geometry": {"type": "LineString", "coordinates": [[-116.77926, 40.51551], [-116.77687, 40.52452]]}, "properties": {"id": "T27-0163", "z": 3, "kind": "end-to-end", "gap_km": 1.02, "mutual": true, "strike": 11.31, "strike_compat": 0.335, "merged_km": 20.136, "base_overlap": 0.0, "fid_src": 863, "fid_tgt": 862, "name_src": "Shoshone Range fault zone", "name_tgt": "Shoshone Range fault zone", "num_src": "1148", "num_tgt": "1148", "ftype_src": "Moderately Constrained", "ftype_tgt": "Well Constrained", "mapscale_src": "250", "mapscale_tgt": "250", "same_fid": false, "same_name": true, "slipsense_src": "N", "slipsense_tgt": "N", "dipdirect_src": "NW", "dipdirect_tgt": "NW", "kinematic_compat": true, "review_class": "H27-5b_inter-FID_same-name_kinematic-compatible", "setting_hint": "along-strike endpoint gap; assess continuation, relay, or cartographic segmentation", "third_system_contact": false, "bridge": true, "delta_P": 0.0, "delta_largest_share": -1e-06, "delta_second_moment_km2": 92.5563, "connectivity_rank": 174, "nbmg_source_layer_url": "https://web2.nbmg.unr.edu/arcgis/rest/services/Qfaults/Qfaults_INGENIOUS/MapServer/0", "setting_context_url": "https://www.osti.gov/servlets/purl/1724082", "argument": "Closing this 1.0 km gap would join two currently disconnected mapped systems (1.5 km and 17.6 km) into one 20.1 km system. NBMG INGENIOUS vector attribution: inter-FID structural linkage within fault zone 'Shoshone Range fault zone' (NUM=1148), bridging FID=863 (Moderately Constrained, SLIPSENSE=N, DIPDIRECT=NW) to FID=862 (Well Constrained, SLIPSENSE=N, DIPDIRECT=NW); kinematic_compat=True. Geometry: tip-to-tip along strike; mutual nearest tips; the tip points 11 deg off the link and 15 deg. The link strikes N11 E and 34% of the distance-weighted catalogued fault length within ~40 km lies within 20 deg of that strike (data-driven kinematic domain; no external stress model). Structural-setting label (geometry only; mapping to settings is ours): linkage/termination/step-over settings host ~25%/32% of characterised Great Basin geothermal systems (Faulds & Hinz 2015). Connectivity context: the catalogue network is near its critical connectivity (Berkowitz-style P=5.78 vs Pc 5.6-6.0 at the domain scale), where individual closures matter most, but Berkowitz et al. (2000) give ensemble statistics, not a verdict on this particular gap. Base coverage: 0% of its dots already lie within 300 m of the 0.2477 emission.  Graph value (Berkowitz et al. 2000 connectivity parameter, computed on the catalogue graph plus all 345 selected candidates with a=2.500 and D=1.566 held at their fitted values): this closure changes P by dP=+0.0000 (rank 174 of 345 by |dP|) and the largest-system share of total mapped fault length by -0.00000; the merged system would be 20.14 km long. It is a graph bridge: no other selected candidate joins these two sides, so this closure is what actually merges them. Status: validated on both 8-connected component holdout (0.293 vs 0.059 ctrl) and NBMG FID vector-trace holdout (0.100 vs 0.020 ctrl). Reviewer geometry cue only: along-strike endpoint gap; assess continuation, relay, or cartographic segmentation; this is not proof of a step-over or termination. Exclusive review class: H27-5b_inter-FID_same-name_kinematic-compatible. Different FIDs are records in this same NBMG compilation, not independent source confirmation."}}, {"type": "Feature", "geometry": {"type": "LineString", "coordinates": [[-118.16765, 39.70439], [-118.1643, 39.71343]]}, "properties": {"id": "T27-0168", "z": 3, "kind": "abutting", "gap_km": 1.044, "mutual": false, "strike": 16.699, "strike_compat": 0.697, "merged_km": 2.31, "base_overlap": 0.0, "fid_src": 189, "fid_tgt": 190, "name_src": "Dixie Valley fault zone, \"1954\" section", "name_tgt": "Dixie Valley fault zone, \"1954\" section", "num_src": "1687b", "num_tgt": "1687b", "ftype_src": "Well Constrained", "ftype_tgt": "Well Constrained", "mapscale_src": "250", "mapscale_tgt": "250", "same_fid": false, "same_name": true, "slipsense_src": "N", "slipsense_tgt": "N", "dipdirect_src": "Unspecified", "dipdirect_tgt": "Unspecified", "kinematic_compat": true, "review_class": "H27-5b_inter-FID_same-name_kinematic-compatible", "setting_hint": "abutment/termination geometry; verify fault intersections and cross-cutting relations", "third_system_contact": false, "bridge": true, "delta_P": 0.0, "delta_largest_share": -1e-06, "delta_second_moment_km2": 17.7709, "connectivity_rank": 316, "nbmg_source_layer_url": "https://web2.nbmg.unr.edu/arcgis/rest/services/Qfaults/Qfaults_INGENIOUS/MapServer/0", "setting_context_url": "https://www.osti.gov/servlets/purl/1724082", "argument": "Closing this 1.0 km gap would join two currently disconnected mapped systems (0.3 km and 0.9 km) into one 2.3 km system. NBMG INGENIOUS vector attribution: inter-FID structural linkage within fault zone 'Dixie Valley fault zone, \"1954\" section' (NUM=1687b), bridging FID=189 (Well Constrained, SLIPSENSE=N, DIPDIRECT=Unspecified) to FID=190 (Well Constrained, SLIPSENSE=N, DIPDIRECT=Unspecified); kinematic_compat=True. Geometry: tip abutting a through-going trace; one-sided; the tip points 2 deg off the link. The link strikes N17 E and 70% of the distance-weighted catalogued fault length within ~40 km lies within 20 deg of that strike (data-driven kinematic domain; no external stress model). Structural-setting label (geometry only; mapping to settings is ours): linkage/termination/step-over settings host ~25%/32% of characterised Great Basin geothermal systems (Faulds & Hinz 2015). Connectivity context: the catalogue network is near its critical connectivity (Berkowitz-style P=5.78 vs Pc 5.6-6.0 at the domain scale), where individual closures matter most, but Berkowitz et al. (2000) give ensemble statistics, not a verdict on this particular gap. Base coverage: 0% of its dots already lie within 300 m of the 0.2477 emission.  Graph value (Berkowitz et al. 2000 connectivity parameter, computed on the catalogue graph plus all 345 selected candidates with a=2.500 and D=1.566 held at their fitted values): this closure changes P by dP=+0.0000 (rank 316 of 345 by |dP|) and the largest-system share of total mapped fault length by -0.00000; the merged system would be 2.31 km long. It is a graph bridge: no other selected candidate joins these two sides, so this closure is what actually merges them. Status: validated on both 8-connected component holdout (0.293 vs 0.059 ctrl) and NBMG FID vector-trace holdout (0.100 vs 0.020 ctrl). Reviewer geometry cue only: abutment/termination geometry; verify fault intersections and cross-cutting relations; this is not proof of a step-over or termination. Exclusive review class: H27-5b_inter-FID_same-name_kinematic-compatible. Different FIDs are records in this same NBMG compilation, not independent source confirmation."}}, {"type": "Feature", "geometry": {"type": "LineString", "coordinates": [[-118.10356, 40.50685], [-118.09751, 40.4979]]}, "properties": {"id": "T27-0174", "z": 3, "kind": "end-to-end", "gap_km": 1.118, "mutual": true, "strike": 153.435, "strike_compat": 0.171, "merged_km": 5.608, "base_overlap": 0.667, "fid_src": 281, "fid_tgt": 282, "name_src": "Eastern Humboldt Range fault zone", "name_tgt": "Eastern Humboldt Range fault zone", "num_src": "1637", "num_tgt": "1637", "ftype_src": "Well Constrained", "ftype_tgt": "Well Constrained", "mapscale_src": "250", "mapscale_tgt": "250", "same_fid": false, "same_name": true, "slipsense_src": "N", "slipsense_tgt": "N", "dipdirect_src": "E", "dipdirect_tgt": "E", "kinematic_compat": true, "review_class": "H27-5b_inter-FID_same-name_kinematic-compatible", "setting_hint": "along-strike endpoint gap; assess continuation, relay, or cartographic segmentation", "third_system_contact": false, "bridge": true, "delta_P": 0.0, "delta_largest_share": -1e-06, "delta_second_moment_km2": 19.6742, "connectivity_rank": 310, "nbmg_source_layer_url": "https://web2.nbmg.unr.edu/arcgis/rest/services/Qfaults/Qfaults_INGENIOUS/MapServer/0", "setting_context_url": "https://www.osti.gov/servlets/purl/1724082", "argument": "Closing this 1.1 km gap would join two currently disconnected mapped systems (1.3 km and 3.2 km) into one 5.6 km system. NBMG INGENIOUS vector attribution: inter-FID structural linkage within fault zone 'Eastern Humboldt Range fault zone' (NUM=1637), bridging FID=281 (Well Constrained, SLIPSENSE=N, DIPDIRECT=E) to FID=282 (Well Constrained, SLIPSENSE=N, DIPDIRECT=E); kinematic_compat=True. Geometry: tip-to-tip along strike; mutual nearest tips; the tip points 19 deg off the link and 13 deg. The link strikes N153 E and 17% of the distance-weighted catalogued fault length within ~40 km lies within 20 deg of that strike (data-driven kinematic domain; no external stress model). Structural-setting label (geometry only; mapping to settings is ours): linkage/termination/step-over settings host ~25%/32% of characterised Great Basin geothermal systems (Faulds & Hinz 2015). Connectivity context: the catalogue network is near its critical connectivity (Berkowitz-style P=5.78 vs Pc 5.6-6.0 at the domain scale), where individual closures matter most, but Berkowitz et al. (2000) give ensemble statistics, not a verdict on this particular gap. Base coverage: 67% of its dots already lie within 300 m of the 0.2477 emission.  Graph value (Berkowitz et al. 2000 connectivity parameter, computed on the catalogue graph plus all 345 selected candidates with a=2.500 and D=1.566 held at their fitted values): this closure changes P by dP=+0.0000 (rank 310 of 345 by |dP|) and the largest-system share of total mapped fault length by -0.00000; the merged system would be 5.61 km long. It is a graph bridge: no other selected candidate joins these two sides, so this closure is what actually merges them. Status: validated on both 8-connected component holdout (0.293 vs 0.059 ctrl) and NBMG FID vector-trace holdout (0.100 vs 0.020 ctrl). Reviewer geometry cue only: along-strike endpoint gap; assess continuation, relay, or cartographic segmentation; this is not proof of a step-over or termination. Exclusive review class: H27-5b_inter-FID_same-name_kinematic-compatible. Different FIDs are records in this same NBMG compilation, not independent source confirmation."}}, {"type": "Feature", "geometry": {"type": "LineString", "coordinates": [[-117.61409, 38.02169], [-117.61971, 38.01265]]}, "properties": {"id": "T27-0177", "z": 3, "kind": "end-to-end", "gap_km": 1.118, "mutual": true, "strike": 26.565, "strike_compat": 0.674, "merged_km": 11.351, "base_overlap": 0.0, "fid_src": 537, "fid_tgt": 538, "name_src": "Lone Mountain fault zone", "name_tgt": "Lone Mountain fault zone", "num_src": "1338", "num_tgt": "1338", "ftype_src": "Well Constrained", "ftype_tgt": "Well Constrained", "mapscale_src": "250", "mapscale_tgt": "250", "same_fid": false, "same_name": true, "slipsense_src": "N", "slipsense_tgt": "N", "dipdirect_src": "Unspecified", "dipdirect_tgt": "W", "kinematic_compat": true, "review_class": "H27-5b_inter-FID_same-name_kinematic-compatible", "setting_hint": "along-strike endpoint gap; assess continuation, relay, or cartographic segmentation", "third_system_contact": false, "bridge": true, "delta_P": -0.005855, "delta_largest_share": -1e-06, "delta_second_moment_km2": 76.144, "connectivity_rank": 50, "nbmg_source_layer_url": "https://web2.nbmg.unr.edu/arcgis/rest/services/Qfaults/Qfaults_INGENIOUS/MapServer/0", "setting_context_url": "https://www.osti.gov/servlets/purl/1724082", "argument": "Closing this 1.1 km gap would join two currently disconnected mapped systems (4.7 km and 5.5 km) into one 11.4 km system. NBMG INGENIOUS vector attribution: inter-FID structural linkage within fault zone 'Lone Mountain fault zone' (NUM=1338), bridging FID=537 (Well Constrained, SLIPSENSE=N, DIPDIRECT=Unspecified) to FID=538 (Well Constrained, SLIPSENSE=N, DIPDIRECT=W); kinematic_compat=True. Geometry: tip-to-tip along strike; mutual nearest tips; the tip points 25 deg off the link and 13 deg. The link strikes N27 E and 67% of the distance-weighted catalogued fault length within ~40 km lies within 20 deg of that strike (data-driven kinematic domain; no external stress model). Structural-setting label (geometry only; mapping to settings is ours): linkage/termination/step-over settings host ~25%/32% of characterised Great Basin geothermal systems (Faulds & Hinz 2015). Connectivity context: the catalogue network is near its critical connectivity (Berkowitz-style P=5.78 vs Pc 5.6-6.0 at the domain scale), where individual closures matter most, but Berkowitz et al. (2000) give ensemble statistics, not a verdict on this particular gap. Base coverage: 0% of its dots already lie within 300 m of the 0.2477 emission.  Graph value (Berkowitz et al. 2000 connectivity parameter, computed on the catalogue graph plus all 345 selected candidates with a=2.500 and D=1.566 held at their fitted values): this closure changes P by dP=-0.0059 (rank 50 of 345 by |dP|) and the largest-system share of total mapped fault length by -0.00000; the merged system would be 11.35 km long. It is a graph bridge: no other selected candidate joins these two sides, so this closure is what actually merges them. Status: validated on both 8-connected component holdout (0.293 vs 0.059 ctrl) and NBMG FID vector-trace holdout (0.100 vs 0.020 ctrl). Reviewer geometry cue only: along-strike endpoint gap; assess continuation, relay, or cartographic segmentation; this is not proof of a step-over or termination. Exclusive review class: H27-5b_inter-FID_same-name_kinematic-compatible. Different FIDs are records in this same NBMG compilation, not independent source confirmation."}}, {"type": "Feature", "geometry": {"type": "LineString", "coordinates": [[-118.18699, 37.7992], [-118.19281, 37.80816]]}, "properties": {"id": "T27-0178", "z": 3, "kind": "end-to-end", "gap_km": 1.118, "mutual": true, "strike": 153.435, "strike_compat": 0.317, "merged_km": 8.454, "base_overlap": 0.0, "fid_src": 1929, "fid_tgt": 1679, "name_src": "Fish Lake Valley fault zone, Leidy Creek section", "name_tgt": "Fish Lake Valley fault zone, Leidy Creek section", "num_src": "49a", "num_tgt": "49a", "ftype_src": "Well Constrained", "ftype_tgt": "Well Constrained", "mapscale_src": "100", "mapscale_tgt": "250", "same_fid": false, "same_name": true, "slipsense_src": "RL", "slipsense_tgt": "RL", "dipdirect_src": "Unspecified", "dipdirect_tgt": "Unspecified", "kinematic_compat": true, "review_class": "H27-5b_inter-FID_same-name_kinematic-compatible", "setting_hint": "along-strike endpoint gap; assess continuation, relay, or cartographic segmentation", "third_system_contact": false, "bridge": true, "delta_P": 0.0, "delta_largest_share": -1e-06, "delta_second_moment_km2": 34.4912, "connectivity_rank": 255, "nbmg_source_layer_url": "https://web2.nbmg.unr.edu/arcgis/rest/services/Qfaults/Qfaults_INGENIOUS/MapServer/0", "setting_context_url": "https://www.osti.gov/servlets/purl/1724082", "argument": "Closing this 1.1 km gap would join two currently disconnected mapped systems (5.9 km and 1.4 km) into one 8.5 km system. NBMG INGENIOUS vector attribution: inter-FID structural linkage within fault zone 'Fish Lake Valley fault zone, Leidy Creek section' (NUM=49a), bridging FID=1929 (Well Constrained, SLIPSENSE=RL, DIPDIRECT=Unspecified) to FID=1679 (Well Constrained, SLIPSENSE=RL, DIPDIRECT=Unspecified); kinematic_compat=True. Geometry: tip-to-tip along strike; mutual nearest tips; the tip points 6 deg off the link and 19 deg. The link strikes N153 E and 32% of the distance-weighted catalogued fault length within ~40 km lies within 20 deg of that strike (data-driven kinematic domain; no external stress model). Structural-setting label (geometry only; mapping to settings is ours): linkage/termination/step-over settings host ~25%/32% of characterised Great Basin geothermal systems (Faulds & Hinz 2015). Connectivity context: the catalogue network is near its critical connectivity (Berkowitz-style P=5.78 vs Pc 5.6-6.0 at the domain scale), where individual closures matter most, but Berkowitz et al. (2000) give ensemble statistics, not a verdict on this particular gap. Base coverage: 0% of its dots already lie within 300 m of the 0.2477 emission.  Graph value (Berkowitz et al. 2000 connectivity parameter, computed on the catalogue graph plus all 345 selected candidates with a=2.500 and D=1.566 held at their fitted values): this closure changes P by dP=+0.0000 (rank 255 of 345 by |dP|) and the largest-system share of total mapped fault length by -0.00000; the merged system would be 8.45 km long. It is a graph bridge: no other selected candidate joins these two sides, so this closure is what actually merges them. Status: validated on both 8-connected component holdout (0.293 vs 0.059 ctrl) and NBMG FID vector-trace holdout (0.100 vs 0.020 ctrl). Reviewer geometry cue only: along-strike endpoint gap; assess continuation, relay, or cartographic segmentation; this is not proof of a step-over or termination. Exclusive review class: H27-5b_inter-FID_same-name_kinematic-compatible. Different FIDs are records in this same NBMG compilation, not independent source confirmation."}}, {"type": "Feature", "geometry": {"type": "LineString", "coordinates": [[-118.00877, 38.6345], [-118.00062, 38.62645]]}, "properties": {"id": "T27-0181", "z": 3, "kind": "end-to-end", "gap_km": 1.14, "mutual": false, "strike": 142.125, "strike_compat": 0.531, "merged_km": 9.076, "base_overlap": 1.0, "fid_src": 1198, "fid_tgt": 1196, "name_src": "Unnamed fault zone in southeastern Gabbs Valley Range", "name_tgt": "Unnamed fault zone in southeastern Gabbs Valley Range", "num_src": "1323", "num_tgt": "1323", "ftype_src": "Moderately Constrained", "ftype_tgt": "Well Constrained", "mapscale_src": "250", "mapscale_tgt": "250", "same_fid": false, "same_name": true, "slipsense_src": "N", "slipsense_tgt": "N", "dipdirect_src": "Unspecified", "dipdirect_tgt": "Unspecified", "kinematic_compat": true, "review_class": "H27-5b_inter-FID_same-name_kinematic-compatible", "setting_hint": "along-strike endpoint gap; assess continuation, relay, or cartographic segmentation", "third_system_contact": false, "bridge": true, "delta_P": -0.005855, "delta_largest_share": -1e-06, "delta_second_moment_km2": 47.8248, "connectivity_rank": 68, "nbmg_source_layer_url": "https://web2.nbmg.unr.edu/arcgis/rest/services/Qfaults/Qfaults_INGENIOUS/MapServer/0", "setting_context_url": "https://www.osti.gov/servlets/purl/1724082", "argument": "Closing this 1.1 km gap would join two currently disconnected mapped systems (2.7 km and 5.2 km) into one 9.1 km system. NBMG INGENIOUS vector attribution: inter-FID structural linkage within fault zone 'Unnamed fault zone in southeastern Gabbs Valley Range' (NUM=1323), bridging FID=1198 (Moderately Constrained, SLIPSENSE=N, DIPDIRECT=Unspecified) to FID=1196 (Well Constrained, SLIPSENSE=N, DIPDIRECT=Unspecified); kinematic_compat=True. Geometry: tip-to-tip along strike; one-sided; the tip points 11 deg off the link and 17 deg. The link strikes N142 E and 53% of the distance-weighted catalogued fault length within ~40 km lies within 20 deg of that strike (data-driven kinematic domain; no external stress model). Structural-setting label (geometry only; mapping to settings is ours): linkage/termination/step-over settings host ~25%/32% of characterised Great Basin geothermal systems (Faulds & Hinz 2015). Connectivity context: the catalogue network is near its critical connectivity (Berkowitz-style P=5.78 vs Pc 5.6-6.0 at the domain scale), where individual closures matter most, but Berkowitz et al. (2000) give ensemble statistics, not a verdict on this particular gap. Base coverage: 100% of its dots already lie within 300 m of the 0.2477 emission.  Graph value (Berkowitz et al. 2000 connectivity parameter, computed on the catalogue graph plus all 345 selected candidates with a=2.500 and D=1.566 held at their fitted values): this closure changes P by dP=-0.0059 (rank 68 of 345 by |dP|) and the largest-system share of total mapped fault length by -0.00000; the merged system would be 9.08 km long. It is a graph bridge: no other selected candidate joins these two sides, so this closure is what actually merges them. Status: validated on both 8-connected component holdout (0.293 vs 0.059 ctrl) and NBMG FID vector-trace holdout (0.100 vs 0.020 ctrl). Reviewer geometry cue only: along-strike endpoint gap; assess continuation, relay, or cartographic segmentation; this is not proof of a step-over or termination. Exclusive review class: H27-5b_inter-FID_same-name_kinematic-compatible. Different FIDs are records in this same NBMG compilation, not independent source confirmation."}}, {"type": "Feature", "geometry": {"type": "LineString", "coordinates": [[-117.82168, 38.34758], [-117.82409, 38.35837]]}, "properties": {"id": "T27-0191", "z": 3, "kind": "end-to-end", "gap_km": 1.217, "mutual": false, "strike": 170.538, "strike_compat": 0.631, "merged_km": 2.224, "base_overlap": 0.0, "fid_src": 601, "fid_tgt": 604, "name_src": "Monte Cristo Valley fault zone", "name_tgt": "Monte Cristo Valley fault zone", "num_src": "1325", "num_tgt": "1325", "ftype_src": "Well Constrained", "ftype_tgt": "Moderately Constrained", "mapscale_src": "250", "mapscale_tgt": "250", "same_fid": false, "same_name": true, "slipsense_src": "RL", "slipsense_tgt": "RL", "dipdirect_src": "Unspecified", "dipdirect_tgt": "Unspecified", "kinematic_compat": true, "review_class": "H27-5b_inter-FID_same-name_kinematic-compatible", "setting_hint": "along-strike endpoint gap; assess continuation, relay, or cartographic segmentation", "third_system_contact": false, "bridge": true, "delta_P": 0.005855, "delta_largest_share": -1e-06, "delta_second_moment_km2": 4.4084, "connectivity_rank": 155, "nbmg_source_layer_url": "https://web2.nbmg.unr.edu/arcgis/rest/services/Qfaults/Qfaults_INGENIOUS/MapServer/0", "setting_context_url": "https://www.osti.gov/servlets/purl/1724082", "argument": "Closing this 1.2 km gap would join two currently disconnected mapped systems (0.4 km and 0.6 km) into one 2.2 km system. NBMG INGENIOUS vector attribution: inter-FID structural linkage within fault zone 'Monte Cristo Valley fault zone' (NUM=1325), bridging FID=601 (Well Constrained, SLIPSENSE=RL, DIPDIRECT=Unspecified) to FID=604 (Moderately Constrained, SLIPSENSE=RL, DIPDIRECT=Unspecified); kinematic_compat=True. Geometry: tip-to-tip along strike; one-sided; the tip points 24 deg off the link and 22 deg. The link strikes N171 E and 63% of the distance-weighted catalogued fault length within ~40 km lies within 20 deg of that strike (data-driven kinematic domain; no external stress model). Structural-setting label (geometry only; mapping to settings is ours): linkage/termination/step-over settings host ~25%/32% of characterised Great Basin geothermal systems (Faulds & Hinz 2015). Connectivity context: the catalogue network is near its critical connectivity (Berkowitz-style P=5.78 vs Pc 5.6-6.0 at the domain scale), where individual closures matter most, but Berkowitz et al. (2000) give ensemble statistics, not a verdict on this particular gap. Base coverage: 0% of its dots already lie within 300 m of the 0.2477 emission.  Graph value (Berkowitz et al. 2000 connectivity parameter, computed on the catalogue graph plus all 345 selected candidates with a=2.500 and D=1.566 held at their fitted values): this closure changes P by dP=+0.0059 (rank 155 of 345 by |dP|) and the largest-system share of total mapped fault length by -0.00000; the merged system would be 2.22 km long. It is a graph bridge: no other selected candidate joins these two sides, so this closure is what actually merges them. Status: validated on both 8-connected component holdout (0.293 vs 0.059 ctrl) and NBMG FID vector-trace holdout (0.100 vs 0.020 ctrl). Reviewer geometry cue only: along-strike endpoint gap; assess continuation, relay, or cartographic segmentation; this is not proof of a step-over or termination. Exclusive review class: H27-5b_inter-FID_same-name_kinematic-compatible. Different FIDs are records in this same NBMG compilation, not independent source confirmation."}}, {"type": "Feature", "geometry": {"type": "LineString", "coordinates": [[-118.09884, 38.66432], [-118.10246, 38.6751]]}, "properties": {"id": "T27-0192", "z": 3, "kind": "abutting", "gap_km": 1.237, "mutual": false, "strike": 165.964, "strike_compat": 0.45, "merged_km": 2.444, "base_overlap": 0.333, "fid_src": 47, "fid_tgt": 40, "name_src": "Bettles Well-Petrified Springs fault", "name_tgt": "Bettles Well-Petrified Springs fault", "num_src": "1326", "num_tgt": "1326", "ftype_src": "Moderately Constrained", "ftype_tgt": "Well Constrained", "mapscale_src": "250", "mapscale_tgt": "250", "same_fid": false, "same_name": true, "slipsense_src": "RL", "slipsense_tgt": "RL", "dipdirect_src": "Unspecified", "dipdirect_tgt": "Unspecified", "kinematic_compat": true, "review_class": "H27-5b_inter-FID_same-name_kinematic-compatible", "setting_hint": "abutment/termination geometry; verify fault intersections and cross-cutting relations", "third_system_contact": false, "bridge": true, "delta_P": 0.005855, "delta_largest_share": -1e-06, "delta_second_moment_km2": 5.0391, "connectivity_rank": 152, "nbmg_source_layer_url": "https://web2.nbmg.unr.edu/arcgis/rest/services/Qfaults/Qfaults_INGENIOUS/MapServer/0", "setting_context_url": "https://www.osti.gov/servlets/purl/1724082", "argument": "Closing this 1.2 km gap would join two currently disconnected mapped systems (0.9 km and 0.3 km) into one 2.4 km system. NBMG INGENIOUS vector attribution: inter-FID structural linkage within fault zone 'Bettles Well-Petrified Springs fault' (NUM=1326), bridging FID=47 (Moderately Constrained, SLIPSENSE=RL, DIPDIRECT=Unspecified) to FID=40 (Well Constrained, SLIPSENSE=RL, DIPDIRECT=Unspecified); kinematic_compat=True. Geometry: tip abutting a through-going trace; one-sided; the tip points 7 deg off the link. The link strikes N166 E and 45% of the distance-weighted catalogued fault length within ~40 km lies within 20 deg of that strike (data-driven kinematic domain; no external stress model). Structural-setting label (geometry only; mapping to settings is ours): linkage/termination/step-over settings host ~25%/32% of characterised Great Basin geothermal systems (Faulds & Hinz 2015). Connectivity context: the catalogue network is near its critical connectivity (Berkowitz-style P=5.78 vs Pc 5.6-6.0 at the domain scale), where individual closures matter most, but Berkowitz et al. (2000) give ensemble statistics, not a verdict on this particular gap. Base coverage: 33% of its dots already lie within 300 m of the 0.2477 emission.  Graph value (Berkowitz et al. 2000 connectivity parameter, computed on the catalogue graph plus all 345 selected candidates with a=2.500 and D=1.566 held at their fitted values): this closure changes P by dP=+0.0059 (rank 152 of 345 by |dP|) and the largest-system share of total mapped fault length by -0.00000; the merged system would be 2.44 km long. It is a graph bridge: no other selected candidate joins these two sides, so this closure is what actually merges them. Status: validated on both 8-connected component holdout (0.293 vs 0.059 ctrl) and NBMG FID vector-trace holdout (0.100 vs 0.020 ctrl). Reviewer geometry cue only: abutment/termination geometry; verify fault intersections and cross-cutting relations; this is not proof of a step-over or termination. Exclusive review class: H27-5b_inter-FID_same-name_kinematic-compatible. Different FIDs are records in this same NBMG compilation, not independent source confirmation."}}, {"type": "Feature", "geometry": {"type": "LineString", "coordinates": [[-118.54389, 38.83591], [-118.5379, 38.82518]]}, "properties": {"id": "T27-0200", "z": 3, "kind": "tip-to-tip oblique", "gap_km": 1.3, "mutual": false, "strike": 157.38, "strike_compat": 0.568, "merged_km": 2.166, "base_overlap": 0.0, "fid_src": 5, "fid_tgt": 4, "name_src": "Agai Pah Hills fault zone", "name_tgt": "Agai Pah Hills fault zone", "num_src": "1308", "num_tgt": "1308", "ftype_src": "Well Constrained", "ftype_tgt": "Well Constrained", "mapscale_src": "250", "mapscale_tgt": "250", "same_fid": false, "same_name": true, "slipsense_src": "RL", "slipsense_tgt": "RL", "dipdirect_src": "Unspecified", "dipdirect_tgt": "Unspecified", "kinematic_compat": true, "review_class": "H27-5b_inter-FID_same-name_kinematic-compatible", "setting_hint": "oblique step-over-like geometry; verify overlap, slip sense, and relay direction", "third_system_contact": false, "bridge": true, "delta_P": 0.005855, "delta_largest_share": -1e-06, "delta_second_moment_km2": 4.2988, "connectivity_rank": 156, "nbmg_source_layer_url": "https://web2.nbmg.unr.edu/arcgis/rest/services/Qfaults/Qfaults_INGENIOUS/MapServer/0", "setting_context_url": "https://www.osti.gov/servlets/purl/1724082", "argument": "Closing this 1.3 km gap would join two currently disconnected mapped systems (0.5 km and 0.3 km) into one 2.2 km system. NBMG INGENIOUS vector attribution: inter-FID structural linkage within fault zone 'Agai Pah Hills fault zone' (NUM=1308), bridging FID=5 (Well Constrained, SLIPSENSE=RL, DIPDIRECT=Unspecified) to FID=4 (Well Constrained, SLIPSENSE=RL, DIPDIRECT=Unspecified); kinematic_compat=True. Geometry: oblique tip-to-tip (step-over-like); one-sided; the tip points 14 deg off the link and 41 deg. The link strikes N157 E and 57% of the distance-weighted catalogued fault length within ~40 km lies within 20 deg of that strike (data-driven kinematic domain; no external stress model). Structural-setting label (geometry only; mapping to settings is ours): linkage/termination/step-over settings host ~25%/32% of characterised Great Basin geothermal systems (Faulds & Hinz 2015). Connectivity context: the catalogue network is near its critical connectivity (Berkowitz-style P=5.78 vs Pc 5.6-6.0 at the domain scale), where individual closures matter most, but Berkowitz et al. (2000) give ensemble statistics, not a verdict on this particular gap. Base coverage: 0% of its dots already lie within 300 m of the 0.2477 emission.  Graph value (Berkowitz et al. 2000 connectivity parameter, computed on the catalogue graph plus all 345 selected candidates with a=2.500 and D=1.566 held at their fitted values): this closure changes P by dP=+0.0059 (rank 156 of 345 by |dP|) and the largest-system share of total mapped fault length by -0.00000; the merged system would be 2.17 km long. It is a graph bridge: no other selected candidate joins these two sides, so this closure is what actually merges them. Status: validated on both 8-connected component holdout (0.293 vs 0.059 ctrl) and NBMG FID vector-trace holdout (0.100 vs 0.020 ctrl). Reviewer geometry cue only: oblique step-over-like geometry; verify overlap, slip sense, and relay direction; this is not proof of a step-over or termination. Exclusive review class: H27-5b_inter-FID_same-name_kinematic-compatible. Different FIDs are records in this same NBMG compilation, not independent source confirmation."}}, {"type": "Feature", "geometry": {"type": "LineString", "coordinates": [[-117.92908, 38.60181], [-117.9232, 38.59104]]}, "properties": {"id": "T27-0201", "z": 3, "kind": "abutting", "gap_km": 1.3, "mutual": false, "strike": 157.38, "strike_compat": 0.623, "merged_km": 1.941, "base_overlap": 0.0, "fid_src": 1281, "fid_tgt": 1283, "name_src": "Unnamed faults flanking Cedar Mountains", "name_tgt": "Unnamed faults flanking Cedar Mountains", "num_src": "1324", "num_tgt": "1324", "ftype_src": "Well Constrained", "ftype_tgt": "Well Constrained", "mapscale_src": "250", "mapscale_tgt": "250", "same_fid": false, "same_name": true, "slipsense_src": "N", "slipsense_tgt": "N", "dipdirect_src": "E", "dipdirect_tgt": "W", "kinematic_compat": true, "review_class": "H27-5b_inter-FID_same-name_kinematic-compatible", "setting_hint": "abutment/termination geometry; verify fault intersections and cross-cutting relations", "third_system_contact": false, "bridge": true, "delta_P": 0.0, "delta_largest_share": -1e-06, "delta_second_moment_km2": 3.466, "connectivity_rank": 341, "nbmg_source_layer_url": "https://web2.nbmg.unr.edu/arcgis/rest/services/Qfaults/Qfaults_INGENIOUS/MapServer/0", "setting_context_url": "https://www.osti.gov/servlets/purl/1724082", "argument": "Closing this 1.3 km gap would join two currently disconnected mapped systems (0.5 km and 0.1 km) into one 1.9 km system. NBMG INGENIOUS vector attribution: inter-FID structural linkage within fault zone 'Unnamed faults flanking Cedar Mountains' (NUM=1324), bridging FID=1281 (Well Constrained, SLIPSENSE=N, DIPDIRECT=E) to FID=1283 (Well Constrained, SLIPSENSE=N, DIPDIRECT=W); kinematic_compat=True. Geometry: tip abutting a through-going trace; one-sided; the tip points 11 deg off the link. The link strikes N157 E and 62% of the distance-weighted catalogued fault length within ~40 km lies within 20 deg of that strike (data-driven kinematic domain; no external stress model). Structural-setting label (geometry only; mapping to settings is ours): linkage/termination/step-over settings host ~25%/32% of characterised Great Basin geothermal systems (Faulds & Hinz 2015). Connectivity context: the catalogue network is near its critical connectivity (Berkowitz-style P=5.78 vs Pc 5.6-6.0 at the domain scale), where individual closures matter most, but Berkowitz et al. (2000) give ensemble statistics, not a verdict on this particular gap. Base coverage: 0% of its dots already lie within 300 m of the 0.2477 emission.  Graph value (Berkowitz et al. 2000 connectivity parameter, computed on the catalogue graph plus all 345 selected candidates with a=2.500 and D=1.566 held at their fitted values): this closure changes P by dP=+0.0000 (rank 341 of 345 by |dP|) and the largest-system share of total mapped fault length by -0.00000; the merged system would be 1.94 km long. It is a graph bridge: no other selected candidate joins these two sides, so this closure is what actually merges them. Status: validated on both 8-connected component holdout (0.293 vs 0.059 ctrl) and NBMG FID vector-trace holdout (0.100 vs 0.020 ctrl). Reviewer geometry cue only: abutment/termination geometry; verify fault intersections and cross-cutting relations; this is not proof of a step-over or termination. Exclusive review class: H27-5b_inter-FID_same-name_kinematic-compatible. Different FIDs are records in this same NBMG compilation, not independent source confirmation."}}, {"type": "Feature", "geometry": {"type": "LineString", "coordinates": [[-118.98141, 39.69065], [-118.97942, 39.7024]]}, "properties": {"id": "T27-0202", "z": 3, "kind": "tip-to-tip oblique", "gap_km": 1.315, "mutual": false, "strike": 8.746, "strike_compat": 0.459, "merged_km": 5.378, "base_overlap": 0.25, "fid_src": 443, "fid_tgt": 445, "name_src": "Hot Springs Mountain fault zone", "name_tgt": "Hot Springs Mountain fault zone", "num_src": "1673", "num_tgt": "1673", "ftype_src": "Well Constrained", "ftype_tgt": "Moderately Constrained", "mapscale_src": "250", "mapscale_tgt": "250", "same_fid": false, "same_name": true, "slipsense_src": "N", "slipsense_tgt": "N", "dipdirect_src": "SE", "dipdirect_tgt": "SE", "kinematic_compat": true, "review_class": "H27-5b_inter-FID_same-name_kinematic-compatible", "setting_hint": "oblique step-over-like geometry; verify overlap, slip sense, and relay direction", "third_system_contact": false, "bridge": true, "delta_P": 0.0, "delta_largest_share": -1e-06, "delta_second_moment_km2": 17.3424, "connectivity_rank": 318, "nbmg_source_layer_url": "https://web2.nbmg.unr.edu/arcgis/rest/services/Qfaults/Qfaults_INGENIOUS/MapServer/0", "setting_context_url": "https://www.osti.gov/servlets/purl/1724082", "argument": "Closing this 1.3 km gap would join two currently disconnected mapped systems (0.7 km and 3.3 km) into one 5.4 km system. NBMG INGENIOUS vector attribution: inter-FID structural linkage within fault zone 'Hot Springs Mountain fault zone' (NUM=1673), bridging FID=443 (Well Constrained, SLIPSENSE=N, DIPDIRECT=SE) to FID=445 (Moderately Constrained, SLIPSENSE=N, DIPDIRECT=SE); kinematic_compat=True. Geometry: oblique tip-to-tip (step-over-like); one-sided; the tip points 1 deg off the link and 55 deg. The link strikes N9 E and 46% of the distance-weighted catalogued fault length within ~40 km lies within 20 deg of that strike (data-driven kinematic domain; no external stress model). Structural-setting label (geometry only; mapping to settings is ours): linkage/termination/step-over settings host ~25%/32% of characterised Great Basin geothermal systems (Faulds & Hinz 2015). Connectivity context: the catalogue network is near its critical connectivity (Berkowitz-style P=5.78 vs Pc 5.6-6.0 at the domain scale), where individual closures matter most, but Berkowitz et al. (2000) give ensemble statistics, not a verdict on this particular gap. Base coverage: 25% of its dots already lie within 300 m of the 0.2477 emission.  Graph value (Berkowitz et al. 2000 connectivity parameter, computed on the catalogue graph plus all 345 selected candidates with a=2.500 and D=1.566 held at their fitted values): this closure changes P by dP=+0.0000 (rank 318 of 345 by |dP|) and the largest-system share of total mapped fault length by -0.00000; the merged system would be 5.38 km long. It is a graph bridge: no other selected candidate joins these two sides, so this closure is what actually merges them. Status: validated on both 8-connected component holdout (0.293 vs 0.059 ctrl) and NBMG FID vector-trace holdout (0.100 vs 0.020 ctrl). Reviewer geometry cue only: oblique step-over-like geometry; verify overlap, slip sense, and relay direction; this is not proof of a step-over or termination. Exclusive review class: H27-5b_inter-FID_same-name_kinematic-compatible. Different FIDs are records in this same NBMG compilation, not independent source confirmation."}}, {"type": "Feature", "geometry": {"type": "LineString", "coordinates": [[-117.37286, 40.48719], [-117.38343, 40.47815]]}, "properties": {"id": "T27-0206", "z": 3, "kind": "end-to-end", "gap_km": 1.345, "mutual": true, "strike": 41.987, "strike_compat": 0.332, "merged_km": 2.552, "base_overlap": 0.0, "fid_src": 83, "fid_tgt": 82, "name_src": "Buffalo Valley fault zone", "name_tgt": "Buffalo Valley fault zone", "num_src": "1140", "num_tgt": "1140", "ftype_src": "Moderately Constrained", "ftype_tgt": "Well Constrained", "mapscale_src": "250", "mapscale_tgt": "250", "same_fid": false, "same_name": true, "slipsense_src": "N", "slipsense_tgt": "N", "dipdirect_src": "E", "dipdirect_tgt": "E", "kinematic_compat": true, "review_class": "H27-5b_inter-FID_same-name_kinematic-compatible", "setting_hint": "along-strike endpoint gap; assess continuation, relay, or cartographic segmentation", "third_system_contact": false, "bridge": true, "delta_P": 0.005855, "delta_largest_share": -1e-06, "delta_second_moment_km2": 5.7857, "connectivity_rank": 148, "nbmg_source_layer_url": "https://web2.nbmg.unr.edu/arcgis/rest/services/Qfaults/Qfaults_INGENIOUS/MapServer/0", "setting_context_url": "https://www.osti.gov/servlets/purl/1724082", "argument": "Closing this 1.3 km gap would join two currently disconnected mapped systems (0.6 km and 0.6 km) into one 2.6 km system. NBMG INGENIOUS vector attribution: inter-FID structural linkage within fault zone 'Buffalo Valley fault zone' (NUM=1140), bridging FID=83 (Moderately Constrained, SLIPSENSE=N, DIPDIRECT=E) to FID=82 (Well Constrained, SLIPSENSE=N, DIPDIRECT=E); kinematic_compat=True. Geometry: tip-to-tip along strike; mutual nearest tips; the tip points 26 deg off the link and 11 deg. The link strikes N42 E and 33% of the distance-weighted catalogued fault length within ~40 km lies within 20 deg of that strike (data-driven kinematic domain; no external stress model). Structural-setting label (geometry only; mapping to settings is ours): linkage/termination/step-over settings host ~25%/32% of characterised Great Basin geothermal systems (Faulds & Hinz 2015). Connectivity context: the catalogue network is near its critical connectivity (Berkowitz-style P=5.78 vs Pc 5.6-6.0 at the domain scale), where individual closures matter most, but Berkowitz et al. (2000) give ensemble statistics, not a verdict on this particular gap. Base coverage: 0% of its dots already lie within 300 m of the 0.2477 emission.  Graph value (Berkowitz et al. 2000 connectivity parameter, computed on the catalogue graph plus all 345 selected candidates with a=2.500 and D=1.566 held at their fitted values): this closure changes P by dP=+0.0059 (rank 148 of 345 by |dP|) and the largest-system share of total mapped fault length by -0.00000; the merged system would be 2.55 km long. It is a graph bridge: no other selected candidate joins these two sides, so this closure is what actually merges them. Status: validated on both 8-connected component holdout (0.293 vs 0.059 ctrl) and NBMG FID vector-trace holdout (0.100 vs 0.020 ctrl). Reviewer geometry cue only: along-strike endpoint gap; assess continuation, relay, or cartographic segmentation; this is not proof of a step-over or termination. Exclusive review class: H27-5b_inter-FID_same-name_kinematic-compatible. Different FIDs are records in this same NBMG compilation, not independent source confirmation."}}, {"type": "Feature", "geometry": {"type": "LineString", "coordinates": [[-118.86961, 38.99965], [-118.87798, 39.01032]]}, "properties": {"id": "T27-0208", "z": 3, "kind": "end-to-end", "gap_km": 1.389, "mutual": false, "strike": 149.744, "strike_compat": 0.603, "merged_km": 20.076, "base_overlap": 0.0, "fid_src": 1567, "fid_tgt": 1561, "name_src": "Wassuk Range fault zone", "name_tgt": "Wassuk Range fault zone", "num_src": "1300", "num_tgt": "1300", "ftype_src": "Inferred", "ftype_tgt": "Moderately Constrained", "mapscale_src": "250", "mapscale_tgt": "250", "same_fid": false, "same_name": true, "slipsense_src": "N", "slipsense_tgt": "N", "dipdirect_src": "Unspecified", "dipdirect_tgt": "Unspecified", "kinematic_compat": true, "review_class": "H27-5b_inter-FID_same-name_kinematic-compatible", "setting_hint": "along-strike endpoint gap; assess continuation, relay, or cartographic segmentation", "third_system_contact": false, "bridge": true, "delta_P": -0.005855, "delta_largest_share": -1e-06, "delta_second_moment_km2": 228.3836, "connectivity_rank": 11, "nbmg_source_layer_url": "https://web2.nbmg.unr.edu/arcgis/rest/services/Qfaults/Qfaults_INGENIOUS/MapServer/0", "setting_context_url": "https://www.osti.gov/servlets/purl/1724082", "argument": "Closing this 1.4 km gap would join two currently disconnected mapped systems (9.5 km and 9.2 km) into one 20.1 km system. NBMG INGENIOUS vector attribution: inter-FID structural linkage within fault zone 'Wassuk Range fault zone' (NUM=1300), bridging FID=1567 (Inferred, SLIPSENSE=N, DIPDIRECT=Unspecified) to FID=1561 (Moderately Constrained, SLIPSENSE=N, DIPDIRECT=Unspecified); kinematic_compat=True. Geometry: tip-to-tip along strike; one-sided; the tip points 10 deg off the link and 4 deg. The link strikes N150 E and 60% of the distance-weighted catalogued fault length within ~40 km lies within 20 deg of that strike (data-driven kinematic domain; no external stress model). Structural-setting label (geometry only; mapping to settings is ours): linkage/termination/step-over settings host ~25%/32% of characterised Great Basin geothermal systems (Faulds & Hinz 2015). Connectivity context: the catalogue network is near its critical connectivity (Berkowitz-style P=5.78 vs Pc 5.6-6.0 at the domain scale), where individual closures matter most, but Berkowitz et al. (2000) give ensemble statistics, not a verdict on this particular gap. Base coverage: 0% of its dots already lie within 300 m of the 0.2477 emission.  Graph value (Berkowitz et al. 2000 connectivity parameter, computed on the catalogue graph plus all 345 selected candidates with a=2.500 and D=1.566 held at their fitted values): this closure changes P by dP=-0.0059 (rank 11 of 345 by |dP|) and the largest-system share of total mapped fault length by -0.00000; the merged system would be 20.08 km long. It is a graph bridge: no other selected candidate joins these two sides, so this closure is what actually merges them. Status: validated on both 8-connected component holdout (0.293 vs 0.059 ctrl) and NBMG FID vector-trace holdout (0.100 vs 0.020 ctrl). Reviewer geometry cue only: along-strike endpoint gap; assess continuation, relay, or cartographic segmentation; this is not proof of a step-over or termination. Exclusive review class: H27-5b_inter-FID_same-name_kinematic-compatible. Different FIDs are records in this same NBMG compilation, not independent source confirmation."}}, {"type": "Feature", "geometry": {"type": "LineString", "coordinates": [[-118.00024, 38.59942], [-118.00157, 38.61203]]}, "properties": {"id": "T27-0211", "z": 3, "kind": "end-to-end", "gap_km": 1.404, "mutual": true, "strike": 175.914, "strike_compat": 0.339, "merged_km": 11.426, "base_overlap": 0.75, "fid_src": 1198, "fid_tgt": 1196, "name_src": "Unnamed fault zone in southeastern Gabbs Valley Range", "name_tgt": "Unnamed fault zone in southeastern Gabbs Valley Range", "num_src": "1323", "num_tgt": "1323", "ftype_src": "Moderately Constrained", "ftype_tgt": "Well Constrained", "mapscale_src": "250", "mapscale_tgt": "250", "same_fid": false, "same_name": true, "slipsense_src": "N", "slipsense_tgt": "N", "dipdirect_src": "Unspecified", "dipdirect_tgt": "Unspecified", "kinematic_compat": true, "review_class": "H27-5b_inter-FID_same-name_kinematic-compatible", "setting_hint": "along-strike endpoint gap; assess continuation, relay, or cartographic segmentation", "third_system_contact": false, "bridge": true, "delta_P": -0.005855, "delta_largest_share": -1e-06, "delta_second_moment_km2": 68.8385, "connectivity_rank": 55, "nbmg_source_layer_url": "https://web2.nbmg.unr.edu/arcgis/rest/services/Qfaults/Qfaults_INGENIOUS/MapServer/0", "setting_context_url": "https://www.osti.gov/servlets/purl/1724082", "argument": "Closing this 1.4 km gap would join two currently disconnected mapped systems (7.4 km and 2.6 km) into one 11.4 km system. NBMG INGENIOUS vector attribution: inter-FID structural linkage within fault zone 'Unnamed fault zone in southeastern Gabbs Valley Range' (NUM=1323), bridging FID=1198 (Moderately Constrained, SLIPSENSE=N, DIPDIRECT=Unspecified) to FID=1196 (Well Constrained, SLIPSENSE=N, DIPDIRECT=Unspecified); kinematic_compat=True. Geometry: tip-to-tip along strike; mutual nearest tips; the tip points 10 deg off the link and 16 deg. The link strikes N176 E and 34% of the distance-weighted catalogued fault length within ~40 km lies within 20 deg of that strike (data-driven kinematic domain; no external stress model). Structural-setting label (geometry only; mapping to settings is ours): linkage/termination/step-over settings host ~25%/32% of characterised Great Basin geothermal systems (Faulds & Hinz 2015). Connectivity context: the catalogue network is near its critical connectivity (Berkowitz-style P=5.78 vs Pc 5.6-6.0 at the domain scale), where individual closures matter most, but Berkowitz et al. (2000) give ensemble statistics, not a verdict on this particular gap. Base coverage: 75% of its dots already lie within 300 m of the 0.2477 emission.  Graph value (Berkowitz et al. 2000 connectivity parameter, computed on the catalogue graph plus all 345 selected candidates with a=2.500 and D=1.566 held at their fitted values): this closure changes P by dP=-0.0059 (rank 55 of 345 by |dP|) and the largest-system share of total mapped fault length by -0.00000; the merged system would be 11.43 km long. It is a graph bridge: no other selected candidate joins these two sides, so this closure is what actually merges them. Status: validated on both 8-connected component holdout (0.293 vs 0.059 ctrl) and NBMG FID vector-trace holdout (0.100 vs 0.020 ctrl). Reviewer geometry cue only: along-strike endpoint gap; assess continuation, relay, or cartographic segmentation; this is not proof of a step-over or termination. Exclusive review class: H27-5b_inter-FID_same-name_kinematic-compatible. Different FIDs are records in this same NBMG compilation, not independent source confirmation."}}, {"type": "Feature", "geometry": {"type": "LineString", "coordinates": [[-118.17444, 37.79572], [-118.17578, 37.80833]]}, "properties": {"id": "T27-0212", "z": 3, "kind": "end-to-end", "gap_km": 1.404, "mutual": false, "strike": 175.914, "strike_compat": 0.375, "merged_km": 6.425, "base_overlap": 0.0, "fid_src": 1929, "fid_tgt": 1679, "name_src": "Fish Lake Valley fault zone, Leidy Creek section", "name_tgt": "Fish Lake Valley fault zone, Leidy Creek section", "num_src": "49a", "num_tgt": "49a", "ftype_src": "Well Constrained", "ftype_tgt": "Well Constrained", "mapscale_src": "100", "mapscale_tgt": "250", "same_fid": false, "same_name": true, "slipsense_src": "RL", "slipsense_tgt": "RL", "dipdirect_src": "Unspecified", "dipdirect_tgt": "Unspecified", "kinematic_compat": true, "review_class": "H27-5b_inter-FID_same-name_kinematic-compatible", "setting_hint": "along-strike endpoint gap; assess continuation, relay, or cartographic segmentation", "third_system_contact": false, "bridge": true, "delta_P": -0.005855, "delta_largest_share": -1e-06, "delta_second_moment_km2": 97.5444, "connectivity_rank": 37, "nbmg_source_layer_url": "https://web2.nbmg.unr.edu/arcgis/rest/services/Qfaults/Qfaults_INGENIOUS/MapServer/0", "setting_context_url": "https://www.osti.gov/servlets/purl/1724082", "argument": "Closing this 1.4 km gap would join two currently disconnected mapped systems (2.1 km and 2.9 km) into one 6.4 km system. NBMG INGENIOUS vector attribution: inter-FID structural linkage within fault zone 'Fish Lake Valley fault zone, Leidy Creek section' (NUM=49a), bridging FID=1929 (Well Constrained, SLIPSENSE=RL, DIPDIRECT=Unspecified) to FID=1679 (Well Constrained, SLIPSENSE=RL, DIPDIRECT=Unspecified); kinematic_compat=True. Geometry: tip-to-tip along strike; one-sided; the tip points 4 deg off the link and 31 deg. The link strikes N176 E and 37% of the distance-weighted catalogued fault length within ~40 km lies within 20 deg of that strike (data-driven kinematic domain; no external stress model). Structural-setting label (geometry only; mapping to settings is ours): linkage/termination/step-over settings host ~25%/32% of characterised Great Basin geothermal systems (Faulds & Hinz 2015). Connectivity context: the catalogue network is near its critical connectivity (Berkowitz-style P=5.78 vs Pc 5.6-6.0 at the domain scale), where individual closures matter most, but Berkowitz et al. (2000) give ensemble statistics, not a verdict on this particular gap. Base coverage: 0% of its dots already lie within 300 m of the 0.2477 emission.  Graph value (Berkowitz et al. 2000 connectivity parameter, computed on the catalogue graph plus all 345 selected candidates with a=2.500 and D=1.566 held at their fitted values): this closure changes P by dP=-0.0059 (rank 37 of 345 by |dP|) and the largest-system share of total mapped fault length by -0.00000; the merged system would be 6.42 km long. It is a graph bridge: no other selected candidate joins these two sides, so this closure is what actually merges them. Status: validated on both 8-connected component holdout (0.293 vs 0.059 ctrl) and NBMG FID vector-trace holdout (0.100 vs 0.020 ctrl). Reviewer geometry cue only: along-strike endpoint gap; assess continuation, relay, or cartographic segmentation; this is not proof of a step-over or termination. Exclusive review class: H27-5b_inter-FID_same-name_kinematic-compatible. Different FIDs are records in this same NBMG compilation, not independent source confirmation."}}, {"type": "Feature", "geometry": {"type": "LineString", "coordinates": [[-118.63976, 38.44352], [-118.62369, 38.44194]]}, "properties": {"id": "T27-0214", "z": 3, "kind": "end-to-end", "gap_km": 1.414, "mutual": true, "strike": 98.13, "strike_compat": 0.166, "merged_km": 6.957, "base_overlap": 1.0, "fid_src": 1552, "fid_tgt": 1565, "name_src": "Wassuk Range fault zone", "name_tgt": "Wassuk Range fault zone", "num_src": "1300", "num_tgt": "1300", "ftype_src": "Well Constrained", "ftype_tgt": "Moderately Constrained", "mapscale_src": "250", "mapscale_tgt": "250", "same_fid": false, "same_name": true, "slipsense_src": "N", "slipsense_tgt": "N", "dipdirect_src": "Unspecified", "dipdirect_tgt": "Unspecified", "kinematic_compat": true, "review_class": "H27-5b_inter-FID_same-name_kinematic-compatible", "setting_hint": "along-strike endpoint gap; assess continuation, relay, or cartographic segmentation", "third_system_contact": false, "bridge": true, "delta_P": 0.0, "delta_largest_share": -1e-06, "delta_second_moment_km2": 25.7745, "connectivity_rank": 291, "nbmg_source_layer_url": "https://web2.nbmg.unr.edu/arcgis/rest/services/Qfaults/Qfaults_INGENIOUS/MapServer/0", "setting_context_url": "https://www.osti.gov/servlets/purl/1724082", "argument": "Closing this 1.4 km gap would join two currently disconnected mapped systems (0.9 km and 4.7 km) into one 7.0 km system. NBMG INGENIOUS vector attribution: inter-FID structural linkage within fault zone 'Wassuk Range fault zone' (NUM=1300), bridging FID=1552 (Well Constrained, SLIPSENSE=N, DIPDIRECT=Unspecified) to FID=1565 (Moderately Constrained, SLIPSENSE=N, DIPDIRECT=Unspecified); kinematic_compat=True. Geometry: tip-to-tip along strike; mutual nearest tips; the tip points 22 deg off the link and 24 deg. The link strikes N98 E and 17% of the distance-weighted catalogued fault length within ~40 km lies within 20 deg of that strike (data-driven kinematic domain; no external stress model). Structural-setting label (geometry only; mapping to settings is ours): linkage/termination/step-over settings host ~25%/32% of characterised Great Basin geothermal systems (Faulds & Hinz 2015). Connectivity context: the catalogue network is near its critical connectivity (Berkowitz-style P=5.78 vs Pc 5.6-6.0 at the domain scale), where individual closures matter most, but Berkowitz et al. (2000) give ensemble statistics, not a verdict on this particular gap. Base coverage: 100% of its dots already lie within 300 m of the 0.2477 emission.  Graph value (Berkowitz et al. 2000 connectivity parameter, computed on the catalogue graph plus all 345 selected candidates with a=2.500 and D=1.566 held at their fitted values): this closure changes P by dP=+0.0000 (rank 291 of 345 by |dP|) and the largest-system share of total mapped fault length by -0.00000; the merged system would be 6.96 km long. It is a graph bridge: no other selected candidate joins these two sides, so this closure is what actually merges them. Status: validated on both 8-connected component holdout (0.293 vs 0.059 ctrl) and NBMG FID vector-trace holdout (0.100 vs 0.020 ctrl). Reviewer geometry cue only: along-strike endpoint gap; assess continuation, relay, or cartographic segmentation; this is not proof of a step-over or termination. Exclusive review class: H27-5b_inter-FID_same-name_kinematic-compatible. Different FIDs are records in this same NBMG compilation, not independent source confirmation."}}, {"type": "Feature", "geometry": {"type": "LineString", "coordinates": [[-119.17128, 39.46022], [-119.18746, 39.45722]]}, "properties": {"id": "T27-0216", "z": 3, "kind": "end-to-end", "gap_km": 1.432, "mutual": true, "strike": 77.905, "strike_compat": 0.32, "merged_km": 9.553, "base_overlap": 0.0, "fid_src": 104, "fid_tgt": 106, "name_src": "Carson lineament", "name_tgt": "Carson lineament", "num_src": "1663", "num_tgt": "1663", "ftype_src": "Well Constrained", "ftype_tgt": "Well Constrained", "mapscale_src": "250", "mapscale_tgt": "250", "same_fid": false, "same_name": true, "slipsense_src": "LL", "slipsense_tgt": "LL", "dipdirect_src": "Unspecified", "dipdirect_tgt": "Unspecified", "kinematic_compat": true, "review_class": "H27-5b_inter-FID_same-name_kinematic-compatible", "setting_hint": "along-strike endpoint gap; assess continuation, relay, or cartographic segmentation", "third_system_contact": false, "bridge": true, "delta_P": -0.005855, "delta_largest_share": -1e-06, "delta_second_moment_km2": 104.4022, "connectivity_rank": 35, "nbmg_source_layer_url": "https://web2.nbmg.unr.edu/arcgis/rest/services/Qfaults/Qfaults_INGENIOUS/MapServer/0", "setting_context_url": "https://www.osti.gov/servlets/purl/1724082", "argument": "Closing this 1.4 km gap would join two currently disconnected mapped systems (6.3 km and 1.8 km) into one 9.6 km system. NBMG INGENIOUS vector attribution: inter-FID structural linkage within fault zone 'Carson lineament' (NUM=1663), bridging FID=104 (Well Constrained, SLIPSENSE=LL, DIPDIRECT=Unspecified) to FID=106 (Well Constrained, SLIPSENSE=LL, DIPDIRECT=Unspecified); kinematic_compat=True. Geometry: tip-to-tip along strike; mutual nearest tips; the tip points 8 deg off the link and 5 deg. The link strikes N78 E and 32% of the distance-weighted catalogued fault length within ~40 km lies within 20 deg of that strike (data-driven kinematic domain; no external stress model). Structural-setting label (geometry only; mapping to settings is ours): linkage/termination/step-over settings host ~25%/32% of characterised Great Basin geothermal systems (Faulds & Hinz 2015). Connectivity context: the catalogue network is near its critical connectivity (Berkowitz-style P=5.78 vs Pc 5.6-6.0 at the domain scale), where individual closures matter most, but Berkowitz et al. (2000) give ensemble statistics, not a verdict on this particular gap. Base coverage: 0% of its dots already lie within 300 m of the 0.2477 emission.  Graph value (Berkowitz et al. 2000 connectivity parameter, computed on the catalogue graph plus all 345 selected candidates with a=2.500 and D=1.566 held at their fitted values): this closure changes P by dP=-0.0059 (rank 35 of 345 by |dP|) and the largest-system share of total mapped fault length by -0.00000; the merged system would be 9.55 km long. It is a graph bridge: no other selected candidate joins these two sides, so this closure is what actually merges them. Status: validated on both 8-connected component holdout (0.293 vs 0.059 ctrl) and NBMG FID vector-trace holdout (0.100 vs 0.020 ctrl). Reviewer geometry cue only: along-strike endpoint gap; assess continuation, relay, or cartographic segmentation; this is not proof of a step-over or termination. Exclusive review class: H27-5b_inter-FID_same-name_kinematic-compatible. Different FIDs are records in this same NBMG compilation, not independent source confirmation."}}, {"type": "Feature", "geometry": {"type": "LineString", "coordinates": [[-118.0191, 38.5524], [-118.00297, 38.54803]]}, "properties": {"id": "T27-0218", "z": 3, "kind": "end-to-end", "gap_km": 1.487, "mutual": true, "strike": 109.654, "strike_compat": 0.074, "merged_km": 16.52, "base_overlap": 0.0, "fid_src": 47, "fid_tgt": 40, "name_src": "Bettles Well-Petrified Springs fault", "name_tgt": "Bettles Well-Petrified Springs fault", "num_src": "1326", "num_tgt": "1326", "ftype_src": "Moderately Constrained", "ftype_tgt": "Well Constrained", "mapscale_src": "250", "mapscale_tgt": "250", "same_fid": false, "same_name": true, "slipsense_src": "RL", "slipsense_tgt": "RL", "dipdirect_src": "Unspecified", "dipdirect_tgt": "Unspecified", "kinematic_compat": true, "review_class": "H27-5b_inter-FID_same-name_kinematic-compatible", "setting_hint": "along-strike endpoint gap; assess continuation, relay, or cartographic segmentation", "third_system_contact": false, "bridge": true, "delta_P": -0.005855, "delta_largest_share": -2e-06, "delta_second_moment_km2": 119.0584, "connectivity_rank": 29, "nbmg_source_layer_url": "https://web2.nbmg.unr.edu/arcgis/rest/services/Qfaults/Qfaults_INGENIOUS/MapServer/0", "setting_context_url": "https://www.osti.gov/servlets/purl/1724082", "argument": "Closing this 1.5 km gap would join two currently disconnected mapped systems (12.0 km and 3.0 km) into one 16.5 km system. NBMG INGENIOUS vector attribution: inter-FID structural linkage within fault zone 'Bettles Well-Petrified Springs fault' (NUM=1326), bridging FID=47 (Moderately Constrained, SLIPSENSE=RL, DIPDIRECT=Unspecified) to FID=40 (Well Constrained, SLIPSENSE=RL, DIPDIRECT=Unspecified); kinematic_compat=True. Geometry: tip-to-tip along strike; mutual nearest tips; the tip points 12 deg off the link and 6 deg. The link strikes N110 E and 7% of the distance-weighted catalogued fault length within ~40 km lies within 20 deg of that strike (data-driven kinematic domain; no external stress model). Structural-setting label (geometry only; mapping to settings is ours): linkage/termination/step-over settings host ~25%/32% of characterised Great Basin geothermal systems (Faulds & Hinz 2015). Connectivity context: the catalogue network is near its critical connectivity (Berkowitz-style P=5.78 vs Pc 5.6-6.0 at the domain scale), where individual closures matter most, but Berkowitz et al. (2000) give ensemble statistics, not a verdict on this particular gap. Base coverage: 0% of its dots already lie within 300 m of the 0.2477 emission.  Graph value (Berkowitz et al. 2000 connectivity parameter, computed on the catalogue graph plus all 345 selected candidates with a=2.500 and D=1.566 held at their fitted values): this closure changes P by dP=-0.0059 (rank 29 of 345 by |dP|) and the largest-system share of total mapped fault length by -0.00000; the merged system would be 16.52 km long. It is a graph bridge: no other selected candidate joins these two sides, so this closure is what actually merges them. Status: validated on both 8-connected component holdout (0.293 vs 0.059 ctrl) and NBMG FID vector-trace holdout (0.100 vs 0.020 ctrl). Reviewer geometry cue only: along-strike endpoint gap; assess continuation, relay, or cartographic segmentation; this is not proof of a step-over or termination. Exclusive review class: H27-5b_inter-FID_same-name_kinematic-compatible. Different FIDs are records in this same NBMG compilation, not independent source confirmation."}}, {"type": "Feature", "geometry": {"type": "LineString", "coordinates": [[-118.16896, 37.8084], [-118.17444, 37.79572]]}, "properties": {"id": "T27-0219", "z": 3, "kind": "end-to-end", "gap_km": 1.487, "mutual": false, "strike": 19.654, "strike_compat": 0.332, "merged_km": 4.335, "base_overlap": 0.0, "fid_src": 1679, "fid_tgt": 1929, "name_src": "Fish Lake Valley fault zone, Leidy Creek section", "name_tgt": "Fish Lake Valley fault zone, Leidy Creek section", "num_src": "49a", "num_tgt": "49a", "ftype_src": "Well Constrained", "ftype_tgt": "Well Constrained", "mapscale_src": "250", "mapscale_tgt": "100", "same_fid": false, "same_name": true, "slipsense_src": "RL", "slipsense_tgt": "RL", "dipdirect_src": "Unspecified", "dipdirect_tgt": "Unspecified", "kinematic_compat": true, "review_class": "H27-5b_inter-FID_same-name_kinematic-compatible", "setting_hint": "along-strike endpoint gap; assess continuation, relay, or cartographic segmentation", "third_system_contact": false, "bridge": true, "delta_P": 0.0, "delta_largest_share": -2e-06, "delta_second_moment_km2": 52.9257, "connectivity_rank": 214, "nbmg_source_layer_url": "https://web2.nbmg.unr.edu/arcgis/rest/services/Qfaults/Qfaults_INGENIOUS/MapServer/0", "setting_context_url": "https://www.osti.gov/servlets/purl/1724082", "argument": "Closing this 1.5 km gap would join two currently disconnected mapped systems (0.8 km and 2.1 km) into one 4.3 km system. NBMG INGENIOUS vector attribution: inter-FID structural linkage within fault zone 'Fish Lake Valley fault zone, Leidy Creek section' (NUM=49a), bridging FID=1679 (Well Constrained, SLIPSENSE=RL, DIPDIRECT=Unspecified) to FID=1929 (Well Constrained, SLIPSENSE=RL, DIPDIRECT=Unspecified); kinematic_compat=True. Geometry: tip-to-tip along strike; one-sided; the tip points 14 deg off the link and 20 deg. The link strikes N20 E and 33% of the distance-weighted catalogued fault length within ~40 km lies within 20 deg of that strike (data-driven kinematic domain; no external stress model). Structural-setting label (geometry only; mapping to settings is ours): linkage/termination/step-over settings host ~25%/32% of characterised Great Basin geothermal systems (Faulds & Hinz 2015). Connectivity context: the catalogue network is near its critical connectivity (Berkowitz-style P=5.78 vs Pc 5.6-6.0 at the domain scale), where individual closures matter most, but Berkowitz et al. (2000) give ensemble statistics, not a verdict on this particular gap. Base coverage: 0% of its dots already lie within 300 m of the 0.2477 emission.  Graph value (Berkowitz et al. 2000 connectivity parameter, computed on the catalogue graph plus all 345 selected candidates with a=2.500 and D=1.566 held at their fitted values): this closure changes P by dP=+0.0000 (rank 214 of 345 by |dP|) and the largest-system share of total mapped fault length by -0.00000; the merged system would be 4.34 km long. It is a graph bridge: no other selected candidate joins these two sides, so this closure is what actually merges them. Status: validated on both 8-connected component holdout (0.293 vs 0.059 ctrl) and NBMG FID vector-trace holdout (0.100 vs 0.020 ctrl). Reviewer geometry cue only: along-strike endpoint gap; assess continuation, relay, or cartographic segmentation; this is not proof of a step-over or termination. Exclusive review class: H27-5b_inter-FID_same-name_kinematic-compatible. Different FIDs are records in this same NBMG compilation, not independent source confirmation."}}, {"type": "Feature", "geometry": {"type": "LineString", "coordinates": [[-119.00794, 39.68028], [-119.00131, 39.69301]]}, "properties": {"id": "T27-0222", "z": 3, "kind": "end-to-end", "gap_km": 1.523, "mutual": false, "strike": 23.199, "strike_compat": 0.477, "merged_km": 11.407, "base_overlap": 0.75, "fid_src": 442, "fid_tgt": 443, "name_src": "Hot Springs Mountain fault zone", "name_tgt": "Hot Springs Mountain fault zone", "num_src": "1673", "num_tgt": "1673", "ftype_src": "Well Constrained", "ftype_tgt": "Well Constrained", "mapscale_src": "250", "mapscale_tgt": "250", "same_fid": false, "same_name": true, "slipsense_src": "N", "slipsense_tgt": "N", "dipdirect_src": "SE", "dipdirect_tgt": "SE", "kinematic_compat": true, "review_class": "H27-5b_inter-FID_same-name_kinematic-compatible", "setting_hint": "along-strike endpoint gap; assess continuation, relay, or cartographic segmentation", "third_system_contact": false, "bridge": true, "delta_P": 0.0, "delta_largest_share": -2e-06, "delta_second_moment_km2": 56.8681, "connectivity_rank": 206, "nbmg_source_layer_url": "https://web2.nbmg.unr.edu/arcgis/rest/services/Qfaults/Qfaults_INGENIOUS/MapServer/0", "setting_context_url": "https://www.osti.gov/servlets/purl/1724082", "argument": "Closing this 1.5 km gap would join two currently disconnected mapped systems (8.4 km and 1.4 km) into one 11.4 km system. NBMG INGENIOUS vector attribution: inter-FID structural linkage within fault zone 'Hot Springs Mountain fault zone' (NUM=1673), bridging FID=442 (Well Constrained, SLIPSENSE=N, DIPDIRECT=SE) to FID=443 (Well Constrained, SLIPSENSE=N, DIPDIRECT=SE); kinematic_compat=True. Geometry: tip-to-tip along strike; one-sided; the tip points 9 deg off the link and 3 deg. The link strikes N23 E and 48% of the distance-weighted catalogued fault length within ~40 km lies within 20 deg of that strike (data-driven kinematic domain; no external stress model). Structural-setting label (geometry only; mapping to settings is ours): linkage/termination/step-over settings host ~25%/32% of characterised Great Basin geothermal systems (Faulds & Hinz 2015). Connectivity context: the catalogue network is near its critical connectivity (Berkowitz-style P=5.78 vs Pc 5.6-6.0 at the domain scale), where individual closures matter most, but Berkowitz et al. (2000) give ensemble statistics, not a verdict on this particular gap. Base coverage: 75% of its dots already lie within 300 m of the 0.2477 emission.  Graph value (Berkowitz et al. 2000 connectivity parameter, computed on the catalogue graph plus all 345 selected candidates with a=2.500 and D=1.566 held at their fitted values): this closure changes P by dP=+0.0000 (rank 206 of 345 by |dP|) and the largest-system share of total mapped fault length by -0.00000; the merged system would be 11.41 km long. It is a graph bridge: no other selected candidate joins these two sides, so this closure is what actually merges them. Status: validated on both 8-connected component holdout (0.293 vs 0.059 ctrl) and NBMG FID vector-trace holdout (0.100 vs 0.020 ctrl). Reviewer geometry cue only: along-strike endpoint gap; assess continuation, relay, or cartographic segmentation; this is not proof of a step-over or termination. Exclusive review class: H27-5b_inter-FID_same-name_kinematic-compatible. Different FIDs are records in this same NBMG compilation, not independent source confirmation."}}, {"type": "Feature", "geometry": {"type": "LineString", "coordinates": [[-118.37354, 38.66412], [-118.36983, 38.65065]]}, "properties": {"id": "T27-0224", "z": 3, "kind": "end-to-end", "gap_km": 1.53, "mutual": true, "strike": 168.69, "strike_compat": 0.269, "merged_km": 13.159, "base_overlap": 0.0, "fid_src": 463, "fid_tgt": 464, "name_src": "Indian Head fault", "name_tgt": "Indian Head fault", "num_src": "1307", "num_tgt": "1307", "ftype_src": "Well Constrained", "ftype_tgt": "Moderately Constrained", "mapscale_src": "250", "mapscale_tgt": "250", "same_fid": false, "same_name": true, "slipsense_src": "RL", "slipsense_tgt": "RL", "dipdirect_src": "SW", "dipdirect_tgt": "SW", "kinematic_compat": true, "review_class": "H27-5b_inter-FID_same-name_kinematic-compatible", "setting_hint": "along-strike endpoint gap; assess continuation, relay, or cartographic segmentation", "third_system_contact": false, "bridge": true, "delta_P": 0.0, "delta_largest_share": -2e-06, "delta_second_moment_km2": 49.9267, "connectivity_rank": 222, "nbmg_source_layer_url": "https://web2.nbmg.unr.edu/arcgis/rest/services/Qfaults/Qfaults_INGENIOUS/MapServer/0", "setting_context_url": "https://www.osti.gov/servlets/purl/1724082", "argument": "Closing this 1.5 km gap would join two currently disconnected mapped systems (0.5 km and 11.1 km) into one 13.2 km system. NBMG INGENIOUS vector attribution: inter-FID structural linkage within fault zone 'Indian Head fault' (NUM=1307), bridging FID=463 (Well Constrained, SLIPSENSE=RL, DIPDIRECT=SW) to FID=464 (Moderately Constrained, SLIPSENSE=RL, DIPDIRECT=SW); kinematic_compat=True. Geometry: tip-to-tip along strike; mutual nearest tips; the tip points 0 deg off the link and 3 deg. The link strikes N169 E and 27% of the distance-weighted catalogued fault length within ~40 km lies within 20 deg of that strike (data-driven kinematic domain; no external stress model). Structural-setting label (geometry only; mapping to settings is ours): linkage/termination/step-over settings host ~25%/32% of characterised Great Basin geothermal systems (Faulds & Hinz 2015). Connectivity context: the catalogue network is near its critical connectivity (Berkowitz-style P=5.78 vs Pc 5.6-6.0 at the domain scale), where individual closures matter most, but Berkowitz et al. (2000) give ensemble statistics, not a verdict on this particular gap. Base coverage: 0% of its dots already lie within 300 m of the 0.2477 emission.  Graph value (Berkowitz et al. 2000 connectivity parameter, computed on the catalogue graph plus all 345 selected candidates with a=2.500 and D=1.566 held at their fitted values): this closure changes P by dP=+0.0000 (rank 222 of 345 by |dP|) and the largest-system share of total mapped fault length by -0.00000; the merged system would be 13.16 km long. It is a graph bridge: no other selected candidate joins these two sides, so this closure is what actually merges them. Status: validated on both 8-connected component holdout (0.293 vs 0.059 ctrl) and NBMG FID vector-trace holdout (0.100 vs 0.020 ctrl). Reviewer geometry cue only: along-strike endpoint gap; assess continuation, relay, or cartographic segmentation; this is not proof of a step-over or termination. Exclusive review class: H27-5b_inter-FID_same-name_kinematic-compatible. Different FIDs are records in this same NBMG compilation, not independent source confirmation."}}, {"type": "Feature", "geometry": {"type": "LineString", "coordinates": [[-118.56067, 38.06791], [-118.57291, 38.05423]]}, "properties": {"id": "T27-0250", "z": 3, "kind": "end-to-end", "gap_km": 1.86, "mutual": false, "strike": 36.254, "strike_compat": 0.506, "merged_km": 5.047, "base_overlap": 0.0, "fid_src": 1677, "fid_tgt": 1418, "name_src": "Unnamed faults near Teels Marsh", "name_tgt": "Unnamed faults near Teels Marsh", "num_src": "1303", "num_tgt": "1303", "ftype_src": "Well Constrained", "ftype_tgt": "Well Constrained", "mapscale_src": "250", "mapscale_tgt": "250", "same_fid": false, "same_name": true, "slipsense_src": "LL", "slipsense_tgt": "LL", "dipdirect_src": "Unspecified", "dipdirect_tgt": "NW", "kinematic_compat": true, "review_class": "H27-5b_inter-FID_same-name_kinematic-compatible", "setting_hint": "along-strike endpoint gap; assess continuation, relay, or cartographic segmentation", "third_system_contact": false, "bridge": true, "delta_P": 0.005855, "delta_largest_share": -2e-06, "delta_second_moment_km2": 20.3871, "connectivity_rank": 97, "nbmg_source_layer_url": "https://web2.nbmg.unr.edu/arcgis/rest/services/Qfaults/Qfaults_INGENIOUS/MapServer/0", "setting_context_url": "https://www.osti.gov/servlets/purl/1724082", "argument": "Closing this 1.9 km gap would join two currently disconnected mapped systems (1.5 km and 1.7 km) into one 5.0 km system. NBMG INGENIOUS vector attribution: inter-FID structural linkage within fault zone 'Unnamed faults near Teels Marsh' (NUM=1303), bridging FID=1677 (Well Constrained, SLIPSENSE=LL, DIPDIRECT=Unspecified) to FID=1418 (Well Constrained, SLIPSENSE=LL, DIPDIRECT=NW); kinematic_compat=True. Geometry: tip-to-tip along strike; one-sided; the tip points 17 deg off the link and 5 deg. The link strikes N36 E and 51% of the distance-weighted catalogued fault length within ~40 km lies within 20 deg of that strike (data-driven kinematic domain; no external stress model). Structural-setting label (geometry only; mapping to settings is ours): linkage/termination/step-over settings host ~25%/32% of characterised Great Basin geothermal systems (Faulds & Hinz 2015). Connectivity context: the catalogue network is near its critical connectivity (Berkowitz-style P=5.78 vs Pc 5.6-6.0 at the domain scale), where individual closures matter most, but Berkowitz et al. (2000) give ensemble statistics, not a verdict on this particular gap. Base coverage: 0% of its dots already lie within 300 m of the 0.2477 emission.  Graph value (Berkowitz et al. 2000 connectivity parameter, computed on the catalogue graph plus all 345 selected candidates with a=2.500 and D=1.566 held at their fitted values): this closure changes P by dP=+0.0059 (rank 97 of 345 by |dP|) and the largest-system share of total mapped fault length by -0.00000; the merged system would be 5.05 km long. It is a graph bridge: no other selected candidate joins these two sides, so this closure is what actually merges them. Status: validated on both 8-connected component holdout (0.293 vs 0.059 ctrl) and NBMG FID vector-trace holdout (0.100 vs 0.020 ctrl). Reviewer geometry cue only: along-strike endpoint gap; assess continuation, relay, or cartographic segmentation; this is not proof of a step-over or termination. Exclusive review class: H27-5b_inter-FID_same-name_kinematic-compatible. Different FIDs are records in this same NBMG compilation, not independent source confirmation."}}, {"type": "Feature", "geometry": {"type": "LineString", "coordinates": [[-117.13719, 40.06157], [-117.11727, 40.0688]]}, "properties": {"id": "T27-0252", "z": 3, "kind": "end-to-end", "gap_km": 1.879, "mutual": false, "strike": 64.799, "strike_compat": 0.162, "merged_km": 7.073, "base_overlap": 0.6, "fid_src": 862, "fid_tgt": 863, "name_src": "Shoshone Range fault zone", "name_tgt": "Shoshone Range fault zone", "num_src": "1148", "num_tgt": "1148", "ftype_src": "Well Constrained", "ftype_tgt": "Moderately Constrained", "mapscale_src": "250", "mapscale_tgt": "250", "same_fid": false, "same_name": true, "slipsense_src": "N", "slipsense_tgt": "N", "dipdirect_src": "NW", "dipdirect_tgt": "NW", "kinematic_compat": true, "review_class": "H27-5b_inter-FID_same-name_kinematic-compatible", "setting_hint": "along-strike endpoint gap; assess continuation, relay, or cartographic segmentation", "third_system_contact": false, "bridge": true, "delta_P": 0.0, "delta_largest_share": -2e-06, "delta_second_moment_km2": 31.4812, "connectivity_rank": 266, "nbmg_source_layer_url": "https://web2.nbmg.unr.edu/arcgis/rest/services/Qfaults/Qfaults_INGENIOUS/MapServer/0", "setting_context_url": "https://www.osti.gov/servlets/purl/1724082", "argument": "Closing this 1.9 km gap would join two currently disconnected mapped systems (4.2 km and 1.0 km) into one 7.1 km system. NBMG INGENIOUS vector attribution: inter-FID structural linkage within fault zone 'Shoshone Range fault zone' (NUM=1148), bridging FID=862 (Well Constrained, SLIPSENSE=N, DIPDIRECT=NW) to FID=863 (Moderately Constrained, SLIPSENSE=N, DIPDIRECT=NW); kinematic_compat=True. Geometry: tip-to-tip along strike; one-sided; the tip points 3 deg off the link and 33 deg. The link strikes N65 E and 16% of the distance-weighted catalogued fault length within ~40 km lies within 20 deg of that strike (data-driven kinematic domain; no external stress model). Structural-setting label (geometry only; mapping to settings is ours): linkage/termination/step-over settings host ~25%/32% of characterised Great Basin geothermal systems (Faulds & Hinz 2015). Connectivity context: the catalogue network is near its critical connectivity (Berkowitz-style P=5.78 vs Pc 5.6-6.0 at the domain scale), where individual closures matter most, but Berkowitz et al. (2000) give ensemble statistics, not a verdict on this particular gap. Base coverage: 60% of its dots already lie within 300 m of the 0.2477 emission.  Graph value (Berkowitz et al. 2000 connectivity parameter, computed on the catalogue graph plus all 345 selected candidates with a=2.500 and D=1.566 held at their fitted values): this closure changes P by dP=+0.0000 (rank 266 of 345 by |dP|) and the largest-system share of total mapped fault length by -0.00000; the merged system would be 7.07 km long. It is a graph bridge: no other selected candidate joins these two sides, so this closure is what actually merges them. Status: validated on both 8-connected component holdout (0.293 vs 0.059 ctrl) and NBMG FID vector-trace holdout (0.100 vs 0.020 ctrl). Reviewer geometry cue only: along-strike endpoint gap; assess continuation, relay, or cartographic segmentation; this is not proof of a step-over or termination. Exclusive review class: H27-5b_inter-FID_same-name_kinematic-compatible. Different FIDs are records in this same NBMG compilation, not independent source confirmation."}}, {"type": "Feature", "geometry": {"type": "LineString", "coordinates": [[-118.16772, 38.58796], [-118.18059, 38.60315]]}, "properties": {"id": "T27-0263", "z": 3, "kind": "end-to-end", "gap_km": 2.025, "mutual": false, "strike": 147.095, "strike_compat": 0.586, "merged_km": 7.819, "base_overlap": 0.4, "fid_src": 29, "fid_tgt": 33, "name_src": "Benton Spring fault", "name_tgt": "Benton Spring fault", "num_src": "1320", "num_tgt": "1320", "ftype_src": "Well Constrained", "ftype_tgt": "Moderately Constrained", "mapscale_src": "250", "mapscale_tgt": "250", "same_fid": false, "same_name": true, "slipsense_src": "RL", "slipsense_tgt": "RL", "dipdirect_src": "Unspecified", "dipdirect_tgt": "Unspecified", "kinematic_compat": true, "review_class": "H27-5b_inter-FID_same-name_kinematic-compatible", "setting_hint": "along-strike endpoint gap; assess continuation, relay, or cartographic segmentation", "third_system_contact": true, "bridge": true, "delta_P": 0.0, "delta_largest_share": -2e-06, "delta_second_moment_km2": 41.5183, "connectivity_rank": 237, "nbmg_source_layer_url": "https://web2.nbmg.unr.edu/arcgis/rest/services/Qfaults/Qfaults_INGENIOUS/MapServer/0", "setting_context_url": "https://www.osti.gov/servlets/purl/1724082", "argument": "Closing this 2.0 km gap would join two currently disconnected mapped systems (1.7 km and 4.1 km) into one 7.8 km system. NBMG INGENIOUS vector attribution: inter-FID structural linkage within fault zone 'Benton Spring fault' (NUM=1320), bridging FID=29 (Well Constrained, SLIPSENSE=RL, DIPDIRECT=Unspecified) to FID=33 (Moderately Constrained, SLIPSENSE=RL, DIPDIRECT=Unspecified); kinematic_compat=True. Geometry: tip-to-tip along strike; one-sided; the tip points 25 deg off the link and 12 deg. The link strikes N147 E and 59% of the distance-weighted catalogued fault length within ~40 km lies within 20 deg of that strike (data-driven kinematic domain; no external stress model). Structural-setting label (geometry only; mapping to settings is ours): linkage/termination/step-over settings host ~25%/32% of characterised Great Basin geothermal systems (Faulds & Hinz 2015). Connectivity context: the catalogue network is near its critical connectivity (Berkowitz-style P=5.78 vs Pc 5.6-6.0 at the domain scale), where individual closures matter most, but Berkowitz et al. (2000) give ensemble statistics, not a verdict on this particular gap. Base coverage: 40% of its dots already lie within 300 m of the 0.2477 emission. NOTE: the straight link passes within ~100 m of a THIRD mapped system (crossing/T-junction), so it is not a pure two-system gap; kept because it belongs to the validated rule.  Graph value (Berkowitz et al. 2000 connectivity parameter, computed on the catalogue graph plus all 345 selected candidates with a=2.500 and D=1.566 held at their fitted values): this closure changes P by dP=+0.0000 (rank 237 of 345 by |dP|) and the largest-system share of total mapped fault length by -0.00000; the merged system would be 7.82 km long. It is a graph bridge: no other selected candidate joins these two sides, so this closure is what actually merges them. Status: validated on both 8-connected component holdout (0.293 vs 0.059 ctrl) and NBMG FID vector-trace holdout (0.100 vs 0.020 ctrl). Reviewer geometry cue only: along-strike endpoint gap; assess continuation, relay, or cartographic segmentation; this is not proof of a step-over or termination. Exclusive review class: H27-5b_inter-FID_same-name_kinematic-compatible. Different FIDs are records in this same NBMG compilation, not independent source confirmation."}}, {"type": "Feature", "geometry": {"type": "LineString", "coordinates": [[-117.91095, 37.98102], [-117.90662, 37.99998]]}, "properties": {"id": "T27-0271", "z": 3, "kind": "tip-to-tip oblique", "gap_km": 2.138, "mutual": false, "strike": 10.784, "strike_compat": 0.434, "merged_km": 4.652, "base_overlap": 0.167, "fid_src": 346, "fid_tgt": 347, "name_src": "Emigrant Peak fault zone", "name_tgt": "Emigrant Peak fault zone", "num_src": "1329", "num_tgt": "1329", "ftype_src": "Well Constrained", "ftype_tgt": "Well Constrained", "mapscale_src": "250", "mapscale_tgt": "250", "same_fid": false, "same_name": true, "slipsense_src": "N", "slipsense_tgt": "N", "dipdirect_src": "Unspecified", "dipdirect_tgt": "Unspecified", "kinematic_compat": true, "review_class": "H27-5b_inter-FID_same-name_kinematic-compatible", "setting_hint": "oblique step-over-like geometry; verify overlap, slip sense, and relay direction", "third_system_contact": false, "bridge": true, "delta_P": 0.005855, "delta_largest_share": -2e-06, "delta_second_moment_km2": 18.48, "connectivity_rank": 101, "nbmg_source_layer_url": "https://web2.nbmg.unr.edu/arcgis/rest/services/Qfaults/Qfaults_INGENIOUS/MapServer/0", "setting_context_url": "https://www.osti.gov/servlets/purl/1724082", "argument": "Closing this 2.1 km gap would join two currently disconnected mapped systems (1.3 km and 1.2 km) into one 4.7 km system. NBMG INGENIOUS vector attribution: inter-FID structural linkage within fault zone 'Emigrant Peak fault zone' (NUM=1329), bridging FID=346 (Well Constrained, SLIPSENSE=N, DIPDIRECT=Unspecified) to FID=347 (Well Constrained, SLIPSENSE=N, DIPDIRECT=Unspecified); kinematic_compat=True. Geometry: oblique tip-to-tip (step-over-like); one-sided; the tip points 3 deg off the link and 47 deg. The link strikes N11 E and 43% of the distance-weighted catalogued fault length within ~40 km lies within 20 deg of that strike (data-driven kinematic domain; no external stress model). Structural-setting label (geometry only; mapping to settings is ours): linkage/termination/step-over settings host ~25%/32% of characterised Great Basin geothermal systems (Faulds & Hinz 2015). Connectivity context: the catalogue network is near its critical connectivity (Berkowitz-style P=5.78 vs Pc 5.6-6.0 at the domain scale), where individual closures matter most, but Berkowitz et al. (2000) give ensemble statistics, not a verdict on this particular gap. Base coverage: 17% of its dots already lie within 300 m of the 0.2477 emission.  Graph value (Berkowitz et al. 2000 connectivity parameter, computed on the catalogue graph plus all 345 selected candidates with a=2.500 and D=1.566 held at their fitted values): this closure changes P by dP=+0.0059 (rank 101 of 345 by |dP|) and the largest-system share of total mapped fault length by -0.00000; the merged system would be 4.65 km long. It is a graph bridge: no other selected candidate joins these two sides, so this closure is what actually merges them. Status: validated on both 8-connected component holdout (0.293 vs 0.059 ctrl) and NBMG FID vector-trace holdout (0.100 vs 0.020 ctrl). Reviewer geometry cue only: oblique step-over-like geometry; verify overlap, slip sense, and relay direction; this is not proof of a step-over or termination. Exclusive review class: H27-5b_inter-FID_same-name_kinematic-compatible. Different FIDs are records in this same NBMG compilation, not independent source confirmation."}}, {"type": "Feature", "geometry": {"type": "LineString", "coordinates": [[-117.90598, 38.50016], [-117.91424, 38.51902]]}, "properties": {"id": "T27-0276", "z": 3, "kind": "end-to-end", "gap_km": 2.214, "mutual": false, "strike": 161.565, "strike_compat": 0.608, "merged_km": 6.745, "base_overlap": 0.167, "fid_src": 599, "fid_tgt": 604, "name_src": "Monte Cristo Valley fault zone", "name_tgt": "Monte Cristo Valley fault zone", "num_src": "1325", "num_tgt": "1325", "ftype_src": "Well Constrained", "ftype_tgt": "Moderately Constrained", "mapscale_src": "250", "mapscale_tgt": "250", "same_fid": false, "same_name": true, "slipsense_src": "RL", "slipsense_tgt": "RL", "dipdirect_src": "Unspecified", "dipdirect_tgt": "Unspecified", "kinematic_compat": true, "review_class": "H27-5b_inter-FID_same-name_kinematic-compatible", "setting_hint": "along-strike endpoint gap; assess continuation, relay, or cartographic segmentation", "third_system_contact": false, "bridge": true, "delta_P": 0.0, "delta_largest_share": -2e-06, "delta_second_moment_km2": 51.826, "connectivity_rank": 220, "nbmg_source_layer_url": "https://web2.nbmg.unr.edu/arcgis/rest/services/Qfaults/Qfaults_INGENIOUS/MapServer/0", "setting_context_url": "https://www.osti.gov/servlets/purl/1724082", "argument": "Closing this 2.2 km gap would join two currently disconnected mapped systems (0.5 km and 4.0 km) into one 6.7 km system. NBMG INGENIOUS vector attribution: inter-FID structural linkage within fault zone 'Monte Cristo Valley fault zone' (NUM=1325), bridging FID=599 (Well Constrained, SLIPSENSE=RL, DIPDIRECT=Unspecified) to FID=604 (Moderately Constrained, SLIPSENSE=RL, DIPDIRECT=Unspecified); kinematic_compat=True. Geometry: tip-to-tip along strike; one-sided; the tip points 18 deg off the link and 32 deg. The link strikes N162 E and 61% of the distance-weighted catalogued fault length within ~40 km lies within 20 deg of that strike (data-driven kinematic domain; no external stress model). Structural-setting label (geometry only; mapping to settings is ours): linkage/termination/step-over settings host ~25%/32% of characterised Great Basin geothermal systems (Faulds & Hinz 2015). Connectivity context: the catalogue network is near its critical connectivity (Berkowitz-style P=5.78 vs Pc 5.6-6.0 at the domain scale), where individual closures matter most, but Berkowitz et al. (2000) give ensemble statistics, not a verdict on this particular gap. Base coverage: 17% of its dots already lie within 300 m of the 0.2477 emission.  Graph value (Berkowitz et al. 2000 connectivity parameter, computed on the catalogue graph plus all 345 selected candidates with a=2.500 and D=1.566 held at their fitted values): this closure changes P by dP=+0.0000 (rank 220 of 345 by |dP|) and the largest-system share of total mapped fault length by -0.00000; the merged system would be 6.74 km long. It is a graph bridge: no other selected candidate joins these two sides, so this closure is what actually merges them. Status: validated on both 8-connected component holdout (0.293 vs 0.059 ctrl) and NBMG FID vector-trace holdout (0.100 vs 0.020 ctrl). Reviewer geometry cue only: along-strike endpoint gap; assess continuation, relay, or cartographic segmentation; this is not proof of a step-over or termination. Exclusive review class: H27-5b_inter-FID_same-name_kinematic-compatible. Different FIDs are records in this same NBMG compilation, not independent source confirmation."}}, {"type": "Feature", "geometry": {"type": "LineString", "coordinates": [[-118.22378, 39.18122], [-118.22691, 39.16136]]}, "properties": {"id": "T27-0277", "z": 3, "kind": "tip-to-tip oblique", "gap_km": 2.22, "mutual": false, "strike": 7.765, "strike_compat": 0.534, "merged_km": 5.942, "base_overlap": 0.429, "fid_src": 1576, "fid_tgt": 1577, "name_src": "Western Fairview Peak fault", "name_tgt": "Western Fairview Peak fault", "num_src": "1686", "num_tgt": "1686", "ftype_src": "Well Constrained", "ftype_tgt": "Moderately Constrained", "mapscale_src": "250", "mapscale_tgt": "250", "same_fid": false, "same_name": true, "slipsense_src": "N", "slipsense_tgt": "N", "dipdirect_src": "Unspecified", "dipdirect_tgt": "Unspecified", "kinematic_compat": true, "review_class": "H27-5b_inter-FID_same-name_kinematic-compatible", "setting_hint": "oblique step-over-like geometry; verify overlap, slip sense, and relay direction", "third_system_contact": false, "bridge": true, "delta_P": 0.005855, "delta_largest_share": -2e-06, "delta_second_moment_km2": 28.3422, "connectivity_rank": 87, "nbmg_source_layer_url": "https://web2.nbmg.unr.edu/arcgis/rest/services/Qfaults/Qfaults_INGENIOUS/MapServer/0", "setting_context_url": "https://www.osti.gov/servlets/purl/1724082", "argument": "Closing this 2.2 km gap would join two currently disconnected mapped systems (1.7 km and 2.0 km) into one 5.9 km system. NBMG INGENIOUS vector attribution: inter-FID structural linkage within fault zone 'Western Fairview Peak fault' (NUM=1686), bridging FID=1576 (Well Constrained, SLIPSENSE=N, DIPDIRECT=Unspecified) to FID=1577 (Moderately Constrained, SLIPSENSE=N, DIPDIRECT=Unspecified); kinematic_compat=True. Geometry: oblique tip-to-tip (step-over-like); one-sided; the tip points 15 deg off the link and 41 deg. The link strikes N8 E and 53% of the distance-weighted catalogued fault length within ~40 km lies within 20 deg of that strike (data-driven kinematic domain; no external stress model). Structural-setting label (geometry only; mapping to settings is ours): linkage/termination/step-over settings host ~25%/32% of characterised Great Basin geothermal systems (Faulds & Hinz 2015). Connectivity context: the catalogue network is near its critical connectivity (Berkowitz-style P=5.78 vs Pc 5.6-6.0 at the domain scale), where individual closures matter most, but Berkowitz et al. (2000) give ensemble statistics, not a verdict on this particular gap. Base coverage: 43% of its dots already lie within 300 m of the 0.2477 emission.  Graph value (Berkowitz et al. 2000 connectivity parameter, computed on the catalogue graph plus all 345 selected candidates with a=2.500 and D=1.566 held at their fitted values): this closure changes P by dP=+0.0059 (rank 87 of 345 by |dP|) and the largest-system share of total mapped fault length by -0.00000; the merged system would be 5.94 km long. It is a graph bridge: no other selected candidate joins these two sides, so this closure is what actually merges them. Status: validated on both 8-connected component holdout (0.293 vs 0.059 ctrl) and NBMG FID vector-trace holdout (0.100 vs 0.020 ctrl). Reviewer geometry cue only: oblique step-over-like geometry; verify overlap, slip sense, and relay direction; this is not proof of a step-over or termination. Exclusive review class: H27-5b_inter-FID_same-name_kinematic-compatible. Different FIDs are records in this same NBMG compilation, not independent source confirmation."}}, {"type": "Feature", "geometry": {"type": "LineString", "coordinates": [[-118.99997, 39.11822], [-119.00519, 39.09831]]}, "properties": {"id": "T27-0278", "z": 3, "kind": "end-to-end", "gap_km": 2.256, "mutual": true, "strike": 12.804, "strike_compat": 0.152, "merged_km": 7.612, "base_overlap": 0.286, "fid_src": 1552, "fid_tgt": 1561, "name_src": "Wassuk Range fault zone", "name_tgt": "Wassuk Range fault zone", "num_src": "1300", "num_tgt": "1300", "ftype_src": "Well Constrained", "ftype_tgt": "Moderately Constrained", "mapscale_src": "250", "mapscale_tgt": "250", "same_fid": false, "same_name": true, "slipsense_src": "N", "slipsense_tgt": "N", "dipdirect_src": "Unspecified", "dipdirect_tgt": "Unspecified", "kinematic_compat": true, "review_class": "H27-5b_inter-FID_same-name_kinematic-compatible", "setting_hint": "along-strike endpoint gap; assess continuation, relay, or cartographic segmentation", "third_system_contact": false, "bridge": true, "delta_P": 0.0, "delta_largest_share": -2e-06, "delta_second_moment_km2": 42.4615, "connectivity_rank": 234, "nbmg_source_layer_url": "https://web2.nbmg.unr.edu/arcgis/rest/services/Qfaults/Qfaults_INGENIOUS/MapServer/0", "setting_context_url": "https://www.osti.gov/servlets/purl/1724082", "argument": "Closing this 2.3 km gap would join two currently disconnected mapped systems (1.9 km and 3.4 km) into one 7.6 km system. NBMG INGENIOUS vector attribution: inter-FID structural linkage within fault zone 'Wassuk Range fault zone' (NUM=1300), bridging FID=1552 (Well Constrained, SLIPSENSE=N, DIPDIRECT=Unspecified) to FID=1561 (Moderately Constrained, SLIPSENSE=N, DIPDIRECT=Unspecified); kinematic_compat=True. Geometry: tip-to-tip along strike; mutual nearest tips; the tip points 27 deg off the link and 8 deg. The link strikes N13 E and 15% of the distance-weighted catalogued fault length within ~40 km lies within 20 deg of that strike (data-driven kinematic domain; no external stress model). Structural-setting label (geometry only; mapping to settings is ours): linkage/termination/step-over settings host ~25%/32% of characterised Great Basin geothermal systems (Faulds & Hinz 2015). Connectivity context: the catalogue network is near its critical connectivity (Berkowitz-style P=5.78 vs Pc 5.6-6.0 at the domain scale), where individual closures matter most, but Berkowitz et al. (2000) give ensemble statistics, not a verdict on this particular gap. Base coverage: 29% of its dots already lie within 300 m of the 0.2477 emission.  Graph value (Berkowitz et al. 2000 connectivity parameter, computed on the catalogue graph plus all 345 selected candidates with a=2.500 and D=1.566 held at their fitted values): this closure changes P by dP=+0.0000 (rank 234 of 345 by |dP|) and the largest-system share of total mapped fault length by -0.00000; the merged system would be 7.61 km long. It is a graph bridge: no other selected candidate joins these two sides, so this closure is what actually merges them. Status: validated on both 8-connected component holdout (0.293 vs 0.059 ctrl) and NBMG FID vector-trace holdout (0.100 vs 0.020 ctrl). Reviewer geometry cue only: along-strike endpoint gap; assess continuation, relay, or cartographic segmentation; this is not proof of a step-over or termination. Exclusive review class: H27-5b_inter-FID_same-name_kinematic-compatible. Different FIDs are records in this same NBMG compilation, not independent source confirmation."}}, {"type": "Feature", "geometry": {"type": "LineString", "coordinates": [[-119.38926, 39.5127], [-119.41093, 39.50054]]}, "properties": {"id": "T27-0280", "z": 3, "kind": "end-to-end", "gap_km": 2.302, "mutual": true, "strike": 55.62, "strike_compat": 0.344, "merged_km": 7.789, "base_overlap": 0.667, "fid_src": 1193, "fid_tgt": 1192, "name_src": "Unnamed fault zone in Virginia Range", "name_tgt": "Unnamed fault zone in Virginia Range", "num_src": "1667", "num_tgt": "1667", "ftype_src": "Moderately Constrained", "ftype_tgt": "Well Constrained", "mapscale_src": "250", "mapscale_tgt": "250", "same_fid": false, "same_name": true, "slipsense_src": "N", "slipsense_tgt": "N", "dipdirect_src": "Unspecified", "dipdirect_tgt": "Unspecified", "kinematic_compat": true, "review_class": "H27-5b_inter-FID_same-name_kinematic-compatible", "setting_hint": "along-strike endpoint gap; assess continuation, relay, or cartographic segmentation", "third_system_contact": false, "bridge": true, "delta_P": -0.005855, "delta_largest_share": -2e-06, "delta_second_moment_km2": 45.3168, "connectivity_rank": 69, "nbmg_source_layer_url": "https://web2.nbmg.unr.edu/arcgis/rest/services/Qfaults/Qfaults_INGENIOUS/MapServer/0", "setting_context_url": "https://www.osti.gov/servlets/purl/1724082", "argument": "Closing this 2.3 km gap would join two currently disconnected mapped systems (3.1 km and 2.4 km) into one 7.8 km system. NBMG INGENIOUS vector attribution: inter-FID structural linkage within fault zone 'Unnamed fault zone in Virginia Range' (NUM=1667), bridging FID=1193 (Moderately Constrained, SLIPSENSE=N, DIPDIRECT=Unspecified) to FID=1192 (Well Constrained, SLIPSENSE=N, DIPDIRECT=Unspecified); kinematic_compat=True. Geometry: tip-to-tip along strike; mutual nearest tips; the tip points 20 deg off the link and 2 deg. The link strikes N56 E and 34% of the distance-weighted catalogued fault length within ~40 km lies within 20 deg of that strike (data-driven kinematic domain; no external stress model). Structural-setting label (geometry only; mapping to settings is ours): linkage/termination/step-over settings host ~25%/32% of characterised Great Basin geothermal systems (Faulds & Hinz 2015). Connectivity context: the catalogue network is near its critical connectivity (Berkowitz-style P=5.78 vs Pc 5.6-6.0 at the domain scale), where individual closures matter most, but Berkowitz et al. (2000) give ensemble statistics, not a verdict on this particular gap. Base coverage: 67% of its dots already lie within 300 m of the 0.2477 emission.  Graph value (Berkowitz et al. 2000 connectivity parameter, computed on the catalogue graph plus all 345 selected candidates with a=2.500 and D=1.566 held at their fitted values): this closure changes P by dP=-0.0059 (rank 69 of 345 by |dP|) and the largest-system share of total mapped fault length by -0.00000; the merged system would be 7.79 km long. It is a graph bridge: no other selected candidate joins these two sides, so this closure is what actually merges them. Status: validated on both 8-connected component holdout (0.293 vs 0.059 ctrl) and NBMG FID vector-trace holdout (0.100 vs 0.020 ctrl). Reviewer geometry cue only: along-strike endpoint gap; assess continuation, relay, or cartographic segmentation; this is not proof of a step-over or termination. Exclusive review class: H27-5b_inter-FID_same-name_kinematic-compatible. Different FIDs are records in this same NBMG compilation, not independent source confirmation."}}, {"type": "Feature", "geometry": {"type": "LineString", "coordinates": [[-119.27776, 39.80143], [-119.2785, 39.82394]]}, "properties": {"id": "T27-0288", "z": 3, "kind": "end-to-end", "gap_km": 2.5, "mutual": false, "strike": 0.0, "strike_compat": 0.381, "merged_km": 5.007, "base_overlap": 0.75, "fid_src": 1208, "fid_tgt": 1209, "name_src": "Unnamed fault zone near Little Valley", "name_tgt": "Unnamed fault zone near Little Valley", "num_src": "1670", "num_tgt": "1670", "ftype_src": "Well Constrained", "ftype_tgt": "Well Constrained", "mapscale_src": "250", "mapscale_tgt": "250", "same_fid": false, "same_name": true, "slipsense_src": "N", "slipsense_tgt": "N", "dipdirect_src": "Unspecified", "dipdirect_tgt": "Unspecified", "kinematic_compat": true, "review_class": "H27-5b_inter-FID_same-name_kinematic-compatible", "setting_hint": "along-strike endpoint gap; assess continuation, relay, or cartographic segmentation", "third_system_contact": false, "bridge": true, "delta_P": 0.0, "delta_largest_share": -3e-06, "delta_second_moment_km2": 56.8584, "connectivity_rank": 207, "nbmg_source_layer_url": "https://web2.nbmg.unr.edu/arcgis/rest/services/Qfaults/Qfaults_INGENIOUS/MapServer/0", "setting_context_url": "https://www.osti.gov/servlets/purl/1724082", "argument": "Closing this 2.5 km gap would join two currently disconnected mapped systems (1.7 km and 0.8 km) into one 5.0 km system. NBMG INGENIOUS vector attribution: inter-FID structural linkage within fault zone 'Unnamed fault zone near Little Valley' (NUM=1670), bridging FID=1208 (Well Constrained, SLIPSENSE=N, DIPDIRECT=Unspecified) to FID=1209 (Well Constrained, SLIPSENSE=N, DIPDIRECT=Unspecified); kinematic_compat=True. Geometry: tip-to-tip along strike; one-sided; the tip points 14 deg off the link and 0 deg. The link strikes N0 E and 38% of the distance-weighted catalogued fault length within ~40 km lies within 20 deg of that strike (data-driven kinematic domain; no external stress model). Structural-setting label (geometry only; mapping to settings is ours): linkage/termination/step-over settings host ~25%/32% of characterised Great Basin geothermal systems (Faulds & Hinz 2015). Connectivity context: the catalogue network is near its critical connectivity (Berkowitz-style P=5.78 vs Pc 5.6-6.0 at the domain scale), where individual closures matter most, but Berkowitz et al. (2000) give ensemble statistics, not a verdict on this particular gap. Base coverage: 75% of its dots already lie within 300 m of the 0.2477 emission.  Graph value (Berkowitz et al. 2000 connectivity parameter, computed on the catalogue graph plus all 345 selected candidates with a=2.500 and D=1.566 held at their fitted values): this closure changes P by dP=+0.0000 (rank 207 of 345 by |dP|) and the largest-system share of total mapped fault length by -0.00000; the merged system would be 5.01 km long. It is a graph bridge: no other selected candidate joins these two sides, so this closure is what actually merges them. Status: validated on both 8-connected component holdout (0.293 vs 0.059 ctrl) and NBMG FID vector-trace holdout (0.100 vs 0.020 ctrl). Reviewer geometry cue only: along-strike endpoint gap; assess continuation, relay, or cartographic segmentation; this is not proof of a step-over or termination. Exclusive review class: H27-5b_inter-FID_same-name_kinematic-compatible. Different FIDs are records in this same NBMG compilation, not independent source confirmation."}}, {"type": "Feature", "geometry": {"type": "LineString", "coordinates": [[-117.94718, 38.49353], [-117.94344, 38.47103]]}, "properties": {"id": "T27-0290", "z": 3, "kind": "end-to-end", "gap_km": 2.518, "mutual": false, "strike": 173.157, "strike_compat": 0.479, "merged_km": 8.178, "base_overlap": 0.0, "fid_src": 40, "fid_tgt": 42, "name_src": "Bettles Well-Petrified Springs fault", "name_tgt": "Bettles Well-Petrified Springs fault", "num_src": "1326", "num_tgt": "1326", "ftype_src": "Well Constrained", "ftype_tgt": "Moderately Constrained", "mapscale_src": "250", "mapscale_tgt": "250", "same_fid": false, "same_name": true, "slipsense_src": "RL", "slipsense_tgt": "RL", "dipdirect_src": "Unspecified", "dipdirect_tgt": "SW", "kinematic_compat": true, "review_class": "H27-5b_inter-FID_same-name_kinematic-compatible", "setting_hint": "along-strike endpoint gap; assess continuation, relay, or cartographic segmentation", "third_system_contact": false, "bridge": true, "delta_P": -0.005855, "delta_largest_share": -3e-06, "delta_second_moment_km2": 49.6597, "connectivity_rank": 65, "nbmg_source_layer_url": "https://web2.nbmg.unr.edu/arcgis/rest/services/Qfaults/Qfaults_INGENIOUS/MapServer/0", "setting_context_url": "https://www.osti.gov/servlets/purl/1724082", "argument": "Closing this 2.5 km gap would join two currently disconnected mapped systems (3.6 km and 2.1 km) into one 8.2 km system. NBMG INGENIOUS vector attribution: inter-FID structural linkage within fault zone 'Bettles Well-Petrified Springs fault' (NUM=1326), bridging FID=40 (Well Constrained, SLIPSENSE=RL, DIPDIRECT=Unspecified) to FID=42 (Moderately Constrained, SLIPSENSE=RL, DIPDIRECT=SW); kinematic_compat=True. Geometry: tip-to-tip along strike; one-sided; the tip points 14 deg off the link and 34 deg. The link strikes N173 E and 48% of the distance-weighted catalogued fault length within ~40 km lies within 20 deg of that strike (data-driven kinematic domain; no external stress model). Structural-setting label (geometry only; mapping to settings is ours): linkage/termination/step-over settings host ~25%/32% of characterised Great Basin geothermal systems (Faulds & Hinz 2015). Connectivity context: the catalogue network is near its critical connectivity (Berkowitz-style P=5.78 vs Pc 5.6-6.0 at the domain scale), where individual closures matter most, but Berkowitz et al. (2000) give ensemble statistics, not a verdict on this particular gap. Base coverage: 0% of its dots already lie within 300 m of the 0.2477 emission.  Graph value (Berkowitz et al. 2000 connectivity parameter, computed on the catalogue graph plus all 345 selected candidates with a=2.500 and D=1.566 held at their fitted values): this closure changes P by dP=-0.0059 (rank 65 of 345 by |dP|) and the largest-system share of total mapped fault length by -0.00000; the merged system would be 8.18 km long. It is a graph bridge: no other selected candidate joins these two sides, so this closure is what actually merges them. Status: validated on both 8-connected component holdout (0.293 vs 0.059 ctrl) and NBMG FID vector-trace holdout (0.100 vs 0.020 ctrl). Reviewer geometry cue only: along-strike endpoint gap; assess continuation, relay, or cartographic segmentation; this is not proof of a step-over or termination. Exclusive review class: H27-5b_inter-FID_same-name_kinematic-compatible. Different FIDs are records in this same NBMG compilation, not independent source confirmation."}}, {"type": "Feature", "geometry": {"type": "LineString", "coordinates": [[-117.39511, 40.45739], [-117.3787, 40.47636]]}, "properties": {"id": "T27-0291", "z": 3, "kind": "end-to-end", "gap_km": 2.524, "mutual": false, "strike": 33.69, "strike_compat": 0.437, "merged_km": 6.735, "base_overlap": 0.0, "fid_src": 82, "fid_tgt": 83, "name_src": "Buffalo Valley fault zone", "name_tgt": "Buffalo Valley fault zone", "num_src": "1140", "num_tgt": "1140", "ftype_src": "Well Constrained", "ftype_tgt": "Moderately Constrained", "mapscale_src": "250", "mapscale_tgt": "250", "same_fid": false, "same_name": true, "slipsense_src": "N", "slipsense_tgt": "N", "dipdirect_src": "E", "dipdirect_tgt": "E", "kinematic_compat": true, "review_class": "H27-5b_inter-FID_same-name_kinematic-compatible", "setting_hint": "along-strike endpoint gap; assess continuation, relay, or cartographic segmentation", "third_system_contact": false, "bridge": true, "delta_P": 0.0, "delta_largest_share": -3e-06, "delta_second_moment_km2": 33.622, "connectivity_rank": 258, "nbmg_source_layer_url": "https://web2.nbmg.unr.edu/arcgis/rest/services/Qfaults/Qfaults_INGENIOUS/MapServer/0", "setting_context_url": "https://www.osti.gov/servlets/purl/1724082", "argument": "Closing this 2.5 km gap would join two currently disconnected mapped systems (3.3 km and 0.9 km) into one 6.7 km system. NBMG INGENIOUS vector attribution: inter-FID structural linkage within fault zone 'Buffalo Valley fault zone' (NUM=1140), bridging FID=82 (Well Constrained, SLIPSENSE=N, DIPDIRECT=E) to FID=83 (Moderately Constrained, SLIPSENSE=N, DIPDIRECT=E); kinematic_compat=True. Geometry: tip-to-tip along strike; one-sided; the tip points 23 deg off the link and 21 deg. The link strikes N34 E and 44% of the distance-weighted catalogued fault length within ~40 km lies within 20 deg of that strike (data-driven kinematic domain; no external stress model). Structural-setting label (geometry only; mapping to settings is ours): linkage/termination/step-over settings host ~25%/32% of characterised Great Basin geothermal systems (Faulds & Hinz 2015). Connectivity context: the catalogue network is near its critical connectivity (Berkowitz-style P=5.78 vs Pc 5.6-6.0 at the domain scale), where individual closures matter most, but Berkowitz et al. (2000) give ensemble statistics, not a verdict on this particular gap. Base coverage: 0% of its dots already lie within 300 m of the 0.2477 emission.  Graph value (Berkowitz et al. 2000 connectivity parameter, computed on the catalogue graph plus all 345 selected candidates with a=2.500 and D=1.566 held at their fitted values): this closure changes P by dP=+0.0000 (rank 258 of 345 by |dP|) and the largest-system share of total mapped fault length by -0.00000; the merged system would be 6.74 km long. It is a graph bridge: no other selected candidate joins these two sides, so this closure is what actually merges them. Status: validated on both 8-connected component holdout (0.293 vs 0.059 ctrl) and NBMG FID vector-trace holdout (0.100 vs 0.020 ctrl). Reviewer geometry cue only: along-strike endpoint gap; assess continuation, relay, or cartographic segmentation; this is not proof of a step-over or termination. Exclusive review class: H27-5b_inter-FID_same-name_kinematic-compatible. Different FIDs are records in this same NBMG compilation, not independent source confirmation."}}, {"type": "Feature", "geometry": {"type": "LineString", "coordinates": [[-118.22331, 39.4209], [-118.20738, 39.43999]]}, "properties": {"id": "T27-0292", "z": 3, "kind": "end-to-end", "gap_km": 2.524, "mutual": false, "strike": 33.69, "strike_compat": 0.465, "merged_km": 6.162, "base_overlap": 0.667, "fid_src": 191, "fid_tgt": 189, "name_src": "Dixie Valley fault zone, \"1954\" section", "name_tgt": "Dixie Valley fault zone, \"1954\" section", "num_src": "1687b", "num_tgt": "1687b", "ftype_src": "Well Constrained", "ftype_tgt": "Well Constrained", "mapscale_src": "250", "mapscale_tgt": "250", "same_fid": false, "same_name": true, "slipsense_src": "N", "slipsense_tgt": "N", "dipdirect_src": "Unspecified", "dipdirect_tgt": "Unspecified", "kinematic_compat": true, "review_class": "H27-5b_inter-FID_same-name_kinematic-compatible", "setting_hint": "along-strike endpoint gap; assess continuation, relay, or cartographic segmentation", "third_system_contact": false, "bridge": true, "delta_P": 0.0, "delta_largest_share": -3e-06, "delta_second_moment_km2": 31.1606, "connectivity_rank": 269, "nbmg_source_layer_url": "https://web2.nbmg.unr.edu/arcgis/rest/services/Qfaults/Qfaults_INGENIOUS/MapServer/0", "setting_context_url": "https://www.osti.gov/servlets/purl/1724082", "argument": "Closing this 2.5 km gap would join two currently disconnected mapped systems (2.1 km and 1.5 km) into one 6.2 km system. NBMG INGENIOUS vector attribution: inter-FID structural linkage within fault zone 'Dixie Valley fault zone, \"1954\" section' (NUM=1687b), bridging FID=191 (Well Constrained, SLIPSENSE=N, DIPDIRECT=Unspecified) to FID=189 (Well Constrained, SLIPSENSE=N, DIPDIRECT=Unspecified); kinematic_compat=True. Geometry: tip-to-tip along strike; one-sided; the tip points 20 deg off the link and 7 deg. The link strikes N34 E and 47% of the distance-weighted catalogued fault length within ~40 km lies within 20 deg of that strike (data-driven kinematic domain; no external stress model). Structural-setting label (geometry only; mapping to settings is ours): linkage/termination/step-over settings host ~25%/32% of characterised Great Basin geothermal systems (Faulds & Hinz 2015). Connectivity context: the catalogue network is near its critical connectivity (Berkowitz-style P=5.78 vs Pc 5.6-6.0 at the domain scale), where individual closures matter most, but Berkowitz et al. (2000) give ensemble statistics, not a verdict on this particular gap. Base coverage: 67% of its dots already lie within 300 m of the 0.2477 emission.  Graph value (Berkowitz et al. 2000 connectivity parameter, computed on the catalogue graph plus all 345 selected candidates with a=2.500 and D=1.566 held at their fitted values): this closure changes P by dP=+0.0000 (rank 269 of 345 by |dP|) and the largest-system share of total mapped fault length by -0.00000; the merged system would be 6.16 km long. It is a graph bridge: no other selected candidate joins these two sides, so this closure is what actually merges them. Status: validated on both 8-connected component holdout (0.293 vs 0.059 ctrl) and NBMG FID vector-trace holdout (0.100 vs 0.020 ctrl). Reviewer geometry cue only: along-strike endpoint gap; assess continuation, relay, or cartographic segmentation; this is not proof of a step-over or termination. Exclusive review class: H27-5b_inter-FID_same-name_kinematic-compatible. Different FIDs are records in this same NBMG compilation, not independent source confirmation."}}, {"type": "Feature", "geometry": {"type": "LineString", "coordinates": [[-118.38031, 40.18857], [-118.37984, 40.16515]]}, "properties": {"id": "T27-0295", "z": 3, "kind": "end-to-end", "gap_km": 2.6, "mutual": false, "strike": 0.0, "strike_compat": 0.451, "merged_km": 9.128, "base_overlap": 0.25, "fid_src": 1581, "fid_tgt": 1582, "name_src": "Western Humboldt Range fault zone", "name_tgt": "Western Humboldt Range fault zone", "num_src": "1635", "num_tgt": "1635", "ftype_src": "Well Constrained", "ftype_tgt": "Well Constrained", "mapscale_src": "250", "mapscale_tgt": "250", "same_fid": false, "same_name": true, "slipsense_src": "N", "slipsense_tgt": "N", "dipdirect_src": "W", "dipdirect_tgt": "W", "kinematic_compat": true, "review_class": "H27-5b_inter-FID_same-name_kinematic-compatible", "setting_hint": "along-strike endpoint gap; assess continuation, relay, or cartographic segmentation", "third_system_contact": false, "bridge": true, "delta_P": 0.0, "delta_largest_share": -3e-06, "delta_second_moment_km2": 52.8592, "connectivity_rank": 215, "nbmg_source_layer_url": "https://web2.nbmg.unr.edu/arcgis/rest/services/Qfaults/Qfaults_INGENIOUS/MapServer/0", "setting_context_url": "https://www.osti.gov/servlets/purl/1724082", "argument": "Closing this 2.6 km gap would join two currently disconnected mapped systems (5.4 km and 1.1 km) into one 9.1 km system. NBMG INGENIOUS vector attribution: inter-FID structural linkage within fault zone 'Western Humboldt Range fault zone' (NUM=1635), bridging FID=1581 (Well Constrained, SLIPSENSE=N, DIPDIRECT=W) to FID=1582 (Well Constrained, SLIPSENSE=N, DIPDIRECT=W); kinematic_compat=True. Geometry: tip-to-tip along strike; one-sided; the tip points 14 deg off the link and 14 deg. The link strikes N0 E and 45% of the distance-weighted catalogued fault length within ~40 km lies within 20 deg of that strike (data-driven kinematic domain; no external stress model). Structural-setting label (geometry only; mapping to settings is ours): linkage/termination/step-over settings host ~25%/32% of characterised Great Basin geothermal systems (Faulds & Hinz 2015). Connectivity context: the catalogue network is near its critical connectivity (Berkowitz-style P=5.78 vs Pc 5.6-6.0 at the domain scale), where individual closures matter most, but Berkowitz et al. (2000) give ensemble statistics, not a verdict on this particular gap. Base coverage: 25% of its dots already lie within 300 m of the 0.2477 emission.  Graph value (Berkowitz et al. 2000 connectivity parameter, computed on the catalogue graph plus all 345 selected candidates with a=2.500 and D=1.566 held at their fitted values): this closure changes P by dP=+0.0000 (rank 215 of 345 by |dP|) and the largest-system share of total mapped fault length by -0.00000; the merged system would be 9.13 km long. It is a graph bridge: no other selected candidate joins these two sides, so this closure is what actually merges them. Status: validated on both 8-connected component holdout (0.293 vs 0.059 ctrl) and NBMG FID vector-trace holdout (0.100 vs 0.020 ctrl). Reviewer geometry cue only: along-strike endpoint gap; assess continuation, relay, or cartographic segmentation; this is not proof of a step-over or termination. Exclusive review class: H27-5b_inter-FID_same-name_kinematic-compatible. Different FIDs are records in this same NBMG compilation, not independent source confirmation."}}, {"type": "Feature", "geometry": {"type": "LineString", "coordinates": [[-118.11963, 38.89121], [-118.12501, 38.86683]]}, "properties": {"id": "T27-0305", "z": 3, "kind": "end-to-end", "gap_km": 2.746, "mutual": true, "strike": 10.491, "strike_compat": 0.368, "merged_km": 8.491, "base_overlap": 0.0, "fid_src": 1302, "fid_tgt": 1305, "name_src": "Unnamed faults in Gabbs Valley", "name_tgt": "Unnamed faults in Gabbs Valley", "num_src": "1313", "num_tgt": "1313", "ftype_src": "Well Constrained", "ftype_tgt": "Moderately Constrained", "mapscale_src": "250", "mapscale_tgt": "250", "same_fid": false, "same_name": true, "slipsense_src": "N", "slipsense_tgt": "N", "dipdirect_src": "Unspecified", "dipdirect_tgt": "Unspecified", "kinematic_compat": true, "review_class": "H27-5b_inter-FID_same-name_kinematic-compatible", "setting_hint": "along-strike endpoint gap; assess continuation, relay, or cartographic segmentation", "third_system_contact": false, "bridge": true, "delta_P": 0.0, "delta_largest_share": -3e-06, "delta_second_moment_km2": 54.0407, "connectivity_rank": 212, "nbmg_source_layer_url": "https://web2.nbmg.unr.edu/arcgis/rest/services/Qfaults/Qfaults_INGENIOUS/MapServer/0", "setting_context_url": "https://www.osti.gov/servlets/purl/1724082", "argument": "Closing this 2.7 km gap would join two currently disconnected mapped systems (3.8 km and 2.0 km) into one 8.5 km system. NBMG INGENIOUS vector attribution: inter-FID structural linkage within fault zone 'Unnamed faults in Gabbs Valley' (NUM=1313), bridging FID=1302 (Well Constrained, SLIPSENSE=N, DIPDIRECT=Unspecified) to FID=1305 (Moderately Constrained, SLIPSENSE=N, DIPDIRECT=Unspecified); kinematic_compat=True. Geometry: tip-to-tip along strike; mutual nearest tips; the tip points 10 deg off the link and 16 deg. The link strikes N10 E and 37% of the distance-weighted catalogued fault length within ~40 km lies within 20 deg of that strike (data-driven kinematic domain; no external stress model). Structural-setting label (geometry only; mapping to settings is ours): linkage/termination/step-over settings host ~25%/32% of characterised Great Basin geothermal systems (Faulds & Hinz 2015). Connectivity context: the catalogue network is near its critical connectivity (Berkowitz-style P=5.78 vs Pc 5.6-6.0 at the domain scale), where individual closures matter most, but Berkowitz et al. (2000) give ensemble statistics, not a verdict on this particular gap. Base coverage: 0% of its dots already lie within 300 m of the 0.2477 emission.  Graph value (Berkowitz et al. 2000 connectivity parameter, computed on the catalogue graph plus all 345 selected candidates with a=2.500 and D=1.566 held at their fitted values): this closure changes P by dP=+0.0000 (rank 212 of 345 by |dP|) and the largest-system share of total mapped fault length by -0.00000; the merged system would be 8.49 km long. It is a graph bridge: no other selected candidate joins these two sides, so this closure is what actually merges them. Status: validated on both 8-connected component holdout (0.293 vs 0.059 ctrl) and NBMG FID vector-trace holdout (0.100 vs 0.020 ctrl). Reviewer geometry cue only: along-strike endpoint gap; assess continuation, relay, or cartographic segmentation; this is not proof of a step-over or termination. Exclusive review class: H27-5b_inter-FID_same-name_kinematic-compatible. Different FIDs are records in this same NBMG compilation, not independent source confirmation."}}, {"type": "Feature", "geometry": {"type": "LineString", "coordinates": [[-118.45074, 39.63182], [-118.45477, 39.657]]}, "properties": {"id": "T27-0307", "z": 3, "kind": "end-to-end", "gap_km": 2.816, "mutual": false, "strike": 173.884, "strike_compat": 0.418, "merged_km": 4.54, "base_overlap": 0.0, "fid_src": 774, "fid_tgt": 776, "name_src": "Rainbow Mountain fault zone", "name_tgt": "Rainbow Mountain fault zone", "num_src": "1679", "num_tgt": "1679", "ftype_src": "Well Constrained", "ftype_tgt": "Moderately Constrained", "mapscale_src": "250", "mapscale_tgt": "250", "same_fid": false, "same_name": true, "slipsense_src": "RL", "slipsense_tgt": "RL", "dipdirect_src": "Unspecified", "dipdirect_tgt": "Unspecified", "kinematic_compat": true, "review_class": "H27-5b_inter-FID_same-name_kinematic-compatible", "setting_hint": "along-strike endpoint gap; assess continuation, relay, or cartographic segmentation", "third_system_contact": false, "bridge": true, "delta_P": 0.005855, "delta_largest_share": -3e-06, "delta_second_moment_km2": 19.1268, "connectivity_rank": 99, "nbmg_source_layer_url": "https://web2.nbmg.unr.edu/arcgis/rest/services/Qfaults/Qfaults_INGENIOUS/MapServer/0", "setting_context_url": "https://www.osti.gov/servlets/purl/1724082", "argument": "Closing this 2.8 km gap would join two currently disconnected mapped systems (0.9 km and 0.8 km) into one 4.5 km system. NBMG INGENIOUS vector attribution: inter-FID structural linkage within fault zone 'Rainbow Mountain fault zone' (NUM=1679), bridging FID=774 (Well Constrained, SLIPSENSE=RL, DIPDIRECT=Unspecified) to FID=776 (Moderately Constrained, SLIPSENSE=RL, DIPDIRECT=Unspecified); kinematic_compat=True. Geometry: tip-to-tip along strike; one-sided; the tip points 20 deg off the link and 13 deg. The link strikes N174 E and 42% of the distance-weighted catalogued fault length within ~40 km lies within 20 deg of that strike (data-driven kinematic domain; no external stress model). Structural-setting label (geometry only; mapping to settings is ours): linkage/termination/step-over settings host ~25%/32% of characterised Great Basin geothermal systems (Faulds & Hinz 2015). Connectivity context: the catalogue network is near its critical connectivity (Berkowitz-style P=5.78 vs Pc 5.6-6.0 at the domain scale), where individual closures matter most, but Berkowitz et al. (2000) give ensemble statistics, not a verdict on this particular gap. Base coverage: 0% of its dots already lie within 300 m of the 0.2477 emission.  Graph value (Berkowitz et al. 2000 connectivity parameter, computed on the catalogue graph plus all 345 selected candidates with a=2.500 and D=1.566 held at their fitted values): this closure changes P by dP=+0.0059 (rank 99 of 345 by |dP|) and the largest-system share of total mapped fault length by -0.00000; the merged system would be 4.54 km long. It is a graph bridge: no other selected candidate joins these two sides, so this closure is what actually merges them. Status: validated on both 8-connected component holdout (0.293 vs 0.059 ctrl) and NBMG FID vector-trace holdout (0.100 vs 0.020 ctrl). Reviewer geometry cue only: along-strike endpoint gap; assess continuation, relay, or cartographic segmentation; this is not proof of a step-over or termination. Exclusive review class: H27-5b_inter-FID_same-name_kinematic-compatible. Different FIDs are records in this same NBMG compilation, not independent source confirmation."}}, {"type": "Feature", "geometry": {"type": "LineString", "coordinates": [[-118.83393, 39.80209], [-118.8391, 39.77678]]}, "properties": {"id": "T27-0309", "z": 3, "kind": "end-to-end", "gap_km": 2.844, "mutual": true, "strike": 10.125, "strike_compat": 0.492, "merged_km": 9.738, "base_overlap": 0.222, "fid_src": 442, "fid_tgt": 443, "name_src": "Hot Springs Mountain fault zone", "name_tgt": "Hot Springs Mountain fault zone", "num_src": "1673", "num_tgt": "1673", "ftype_src": "Well Constrained", "ftype_tgt": "Well Constrained", "mapscale_src": "250", "mapscale_tgt": "250", "same_fid": false, "same_name": true, "slipsense_src": "N", "slipsense_tgt": "N", "dipdirect_src": "SE", "dipdirect_tgt": "SE", "kinematic_compat": true, "review_class": "H27-5b_inter-FID_same-name_kinematic-compatible", "setting_hint": "along-strike endpoint gap; assess continuation, relay, or cartographic segmentation", "third_system_contact": false, "bridge": true, "delta_P": -0.005855, "delta_largest_share": -3e-06, "delta_second_moment_km2": 127.0406, "connectivity_rank": 28, "nbmg_source_layer_url": "https://web2.nbmg.unr.edu/arcgis/rest/services/Qfaults/Qfaults_INGENIOUS/MapServer/0", "setting_context_url": "https://www.osti.gov/servlets/purl/1724082", "argument": "Closing this 2.8 km gap would join two currently disconnected mapped systems (3.7 km and 3.2 km) into one 9.7 km system. NBMG INGENIOUS vector attribution: inter-FID structural linkage within fault zone 'Hot Springs Mountain fault zone' (NUM=1673), bridging FID=442 (Well Constrained, SLIPSENSE=N, DIPDIRECT=SE) to FID=443 (Well Constrained, SLIPSENSE=N, DIPDIRECT=SE); kinematic_compat=True. Geometry: tip-to-tip along strike; mutual nearest tips; the tip points 22 deg off the link and 4 deg. The link strikes N10 E and 49% of the distance-weighted catalogued fault length within ~40 km lies within 20 deg of that strike (data-driven kinematic domain; no external stress model). Structural-setting label (geometry only; mapping to settings is ours): linkage/termination/step-over settings host ~25%/32% of characterised Great Basin geothermal systems (Faulds & Hinz 2015). Connectivity context: the catalogue network is near its critical connectivity (Berkowitz-style P=5.78 vs Pc 5.6-6.0 at the domain scale), where individual closures matter most, but Berkowitz et al. (2000) give ensemble statistics, not a verdict on this particular gap. Base coverage: 22% of its dots already lie within 300 m of the 0.2477 emission.  Graph value (Berkowitz et al. 2000 connectivity parameter, computed on the catalogue graph plus all 345 selected candidates with a=2.500 and D=1.566 held at their fitted values): this closure changes P by dP=-0.0059 (rank 28 of 345 by |dP|) and the largest-system share of total mapped fault length by -0.00000; the merged system would be 9.74 km long. It is a graph bridge: no other selected candidate joins these two sides, so this closure is what actually merges them. Status: validated on both 8-connected component holdout (0.293 vs 0.059 ctrl) and NBMG FID vector-trace holdout (0.100 vs 0.020 ctrl). Reviewer geometry cue only: along-strike endpoint gap; assess continuation, relay, or cartographic segmentation; this is not proof of a step-over or termination. Exclusive review class: H27-5b_inter-FID_same-name_kinematic-compatible. Different FIDs are records in this same NBMG compilation, not independent source confirmation."}}, {"type": "Feature", "geometry": {"type": "LineString", "coordinates": [[-118.93354, 39.93831], [-118.95998, 39.92165]]}, "properties": {"id": "T27-0313", "z": 3, "kind": "end-to-end", "gap_km": 2.921, "mutual": false, "strike": 51.953, "strike_compat": 0.294, "merged_km": 5.818, "base_overlap": 1.0, "fid_src": 1233, "fid_tgt": 1232, "name_src": "Unnamed fault zone on northwest side of Trinity Range", "name_tgt": "Unnamed fault zone on northwest side of Trinity Range", "num_src": "1678", "num_tgt": "1678", "ftype_src": "Well Constrained", "ftype_tgt": "Well Constrained", "mapscale_src": "250", "mapscale_tgt": "250", "same_fid": false, "same_name": true, "slipsense_src": "N", "slipsense_tgt": "N", "dipdirect_src": "Unspecified", "dipdirect_tgt": "Unspecified", "kinematic_compat": true, "review_class": "H27-5b_inter-FID_same-name_kinematic-compatible", "setting_hint": "along-strike endpoint gap; assess continuation, relay, or cartographic segmentation", "third_system_contact": false, "bridge": true, "delta_P": 0.0, "delta_largest_share": -3e-06, "delta_second_moment_km2": 94.6229, "connectivity_rank": 172, "nbmg_source_layer_url": "https://web2.nbmg.unr.edu/arcgis/rest/services/Qfaults/Qfaults_INGENIOUS/MapServer/0", "setting_context_url": "https://www.osti.gov/servlets/purl/1724082", "argument": "Closing this 2.9 km gap would join two currently disconnected mapped systems (1.1 km and 1.8 km) into one 5.8 km system. NBMG INGENIOUS vector attribution: inter-FID structural linkage within fault zone 'Unnamed fault zone on northwest side of Trinity Range' (NUM=1678), bridging FID=1233 (Well Constrained, SLIPSENSE=N, DIPDIRECT=Unspecified) to FID=1232 (Well Constrained, SLIPSENSE=N, DIPDIRECT=Unspecified); kinematic_compat=True. Geometry: tip-to-tip along strike; one-sided; the tip points 7 deg off the link and 17 deg. The link strikes N52 E and 29% of the distance-weighted catalogued fault length within ~40 km lies within 20 deg of that strike (data-driven kinematic domain; no external stress model). Structural-setting label (geometry only; mapping to settings is ours): linkage/termination/step-over settings host ~25%/32% of characterised Great Basin geothermal systems (Faulds & Hinz 2015). Connectivity context: the catalogue network is near its critical connectivity (Berkowitz-style P=5.78 vs Pc 5.6-6.0 at the domain scale), where individual closures matter most, but Berkowitz et al. (2000) give ensemble statistics, not a verdict on this particular gap. Base coverage: 100% of its dots already lie within 300 m of the 0.2477 emission.  Graph value (Berkowitz et al. 2000 connectivity parameter, computed on the catalogue graph plus all 345 selected candidates with a=2.500 and D=1.566 held at their fitted values): this closure changes P by dP=+0.0000 (rank 172 of 345 by |dP|) and the largest-system share of total mapped fault length by -0.00000; the merged system would be 5.82 km long. It is a graph bridge: no other selected candidate joins these two sides, so this closure is what actually merges them. Status: validated on both 8-connected component holdout (0.293 vs 0.059 ctrl) and NBMG FID vector-trace holdout (0.100 vs 0.020 ctrl). Reviewer geometry cue only: along-strike endpoint gap; assess continuation, relay, or cartographic segmentation; this is not proof of a step-over or termination. Exclusive review class: H27-5b_inter-FID_same-name_kinematic-compatible. Different FIDs are records in this same NBMG compilation, not independent source confirmation."}}, {"type": "Feature", "geometry": {"type": "LineString", "coordinates": [[-118.45571, 39.53536], [-118.43169, 39.55548]]}, "properties": {"id": "T27-0317", "z": 3, "kind": "end-to-end", "gap_km": 3.041, "mutual": false, "strike": 43.668, "strike_compat": 0.24, "merged_km": 6.014, "base_overlap": 0.0, "fid_src": 775, "fid_tgt": 774, "name_src": "Rainbow Mountain fault zone", "name_tgt": "Rainbow Mountain fault zone", "num_src": "1679", "num_tgt": "1679", "ftype_src": "Well Constrained", "ftype_tgt": "Well Constrained", "mapscale_src": "250", "mapscale_tgt": "250", "same_fid": false, "same_name": true, "slipsense_src": "RL", "slipsense_tgt": "RL", "dipdirect_src": "Unspecified", "dipdirect_tgt": "Unspecified", "kinematic_compat": true, "review_class": "H27-5b_inter-FID_same-name_kinematic-compatible", "setting_hint": "along-strike endpoint gap; assess continuation, relay, or cartographic segmentation", "third_system_contact": false, "bridge": true, "delta_P": 0.0, "delta_largest_share": -3e-06, "delta_second_moment_km2": 30.981, "connectivity_rank": 271, "nbmg_source_layer_url": "https://web2.nbmg.unr.edu/arcgis/rest/services/Qfaults/Qfaults_INGENIOUS/MapServer/0", "setting_context_url": "https://www.osti.gov/servlets/purl/1724082", "argument": "Closing this 3.0 km gap would join two currently disconnected mapped systems (0.9 km and 2.1 km) into one 6.0 km system. NBMG INGENIOUS vector attribution: inter-FID structural linkage within fault zone 'Rainbow Mountain fault zone' (NUM=1679), bridging FID=775 (Well Constrained, SLIPSENSE=RL, DIPDIRECT=Unspecified) to FID=774 (Well Constrained, SLIPSENSE=RL, DIPDIRECT=Unspecified); kinematic_compat=True. Geometry: tip-to-tip along strike; one-sided; the tip points 14 deg off the link and 32 deg. The link strikes N44 E and 24% of the distance-weighted catalogued fault length within ~40 km lies within 20 deg of that strike (data-driven kinematic domain; no external stress model). Structural-setting label (geometry only; mapping to settings is ours): linkage/termination/step-over settings host ~25%/32% of characterised Great Basin geothermal systems (Faulds & Hinz 2015). Connectivity context: the catalogue network is near its critical connectivity (Berkowitz-style P=5.78 vs Pc 5.6-6.0 at the domain scale), where individual closures matter most, but Berkowitz et al. (2000) give ensemble statistics, not a verdict on this particular gap. Base coverage: 0% of its dots already lie within 300 m of the 0.2477 emission.  Graph value (Berkowitz et al. 2000 connectivity parameter, computed on the catalogue graph plus all 345 selected candidates with a=2.500 and D=1.566 held at their fitted values): this closure changes P by dP=+0.0000 (rank 271 of 345 by |dP|) and the largest-system share of total mapped fault length by -0.00000; the merged system would be 6.01 km long. It is a graph bridge: no other selected candidate joins these two sides, so this closure is what actually merges them. Status: validated on both 8-connected component holdout (0.293 vs 0.059 ctrl) and NBMG FID vector-trace holdout (0.100 vs 0.020 ctrl). Reviewer geometry cue only: along-strike endpoint gap; assess continuation, relay, or cartographic segmentation; this is not proof of a step-over or termination. Exclusive review class: H27-5b_inter-FID_same-name_kinematic-compatible. Different FIDs are records in this same NBMG compilation, not independent source confirmation."}}, {"type": "Feature", "geometry": {"type": "LineString", "coordinates": [[-117.98487, 38.73473], [-118.00526, 38.71202]]}, "properties": {"id": "T27-0320", "z": 3, "kind": "end-to-end", "gap_km": 3.081, "mutual": true, "strike": 35.754, "strike_compat": 0.19, "merged_km": 4.605, "base_overlap": 0.75, "fid_src": 1196, "fid_tgt": 1198, "name_src": "Unnamed fault zone in southeastern Gabbs Valley Range", "name_tgt": "Unnamed fault zone in southeastern Gabbs Valley Range", "num_src": "1323", "num_tgt": "1323", "ftype_src": "Well Constrained", "ftype_tgt": "Moderately Constrained", "mapscale_src": "250", "mapscale_tgt": "250", "same_fid": false, "same_name": true, "slipsense_src": "N", "slipsense_tgt": "N", "dipdirect_src": "Unspecified", "dipdirect_tgt": "Unspecified", "kinematic_compat": true, "review_class": "H27-5b_inter-FID_same-name_kinematic-compatible", "setting_hint": "along-strike endpoint gap; assess continuation, relay, or cartographic segmentation", "third_system_contact": false, "bridge": true, "delta_P": 0.0, "delta_largest_share": -3e-06, "delta_second_moment_km2": 30.4032, "connectivity_rank": 275, "nbmg_source_layer_url": "https://web2.nbmg.unr.edu/arcgis/rest/services/Qfaults/Qfaults_INGENIOUS/MapServer/0", "setting_context_url": "https://www.osti.gov/servlets/purl/1724082", "argument": "Closing this 3.1 km gap would join two currently disconnected mapped systems (0.4 km and 1.1 km) into one 4.6 km system. NBMG INGENIOUS vector attribution: inter-FID structural linkage within fault zone 'Unnamed fault zone in southeastern Gabbs Valley Range' (NUM=1323), bridging FID=1196 (Well Constrained, SLIPSENSE=N, DIPDIRECT=Unspecified) to FID=1198 (Moderately Constrained, SLIPSENSE=N, DIPDIRECT=Unspecified); kinematic_compat=True. Geometry: tip-to-tip along strike; mutual nearest tips; the tip points 22 deg off the link and 22 deg. The link strikes N36 E and 19% of the distance-weighted catalogued fault length within ~40 km lies within 20 deg of that strike (data-driven kinematic domain; no external stress model). Structural-setting label (geometry only; mapping to settings is ours): linkage/termination/step-over settings host ~25%/32% of characterised Great Basin geothermal systems (Faulds & Hinz 2015). Connectivity context: the catalogue network is near its critical connectivity (Berkowitz-style P=5.78 vs Pc 5.6-6.0 at the domain scale), where individual closures matter most, but Berkowitz et al. (2000) give ensemble statistics, not a verdict on this particular gap. Base coverage: 75% of its dots already lie within 300 m of the 0.2477 emission.  Graph value (Berkowitz et al. 2000 connectivity parameter, computed on the catalogue graph plus all 345 selected candidates with a=2.500 and D=1.566 held at their fitted values): this closure changes P by dP=+0.0000 (rank 275 of 345 by |dP|) and the largest-system share of total mapped fault length by -0.00000; the merged system would be 4.60 km long. It is a graph bridge: no other selected candidate joins these two sides, so this closure is what actually merges them. Status: validated on both 8-connected component holdout (0.293 vs 0.059 ctrl) and NBMG FID vector-trace holdout (0.100 vs 0.020 ctrl). Reviewer geometry cue only: along-strike endpoint gap; assess continuation, relay, or cartographic segmentation; this is not proof of a step-over or termination. Exclusive review class: H27-5b_inter-FID_same-name_kinematic-compatible. Different FIDs are records in this same NBMG compilation, not independent source confirmation."}}, {"type": "Feature", "geometry": {"type": "LineString", "coordinates": [[-119.62851, 39.74987], [-119.60095, 39.73067]]}, "properties": {"id": "T27-0325", "z": 3, "kind": "end-to-end", "gap_km": 3.183, "mutual": true, "strike": 133.727, "strike_compat": 0.304, "merged_km": 11.05, "base_overlap": 0.571, "fid_src": 797, "fid_tgt": 798, "name_src": "SW Warm Springs Valley fault", "name_tgt": "SW Warm Springs Valley fault", "num_src": "1659", "num_tgt": "1659", "ftype_src": "Well Constrained", "ftype_tgt": "Moderately Constrained", "mapscale_src": "250", "mapscale_tgt": "250", "same_fid": false, "same_name": true, "slipsense_src": "N", "slipsense_tgt": "N", "dipdirect_src": "Unspecified", "dipdirect_tgt": "Unspecified", "kinematic_compat": true, "review_class": "H27-5b_inter-FID_same-name_kinematic-compatible", "setting_hint": "along-strike endpoint gap; assess continuation, relay, or cartographic segmentation", "third_system_contact": false, "bridge": true, "delta_P": 0.0, "delta_largest_share": -3e-06, "delta_second_moment_km2": 75.1747, "connectivity_rank": 185, "nbmg_source_layer_url": "https://web2.nbmg.unr.edu/arcgis/rest/services/Qfaults/Qfaults_INGENIOUS/MapServer/0", "setting_context_url": "https://www.osti.gov/servlets/purl/1724082", "argument": "Closing this 3.2 km gap would join two currently disconnected mapped systems (1.1 km and 6.8 km) into one 11.0 km system. NBMG INGENIOUS vector attribution: inter-FID structural linkage within fault zone 'SW Warm Springs Valley fault' (NUM=1659), bridging FID=797 (Well Constrained, SLIPSENSE=N, DIPDIRECT=Unspecified) to FID=798 (Moderately Constrained, SLIPSENSE=N, DIPDIRECT=Unspecified); kinematic_compat=True. Geometry: tip-to-tip along strike; mutual nearest tips; the tip points 1 deg off the link and 3 deg. The link strikes N134 E and 30% of the distance-weighted catalogued fault length within ~40 km lies within 20 deg of that strike (data-driven kinematic domain; no external stress model). Structural-setting label (geometry only; mapping to settings is ours): linkage/termination/step-over settings host ~25%/32% of characterised Great Basin geothermal systems (Faulds & Hinz 2015). Connectivity context: the catalogue network is near its critical connectivity (Berkowitz-style P=5.78 vs Pc 5.6-6.0 at the domain scale), where individual closures matter most, but Berkowitz et al. (2000) give ensemble statistics, not a verdict on this particular gap. Base coverage: 57% of its dots already lie within 300 m of the 0.2477 emission.  Graph value (Berkowitz et al. 2000 connectivity parameter, computed on the catalogue graph plus all 345 selected candidates with a=2.500 and D=1.566 held at their fitted values): this closure changes P by dP=+0.0000 (rank 185 of 345 by |dP|) and the largest-system share of total mapped fault length by -0.00000; the merged system would be 11.05 km long. It is a graph bridge: no other selected candidate joins these two sides, so this closure is what actually merges them. Status: validated on both 8-connected component holdout (0.293 vs 0.059 ctrl) and NBMG FID vector-trace holdout (0.100 vs 0.020 ctrl). Reviewer geometry cue only: along-strike endpoint gap; assess continuation, relay, or cartographic segmentation; this is not proof of a step-over or termination. Exclusive review class: H27-5b_inter-FID_same-name_kinematic-compatible. Different FIDs are records in this same NBMG compilation, not independent source confirmation."}}, {"type": "Feature", "geometry": {"type": "LineString", "coordinates": [[-119.00171, 40.30831], [-118.99553, 40.33814]]}, "properties": {"id": "T27-0330", "z": 3, "kind": "end-to-end", "gap_km": 3.354, "mutual": false, "strike": 10.305, "strike_compat": 0.562, "merged_km": 10.083, "base_overlap": 0.7, "fid_src": 399, "fid_tgt": 400, "name_src": "Granite Springs Valley fault zone", "name_tgt": "Granite Springs Valley fault zone", "num_src": "1622", "num_tgt": "1622", "ftype_src": "Well Constrained", "ftype_tgt": "Well Constrained", "mapscale_src": "250", "mapscale_tgt": "250", "same_fid": false, "same_name": true, "slipsense_src": "N", "slipsense_tgt": "N", "dipdirect_src": "E", "dipdirect_tgt": "E", "kinematic_compat": true, "review_class": "H27-5b_inter-FID_same-name_kinematic-compatible", "setting_hint": "along-strike endpoint gap; assess continuation, relay, or cartographic segmentation", "third_system_contact": false, "bridge": true, "delta_P": -0.005855, "delta_largest_share": -4e-06, "delta_second_moment_km2": 78.4537, "connectivity_rank": 47, "nbmg_source_layer_url": "https://web2.nbmg.unr.edu/arcgis/rest/services/Qfaults/Qfaults_INGENIOUS/MapServer/0", "setting_context_url": "https://www.osti.gov/servlets/purl/1724082", "argument": "Closing this 3.4 km gap would join two currently disconnected mapped systems (2.8 km and 3.9 km) into one 10.1 km system. NBMG INGENIOUS vector attribution: inter-FID structural linkage within fault zone 'Granite Springs Valley fault zone' (NUM=1622), bridging FID=399 (Well Constrained, SLIPSENSE=N, DIPDIRECT=E) to FID=400 (Well Constrained, SLIPSENSE=N, DIPDIRECT=E); kinematic_compat=True. Geometry: tip-to-tip along strike; one-sided; the tip points 10 deg off the link and 3 deg. The link strikes N10 E and 56% of the distance-weighted catalogued fault length within ~40 km lies within 20 deg of that strike (data-driven kinematic domain; no external stress model). Structural-setting label (geometry only; mapping to settings is ours): linkage/termination/step-over settings host ~25%/32% of characterised Great Basin geothermal systems (Faulds & Hinz 2015). Connectivity context: the catalogue network is near its critical connectivity (Berkowitz-style P=5.78 vs Pc 5.6-6.0 at the domain scale), where individual closures matter most, but Berkowitz et al. (2000) give ensemble statistics, not a verdict on this particular gap. Base coverage: 70% of its dots already lie within 300 m of the 0.2477 emission.  Graph value (Berkowitz et al. 2000 connectivity parameter, computed on the catalogue graph plus all 345 selected candidates with a=2.500 and D=1.566 held at their fitted values): this closure changes P by dP=-0.0059 (rank 47 of 345 by |dP|) and the largest-system share of total mapped fault length by -0.00000; the merged system would be 10.08 km long. It is a graph bridge: no other selected candidate joins these two sides, so this closure is what actually merges them. Status: validated on both 8-connected component holdout (0.293 vs 0.059 ctrl) and NBMG FID vector-trace holdout (0.100 vs 0.020 ctrl). Reviewer geometry cue only: along-strike endpoint gap; assess continuation, relay, or cartographic segmentation; this is not proof of a step-over or termination. Exclusive review class: H27-5b_inter-FID_same-name_kinematic-compatible. Different FIDs are records in this same NBMG compilation, not independent source confirmation."}}, {"type": "Feature", "geometry": {"type": "LineString", "coordinates": [[-116.38492, 40.5231], [-116.41115, 40.4944]]}, "properties": {"id": "T27-0339", "z": 3, "kind": "end-to-end", "gap_km": 3.883, "mutual": false, "strike": 34.509, "strike_compat": 0.55, "merged_km": 5.315, "base_overlap": 0.0, "fid_src": 199, "fid_tgt": 200, "name_src": "Dry Hills faults", "name_tgt": "Dry Hills faults", "num_src": "1153", "num_tgt": "1153", "ftype_src": "Well Constrained", "ftype_tgt": "Moderately Constrained", "mapscale_src": "250", "mapscale_tgt": "250", "same_fid": false, "same_name": true, "slipsense_src": "N", "slipsense_tgt": "N", "dipdirect_src": "NW", "dipdirect_tgt": "NW", "kinematic_compat": true, "review_class": "H27-5b_inter-FID_same-name_kinematic-compatible", "setting_hint": "along-strike endpoint gap; assess continuation, relay, or cartographic segmentation", "third_system_contact": false, "bridge": true, "delta_P": 0.0, "delta_largest_share": -4e-06, "delta_second_moment_km2": 88.8024, "connectivity_rank": 177, "nbmg_source_layer_url": "https://web2.nbmg.unr.edu/arcgis/rest/services/Qfaults/Qfaults_INGENIOUS/MapServer/0", "setting_context_url": "https://www.osti.gov/servlets/purl/1724082", "argument": "Closing this 3.9 km gap would join two currently disconnected mapped systems (0.5 km and 0.9 km) into one 5.3 km system. NBMG INGENIOUS vector attribution: inter-FID structural linkage within fault zone 'Dry Hills faults' (NUM=1153), bridging FID=199 (Well Constrained, SLIPSENSE=N, DIPDIRECT=NW) to FID=200 (Moderately Constrained, SLIPSENSE=N, DIPDIRECT=NW); kinematic_compat=True. Geometry: tip-to-tip along strike; one-sided; the tip points 19 deg off the link and 10 deg. The link strikes N35 E and 55% of the distance-weighted catalogued fault length within ~40 km lies within 20 deg of that strike (data-driven kinematic domain; no external stress model). Structural-setting label (geometry only; mapping to settings is ours): linkage/termination/step-over settings host ~25%/32% of characterised Great Basin geothermal systems (Faulds & Hinz 2015). Connectivity context: the catalogue network is near its critical connectivity (Berkowitz-style P=5.78 vs Pc 5.6-6.0 at the domain scale), where individual closures matter most, but Berkowitz et al. (2000) give ensemble statistics, not a verdict on this particular gap. Base coverage: 0% of its dots already lie within 300 m of the 0.2477 emission.  Graph value (Berkowitz et al. 2000 connectivity parameter, computed on the catalogue graph plus all 345 selected candidates with a=2.500 and D=1.566 held at their fitted values): this closure changes P by dP=+0.0000 (rank 177 of 345 by |dP|) and the largest-system share of total mapped fault length by -0.00000; the merged system would be 5.31 km long. It is a graph bridge: no other selected candidate joins these two sides, so this closure is what actually merges them. Status: validated on both 8-connected component holdout (0.293 vs 0.059 ctrl) and NBMG FID vector-trace holdout (0.100 vs 0.020 ctrl). Reviewer geometry cue only: along-strike endpoint gap; assess continuation, relay, or cartographic segmentation; this is not proof of a step-over or termination. Exclusive review class: H27-5b_inter-FID_same-name_kinematic-compatible. Different FIDs are records in this same NBMG compilation, not independent source confirmation."}}, {"type": "Feature", "geometry": {"type": "LineString", "coordinates": [[-118.32306, 39.22789], [-118.29578, 39.25613]]}, "properties": {"id": "T27-0342", "z": 3, "kind": "end-to-end", "gap_km": 3.92, "mutual": false, "strike": 37.747, "strike_compat": 0.422, "merged_km": 9.497, "base_overlap": 0.5, "fid_src": 810, "fid_tgt": 812, "name_src": "Sand Springs Range fault", "name_tgt": "Sand Springs Range fault", "num_src": "1685", "num_tgt": "1685", "ftype_src": "Well Constrained", "ftype_tgt": "Moderately Constrained", "mapscale_src": "250", "mapscale_tgt": "250", "same_fid": false, "same_name": true, "slipsense_src": "N", "slipsense_tgt": "N", "dipdirect_src": "E", "dipdirect_tgt": "Unspecified", "kinematic_compat": true, "review_class": "H27-5b_inter-FID_same-name_kinematic-compatible", "setting_hint": "along-strike endpoint gap; assess continuation, relay, or cartographic segmentation", "third_system_contact": false, "bridge": true, "delta_P": -0.005855, "delta_largest_share": -4e-06, "delta_second_moment_km2": 73.4507, "connectivity_rank": 51, "nbmg_source_layer_url": "https://web2.nbmg.unr.edu/arcgis/rest/services/Qfaults/Qfaults_INGENIOUS/MapServer/0", "setting_context_url": "https://www.osti.gov/servlets/purl/1724082", "argument": "Closing this 3.9 km gap would join two currently disconnected mapped systems (2.0 km and 3.6 km) into one 9.5 km system. NBMG INGENIOUS vector attribution: inter-FID structural linkage within fault zone 'Sand Springs Range fault' (NUM=1685), bridging FID=810 (Well Constrained, SLIPSENSE=N, DIPDIRECT=E) to FID=812 (Moderately Constrained, SLIPSENSE=N, DIPDIRECT=Unspecified); kinematic_compat=True. Geometry: tip-to-tip along strike; one-sided; the tip points 1 deg off the link and 6 deg. The link strikes N38 E and 42% of the distance-weighted catalogued fault length within ~40 km lies within 20 deg of that strike (data-driven kinematic domain; no external stress model). Structural-setting label (geometry only; mapping to settings is ours): linkage/termination/step-over settings host ~25%/32% of characterised Great Basin geothermal systems (Faulds & Hinz 2015). Connectivity context: the catalogue network is near its critical connectivity (Berkowitz-style P=5.78 vs Pc 5.6-6.0 at the domain scale), where individual closures matter most, but Berkowitz et al. (2000) give ensemble statistics, not a verdict on this particular gap. Base coverage: 50% of its dots already lie within 300 m of the 0.2477 emission.  Graph value (Berkowitz et al. 2000 connectivity parameter, computed on the catalogue graph plus all 345 selected candidates with a=2.500 and D=1.566 held at their fitted values): this closure changes P by dP=-0.0059 (rank 51 of 345 by |dP|) and the largest-system share of total mapped fault length by -0.00000; the merged system would be 9.50 km long. It is a graph bridge: no other selected candidate joins these two sides, so this closure is what actually merges them. Status: validated on both 8-connected component holdout (0.293 vs 0.059 ctrl) and NBMG FID vector-trace holdout (0.100 vs 0.020 ctrl). Reviewer geometry cue only: along-strike endpoint gap; assess continuation, relay, or cartographic segmentation; this is not proof of a step-over or termination. Exclusive review class: H27-5b_inter-FID_same-name_kinematic-compatible. Different FIDs are records in this same NBMG compilation, not independent source confirmation."}}]}